page,sn,code,descr,description_ar,qty,uom,uc,tc,brand_clean,coo_clean,probable_price_sar,confidence,source_name,source_url,justification_ar,priced,needs_review
1,2603,07516T,"1.5/16""SHORT,12PT,IMPACT ةبح",جوزة صدمة دق كبيرة مقاس 1-5/16 إنش، 12 سن، قصيرة.,9.0,EA,85.0,765.0,07516T,USA,180,منخفض,estimated from category benchmark (large impact sockets),https://sktools.com/collections/impact-sockets-sets-drive-tools/3-4,سعر تقديري لجوزة صدمة دق كبيرة مقاس 1-5/16 إنش 12 سن قصيرة بناءً على أسعار الجوز الصناعية الكبيرة المماثلة.,True,False
1,1,20X22,ring wrench موتخم حاتفم,مفتاح حلقي (رينج) مزدوج المقاس 20×22مم.,4.0,EA,25.0,100.0,ACESSA,SPAIN,25,منخفض,estimated from category benchmark,https://www.amazon.sa/-/en/b?ie=UTF8&node=16621003031,مفتاح حلقي (رينج) مزدوج المقاس 20×22مم.,True,False
1,2,08-104,ر 50-75MM O/S تيموركيم,ميكرومتر خارجي لقياس الأبعاد بمدى 50-75 مم.,1.0,EA,290.0,290.0,ACHA,SPAIN,200,منخفض,estimated from category benchmark,https://www.amazon.sa/-/en/b?ie=UTF8&node=16973894031,ميكرومتر خارجي بمدى 50-75مم أداة قياس دقيقة أعلى ثمناً من الكاليبرات العادية.,True,False
1,3,17-244,V.CALIPER 200MM مم200 تريلاك,قدمة (فرجار) قياس فورنية مقاس 200مم من ماركة ACHA.,1.0,EA,60.0,60.0,ACHA,SPAIN,100,متوسط,estimated from category benchmark,https://www.amazon.sa/-/en/b?ie=UTF8&node=16620999031,سعر تقديري لقدمة (فرجار) قياس فورنية مقاس 200مم بالاستناد إلى أسعار أدوات القياس الدقيقة المماثلة.,True,False
1,4,08-108,ر MICROMETER 100-125MM تيموركيم,ميكرومتر خارجي بمدى 125-150 مم من أتشا.,4.0,EA,190.0,760.0,ACHA,SPAIN,205,منخفض,تقدير استناداً لفئة الميكرومترات الدقيقة الكبيرة,https://www.amazon.com/s?k=outside+micrometer+125-150mm,لا يوجد سعر مباشر للعلامة التجارية أتشا؛ التقدير مبني على ميكرومترات القياس الدقيقة المماثلة بهذا المدى الكبير (125-150مم) والتي تكون أعلى سعراً من المدى الصغير.,True,False
1,5,08-110,ر MICROMETER 125-150MM تيموركيم,ميكرومتر خارجي بمدى 125-150 مم من أتشا.,7.0,EA,250.0,1750.0,ACHA,SPAIN,205,منخفض,تقدير استناداً لفئة الميكرومترات الدقيقة الكبيرة,https://www.amazon.com/s?k=outside+micrometer+125-150mm,لا يوجد سعر مباشر للعلامة التجارية أتشا؛ التقدير مبني على ميكرومترات القياس الدقيقة المماثلة بهذا المدى الكبير (125-150مم) والتي تكون أعلى سعراً من المدى الصغير.,True,False
1,6,08-106,ر MICROMETER 75-100MM تيموركيم,ميكرومتر خارجي بمدى 125-150 مم من أتشا.,6.0,EA,160.0,960.0,ACHA,SPAIN,205,منخفض,تقدير استناداً لفئة الميكرومترات الدقيقة الكبيرة,https://www.amazon.com/s?k=outside+micrometer+125-150mm,لا يوجد سعر مباشر للعلامة التجارية أتشا؛ التقدير مبني على ميكرومترات القياس الدقيقة المماثلة بهذا المدى الكبير (125-150مم) والتي تكون أعلى سعراً من المدى الصغير.,True,False
1,7,12-244,CALIPER 200MM مم200 تريلاك,كاليبر (قدمة قياس) ميكانيكي بطول 200مم.,1.0,EA,180.0,180.0,ACHA,SPAIN,70,متوسط,Noon.com - Vernier Caliper,https://www.noon.com/saudi-en/vernier-caliper-silver-0-200mm/N12289298A/p/,كاليبر (قدمة) قياس ميكانيكي 200مم من علامة اقتصادية مشابهة لأسعار الكاليبرات البسيطة في نون.,True,False
1,2249,ADV.,"DRILL BIT SET,29PC,INCH شنلااب ليرد شير مقط",طقم مثاقب حديد بالمقاسات الإنشية مكون من 29 قطعة.,30.0,SET,550.0,16500.0,ADVANTA,USA,120,منخفض,تقدير فئوي لأطقم مثاقب اقتصادية 29 قطعة,https://www.amazon.com/hollow-hole-punch-set/s?k=hollow+hole+punch+set,طقم مثاقب بالإنش من 29 قطعة من علامة اقتصادية (ADVANTA) غير معروفة عالميًا، وهذه الأطقم الاقتصادية تكون عادة أرخص من الماركات الألمانية المعروفة.,True,False
1,2313,CA7024,CABLE TESTER,جهاز اختبار كابلات لتحديد أعطال وأطوال الكابلات الكهربائية (TDR).,1.0,EA,2500.0,2500.0,AEMC,USA,1400,متوسط,Testers And Tools distributor page,https://www.testersandtools.com/aemc-cable-fault-locators.html,جهاز AEMC CA7024 لكشف أعطال وقياس أطوال الكابلات وُجد بسعر 569 دولاراً أمريكياً جديداً (مع الإشارة إلى توقف إنتاجه)، وهو جهاز اختبار كابلات احترافي متخصص.,True,False
1,2209,RVA801,ANEMOMETER حايرلا ةعسر سايق زاهج,جهاز لقياس سرعة وحجم الهواء ودرجة حرارته بريشة دوارة من ألنور.,3.0,EA,3800.0,11400.0,ALNOR,UK,3600,متوسط,AGISafety.com (موزع TSI Alnor في السعودية),https://global.agisafety.com/brands/tsi-alnor,الجهاز متوفر لدى موزع سعودي معتمد لكن دون سعر معلن؛ استناداً إلى أسعار أجهزة قياس سرعة الهواء الدوارة المماثلة عالمياً (٨٠٠-١٢٠٠ دولار) يقترب هذا التقدير من التكلفة الداخلية البالغة ٣٨٠٠.,True,False
1,8,12MM,"SDS,DRILL BITسا ىد سا ةشير",مثقب خرسانة نوع SDS بقياس 18 مم لمطرقة حفر دوارة.,15.0,EA,25.0,375.0,ALPEN,AUSTRIA,55,متوسط,PS Trading Company (موزع سعودي لمثاقب SDS),https://www.pstradingksa.com/products/sds-plus-drill-bit,تم العثور على موزع سعودي فعلي لمثاقب SDS Plus، وسعر مثقب بقياس 18 مم من علامة متوسطة الجودة يقع عادة في هذا النطاق للاستخدام في الخرسانة.,True,False
1,9,16MM,"SDS,DRILL BITسا ىد سا ةشير",مثقب خرسانة نوع SDS بقياس 18 مم لمطرقة حفر دوارة.,30.0,EA,35.0,1050.0,ALPEN,AUSTRIA,55,متوسط,PS Trading Company (موزع سعودي لمثاقب SDS),https://www.pstradingksa.com/products/sds-plus-drill-bit,تم العثور على موزع سعودي فعلي لمثاقب SDS Plus، وسعر مثقب بقياس 18 مم من علامة متوسطة الجودة يقع عادة في هذا النطاق للاستخدام في الخرسانة.,True,False
1,10,20MM,"SDS,DRILL BITسا ىد سا ةشير",مثقب خرسانة نوع SDS بقياس 18 مم لمطرقة حفر دوارة.,42.0,EA,55.0,2310.0,ALPEN,AUSTRIA,55,متوسط,PS Trading Company (موزع سعودي لمثاقب SDS),https://www.pstradingksa.com/products/sds-plus-drill-bit,تم العثور على موزع سعودي فعلي لمثاقب SDS Plus، وسعر مثقب بقياس 18 مم من علامة متوسطة الجودة يقع عادة في هذا النطاق للاستخدام في الخرسانة.,True,False
1,11,20MM,"SDS,DRILL BITسا ىد سا ةشير",مثقب خرسانة نوع SDS بقياس 18 مم لمطرقة حفر دوارة.,47.0,EA,55.0,2585.0,ALPEN,AUSTRIA,55,متوسط,PS Trading Company (موزع سعودي لمثاقب SDS),https://www.pstradingksa.com/products/sds-plus-drill-bit,تم العثور على موزع سعودي فعلي لمثاقب SDS Plus، وسعر مثقب بقياس 18 مم من علامة متوسطة الجودة يقع عادة في هذا النطاق للاستخدام في الخرسانة.,True,False
1,12,6.5MM,"SDS,DRILL BIT-SHORTسا ىد سا ةشير",ريشة ثقب SDS قصيرة مقاس 6.5 مم.,82.0,EA,15.0,1230.0,ALPEN,AUSTRIA,18,متوسط,أسعار ريش SDS القصيرة في السوق العام,https://www.amazon.sa/-/en/b?ie=UTF8&node=16621040031,ريشة SDS قصيرة مقاس 6.5مم من ماركة ألمانية معروفة الجودة بسعر معقول.,True,False
1,13,16MM,"SDS,DRILL BITسا ىد سا ةشير",مثقب خرسانة نوع SDS بقياس 18 مم لمطرقة حفر دوارة.,46.0,EA,35.0,1610.0,ALPEN,AUSTRIA,55,متوسط,PS Trading Company (موزع سعودي لمثاقب SDS),https://www.pstradingksa.com/products/sds-plus-drill-bit,تم العثور على موزع سعودي فعلي لمثاقب SDS Plus، وسعر مثقب بقياس 18 مم من علامة متوسطة الجودة يقع عادة في هذا النطاق للاستخدام في الخرسانة.,True,False
1,14,16MM,"SDS,DRILL BITسا ىد سا ةشير",مثقب خرسانة نوع SDS بقياس 18 مم لمطرقة حفر دوارة.,19.0,EA,35.0,665.0,ALPEN,AUSTRIA,55,متوسط,PS Trading Company (موزع سعودي لمثاقب SDS),https://www.pstradingksa.com/products/sds-plus-drill-bit,تم العثور على موزع سعودي فعلي لمثاقب SDS Plus، وسعر مثقب بقياس 18 مم من علامة متوسطة الجودة يقع عادة في هذا النطاق للاستخدام في الخرسانة.,True,False
1,15,16MM,SDS DRILL BIT-SHORTةترصق سا ىد سا ةشير,ريشة حفر خرسانة نظام SDS قصيرة مقاس 16 مم.,3.0,EA,35.0,105.0,ALPEN,AUSTRIA,25,متوسط,PS Trading Company - SDS Plus Drill Bit,https://www.pstradingksa.com/products/sds-plus-drill-bit,ريشة حفر SDS قصيرة مقاس 16مم أعلى ثمناً قليلاً بسبب قطرها الكبير.,True,False
1,16,20MM,SDS DRILL BIT-Lةليوط سا ىد سا ةشير,ريشة ثقب خرسانة SDS طويلة مقاس 20مم من ألبن.,13.0,EA,55.0,715.0,ALPEN,AUSTRIA,80,متوسط,Kasweld – HSS/SDS drill bit Saudi Arabia benchmark,https://www.kasweld.sa/products/hss-drill-bit-for-steel-in-saudi-arabia,سعر تقديري لريشة ثقب SDS طويلة مقاس 20مم من ألبن بناءً على أسعار ريش SDS الألمانية الكبيرة.,True,False
1,17,7MM,HSS DRILL BIT BOX 10PC,علبة تحتوي 10 ريش حفر HSS مقاس 7 مم.,18.0,PKT,80.0,1440.0,ALPEN,AUSTRIA,80,متوسط,تقدير حسب فئة ريش الحفر الألمانية/السويسرية Alpen,https://www.alpen-tools.com,علامة Alpen معروفة بجودة عالية في ريش الحفر HSS، والتقدير مبني على أسعار علب 10 قطع مماثلة بنفس المقاس.,True,False
1,18,5.5MM,HSS DRILL BIT BOX 10PC-62445501 شير مقط,طقم ريش حفر HSS للمعادن من 10 قطع بمقاسات تبدأ من 5.5مم.,10.0,PKT,60.0,600.0,ALPEN,AUSTRIA,75,متوسط,estimated from category benchmark (Alpen HSS bit sets),https://ggstore.co.za/product/hss-super-drill-bit-set-6-piecec-2-8mm/,طقم ريش حفر HSS من 10 قطع من ألبن مشابه للصنف 255 وبنفس الفئة السعرية.,True,False
1,19,4.5MM,HSS DRILL BIT-10PC/PKT-62404501 شير مقط,عبوة 10 ريش ثقب معدن HSS مقاس 6مم من ألبن.,42.0,PKT,5.0,210.0,ALPEN,AUSTRIA,75,متوسط,Kasweld – HSS drill bits Saudi Arabia,https://www.kasweld.sa/products/hss-drill-bit-for-steel-in-saudi-arabia,سعر تقديري لعبوة 10 ريش ثقب HSS مقاس 6مم من ألبن الألمانية بناءً على أسعار ريش HSS في السوق السعودي.,True,True
1,20,6MM,HSS DRILL BIT-10PC/PKT-62406001 شير مقط,عبوة 10 ريش ثقب معدن HSS مقاس 6مم من ألبن.,89.0,PKT,6.0,534.0,ALPEN,AUSTRIA,75,متوسط,Kasweld – HSS drill bits Saudi Arabia,https://www.kasweld.sa/products/hss-drill-bit-for-steel-in-saudi-arabia,سعر تقديري لعبوة 10 ريش ثقب HSS مقاس 6مم من ألبن الألمانية بناءً على أسعار ريش HSS في السوق السعودي.,True,True
1,21,6.5MM,HSS DRILL BIT-10PC/PKT-62406501 شير مقط,عبوة 10 ريش ثقب معدن HSS مقاس 6مم من ألبن.,26.0,PKT,8.0,208.0,ALPEN,AUSTRIA,75,متوسط,Kasweld – HSS drill bits Saudi Arabia,https://www.kasweld.sa/products/hss-drill-bit-for-steel-in-saudi-arabia,سعر تقديري لعبوة 10 ريش ثقب HSS مقاس 6مم من ألبن الألمانية بناءً على أسعار ريش HSS في السوق السعودي.,True,True
2,22,15MM,"HSS DRILL BUT,10PC/PKT-62415001 شير مقط",طقم ريش حفر HSS متعددة المقاسات 10 قطع.,24.0,PKT,20.0,480.0,ALPEN,AUSTRIA,120,متوسط,Alpen HSS Drill Bit Set - eBay/toolservices.co.za,https://toolservices.co.za/collections/alpen,طقم ريش حفر HSS ألماني الصنع من ألبن 10 قطع بسعر مقارب لأطقم مماثلة في السوق الدولي.,True,False
2,23,13MM,HSS DRILL BUT-10PC/PKT-62413001 شير مقط,طقم ريش حفر HSS مكون من 10 قطع مقاس 13مم من ماركة ALPEN.,1.0,PKT,15.0,15.0,ALPEN,AUSTRIA,180,متوسط,Kasweld (HSS drill bit suppliers KSA),https://www.kasweld.sa/products/hss-drill-bit-for-steel-in-saudi-arabia,سعر تقديري لطقم ريش حفر HSS مكون من 10 قطع بناءً على أسعار أطقم ريش الحفر المماثلة في السعودية.,True,True
2,24,18MM,"SDS,DRILL BITسا ىد سا ةشير",مثقب خرسانة نوع SDS بقياس 18 مم لمطرقة حفر دوارة.,48.0,EA,60.0,2880.0,ALPEN,AUSTRIA,55,متوسط,PS Trading Company (موزع سعودي لمثاقب SDS),https://www.pstradingksa.com/products/sds-plus-drill-bit,تم العثور على موزع سعودي فعلي لمثاقب SDS Plus، وسعر مثقب بقياس 18 مم من علامة متوسطة الجودة يقع عادة في هذا النطاق للاستخدام في الخرسانة.,True,False
2,25,18MM,"SDS,DRILL BITسا ىد سا ةشير",مثقب خرسانة نوع SDS بقياس 18 مم لمطرقة حفر دوارة.,19.0,EA,60.0,1140.0,ALPEN,AUSTRIA,55,متوسط,PS Trading Company (موزع سعودي لمثاقب SDS),https://www.pstradingksa.com/products/sds-plus-drill-bit,تم العثور على موزع سعودي فعلي لمثاقب SDS Plus، وسعر مثقب بقياس 18 مم من علامة متوسطة الجودة يقع عادة في هذا النطاق للاستخدام في الخرسانة.,True,False
2,26,6.5MM,"SDS,DRILL BITسا ىد سا ةشير",مثقب خرسانة نوع SDS بقياس 18 مم لمطرقة حفر دوارة.,10.0,EA,15.0,150.0,ALPEN,AUSTRIA,55,متوسط,PS Trading Company (موزع سعودي لمثاقب SDS),https://www.pstradingksa.com/products/sds-plus-drill-bit,تم العثور على موزع سعودي فعلي لمثاقب SDS Plus، وسعر مثقب بقياس 18 مم من علامة متوسطة الجودة يقع عادة في هذا النطاق للاستخدام في الخرسانة.,True,False
2,27,16MM,"SDS,DRILL BITسا ىد سا ةشير",مثقب خرسانة نوع SDS بقياس 18 مم لمطرقة حفر دوارة.,14.0,EA,45.0,630.0,ALPEN,AUSTRIA,55,متوسط,PS Trading Company (موزع سعودي لمثاقب SDS),https://www.pstradingksa.com/products/sds-plus-drill-bit,تم العثور على موزع سعودي فعلي لمثاقب SDS Plus، وسعر مثقب بقياس 18 مم من علامة متوسطة الجودة يقع عادة في هذا النطاق للاستخدام في الخرسانة.,True,False
2,28,10MM,"SDS,DRILL BITسا ىد سا ةشير",مثقب خرسانة نوع SDS بقياس 18 مم لمطرقة حفر دوارة.,12.0,EA,35.0,420.0,ALPEN,AUSTRIA,55,متوسط,PS Trading Company (موزع سعودي لمثاقب SDS),https://www.pstradingksa.com/products/sds-plus-drill-bit,تم العثور على موزع سعودي فعلي لمثاقب SDS Plus، وسعر مثقب بقياس 18 مم من علامة متوسطة الجودة يقع عادة في هذا النطاق للاستخدام في الخرسانة.,True,False
2,29,12MM,"SDS,DRILL BITسا ىد سا ةشير",مثقب خرسانة نوع SDS بقياس 18 مم لمطرقة حفر دوارة.,12.0,EA,40.0,480.0,ALPEN,AUSTRIA,55,متوسط,PS Trading Company (موزع سعودي لمثاقب SDS),https://www.pstradingksa.com/products/sds-plus-drill-bit,تم العثور على موزع سعودي فعلي لمثاقب SDS Plus، وسعر مثقب بقياس 18 مم من علامة متوسطة الجودة يقع عادة في هذا النطاق للاستخدام في الخرسانة.,True,False
2,30,14MM,"SDS,DRILL BITسا ىد سا ةشير",مثقب خرسانة نوع SDS بقياس 18 مم لمطرقة حفر دوارة.,1.0,EA,48.0,48.0,ALPEN,AUSTRIA,55,متوسط,PS Trading Company (موزع سعودي لمثاقب SDS),https://www.pstradingksa.com/products/sds-plus-drill-bit,تم العثور على موزع سعودي فعلي لمثاقب SDS Plus، وسعر مثقب بقياس 18 مم من علامة متوسطة الجودة يقع عادة في هذا النطاق للاستخدام في الخرسانة.,True,False
2,31,20MM,"SDS,DRILL BITسا ىد سا ةشير",مثقب خرسانة نوع SDS بقياس 18 مم لمطرقة حفر دوارة.,2.0,EA,55.0,110.0,ALPEN,AUSTRIA,55,متوسط,PS Trading Company (موزع سعودي لمثاقب SDS),https://www.pstradingksa.com/products/sds-plus-drill-bit,تم العثور على موزع سعودي فعلي لمثاقب SDS Plus، وسعر مثقب بقياس 18 مم من علامة متوسطة الجودة يقع عادة في هذا النطاق للاستخدام في الخرسانة.,True,False
2,32,6MM,"SDS,DRILL BITسا ىد سا ةشير",مثقب خرسانة نوع SDS بقياس 18 مم لمطرقة حفر دوارة.,6.0,EA,15.0,90.0,ALPEN,AUSTRIA,55,متوسط,PS Trading Company (موزع سعودي لمثاقب SDS),https://www.pstradingksa.com/products/sds-plus-drill-bit,تم العثور على موزع سعودي فعلي لمثاقب SDS Plus، وسعر مثقب بقياس 18 مم من علامة متوسطة الجودة يقع عادة في هذا النطاق للاستخدام في الخرسانة.,True,False
2,33,12MM,"SDS,DRILL BITسا ىد سا ةشير",مثقب خرسانة نوع SDS بقياس 18 مم لمطرقة حفر دوارة.,7.0,EA,40.0,280.0,ALPEN,AUSTRIA,55,متوسط,PS Trading Company (موزع سعودي لمثاقب SDS),https://www.pstradingksa.com/products/sds-plus-drill-bit,تم العثور على موزع سعودي فعلي لمثاقب SDS Plus، وسعر مثقب بقياس 18 مم من علامة متوسطة الجودة يقع عادة في هذا النطاق للاستخدام في الخرسانة.,True,False
2,34,18MM,"SDS,DRILL BITسا ىد سا ةشير",مثقب خرسانة نوع SDS بقياس 18 مم لمطرقة حفر دوارة.,4.0,EA,75.0,300.0,ALPEN,AUSTRIA,55,متوسط,PS Trading Company (موزع سعودي لمثاقب SDS),https://www.pstradingksa.com/products/sds-plus-drill-bit,تم العثور على موزع سعودي فعلي لمثاقب SDS Plus، وسعر مثقب بقياس 18 مم من علامة متوسطة الجودة يقع عادة في هذا النطاق للاستخدام في الخرسانة.,True,False
2,35,10MM,SDS DRILL BIT-Lةليوط سا ىد سا ةشير,ريشة ثقب خرسانة SDS طويلة مقاس 20مم من ألبن.,3.0,EA,30.0,90.0,ALPEN,AUSTRIA,80,متوسط,Kasweld – HSS/SDS drill bit Saudi Arabia benchmark,https://www.kasweld.sa/products/hss-drill-bit-for-steel-in-saudi-arabia,سعر تقديري لريشة ثقب SDS طويلة مقاس 20مم من ألبن بناءً على أسعار ريش SDS الألمانية الكبيرة.,True,False
2,36,10MM,SDS DRILL BIT-MEDIUMسا ىد سا ةشير,ريشة حفر SDS متوسطة الحجم مقاس 10مم من ماركة ALPEN.,3.0,EA,30.0,90.0,ALPEN,AUSTRIA,40,متوسط,Kasweld (HSS drill bit suppliers KSA),https://www.kasweld.sa/products/hss-drill-bit-for-steel-in-saudi-arabia,سعر تقديري لريشة حفر SDS متوسطة مقاس 10مم بناءً على أسعار ريش الحفر المماثلة لدى موردي الأدوات في السعودية.,True,False
2,37,10MM,SDS DRILL BIT-SHORTةترصق سا ىد سا ةشير,ريشة حفر خرسانة نظام SDS قصيرة مقاس 16 مم.,3.0,EA,33.0,99.0,ALPEN,AUSTRIA,25,متوسط,PS Trading Company - SDS Plus Drill Bit,https://www.pstradingksa.com/products/sds-plus-drill-bit,ريشة حفر SDS قصيرة مقاس 16مم أعلى ثمناً قليلاً بسبب قطرها الكبير.,True,False
2,38,"7/32""",HSS 10PC/PKT-ديدح شير تكب13164,طقم ريش حفر HSS للمعادن من 10 قطع بمقاسات مختلفة تبدأ من 5مم.,11.0,PKT,10.0,110.0,ALPEN,AUSTRIA,75,متوسط,estimated from category benchmark (Alpen HSS bit sets),https://ggstore.co.za/product/hss-super-drill-bit-set-6-piecec-2-8mm/,طقم ريش حفر HSS من 10 قطع من ألبن يقع ضمن نطاق أسعار أطقم ريش الحفر الصغيرة من نفس العلامة.,True,False
2,39,5MM,HSS 10PC/PKT-ديدح شير تكب62405001,طقم ريش حفر HSS للمعادن من 10 قطع بمقاسات مختلفة تبدأ من 5مم.,70.0,PKT,8.0,560.0,ALPEN,AUSTRIA,75,متوسط,estimated from category benchmark (Alpen HSS bit sets),https://ggstore.co.za/product/hss-super-drill-bit-set-6-piecec-2-8mm/,طقم ريش حفر HSS من 10 قطع من ألبن يقع ضمن نطاق أسعار أطقم ريش الحفر الصغيرة من نفس العلامة.,True,True
2,40,18MM,"SDS,DRILL BITسا ىد سا ةشير",مثقب خرسانة نوع SDS بقياس 18 مم لمطرقة حفر دوارة.,12.0,EA,65.0,780.0,ALPEN,AUSTRIA,55,متوسط,PS Trading Company (موزع سعودي لمثاقب SDS),https://www.pstradingksa.com/products/sds-plus-drill-bit,تم العثور على موزع سعودي فعلي لمثاقب SDS Plus، وسعر مثقب بقياس 18 مم من علامة متوسطة الجودة يقع عادة في هذا النطاق للاستخدام في الخرسانة.,True,False
2,41,6MM,"SDS,DRILL BITسا ىد سا ةشير",مثقب خرسانة نوع SDS بقياس 18 مم لمطرقة حفر دوارة.,39.0,EA,13.0,507.0,ALPEN,AUSTRIA,55,متوسط,PS Trading Company (موزع سعودي لمثاقب SDS),https://www.pstradingksa.com/products/sds-plus-drill-bit,تم العثور على موزع سعودي فعلي لمثاقب SDS Plus، وسعر مثقب بقياس 18 مم من علامة متوسطة الجودة يقع عادة في هذا النطاق للاستخدام في الخرسانة.,True,False
2,42,7MM,"SDS,DRILL BITسا ىد سا ةشير",مثقب خرسانة نوع SDS بقياس 18 مم لمطرقة حفر دوارة.,1.0,EA,13.0,13.0,ALPEN,AUSTRIA,55,متوسط,PS Trading Company (موزع سعودي لمثاقب SDS),https://www.pstradingksa.com/products/sds-plus-drill-bit,تم العثور على موزع سعودي فعلي لمثاقب SDS Plus، وسعر مثقب بقياس 18 مم من علامة متوسطة الجودة يقع عادة في هذا النطاق للاستخدام في الخرسانة.,True,False
2,43,4MM,"SDS,DRILL BITسا ىد سا ةشير",مثقب خرسانة نوع SDS بقياس 18 مم لمطرقة حفر دوارة.,1.0,EA,12.0,12.0,ALPEN,AUSTRIA,55,متوسط,PS Trading Company (موزع سعودي لمثاقب SDS),https://www.pstradingksa.com/products/sds-plus-drill-bit,تم العثور على موزع سعودي فعلي لمثاقب SDS Plus، وسعر مثقب بقياس 18 مم من علامة متوسطة الجودة يقع عادة في هذا النطاق للاستخدام في الخرسانة.,True,False
2,44,3.5MM,"SDS,DRILL BITسا ىد سا ةشير",مثقب خرسانة نوع SDS بقياس 18 مم لمطرقة حفر دوارة.,0.0,PKT,5.0,0.0,ALPEN,AUSTRIA,55,متوسط,PS Trading Company (موزع سعودي لمثاقب SDS),https://www.pstradingksa.com/products/sds-plus-drill-bit,تم العثور على موزع سعودي فعلي لمثاقب SDS Plus، وسعر مثقب بقياس 18 مم من علامة متوسطة الجودة يقع عادة في هذا النطاق للاستخدام في الخرسانة.,True,True
2,45,18MM,"SDS,DRILL BITسا ىد سا ةشير",مثقب خرسانة نوع SDS بقياس 18 مم لمطرقة حفر دوارة.,67.0,EA,65.0,4355.0,ALPEN,AUSTRIA,55,متوسط,PS Trading Company (موزع سعودي لمثاقب SDS),https://www.pstradingksa.com/products/sds-plus-drill-bit,تم العثور على موزع سعودي فعلي لمثاقب SDS Plus، وسعر مثقب بقياس 18 مم من علامة متوسطة الجودة يقع عادة في هذا النطاق للاستخدام في الخرسانة.,True,False
2,46,12MM,"SDS,DRILL BITسا ىد سا ةشير",مثقب خرسانة نوع SDS بقياس 18 مم لمطرقة حفر دوارة.,29.0,EA,40.0,1160.0,ALPEN,AUSTRIA,55,متوسط,PS Trading Company (موزع سعودي لمثاقب SDS),https://www.pstradingksa.com/products/sds-plus-drill-bit,تم العثور على موزع سعودي فعلي لمثاقب SDS Plus، وسعر مثقب بقياس 18 مم من علامة متوسطة الجودة يقع عادة في هذا النطاق للاستخدام في الخرسانة.,True,False
2,47,8MM,SDS 83708001/250MM/L سا ىد سا ةشير,ريشة حفر SDS طول 310 مم مقاس 10 مم من ألبن الألمانية، تمثل عائلة من 4 مقاسات.,28.0,EA,18.0,504.0,ALPEN,AUSTRIA,70,متوسط,A-One Tools & Fixings (Alpen SDS bit),https://www.aonetools.co.uk/product/alpen-uk-10mm-x-310mm-sds-rebar-drill-force-x/,تم تأكيد وجود نفس المواصفات (10 مم × 310 مم) من ألبن الألمانية لدى موزع بريطاني متخصص، وتم اعتماد سعر يعكس فئة ريش الحفر SDS المتوسطة الجودة.,True,False
2,48,8MM,SDS 160MM/Lسا ىد سا ةشير,ريشة حفر خرسانة نظام SDS مقاس 8 مم طول 160 مم.,23.0,EA,12.0,276.0,ALPEN,AUSTRIA,20,متوسط,PS Trading Company - SDS Plus Drill Bit,https://www.pstradingksa.com/products/sds-plus-drill-bit,ريشة حفر SDS مقاس 8مم طول 160مم من ألبن تقارب أسعار ريش SDS المشابهة في السوق.,True,False
2,49,10MM,SDS 310MM/L سا ىد سا ةشير84710001,ريشة حفر SDS طول 310 مم مقاس 10 مم من ألبن الألمانية، تمثل عائلة من 4 مقاسات.,77.0,EA,12.0,924.0,ALPEN,AUSTRIA,70,متوسط,A-One Tools & Fixings (Alpen SDS bit),https://www.aonetools.co.uk/product/alpen-uk-10mm-x-310mm-sds-rebar-drill-force-x/,تم تأكيد وجود نفس المواصفات (10 مم × 310 مم) من ألبن الألمانية لدى موزع بريطاني متخصص، وتم اعتماد سعر يعكس فئة ريش الحفر SDS المتوسطة الجودة.,True,False
2,50,10MM,SDS 260MM/L سا ىد سا ةشير82710001,ريشة حفر SDS طول 310 مم مقاس 10 مم من ألبن الألمانية، تمثل عائلة من 4 مقاسات.,4.0,EA,12.0,48.0,ALPEN,AUSTRIA,70,متوسط,A-One Tools & Fixings (Alpen SDS bit),https://www.aonetools.co.uk/product/alpen-uk-10mm-x-310mm-sds-rebar-drill-force-x/,تم تأكيد وجود نفس المواصفات (10 مم × 310 مم) من ألبن الألمانية لدى موزع بريطاني متخصص، وتم اعتماد سعر يعكس فئة ريش الحفر SDS المتوسطة الجودة.,True,False
2,51,6MM,SDS DRILL BIT سا ىد سا ةشير83706001,مثقب خرسانة نوع SDS بقياس 16 مم لمطرقة حفر دوارة.,69.0,EA,9.0,621.0,ALPEN,AUSTRIA,50,متوسط,PS Trading Company (موزع سعودي لمثاقب SDS),https://www.pstradingksa.com/products/sds-plus-drill-bit,مثقب SDS بقياس 16 مم من نفس عائلة المنتج في البند 292، وسعره قريب جدًا من مثيله بقياس 18 مم مع فارق طفيف بسبب صغر القطر.,True,False
2,52,13MM,SDS DRILL BIT 83713001 سا ىد سا ةشير,مثقب خرسانة نوع SDS بقياس 16 مم لمطرقة حفر دوارة.,52.0,EA,43.0,2236.0,ALPEN,AUSTRIA,50,متوسط,PS Trading Company (موزع سعودي لمثاقب SDS),https://www.pstradingksa.com/products/sds-plus-drill-bit,مثقب SDS بقياس 16 مم من نفس عائلة المنتج في البند 292، وسعره قريب جدًا من مثيله بقياس 18 مم مع فارق طفيف بسبب صغر القطر.,True,False
3,53,20MM,SDS DRILL BIT سا ىد سا ةشير,مثقب خرسانة نوع SDS بقياس 16 مم لمطرقة حفر دوارة.,27.0,EA,75.0,2025.0,ALPEN,AUSTRIA,50,متوسط,PS Trading Company (موزع سعودي لمثاقب SDS),https://www.pstradingksa.com/products/sds-plus-drill-bit,مثقب SDS بقياس 16 مم من نفس عائلة المنتج في البند 292، وسعره قريب جدًا من مثيله بقياس 18 مم مع فارق طفيف بسبب صغر القطر.,True,False
3,54,4MM,SDS DRILL BIT 83704001 سا ىد سا ةشير,مثقب خرسانة نوع SDS بقياس 16 مم لمطرقة حفر دوارة.,20.0,EA,8.0,160.0,ALPEN,AUSTRIA,50,متوسط,PS Trading Company (موزع سعودي لمثاقب SDS),https://www.pstradingksa.com/products/sds-plus-drill-bit,مثقب SDS بقياس 16 مم من نفس عائلة المنتج في البند 292، وسعره قريب جدًا من مثيله بقياس 18 مم مع فارق طفيف بسبب صغر القطر.,True,False
3,55,16MM,SDS DRILL BIT 83716001 سا ىد سا ةشير,مثقب خرسانة نوع SDS بقياس 16 مم لمطرقة حفر دوارة.,51.0,EA,55.0,2805.0,ALPEN,AUSTRIA,50,متوسط,PS Trading Company (موزع سعودي لمثاقب SDS),https://www.pstradingksa.com/products/sds-plus-drill-bit,مثقب SDS بقياس 16 مم من نفس عائلة المنتج في البند 292، وسعره قريب جدًا من مثيله بقياس 18 مم مع فارق طفيف بسبب صغر القطر.,True,False
3,56,16MM,"SDS DRILL BIT,SHORT سا ىد سا ةشير",ريشة ثقب خرسانة SDS قصيرة مقاس 16مم من ألبن.,14.0,EA,55.0,770.0,ALPEN,AUSTRIA,45,متوسط,Kasweld – HSS/SDS drill bit Saudi Arabia benchmark,https://www.kasweld.sa/products/hss-drill-bit-for-steel-in-saudi-arabia,سعر تقديري لريشة ثقب SDS قصيرة مقاس 16مم من ألبن بناءً على أسعار ريش SDS المماثلة.,True,False
3,57,10MM,"SDS DRILL BIT,LONG 260MMسا ىد سا ةشير",لقمة حفر SDS طويلة مقاس 10 ملم بطول 260 ملم للخرسانة.,93.0,EA,30.0,2790.0,ALPEN,AUSTRIA,65,متوسط,تقدير حسب فئة المنتج (لقم SDS ألبن),https://www.noon.com/saudi-en/tools-and-home-improvement/power-and-hand-tools/,لقمة حفر SDS طويلة (260مم) مقاس 10مم من ماركة ألمانية معروفة (ألبن)، وتتوافق مع أسعار لقم SDS المماثلة بين 45-85 ريال.,True,False
3,58,10MM,SDS DRILL BIT..LONG 260MMسا ىد سا ةشير,ريشة حفر SDS طويلة تستخدم مع دريل الطرق لحفر الخرسانة بعمق كبير.,25.0,EA,30.0,750.0,ALPEN,AUSTRIA,55,متوسط,Alpen Drills - Product Range,https://www.alpen-drills.com/en/product-range/,ريشة حفر SDS طويلة 260مم بقياس 10مم من ألبن النمساوية المتخصصة في ريش الحفر عالية الجودة.,True,False
3,59,12MM,SDS DRILL BIT 60MM/Lسا ىد سا ةشير,ريشة ثقب خرسانة SDS مقاس 12مم بطول 60مم من ألبن.,23.0,EA,35.0,805.0,ALPEN,AUSTRIA,45,متوسط,Kasweld – HSS/SDS drill bit Saudi Arabia benchmark,https://www.kasweld.sa/products/hss-drill-bit-for-steel-in-saudi-arabia,سعر تقديري لريشة ثقب SDS مقاس 12مم طول 60مم من ألبن بناءً على أسعار ريش SDS المماثلة.,True,False
3,60,10MM,"SDS DRILL BIT,SHORTسا ىد سا ةشير",ريشة ثقب خرسانة SDS قصيرة مقاس 10مم من ألبن.,25.0,EA,33.0,825.0,ALPEN,AUSTRIA,35,متوسط,Kasweld – HSS/SDS drill bit Saudi Arabia benchmark,https://www.kasweld.sa/products/hss-drill-bit-for-steel-in-saudi-arabia,سعر تقديري لريشة ثقب SDS قصيرة مقاس 10مم من ألبن بناءً على أسعار ريش SDS الألمانية المماثلة.,True,False
3,61,20MM,"SDS,DRILL BITسا ىد سا ةشير",مثقب خرسانة نوع SDS بقياس 18 مم لمطرقة حفر دوارة.,46.0,EA,75.0,3450.0,ALPEN,AUSTRIA,55,متوسط,PS Trading Company (موزع سعودي لمثاقب SDS),https://www.pstradingksa.com/products/sds-plus-drill-bit,تم العثور على موزع سعودي فعلي لمثاقب SDS Plus، وسعر مثقب بقياس 18 مم من علامة متوسطة الجودة يقع عادة في هذا النطاق للاستخدام في الخرسانة.,True,False
3,62,18MM,"SDS,DRILL BITسا ىد سا ةشير",مثقب خرسانة نوع SDS بقياس 18 مم لمطرقة حفر دوارة.,55.0,EA,65.0,3575.0,ALPEN,AUSTRIA,55,متوسط,PS Trading Company (موزع سعودي لمثاقب SDS),https://www.pstradingksa.com/products/sds-plus-drill-bit,تم العثور على موزع سعودي فعلي لمثاقب SDS Plus، وسعر مثقب بقياس 18 مم من علامة متوسطة الجودة يقع عادة في هذا النطاق للاستخدام في الخرسانة.,True,False
3,63,16MM,"SDS,DRILL BITسا ىد سا ةشير",مثقب خرسانة نوع SDS بقياس 18 مم لمطرقة حفر دوارة.,5.0,EA,55.0,275.0,ALPEN,AUSTRIA,55,متوسط,PS Trading Company (موزع سعودي لمثاقب SDS),https://www.pstradingksa.com/products/sds-plus-drill-bit,تم العثور على موزع سعودي فعلي لمثاقب SDS Plus، وسعر مثقب بقياس 18 مم من علامة متوسطة الجودة يقع عادة في هذا النطاق للاستخدام في الخرسانة.,True,False
3,64,16MM,"SDS,DRILL BITسا ىد سا ةشير",مثقب خرسانة نوع SDS بقياس 18 مم لمطرقة حفر دوارة.,3.0,EA,55.0,165.0,ALPEN,AUSTRIA,55,متوسط,PS Trading Company (موزع سعودي لمثاقب SDS),https://www.pstradingksa.com/products/sds-plus-drill-bit,تم العثور على موزع سعودي فعلي لمثاقب SDS Plus، وسعر مثقب بقياس 18 مم من علامة متوسطة الجودة يقع عادة في هذا النطاق للاستخدام في الخرسانة.,True,False
3,65,16MM,"SDS,DRILL BITسا ىد سا ةشير",مثقب خرسانة نوع SDS بقياس 18 مم لمطرقة حفر دوارة.,6.0,EA,55.0,330.0,ALPEN,AUSTRIA,55,متوسط,PS Trading Company (موزع سعودي لمثاقب SDS),https://www.pstradingksa.com/products/sds-plus-drill-bit,تم العثور على موزع سعودي فعلي لمثاقب SDS Plus، وسعر مثقب بقياس 18 مم من علامة متوسطة الجودة يقع عادة في هذا النطاق للاستخدام في الخرسانة.,True,False
3,66,7MM,"SDS,DRILL BITسا ىد سا ةشير",مثقب خرسانة نوع SDS بقياس 18 مم لمطرقة حفر دوارة.,37.0,EA,12.0,444.0,ALPEN,AUSTRIA,55,متوسط,PS Trading Company (موزع سعودي لمثاقب SDS),https://www.pstradingksa.com/products/sds-plus-drill-bit,تم العثور على موزع سعودي فعلي لمثاقب SDS Plus، وسعر مثقب بقياس 18 مم من علامة متوسطة الجودة يقع عادة في هذا النطاق للاستخدام في الخرسانة.,True,False
3,67,2MM,HSS ديدج ةشير62402001,ريشة حفر HSS مقاس 2مم من ماركة ALPEN.,21.0,PKT,2.0,42.0,ALPEN,AUSTRIA,6,متوسط,Kasweld (HSS drill bit suppliers KSA),https://www.kasweld.sa/products/hss-drill-bit-for-steel-in-saudi-arabia,سعر تقديري لريشة حفر HSS صغيرة جدًا مقاس 2مم بناءً على أسعار ريش الحفر المماثلة في السعودية.,True,False
3,68,2.5MM,HSS ديدح ةشير62402501,مثقب حديد عالي السرعة (HSS) بقياس 3.5 مم.,21.0,PKT,2.0,42.0,ALPEN,AUSTRIA,12,متوسط,فئة مثاقب HSS العامة,https://toolservices.co.za/collections/alpen,مثقب حديد HSS بقياس صغير 3.5 مم من علامة ألمانية معروفة (ALPEN)، وهذه المقاسات الصغيرة من مثاقب HSS رخيصة نسبيًا في جميع الأسواق.,True,False
3,69,3.5MM,HSS ديدح ةشير62403501,مثقب حديد عالي السرعة (HSS) بقياس 3.5 مم.,26760.0,EA,2.0,53520.0,ALPEN,AUSTRIA,12,متوسط,فئة مثاقب HSS العامة,https://toolservices.co.za/collections/alpen,مثقب حديد HSS بقياس صغير 3.5 مم من علامة ألمانية معروفة (ALPEN)، وهذه المقاسات الصغيرة من مثاقب HSS رخيصة نسبيًا في جميع الأسواق.,True,False
3,70,"3/16""",HSS ديدح ةشير,مثقب حديد عالي السرعة (HSS) بقياس 3.5 مم.,4.0,PKT,2.0,8.0,ALPEN,AUSTRIA,12,متوسط,فئة مثاقب HSS العامة,https://toolservices.co.za/collections/alpen,مثقب حديد HSS بقياس صغير 3.5 مم من علامة ألمانية معروفة (ALPEN)، وهذه المقاسات الصغيرة من مثاقب HSS رخيصة نسبيًا في جميع الأسواق.,True,False
3,71,14MM,SDS سا ىد سا ةشير83714001,مثقب خرسانة نوع SDS بقياس 14 مم لمطرقة حفر دوارة.,73.0,EA,40.0,2920.0,ALPEN,AUSTRIA,45,متوسط,PS Trading Company (موزع سعودي لمثاقب SDS),https://www.pstradingksa.com/products/sds-plus-drill-bit,مثقب SDS بقياس 14 مم من نفس عائلة منتج ألبن، وسعره أقل قليلاً من المقاسات الأكبر (16 و18 مم) في نفس العائلة.,True,False
3,72,10MM,"SDS,DRILL BITسا ىد سا ةشير",مثقب خرسانة نوع SDS بقياس 18 مم لمطرقة حفر دوارة.,22.0,EA,33.0,726.0,ALPEN,AUSTRIA,55,متوسط,PS Trading Company (موزع سعودي لمثاقب SDS),https://www.pstradingksa.com/products/sds-plus-drill-bit,تم العثور على موزع سعودي فعلي لمثاقب SDS Plus، وسعر مثقب بقياس 18 مم من علامة متوسطة الجودة يقع عادة في هذا النطاق للاستخدام في الخرسانة.,True,False
3,73,10MM,SDS سا ىد سا ةشير82710001,مثقب خرسانة نوع SDS بقياس 14 مم لمطرقة حفر دوارة.,39.0,EA,33.0,1287.0,ALPEN,AUSTRIA,45,متوسط,PS Trading Company (موزع سعودي لمثاقب SDS),https://www.pstradingksa.com/products/sds-plus-drill-bit,مثقب SDS بقياس 14 مم من نفس عائلة منتج ألبن، وسعره أقل قليلاً من المقاسات الأكبر (16 و18 مم) في نفس العائلة.,True,False
3,74,10MM,"SDS,DRILL BITسا ىد سا ةشير",مثقب خرسانة نوع SDS بقياس 18 مم لمطرقة حفر دوارة.,40.0,EA,33.0,1320.0,ALPEN,AUSTRIA,55,متوسط,PS Trading Company (موزع سعودي لمثاقب SDS),https://www.pstradingksa.com/products/sds-plus-drill-bit,تم العثور على موزع سعودي فعلي لمثاقب SDS Plus، وسعر مثقب بقياس 18 مم من علامة متوسطة الجودة يقع عادة في هذا النطاق للاستخدام في الخرسانة.,True,False
3,75,16MM,SDS سا ىد سا ةشير81716001,مثقب خرسانة نوع SDS بقياس 14 مم لمطرقة حفر دوارة.,33.0,EA,55.0,1815.0,ALPEN,AUSTRIA,45,متوسط,PS Trading Company (موزع سعودي لمثاقب SDS),https://www.pstradingksa.com/products/sds-plus-drill-bit,مثقب SDS بقياس 14 مم من نفس عائلة منتج ألبن، وسعره أقل قليلاً من المقاسات الأكبر (16 و18 مم) في نفس العائلة.,True,False
3,76,5MM,"SDS,DRILL BITسا ىد سا ةشير",مثقب خرسانة نوع SDS بقياس 18 مم لمطرقة حفر دوارة.,105.0,EA,8.0,840.0,ALPEN,AUSTRIA,55,متوسط,PS Trading Company (موزع سعودي لمثاقب SDS),https://www.pstradingksa.com/products/sds-plus-drill-bit,تم العثور على موزع سعودي فعلي لمثاقب SDS Plus، وسعر مثقب بقياس 18 مم من علامة متوسطة الجودة يقع عادة في هذا النطاق للاستخدام في الخرسانة.,True,False
3,77,7.5MM,HSS ديدح شير تكب62407501,ريشة حفر حديد (HSS) مقاس 7.5 مم من ألبن.,17.0,PKT,8.0,136.0,ALPEN,AUSTRIA,10,متوسط,PS Trading Company - Drill Bits (Saudi Arabia),https://www.pstradingksa.com/collections/drill-bits,ريشة حفر حديد HSS مقاس 7.5مم من ألبن منخفضة الثمن ضمن ريش الحفر القياسية.,True,False
3,78,8.5MM,HSS ديدح شير تكب62408001,ريشة حفر حديد (HSS) مقاس 7.5 مم من ألبن.,9.0,PKT,9.0,81.0,ALPEN,AUSTRIA,10,متوسط,PS Trading Company - Drill Bits (Saudi Arabia),https://www.pstradingksa.com/collections/drill-bits,ريشة حفر حديد HSS مقاس 7.5مم من ألبن منخفضة الثمن ضمن ريش الحفر القياسية.,True,False
3,79,4MM,"HSS,10PC/PKTديدح شير تكاب",طقم ريش حفر HSS مكوّن من 10 قطع مقاس 6.5مم.,12.0,PKT,3.0,36.0,ALPEN,AUSTRIA,85,متوسط,Kasweld - HSS Cobalt Drill Bits Saudi Arabia,https://www.kasweld.sa/products/hss-drill-bit-cobalt-12.5mm-in-saudi-arabia,طقم ريش حفر HSS من علامة سويسرية معروفة (ألبين) مكوّن من 10 قطع مقاس 6.5مم، أعلى جودة وسعرًا من الريش الاقتصادية.,True,True
3,80,6.5MM,"HSS,10PC/PKTديدح شير تكاب",طقم ريش حفر HSS مكوّن من 10 قطع مقاس 6.5مم.,13.0,PKT,4.0,52.0,ALPEN,AUSTRIA,85,متوسط,Kasweld - HSS Cobalt Drill Bits Saudi Arabia,https://www.kasweld.sa/products/hss-drill-bit-cobalt-12.5mm-in-saudi-arabia,طقم ريش حفر HSS من علامة سويسرية معروفة (ألبين) مكوّن من 10 قطع مقاس 6.5مم، أعلى جودة وسعرًا من الريش الاقتصادية.,True,True
3,81,5.5MM,"HSS,10PC/PKTديدح شير تكاب",طقم ريش حفر HSS مكوّن من 10 قطع مقاس 6.5مم.,2.0,PKT,3.0,6.0,ALPEN,AUSTRIA,85,متوسط,Kasweld - HSS Cobalt Drill Bits Saudi Arabia,https://www.kasweld.sa/products/hss-drill-bit-cobalt-12.5mm-in-saudi-arabia,طقم ريش حفر HSS من علامة سويسرية معروفة (ألبين) مكوّن من 10 قطع مقاس 6.5مم، أعلى جودة وسعرًا من الريش الاقتصادية.,True,True
3,82,4MM,"HSS,10PC/PKTديدح شير تكاب",طقم ريش حفر HSS مكوّن من 10 قطع مقاس 6.5مم.,1.0,PKT,2.0,2.0,ALPEN,AUSTRIA,85,متوسط,Kasweld - HSS Cobalt Drill Bits Saudi Arabia,https://www.kasweld.sa/products/hss-drill-bit-cobalt-12.5mm-in-saudi-arabia,طقم ريش حفر HSS من علامة سويسرية معروفة (ألبين) مكوّن من 10 قطع مقاس 6.5مم، أعلى جودة وسعرًا من الريش الاقتصادية.,True,True
3,83,12MM,SDS 260MM/L 82710001 سا ىد سا ةشير,ريشة حفر SDS طول 310 مم مقاس 10 مم من ألبن الألمانية، تمثل عائلة من 4 مقاسات.,19.0,EA,20.0,380.0,ALPEN,AUSTRIA,70,متوسط,A-One Tools & Fixings (Alpen SDS bit),https://www.aonetools.co.uk/product/alpen-uk-10mm-x-310mm-sds-rebar-drill-force-x/,تم تأكيد وجود نفس المواصفات (10 مم × 310 مم) من ألبن الألمانية لدى موزع بريطاني متخصص، وتم اعتماد سعر يعكس فئة ريش الحفر SDS المتوسطة الجودة.,True,False
3,84,14MM,"SDS,DRILL BITسا ىد سا ةشير",مثقب خرسانة نوع SDS بقياس 18 مم لمطرقة حفر دوارة.,27.0,EA,45.0,1215.0,ALPEN,AUSTRIA,55,متوسط,PS Trading Company (موزع سعودي لمثاقب SDS),https://www.pstradingksa.com/products/sds-plus-drill-bit,تم العثور على موزع سعودي فعلي لمثاقب SDS Plus، وسعر مثقب بقياس 18 مم من علامة متوسطة الجودة يقع عادة في هذا النطاق للاستخدام في الخرسانة.,True,False
3,85,10MM,"SDS,DRILL BITسا ىد سا ةشير",مثقب خرسانة نوع SDS بقياس 18 مم لمطرقة حفر دوارة.,4.0,EA,33.0,132.0,ALPEN,AUSTRIA,55,متوسط,PS Trading Company (موزع سعودي لمثاقب SDS),https://www.pstradingksa.com/products/sds-plus-drill-bit,تم العثور على موزع سعودي فعلي لمثاقب SDS Plus، وسعر مثقب بقياس 18 مم من علامة متوسطة الجودة يقع عادة في هذا النطاق للاستخدام في الخرسانة.,True,False
4,86,4MM,"SDS,DRILL BITسا ىد سا ةشير",مثقب خرسانة نوع SDS بقياس 18 مم لمطرقة حفر دوارة.,1.0,EA,8.0,8.0,ALPEN,AUSTRIA,55,متوسط,PS Trading Company (موزع سعودي لمثاقب SDS),https://www.pstradingksa.com/products/sds-plus-drill-bit,تم العثور على موزع سعودي فعلي لمثاقب SDS Plus، وسعر مثقب بقياس 18 مم من علامة متوسطة الجودة يقع عادة في هذا النطاق للاستخدام في الخرسانة.,True,False
4,87,5MM,"SDS,DRILL BITسا ىد سا ةشير",مثقب خرسانة نوع SDS بقياس 18 مم لمطرقة حفر دوارة.,1.0,EA,8.0,8.0,ALPEN,AUSTRIA,55,متوسط,PS Trading Company (موزع سعودي لمثاقب SDS),https://www.pstradingksa.com/products/sds-plus-drill-bit,تم العثور على موزع سعودي فعلي لمثاقب SDS Plus، وسعر مثقب بقياس 18 مم من علامة متوسطة الجودة يقع عادة في هذا النطاق للاستخدام في الخرسانة.,True,False
4,88,18MM,"SDS,DRILL BITسا ىد سا ةشير",مثقب خرسانة نوع SDS بقياس 18 مم لمطرقة حفر دوارة.,3.0,EA,65.0,195.0,ALPEN,AUSTRIA,55,متوسط,PS Trading Company (موزع سعودي لمثاقب SDS),https://www.pstradingksa.com/products/sds-plus-drill-bit,تم العثور على موزع سعودي فعلي لمثاقب SDS Plus، وسعر مثقب بقياس 18 مم من علامة متوسطة الجودة يقع عادة في هذا النطاق للاستخدام في الخرسانة.,True,False
4,89,20MM,"SDS,DRILL BITسا ىد سا ةشير",مثقب خرسانة نوع SDS بقياس 18 مم لمطرقة حفر دوارة.,1.0,EA,75.0,75.0,ALPEN,AUSTRIA,55,متوسط,PS Trading Company (موزع سعودي لمثاقب SDS),https://www.pstradingksa.com/products/sds-plus-drill-bit,تم العثور على موزع سعودي فعلي لمثاقب SDS Plus، وسعر مثقب بقياس 18 مم من علامة متوسطة الجودة يقع عادة في هذا النطاق للاستخدام في الخرسانة.,True,False
4,90,7MM,"SDS,DRILL BITسا ىد سا ةشير",مثقب خرسانة نوع SDS بقياس 18 مم لمطرقة حفر دوارة.,1.0,EA,12.0,12.0,ALPEN,AUSTRIA,55,متوسط,PS Trading Company (موزع سعودي لمثاقب SDS),https://www.pstradingksa.com/products/sds-plus-drill-bit,تم العثور على موزع سعودي فعلي لمثاقب SDS Plus، وسعر مثقب بقياس 18 مم من علامة متوسطة الجودة يقع عادة في هذا النطاق للاستخدام في الخرسانة.,True,False
4,91,3.5MM,HSS62403501. ديدح ةشر,ريشة حفر HSS مقاس 3.5مم من ماركة ALPEN.,0.0,PKT,3.0,0.0,ALPEN,AUSTRIA,7,متوسط,Kasweld (HSS drill bit suppliers KSA),https://www.kasweld.sa/products/hss-drill-bit-for-steel-in-saudi-arabia,سعر تقديري لريشة حفر HSS مقاس 3.5مم بناءً على أسعار ريش الحفر المماثلة في السعودية.,True,False
4,92,3.5MM,HSS62403501. ديدح ةشر,ريشة حفر HSS مقاس 3.5مم من ماركة ALPEN.,0.0,PKT,3.0,0.0,ALPEN,AUSTRIA,7,متوسط,Kasweld (HSS drill bit suppliers KSA),https://www.kasweld.sa/products/hss-drill-bit-for-steel-in-saudi-arabia,سعر تقديري لريشة حفر HSS مقاس 3.5مم بناءً على أسعار ريش الحفر المماثلة في السعودية.,True,False
4,93,4MM,HSSديدح ةشر,ريشة حفر HSS مقاس 4مم من ماركة ALPEN.,14.0,PKT,3.0,42.0,ALPEN,AUSTRIA,8,متوسط,Kasweld (HSS drill bit suppliers KSA),https://www.kasweld.sa/products/hss-drill-bit-for-steel-in-saudi-arabia,سعر تقديري لريشة حفر HSS مقاس 4مم بناءً على أسعار ريش الحفر المماثلة في السعودية.,True,False
4,94,"5/8""",HSS PKT 3PC-ديدح شر تكب62415871,عبوة 3 قطع ريش ثقب معدن HSS كبيرة الحجم مقاس 5/8 إنش من ألبن.,31.0,PKT,25.0,775.0,ALPEN,AUSTRIA,100,متوسط,Kasweld – HSS drill bits Saudi Arabia,https://www.kasweld.sa/products/hss-drill-bit-for-steel-in-saudi-arabia,سعر تقديري لعبوة 3 قطع ريش ثقب HSS كبيرة الحجم مقاس 5/8 إنش من ألبن بناءً على أسعار ريش HSS الكبيرة.,True,False
4,95,12MM,"SDS,SHORTسا ىد سا ةشير",ريشة حفر مطرقي SDS قصيرة مقاس 12 ملم.,8.0,EA,40.0,320.0,ALPEN,AUSTRIA,75,متوسط,Rapid Electronics (Alpen SDS bits),https://www.rapidonline.com/alpen-0081500500100-hammer-drill-bit-5mm-sds-plus-4-carbide-edges-01-0981,ريشة حفر SDS قصيرة مقاس 12مم من ألبن تقدر وفق نطاق أسعار ريش ألبن المماثلة.,True,False
4,96,16MM,82716001 سا ىد سا ةشير,ريشة حفر مطرقي SDS مقاس 16مم من ماركة ألبن النمساوية.,7.0,EA,55.0,385.0,ALPEN,AUSTRIA,90,متوسط,Rapid Electronics (Alpen SDS bits),https://www.rapidonline.com/alpen-0083501400100-sds-plus-drill-bit-14mm-4-carbide-blades-260mm-long-01-1428,ريشة حفر SDS مقاس 16مم من ألبن تقع ضمن نطاق 14-20 جنيهاً إسترليني حسب المقاس.,True,False
4,97,14MM,SDSسا ىد سا ةشير,ريشة حفر مطرقي SDS مقاس 14 ملم من ماركة ألبن.,7.0,EA,45.0,315.0,ALPEN,AUSTRIA,80,متوسط,Rapid Electronics (Alpen SDS bits),https://www.rapidonline.com/alpen-0083501400100-sds-plus-drill-bit-14mm-4-carbide-blades-260mm-long-01-1428,ريشة حفر SDS مقاس 14مم من ألبن تقع ضمن نطاق أسعار ريش SDS المماثلة (13-19 جنيه إسترليني).,True,False
4,98,5MM,SDS سا ىد سا ةشير80705001,مثقب خرسانة نوع SDS بقياس 14 مم لمطرقة حفر دوارة.,12.0,EA,15.0,180.0,ALPEN,AUSTRIA,45,متوسط,PS Trading Company (موزع سعودي لمثاقب SDS),https://www.pstradingksa.com/products/sds-plus-drill-bit,مثقب SDS بقياس 14 مم من نفس عائلة منتج ألبن، وسعره أقل قليلاً من المقاسات الأكبر (16 و18 مم) في نفس العائلة.,True,False
4,99,5MM,SDS سا ىد سا ةشير80705001,مثقب خرسانة نوع SDS بقياس 14 مم لمطرقة حفر دوارة.,1.0,EA,15.0,15.0,ALPEN,AUSTRIA,45,متوسط,PS Trading Company (موزع سعودي لمثاقب SDS),https://www.pstradingksa.com/products/sds-plus-drill-bit,مثقب SDS بقياس 14 مم من نفس عائلة منتج ألبن، وسعره أقل قليلاً من المقاسات الأكبر (16 و18 مم) في نفس العائلة.,True,False
4,100,6MM,SDS سا ىد سا ةشير80706001,مثقب خرسانة نوع SDS بقياس 14 مم لمطرقة حفر دوارة.,1.0,EA,15.0,15.0,ALPEN,AUSTRIA,45,متوسط,PS Trading Company (موزع سعودي لمثاقب SDS),https://www.pstradingksa.com/products/sds-plus-drill-bit,مثقب SDS بقياس 14 مم من نفس عائلة منتج ألبن، وسعره أقل قليلاً من المقاسات الأكبر (16 و18 مم) في نفس العائلة.,True,False
4,101,4MM,SDS سا ىد سا ةشير80704001,مثقب خرسانة نوع SDS بقياس 14 مم لمطرقة حفر دوارة.,1.0,EA,12.0,12.0,ALPEN,AUSTRIA,45,متوسط,PS Trading Company (موزع سعودي لمثاقب SDS),https://www.pstradingksa.com/products/sds-plus-drill-bit,مثقب SDS بقياس 14 مم من نفس عائلة منتج ألبن، وسعره أقل قليلاً من المقاسات الأكبر (16 و18 مم) في نفس العائلة.,True,False
4,2308,ADF-200,"AC/DC,OHM,AMP,CONTINUITY",جهاز اختبار كهربائي بشكل الشوكة لقياس التيار والمقاومة والاستمرارية.,1.0,EA,180.0,180.0,AMPROBE,USA,420,متوسط,DigiKey product page,https://www.digikey.com/en/products/detail/amprobe/ADF-200/1540544,أداة اختبار كهربائي بسيطة (فورك ميتر)؛ الأسعار الجديدة لدى الموزعين المتخصصين تتراوح غالباً بين ١٠٠-١٥٠ دولاراً، وهو أعلى من عروض السلع المستعملة على eBay.,True,False
4,2399,THWD-5,HUMIDITY/TEMP. ةرارحو ةبوطر زاهج,جهاز محمول لقياس الرطوبة النسبية ودرجة الحرارة مع نقطة الندى.,2.0,EA,795.0,1590.0,AMPROBE,USA,970,مرتفع,Transcat / Test Equipment Depot listings,https://www.transcat.com/amprobe-thwd-5-thwd-5,وُجدت عروض فعلية حديثة بأسعار ٢٣٠-٢٩٠ دولاراً من عدة موزعين معتمدين لأدوات القياس، وهو أعلى بوضوح من التكلفة الداخلية ٦٥٠ مما يعكس سعر السوق الحالي.,True,False
4,2402,TH-1,HUMIDITY/TEMP.,جهاز صغير بمجس لقياس الرطوبة النسبية ودرجة الحرارة.,4.0,EA,650.0,2600.0,AMPROBE,USA,430,مرتفع,Transcat / Walmart listings,https://www.transcat.com/amprobe-th-1-th-1,عروض فعلية متعددة (٩٩-١٤٥ دولاراً) لموديل مضغوط بمجس، متوافقة تقريباً مع التكلفة الداخلية البالغة ٦٥٠ بعد تحويل العملة.,True,False
4,2265,220,pro200k-aramada,معدة أو أداة من ماركة Armada دون تفاصيل وصفية كافية لتحديد نوعها بدقة.,5.0,EA,495.0,2475.0,ARMADA,USA,500,منخفض,تقدير حسب فئة المنتج (معدات غير محددة الطراز),https://www.noon.com/saudi-en/tools-and-home-improvement/power-and-hand-tools/,الوصف غير كافٍ لتحديد طبيعة المنتج بدقة تحت ماركة Armada، والسعر تقدير عام حذر لمعدة متوسطة الفئة.,True,False
4,2622,PRO220K,TONE/FENERATOR/PROBE KIT كلاسا فشاك فتاوه,طقم كشف وتتبع الأسلاك والكابلات (مولد نغمة ومجس) من أرمادا.,5.0,EA,400.0,2000.0,ARMADA,USA,220,منخفض,تقدير حسب فئة المنتج,https://www.amazon.com/s?k=wire+tracer+tone+probe+kit,أطقم كشف الأسلاك (مولد نغمة ومجس) أدوات كهربائية متخصصة متوسطة السعر.,True,False
4,2530,2-PCS,DIESEL GUN لزيد سدسم,مسدس (مضخة) يدوي لضخ وقود الديزل مكون من قطعتين.,6.0,EA,40.0,240.0,AVITE,USA,150,منخفض,estimated from category benchmark,https://www.amazon.sa/-/en/b?ie=UTF8&node=16620587031,مسدس ضخ الديزل أداة صيانة متخصصة أعلى ثمناً من العدد اليدوية العادية.,True,False
4,2400,710,"TYPE K,DUAL INPUT,THERMOMETER ةرارح زاهج",جهاز قياس حرارة رقمي بمدخلين لثيرموكابل نوع K.,2.0,EA,650.0,1300.0,B/K,USA,680,منخفض,B&K Precision product page (متوقف وله بديل 715),https://www.bkprecision.com/products/9/710,الموديل متوقف عن الإنتاج ولا يوجد سعر معلن مباشر؛ التقدير مبني على أسعار أجهزة الحرارة ثنائية المدخل المماثلة من نفس الفئة.,True,False
4,2638,262,TONE/FENERATOR/PROBE KIT كلاسا فشاك فتاوه,طقم مولد نغمة وكشاف أسلاك لتتبع الكابلات الهاتفية والشبكية.,2.0,EA,345.0,690.0,B/K,USA,360,مرتفع,B&K Precision الموقع الرسمي,https://www.bkprecision.com/products/14/262,السعر الرسمي المعلن من الشركة المصنعة ٩٥ دولاراً، وهو أعلى قليلاً من التكلفة الداخلية ٣٤٥ بعد التحويل لكنه ضمن نطاق معقول.,True,False
4,102,99915,BESEY F-CRAPM-100MM,مشبك تثبيت خشبي/معدني نوع F مقاس 100 مم من بيسي.,9.0,,30.0,270.0,BESEY,GERMANY,30,منخفض,estimated from category benchmark,https://www.amazon.sa/-/en/b?ie=UTF8&node=16620587031,مشبك تثبيت (كلامب) نوع F مقاس 100مم يقارب أسعار المشابك الصغيرة المشابهة.,True,False
4,103,10X11,RING WRENCH موتخم حاتفم,مفتاح حلقي (مفتاح رنق) مقاس 10×11مم من ماركة BODM.,5.0,EA,16.0,80.0,BODM.,GERMANY,25,منخفض,estimated from category benchmark,https://www.amazon.sa/-/en/b?ie=UTF8&node=16621007031,سعر تقديري لمفتاح حلقي صغير الحجم بناءً على معيار أسعار المفاتيح اليدوية العامة.,True,False
4,104,99941,"O/E WRENCH 12[CS,MM ىدلب مقط",طقم مفاتيح تركيبية (فم ورنسة) من 12 قطعة بمقاسات مترية مختلفة.,3.0,SET,245.0,735.0,BODMAN,GERMANY,100,منخفض,estimated from category benchmark (12pc combination wrench sets),https://www.amazon.sa/,طقم مفاتيح تركيبية بلدي 12 قطعة بمقاسات بالمليمتر، سعره يقع ضمن نطاق الأطقم الاقتصادية.,True,False
4,105,14X15,O/E WRENCH ىدلب حاتفم,مفتاح بلدي مفتوح مقاس 20×22 مم.,10.0,EA,18.0,180.0,BODMAN,GERMANY,45,متوسط,أسعار مفاتيح البلدي في أمازون السعودية,https://www.amazon.sa/-/en/b?ie=UTF8&node=16621001031,مفتاح بلدي مقاس 20×22 مم من المقاسات المترية الشائعة متوسطة السعر.,True,False
4,106,10X11,O/E WRENCH ىدلب حاتفم,مفتاح بلدي مفتوح مقاس 20×22 مم.,10.0,EA,16.0,160.0,BODMAN,GERMANY,45,متوسط,أسعار مفاتيح البلدي في أمازون السعودية,https://www.amazon.sa/-/en/b?ie=UTF8&node=16621001031,مفتاح بلدي مقاس 20×22 مم من المقاسات المترية الشائعة متوسطة السعر.,True,False
4,107,20X22,O/E WRENCH ىدلب حاتفم,مفتاح بلدي مفتوح مقاس 20×22 مم.,11.0,EA,35.0,385.0,BODMAN,GERMANY,45,متوسط,أسعار مفاتيح البلدي في أمازون السعودية,https://www.amazon.sa/-/en/b?ie=UTF8&node=16621001031,مفتاح بلدي مقاس 20×22 مم من المقاسات المترية الشائعة متوسطة السعر.,True,False
5,108,6X7,O/E WRENCH ىدلب حاتفم,مفتاح بلدي مفتوح مقاس 20×22 مم.,12.0,EA,12.0,144.0,BODMAN,GERMANY,45,متوسط,أسعار مفاتيح البلدي في أمازون السعودية,https://www.amazon.sa/-/en/b?ie=UTF8&node=16621001031,مفتاح بلدي مقاس 20×22 مم من المقاسات المترية الشائعة متوسطة السعر.,True,False
5,109,12X13,O/E WRENCH ىدلب حاتفم,مفتاح بلدي مفتوح مقاس 20×22 مم.,10.0,EA,17.0,170.0,BODMAN,GERMANY,45,متوسط,أسعار مفاتيح البلدي في أمازون السعودية,https://www.amazon.sa/-/en/b?ie=UTF8&node=16621001031,مفتاح بلدي مقاس 20×22 مم من المقاسات المترية الشائعة متوسطة السعر.,True,False
5,110,8X9,O/E WRENCH ىدلب حاتفم,مفتاح بلدي مفتوح مقاس 20×22 مم.,12.0,EA,16.0,192.0,BODMAN,GERMANY,45,متوسط,أسعار مفاتيح البلدي في أمازون السعودية,https://www.amazon.sa/-/en/b?ie=UTF8&node=16621001031,مفتاح بلدي مقاس 20×22 مم من المقاسات المترية الشائعة متوسطة السعر.,True,False
5,111,12MM,ر COMB.WRENCH كتشم حاتفم,مفتاح رنج (كتشم) مقاس 12مم.,35.0,EA,16.0,560.0,BODMAN,GERMANY,20,متوسط,تقدير عام لمفاتيح الرنج المكشتة العادية,"https://www.amazon.sa/-/en/DIY-Tools-Draper/s?rh=n:12463390031,p_89:Draper",مفتاح كتشم مقاس 12مم من ماركة عادية يقارن بأسعار مفاتيح الرنج البسيطة في السوق.,True,False
5,2280,80751,"B-80751 O/E,INCHمقط حوتفم حاتفم",طقم مفاتيح حوتفم (مفتوحة الطرفين) بمقاسات إنشية من بوني الأمريكية.,6.0,EA,800.0,4800.0,BONNEY,USA,340,منخفض,Harry J. Epstein Co. - Bonney USA wrenches,https://www.harryepstein.com/products/3-pc-mini-open-end-wr-bonney,المفاتيح المفردة من بوني تُباع بين 6-25 دولاراً، فقُدّر طقم كامل بحوالي 90 دولاراً كتقدير عام دون تأكيد دقيق لعدد القطع.,True,False
5,2536,"25/32""",O/E WRENCH ىدلب حاتفم,مفتاح بلدي مقاس 25/32 بوصة من ماركة BONNEY.,2.0,EA,35.0,70.0,BONNEY,USA,60,منخفض,estimated from category benchmark,https://www.amazon.sa/-/en/b?ie=UTF8&node=16621007031,سعر تقديري لمفتاح بلدي كبير المقاس بالاستناد إلى معيار أسعار المفاتيح الأمريكية المماثلة.,True,False
5,2537,I-5224L,"3/4DR,IMPACT,3/4 SIZE,6PT,LONG ءادوس ةبح ةليوط",جوزة صدمة دق 3/4 إنش مقاس 3/4 إنش طويلة سداسية من بوني.,8.0,EA,55.0,440.0,BONNEY,USA,90,متوسط,Harry J. Epstein Co. – Bonney sockets,https://www.harryepstein.com/index.php/catalogsearch/result/index/?mode=list&q=Bonney+socket,سعر تقديري لجوزة صدمة دق 3/4 إنش مقاس 3/4 إنش طويلة من بوني الأمريكية بناءً على أسعار جوز بوني المتوفرة.,True,False
5,2540,1.1/16L,"3/4DR,IMPACT,1.1/16 SIZE,6PT,LONG ءادوس ةبح ةليوط",جوزة صدمة دق 3/4 إنش مقاس 3/4 إنش طويلة سداسية من بوني.,4.0,EA,110.0,440.0,BONNEY,USA,90,متوسط,Harry J. Epstein Co. – Bonney sockets,https://www.harryepstein.com/index.php/catalogsearch/result/index/?mode=list&q=Bonney+socket,سعر تقديري لجوزة صدمة دق 3/4 إنش مقاس 3/4 إنش طويلة من بوني الأمريكية بناءً على أسعار جوز بوني المتوفرة.,True,False
5,2561,"1""L","3/4DR,IMPACT,6PT,1""SIZE ءادوس ةبح",جوزة صدمة دق 3/4 إنش مقاس 1 إنش سداسية من بوني.,11.0,EA,75.0,825.0,BONNEY,USA,160,متوسط,Harry J. Epstein Co. – Bonney sockets,https://www.harryepstein.com/index.php/catalogsearch/result/index/?mode=list&q=Bonney+socket,سعر تقديري لجوزة صدمة دق 3/4 إنش مقاس 1 إنش كبيرة الحجم من بوني بناءً على أسعار جوز بوني الكبيرة.,True,False
5,2570,"25/32""",ر COMB.WR.كتشم حاتفم,مفتاح رنج مزدوج مقاس 25/32 بوصة.,21.0,EA,26.0,546.0,BONNEY,USA,50,منخفض,تقدير عام لمفاتيح الرنج الأمريكية القديمة (Bonney),https://www.ebay.com/stores/vintage-tools,مفتاح رنج كبير المقاس 25/32 بوصة من ماركة أمريكية قديمة يقارن بأسعار المفاتيح المماثلة المستعملة/النادرة.,True,False
5,2571,"3/4X13/16""",ring wrench موتخم حاتفم,مفتاح حلقة مزدوج المقاس 3/4×13/16 بوصة.,8.0,EA,45.0,360.0,BONNEY,USA,100,منخفض,استدلال من فئة مفاتيح الحلقة الأمريكية,https://www.amazon.com/,مفتاح حلقة (رينج) مزدوج المقاس من بوني الأمريكية يقدر بسعر أعلى من المتوسط لجودة الماركة.,True,False
5,2677,"13/16""","skt-12pt,1/2dr",قطعة دباشة مقاس 13/16 بوصة بـ12 سن لمفتاح دريل 1/2 بوصة.,11.0,EA,35.0,385.0,BONNEY,USA,80,منخفض,استدلال من فئة قطع بوني الأمريكية,https://www.amazon.com/,قطعة دباشة 12 سن مقاس 13/16 بوصة من بوني الأمريكية تقدر بسعر أعلى قليلاً من المتوسط.,True,False
5,2244,GPL4,"100ft,3m داعبلاا باسح زاهج",جهاز بوش لقياس المسافة أو المحاذاة بالليزر.,1.0,ea,1200.0,1200.0,BOSCH,USA,350,متوسط,تقدير حسب فئة أجهزة بوش لقياس المسافات والمحاذاة بالليزر,"https://www.amazon.sa/-/en/DIY-Tools-Draper/s?rh=n:12463390031,p_89:Draper",أجهزة بوش لقياس المسافة أو المحاذاة بالليزر من فئة الأسعار المتوسطة إلى العالية.,True,False
5,2246,GPL3,"100F,30M,2PT,LASER داعبلاا سايق زاهج",جهاز قياس مستوى بالليزر 5 نقاط مدى 30 مترًا من بوش.,1.0,EA,450.0,450.0,BOSCH,USA,320,متوسط,Lees Tools / Noon.com (Bosch GPL5),https://leestools.com/products/bosch-gpl5-gpl-5-self-leveling-5-point-laser,طراز بوش GPL5 المشابه متوفر فعليًا في السوق الخليجي عبر نون وموزعين متخصصين، والسعر المقترح يعكس متوسط سعره في فئة أجهزة قياس المستوى بالليزر، ويمثل عائلة من مقاسين.,True,False
5,2247,GPLI5,"100F,30M,2PT,LASER داعبلاا سايق زاهج",جهاز قياس مستوى بالليزر 5 نقاط مدى 30 مترًا من بوش.,1.0,ea,1350.0,1350.0,BOSCH,USA,320,متوسط,Lees Tools / Noon.com (Bosch GPL5),https://leestools.com/products/bosch-gpl5-gpl-5-self-leveling-5-point-laser,طراز بوش GPL5 المشابه متوفر فعليًا في السوق الخليجي عبر نون وموزعين متخصصين، والسعر المقترح يعكس متوسط سعره في فئة أجهزة قياس المستوى بالليزر، ويمثل عائلة من مقاسين.,True,False
5,2248,GPL3T,"ر TORPEDO,3PT ناترم",ميزان ليزر طوربيدي ثلاثي النقاط من بوش.,2.0,ea,530.0,1060.0,BOSCH,USA,300,متوسط,تقدير حسب فئة أجهزة بوش لقياس المحاذاة بالليزر,"https://www.amazon.sa/-/en/DIY-Tools-Draper/s?rh=n:12463390031,p_89:Draper",ميزان الليزر الطوربيدي من بوش ثلاثي النقاط من فئة الأسعار المتوسطة إلى العالية.,True,False
5,2644,X387099E,SAFETY BELT,حزام سلامة (حزام أمان) لعمال ارتفاعات، مثل صيانة أعمدة الكهرباء.,1.0,EA,1350.0,1350.0,BOUKINHAM,USA,550,منخفض,Linemen's Supply / Columbia Safety listings,https://linemenssupply.com/collections/buckingham/body-belts,العلامة على الأرجح هي Buckingham الأمريكية المتخصصة في أحزمة السلامة لعمال الأعمدة الكهربائية، وهذه المنتجات عادة مرتفعة الثمن نسبياً كونها معدات سلامة احترافية معتمدة.,True,False
5,112,60/0,SEPERATOR,أداة فاصلة (سبريتور) تستخدم مع طقم البولر لفصل التروس أو البيرنجات.,2.0,PC,0.0,0.0,BUCO,GERMANY,200,منخفض,تقدير حسب فئة أدوات فصل المحامل (Buco/eBay),https://www.ebay.com/itm/BUCO-44-K3-Internal-Bearing-Seal-Extractor-Puller-Set-Made-in-Germany-NEW-/254747743767,لا يوجد سعر محدد لهذا الموديل بالذات؛ التكلفة الداخلية صفر توحي بأنه صنف قديم، والتقدير مبني على أدوات فصل مماثلة من نفس الفئة.,True,False
5,113,10/3A,"3LEG,PULLER لجر 3 ةنيجرز",سحّابة (بولر) ذات ٣ أرجل لفك التروس والبيرنجات.,1.0,EA,1400.0,1400.0,BUCO,GERMANY,1500,منخفض,تقدير فئة سحّابات ألمانية 3 أرجل,https://www.geniustoolsusa.com/pliers-and-pullers/pullers/three-jaw-gear-pullers.html,لم يُعثر على سعر مباشر لموديل بوكو هذا؛ سحّابات ٣ أرجل الألمانية الثقيلة عادة أغلى من نظيراتها الآسيوية، والتقدير قريب من التكلفة الداخلية ١٤٠٠.,True,False
5,114,23/5,"3LEG,PULLER,20INCH لجر 3 ةنيجرز",سحّابة (بولر) ذات ٣ أرجل مقاس ٢٠ إنش.,3.0,EA,550.0,1650.0,BUCO,GERMANY,750,منخفض,تقدير فئة سحّابات 3 أرجل مقاس 20 إنش,https://www.geniustoolsusa.com/pliers-and-pullers/pullers/three-jaw-gear-pullers.html,لا توجد بيانات مباشرة؛ التقدير مبني على أسعار سحّابات ٣ أرجل مقاس مشابه من فئة الجودة الأوروبية، أعلى قليلاً من التكلفة الداخلية ٥٥٠.,True,False
5,115,22/6,"2LEG,PULLER 26INCHلجر 2 ةنيجرز",سحّابة (بولر) ذات رجلين مقاس ٢٦ إنش.,3.0,EA,690.0,2070.0,BUCO,GERMANY,850,منخفض,تقدير فئة سحّابات 2 أرجل مقاس كبير,https://www.geniustoolsusa.com/pliers-and-pullers/pullers/three-jaw-gear-pullers.html,لا يوجد سعر مباشر لهذا الموديل؛ التقدير مبني على فئة السحّابات الثقيلة ٢٦ إنش من ماركات أوروبية مماثلة.,True,False
5,116,22/4,"2LEG,PULLER,16INCHلجر2 ةنيجرز",سحّابة (بولر) ذات رجلين مقاس ١٦ إنش.,2.0,EA,495.0,990.0,BUCO,GERMANY,600,منخفض,تقدير فئة سحّابات 2 أرجل 16 إنش,https://www.geniustoolsusa.com/pliers-and-pullers/pullers/three-jaw-gear-pullers.html,لا توجد بيانات محددة؛ السعر متوافق تقريباً مع التكلفة الداخلية ٤٩٥ لسحابة بحجم متوسط.,True,False
5,117,22/5,"2LEG,PULLER 20INCHلجر2 ةنيجرز",سحّابة (بولر) ذات رجلين مقاس ٢٠ إنش.,3.0,EA,550.0,1650.0,BUCO,GERMANY,700,منخفض,تقدير فئة سحّابات 2 أرجل 20 إنش,https://www.geniustoolsusa.com/pliers-and-pullers/pullers/three-jaw-gear-pullers.html,لا توجد بيانات محددة؛ السعر مقارب للتكلفة الداخلية ٥٥٠ لهذا الحجم من السحّابات.,True,False
5,2519,MAXT II,GAS DETECTOR نويرفلا فشاك,جهاز كشف غازات متعددة محمول مزود بمضخة سحب للعينات.,1.0,EA,3200.0,3200.0,BW,USA,2250,مرتفع,redasafe.com (موزع سعودي),https://redasafe.com/sa_en/bw-gas-alert-max-xt-ii-gas-detector-with-pump-xt-xwhm-y-sa,سعر فعلي معلن بالريال السعودي من موزع محلي لنفس الجهاز مع المضخة، وهو قريب جداً من التكلفة الداخلية ٣٢٠٠ مما يشير إلى أن التكلفة الداخلية كانت أعلى من السوق الحالي.,True,False
5,2520,MICROCLIP X,LGAS DETECTOR نويرفلا فشاك,جهاز كشف غازات متعددة صغير محمول من هانيويل/بي دبليو.,1.0,EA,2300.0,2300.0,BW,USA,1900,متوسط,Instrumart / PK Safety listings (أمريكا، محوّل),https://www.instrumart.com/products/42331/honeywell-bw-microclip-x3-gas-detector,لم يُعثر على سعر مباشر لكن أجهزة الفئة نفسها من BW MicroClip تتراوح غالباً بين ٥٠٠-٧٠٠ دولار في السوق الأمريكي، وهو أقل من التكلفة الداخلية ٢٣٠٠.,True,False
6,118,99942,"100-125MM,O/S MICROMETER",ميكرومتر خارجي دقيق لقياس الأقطار الخارجية بنطاق 100-125 مم.,3.0,EA,450.0,1350.0,CARL,GERMANY,300,منخفض,تقدير عام لميكرومترات خارجية بنطاق 100-125مم,https://www.mitutoyo.com,لم يُعثر على سعر محدد لعلامة Carl، والتقدير مبني على أسعار الميكرومترات الخارجية الميكانيكية متوسطة الجودة بنفس نطاق القياس.,True,False
6,119,99916,DIAL CALIPER,منقلة قياس (فرجار) بمؤشر عقارب (Dial Caliper) من كارل.,5.0,EA,190.0,950.0,CARL,GERMANY,180,منخفض,estimated from category benchmark (dial caliper market),https://saudi.microless.com/thermometers/,سعر تقديري لمنقلة قياس (فرجار) ميكانيكية بمؤشر عقارب بناءً على أسعار أدوات القياس الدقيقة المماثلة.,True,False
6,123,99900,cal.bent nose ةفوكعم ةدارز,زردية أنف معقوف (Bent Nose Pliers) مدرجة من كارل.,16.0,,55.0,880.0,CARL.,GERMANY,70,منخفض,estimated from category benchmark,https://saudi.microless.com/thermometers/,سعر تقديري لزردية أنف معقوف مدرجة من كارل بناءً على أسعار الزرديات الدقيقة المماثلة.,True,False
6,124,"1.1/4X1.3/8""",O/E WRENCH ىدلب حاتفم,مفتاح صدغي (بلدي) مقاس كبير 1.1/4×1.3/8 بوصة.,1.0,EA,210.0,210.0,CARL.S,GERMANY,70,منخفض,MDT Tools Dammam - Hand tools category,https://mdttools.com/product-category/hand-tools/impact-sockets/page/6/,مفتاح صدغي مقاس كبير جداً (1.1/4×1.3/8 بوصة) فسعره أعلى من المفاتيح المتوسطة.,True,False
6,125,1.1/2X1.5/16,"""O/E WRENCH ىدلب حاتقم",مفتاح صدغي (بلدي) مقاس كبير 1.1/2×1.5/16 بوصة.,1.0,EA,210.0,210.0,CARL.S,GERMANY,75,منخفض,MDT Tools Dammam - Hand tools category,https://mdttools.com/product-category/hand-tools/impact-sockets/page/6/,مفتاح صدغي مقاس كبير جداً (1.1/2×1.5/16 بوصة) فسعره أعلى من المفاتيح المتوسطة.,True,False
6,126,"13/16X7/8""",O/E WRENCHىدلب حاتفم,مفتاح بلدي مزدوج المقاس 13/16×7/8 إنش.,5.0,EA,35.0,175.0,CARL.S,GERMANY,30,منخفض,Amazon.sa - Open-End Wrenches,https://www.amazon.sa/-/en/b?ie=UTF8&node=16621003031,مفتاح بلدي بمقاسين إنشيين، سعر مقارب لمفاتيح البلدي المتوسطة الجودة.,True,False
6,127,"1X15/16""",ر COMB.WRENCH كتشم حاتفم,مفتاح كومبنيشن مقاس 1 × 15/16 بوصة.,35.0,EA,32.0,1120.0,CARL.S,GERMANY,90,متوسط,تقدير حسب فئة مفاتيح الكومبنيشن الكبيرة بالبوصة,https://www.amazon.sa/-/en/b?ie=UTF8&node=16621001031,مفتاح كومبنيشن كبير الحجم بمقاس بوصة أغلى من المفاتيح المترية القياسية.,True,False
6,129,CARL.,"RATCHET,1/4DR كيتامتا دي",مفتاح ترباس (راتشيت) مقاس 1/4 بوصة من كارل. اس اتش.,58.0,EA,30.0,1740.0,CARL.SH.,GERMANY,50,منخفض,تقدير حسب فئة المنتج,https://www.amazon.com/s?k=1/4+drive+ratchet+handle,مقابض الراتشيت الصغيرة مقاس 1/4 بوصة من علامات عامة الصنع اقتصادية السعر.,True,False
6,2512,67034,POSITEST-FM ةيوبلا ةكامس زاهج,جهاز قياس سماكة الطبقات الطلائية غير المغناطيسية على المعادن الحديدية.,1.0,EA,1595.0,1595.0,CHECKLIN,USA,1650,متوسط,Checkline.com official product page,https://www.checkline.com/product/Positest/PT-FM,جهاز PosiTest FM لقياس سماكة الطلاء المغناطيسي هو منتج معروف من DeFelsko/Checkline، وأسعاره في الأسواق العالمية تتراوح غالباً بين 400-500 دولار أمريكي حسب الملحقات.,True,False
6,2513,66142,POSITET -FM ةيوبلا ةكامس ساهج,جهاز ميكانيكي لقياس سماكة طبقة الطلاء على المعادن غير الحديدية.,1.0,EA,1595.0,1595.0,CHECKLIN,USA,1600,متوسط,GlobalTestSupply.com listing,https://www.globaltestsupply.com,وُجد سعر فعلي لجهاز DeFelsko PosiTest FM الميكانيكي لقياس سماكة الطلاء يتراوح بين 350-404 دولار أمريكي، وهو جهاز قياس دقيق مرتفع الثمن نسبياً.,True,False
6,2514,PT-F,POSITEST-F-66879 ةيوبلا ةكامس زاهج,جهاز إلكتروني لقياس سماكة طبقة الطلاء على المعادن الحديدية.,1.0,EA,1595.0,1595.0,CHECKLIN,USA,1700,متوسط,T-Equipment / ABQ Industrial category listings,https://www.tequipment.net/DeFelsko/PosiTest-FM/Coating-Thickness-Gauges/,جهاز مشابه من نفس عائلة PosiTest لقياس سماكة الطلاء على المعادن الحديدية، وتقدير السعر مبني على نطاق أسعار الفئة الإلكترونية الأعلى قليلاً من النسخة الميكانيكية.,True,False
6,2515,PT-FM,POSITEST-FM-66879 ةيوبلا ةكامس زاهج,جهاز قياس سماكة الطبقات الطلائية غير المغناطيسية على المعادن الحديدية.,1.0,EA,1595.0,1595.0,CHECKLIN,USA,1650,متوسط,Checkline.com official product page,https://www.checkline.com/product/Positest/PT-FM,جهاز PosiTest FM لقياس سماكة الطلاء المغناطيسي هو منتج معروف من DeFelsko/Checkline، وأسعاره في الأسواق العالمية تتراوح غالباً بين 400-500 دولار أمريكي حسب الملحقات.,True,False
6,2516,41398,PAINTCHECK ةيوبلا ةكامس زاهج,جهاز قياس سمك طبقة الطلاء (بوية) على الأسطح المعدنية.,1.0,EA,2300.0,2300.0,CHECKLIN,USA,220,متوسط,أسعار أجهزة قياس سمك الطلاء المغناطيسية على أمازون,https://www.amazon.com/coating-thickness-gauge/s?k=coating+thickness+gauge,جهاز قياس سمك طلاء مغناطيسي مشابه لأجهزة CHECKLIN، وأسعار هذه الفئة تتراوح بين 47-67 دولارًا أمريكيًا في الأسواق العالمية.,True,True
6,2517,41397,PAINTCHECK ةيوبلا ةكامس زاهج,جهاز قياس سمك طبقة الطلاء (بوية) على الأسطح المعدنية.,1.0,EA,2528.0,2528.0,CHECKLIN,USA,220,متوسط,أسعار أجهزة قياس سمك الطلاء المغناطيسية على أمازون,https://www.amazon.com/coating-thickness-gauge/s?k=coating+thickness+gauge,جهاز قياس سمك طلاء مغناطيسي مشابه لأجهزة CHECKLIN، وأسعار هذه الفئة تتراوح بين 47-67 دولارًا أمريكيًا في الأسواق العالمية.,True,True
6,2518,41395,PAINTCHECK ةيوبلا ةكامس زاهج,جهاز قياس سمك طبقة الطلاء (بوية) على الأسطح المعدنية.,1.0,EA,2528.0,2528.0,CHECKLIN,USA,220,متوسط,أسعار أجهزة قياس سمك الطلاء المغناطيسية على أمازون,https://www.amazon.com/coating-thickness-gauge/s?k=coating+thickness+gauge,جهاز قياس سمك طلاء مغناطيسي مشابه لأجهزة CHECKLIN، وأسعار هذه الفئة تتراوح بين 47-67 دولارًا أمريكيًا في الأسواق العالمية.,True,True
6,130,1.5T,"CHAIN BLOCK,2.5M عفر شنو",ونش سلسلة يدوي لرفع الأحمال بارتفاع رفع ٢.٥ متر.,7.0,EA,415.0,2905.0,CITY,JAPAN,450,منخفض,تقدير فئة ونش سلسلة يدوي حسب السعة,https://ksa.modern-eastern.com/lifting-equipment/chain-hoists.html,لا يوجد سعر مباشر لماركة City؛ الأسعار العامة لونش سلسلة يدوي بسعة مماثلة تتراوح بين ١٥٠-٣٠٠ دولار، قريبة من التكلفة الداخلية ٤١٥.,True,False
6,131,1T,"CHAIN BLOCK,2.5M عفر شنو",ونش سلسلة يدوي بسعة طن واحد.,20.0,EA,350.0,7000.0,CITY,JAPAN,380,منخفض,تقدير فئة ونش سلسلة 1 طن,https://ksa.modern-eastern.com/lifting-equipment/chain-hoists.html,لا يوجد سعر محدد للماركة؛ التقدير قريب من التكلفة الداخلية ٣٥٠ وفق أسعار السوق العامة لونش سلسلة بسعة طن واحد.,True,False
6,132,.5T,"CHAIN BLOCK,2.5M عفر شنو",ونش سلسلة يدوي بسعة نصف طن.,13.0,EA,320.0,4160.0,CITY,JAPAN,300,منخفض,تقدير فئة ونش سلسلة 0.5 طن,https://ksa.modern-eastern.com/lifting-equipment/chain-hoists.html,لا يوجد سعر محدد؛ التقدير قريب من التكلفة الداخلية ٣٢٠ لأصغر سعة في هذه المجموعة.,True,False
6,133,3T,"CHAIN BLOCK,3M عفر شنو",ونش سلسلة يدوي بسعة ٣ طن.,9.0,EA,660.0,5940.0,CITY,JAPAN,650,منخفض,تقدير فئة ونش سلسلة 3 طن,https://ksa.modern-eastern.com/lifting-equipment/chain-hoists.html,لا يوجد سعر محدد؛ التقدير متوافق مع التكلفة الداخلية ٦٦٠ لهذه السعة.,True,False
6,134,5T,"CHAIN BLOCK,3M عفر شنو",ونش سلسلة يدوي بسعة ٥ طن.,4.0,EA,1100.0,4400.0,CITY,JAPAN,1100,منخفض,تقدير فئة ونش سلسلة 5 طن,https://ksa.modern-eastern.com/lifting-equipment/chain-hoists.html,لا يوجد سعر محدد؛ التقدير مطابق تقريباً للتكلفة الداخلية ١١٠٠ لسعة ٥ طن من هذه الفئة.,True,False
6,135,10T,"CHAIN BLOCK,3M عفر شنو",ونش سلسلة يدوي ثقيل بسعة ١٠ طن.,2.0,EA,4370.0,8740.0,CITY,JAPAN,4200,منخفض,تقدير فئة ونش سلسلة 10 طن,https://ksa.modern-eastern.com/lifting-equipment/chain-hoists.html,موزع مماثل (Tractel 5 طن) يبيع بحوالي ٤٢٣٣ ريال، وسعة ١٠ طن أعلى تكلفة، فالرقم قريب من التكلفة الداخلية ٤٣٧٠.,True,False
6,136,IW-1101,"IMPACT WRENCH 1""ءاوهلا لىع حاتقم",مفتاح صواميل هوائي (ضاغط هواء) مقاس درفيل 1 إنش.,3.0,EA,1800.0,5400.0,CITY,JAPAN,1600,منخفض,Genius Tools USA (فئة مفاتيح هوائية 1 إنش),https://www.geniustoolsusa.com/pneumatic-tools/air-impact-wrenches/1-drive-2852.html,المفاتيح الهوائية الصناعية مقاس 1 إنش تتراوح بين ٨٠٠-١٢٥٠ دولاراً حسب الجودة؛ التقدير أقل من التكلفة الداخلية ١٨٠٠ لأن City علامة اقتصادية آسيوية.,True,False
6,137,IW-1202S,"IMPACT WRENCH 1/2"" ءاوهلا لىع جاتفم",مفتاح صواميل هوائي مقاس درفيل 1/2 إنش.,2.0,EA,550.0,1100.0,CITY,JAPAN,450,منخفض,فئة مفاتيح هوائية 1/2 إنش,https://www.geniustoolsusa.com/pneumatic-tools/air-impact-wrenches/1-drive-2852.html,مفاتيح الهواء نصف إنش الاقتصادية تتراوح بين ٨٠-١٥٠ دولاراً، أقل من التكلفة الداخلية ٥٥٠.,True,False
6,139,L10154,BACKSAW,منشار ظهر (باك سو) للأعمال الدقيقة من كوكاكو.,48.0,EA,40.0,1920.0,COCACO,GERMANY,55,منخفض,تقدير حسب فئة المنتج,https://www.amazon.com/s?k=backsaw,مناشير الظهر (باك سو) للأعمال الدقيقة اقتصادية السعر من علامات عامة الصنع.,True,False
6,142,L10154,BACK SAW راشنم,منشار ظهر يدوي (له حافة تقوية على الظهر) للقطع الدقيق.,50.0,,26.0,1300.0,COCACO,GERMANY,50,منخفض,تقدير عام لمناشير الظهر (باك سو) الاقتصادية,https://www.amazon.com,منشار ظهر يدوي بسيط من علامة غير معروفة عالمياً، والتقدير مبني على فئة المناشير الاقتصادية.,True,False
6,143,99913,16 INCH WOOD SAW بشخ راشنم,منشار خشب يدوي بطول 16 بوصة.,29.0,,30.0,870.0,COCACO,GERMANY,30,منخفض,تقدير عام لمناشير الخشب اليدوية,https://www.amazon.sa/-/en/b?ie=UTF8&node=16621040031,منشار خشب يدوي بطول 16 بوصة من ماركة غير معروفة محلياً فقُدّر وفق فئة الأدوات الاقتصادية.,True,False
7,144,99914,18 INCH WOOD SAW بشخ راشنم,منشار خشب يدوي بطول 16 بوصة.,13.0,,22.0,286.0,COCACO,GERMANY,30,منخفض,تقدير عام لمناشير الخشب اليدوية,https://www.amazon.sa/-/en/b?ie=UTF8&node=16621040031,منشار خشب يدوي بطول 16 بوصة من ماركة غير معروفة محلياً فقُدّر وفق فئة الأدوات الاقتصادية.,True,False
7,145,X-2480,"3/8DR,INCH",طقم بوكسات بعيار محرك 3/8 إنش بالمقاسات الإنشية.,16.0,SET,395.0,6320.0,COCACO,GERMANY,200,منخفض,تقدير فئوي لأطقم بوكسات 3/8 إنش بالإنش,https://www.amazon.com/,طقم بوكسات بعيار 3/8 إنش بالمقاسات الإنشية من علامة COCACO غير المعروفة عالميًا، وهو ضمن الفئة السعرية المتوسطة للأطقم الاقتصادية.,True,False
7,146,X-1410,"1/4DR,MM-4-14MM",طقم مقابس بمقاس دفع 1/4 بوصة ضمن مدى 4-14 ملم.,7.0,SET,390.0,2730.0,COCACO,GERMANY,100,منخفض,تقدير حسب فئة المنتج,https://www.noon.com/saudi-en/tools-and-home-improvement/power-and-hand-tools/,طقم مقابس صغير لقياس دفع 1/4 بوصة بمدى 4-14مم، ويقارب متوسط أسعار أطقم المقابس الصغيرة العامة.,True,False
7,147,400A,EARTH CLAMP 500A,مشبك تأريض (كماشة تأريض) لأجهزة اللحام بسعة تيار 150 أمبير.,31.0,EA,35.0,1085.0,COCACO,GERMANY,60,منخفض,تقدير حسب فئة المنتج (مشابك تأريض اللحام),https://www.noon.com/saudi-en/tools-and-home-improvement/power-and-hand-tools/,لم يتم العثور على قائمة محددة لهذا المنتج؛ السعر يعكس متوسط سعر مشابك التأريض اللحامية بسعة مشابهة في السوق الخليجي وهو أعلى قليلاً من الصفر المسجل داخلياً لدى بيلا.,True,False
7,148,250A,EARTH CLAMP 250A,مشبك تأريض (كماشة تأريض) لأجهزة اللحام بسعة تيار 150 أمبير.,37.0,EA,30.0,1110.0,COCACO,GERMANY,60,منخفض,تقدير حسب فئة المنتج (مشابك تأريض اللحام),https://www.noon.com/saudi-en/tools-and-home-improvement/power-and-hand-tools/,لم يتم العثور على قائمة محددة لهذا المنتج؛ السعر يعكس متوسط سعر مشابك التأريض اللحامية بسعة مشابهة في السوق الخليجي وهو أعلى قليلاً من الصفر المسجل داخلياً لدى بيلا.,True,False
7,149,300A,HOLDER,حامل أداة صغير (على الأرجح حامل مفك أو ريشة) يستخدم كملحق مساند.,6.0,EA,30.0,180.0,COCACO,GERMANY,30,منخفض,estimated from category benchmark,https://www.amazon.sa/-/en/DIY-Tools-Draper/s?rh=n:12463390031,لا توجد بيانات كافية عن هذا الموديل، والتقدير مبني على أسعار حوامل الأدوات الصغيرة المشابهة.,True,False
7,150,150A,HOLDER,حامل أداة صغير (على الأرجح حامل مفك أو ريشة) يستخدم كملحق مساند.,19.0,EA,30.0,570.0,COCACO,GERMANY,30,منخفض,estimated from category benchmark,https://www.amazon.sa/-/en/DIY-Tools-Draper/s?rh=n:12463390031,لا توجد بيانات كافية عن هذا الموديل، والتقدير مبني على أسعار حوامل الأدوات الصغيرة المشابهة.,True,False
7,151,150A,EARTH CLAMP 150A,مشبك تأريض (كماشة تأريض) لأجهزة اللحام بسعة تيار 150 أمبير.,42.0,EA,30.0,1260.0,COCACO,GERMANY,60,منخفض,تقدير حسب فئة المنتج (مشابك تأريض اللحام),https://www.noon.com/saudi-en/tools-and-home-improvement/power-and-hand-tools/,لم يتم العثور على قائمة محددة لهذا المنتج؛ السعر يعكس متوسط سعر مشابك التأريض اللحامية بسعة مشابهة في السوق الخليجي وهو أعلى قليلاً من الصفر المسجل داخلياً لدى بيلا.,True,False
7,152,150A,EARTH CLAMP,ملقط تأريض (إرث كلامب) للحام سعة 150 أمبير من كوكاكو.,57.0,EA,30.0,1710.0,COCACO,GERMANY,40,منخفض,تقدير حسب فئة المنتج,https://www.amazon.com/s?k=earth+clamp+150a+welding,ملاقط التأريض للحام سعة 150 أمبير من علامات عامة الصنع اقتصادية السعر.,True,False
7,153,18660016,SPARK PLUG,شمعة إشعال (بوجيه) للمحركات.,37.0,EA,40.0,1480.0,COCACO,GERMANY,25,منخفض,تقدير حسب فئة المنتج,https://www.noon.com/saudi-en/tools-and-home-improvement/power-and-hand-tools/,شمعة إشعال (بوجيه) عادية منخفضة التكلفة، والسعر يعكس متوسط أسعار شمعات الإشعال العامة في السوق.,True,False
7,154,18660021,SPARK PLUG,شمعة إشعال (بوجيه) للمحركات.,37.0,EA,40.0,1480.0,COCACO,GERMANY,25,منخفض,تقدير حسب فئة المنتج,https://www.noon.com/saudi-en/tools-and-home-improvement/power-and-hand-tools/,شمعة إشعال (بوجيه) عادية منخفضة التكلفة، والسعر يعكس متوسط أسعار شمعات الإشعال العامة في السوق.,True,False
7,155,19301 0035,"PLASTIC HAMMEER-YELLOW,35MM",مطرقة رأسها بلاستيكي أصفر مقاس 35 ملم.,51.0,EA,35.0,1785.0,COCACO,GERMANY,50,منخفض,تقدير حسب فئة المنتج,https://www.noon.com/saudi-en/tools-and-home-improvement/power-and-hand-tools/,مطرقة بلاستيكية (نايلون) صغيرة مقاس 35 ملم، وهي أداة يدوية بسيطة منخفضة التكلفة.,True,False
7,156,19301 0022,"PLASTIC HAMMEER-YELLOW,22MM",مطرقة رأسها بلاستيكي أصفر مقاس 35 ملم.,28.0,EA,25.0,700.0,COCACO,GERMANY,50,منخفض,تقدير حسب فئة المنتج,https://www.noon.com/saudi-en/tools-and-home-improvement/power-and-hand-tools/,مطرقة بلاستيكية (نايلون) صغيرة مقاس 35 ملم، وهي أداة يدوية بسيطة منخفضة التكلفة.,True,False
7,157,L11803 0010,"10MM,CHUCK+KEY حاتفم عم فرظ",فرظ (تشك) دريل مقاس 10مم مع مفتاحه من ماركة COCACO.,4.0,EA,18.0,72.0,COCACO,GERMANY,50,منخفض,estimated from category benchmark,https://www.amazon.sa/-/en/b?ie=UTF8&node=16620999031,سعر تقديري لفرظ دريل مع مفتاحه بالاستناد إلى معيار أسعار قطع غيار الدريل العامة.,True,False
7,158,L11803 0016,"16MM,CHUCK مم16 ليرد فرظ",ظرف (فك) مثقاب كهربائي بمقاس تحمل حتى 16 مم.,8.0,EA,35.0,280.0,COCACO,GERMANY,35,منخفض,Amazon.sa - Drill Chucks category,https://www.amazon.sa/-/en/b?ie=UTF8&node=85450293031,ظرف مثقاب مقاس 16مم يقارب أسعار ظروف الحفر البديلة المتوفرة في السوق السعودي.,True,False
7,159,L11803 0010,CHUCK 10MM مم10 ليرد فرظ,ظرف (فك) مثقاب كهربائي بمقاس تحمل حتى 10 مم.,14.0,EA,18.0,252.0,COCACO,GERMANY,30,منخفض,Amazon.sa - Drill Chucks category,https://www.amazon.sa/-/en/b?ie=UTF8&node=85450293031,ظرف مثقاب مقاس 10مم أصغر من مقاس 16مم فسعره أقل قليلاً.,True,False
7,160,L11803 0013,"13MM,CHUCK مم13 ليد فرظ",ظرف (فرظ) تثبيت ريش الحفر لآلة الدريل بمقاس 13 مليمتر.,24.0,EA,25.0,600.0,COCACO,GERMANY,55,متوسط,estimated from category benchmark (drill chucks),https://www.amazon.com/s?k=13mm+drill+chuck,فرظ (ظرف) دريل بمقاس 13مم من كوكاكو ضمن نطاق أسعار ظروف الدريل المتوسطة الحجم.,True,False
7,161,COCACO,NEST WOOD SAW راشنم مقط,طقم منشار خشب يدوي صغير.,5.0,SET,35.0,175.0,COCACO,GERMANY,40,منخفض,estimated from category benchmark,https://www.amazon.sa/-/en/b?ie=UTF8&node=16620567031,طقم منشار خشب صغير، سعر تقديري لأدوات النجارة اليدوية الأساسية.,True,False
7,162,09-400,ر CHISEL /PUNCH SET تلاترش مقط,طقم إزاميل وسنابك (بنش) عام الصنع من كوكاكو.,31.0,SET,70.0,2170.0,COCACO,GERMANY,80,منخفض,تقدير حسب فئة المنتج,https://www.amazon.com/s?k=chisel+punch+set,أطقم الأزاميل والسنابك من علامات تجارية عامة الصنع كوكاكو تباع بأسعار اقتصادية في هذا النطاق.,True,False
7,163,100W,SOLDERING IRON 100W-WOOD HANDLEةيواك,كاوية لحام كهربائية 150 واط بمقبض خشبي من كوكاكو.,3.0,EA,80.0,240.0,COCACO,GERMANY,40,منخفض,تقدير حسب فئة المنتج,https://www.amazon.com/s?k=soldering+iron+150w,كاويات اللحام البسيطة بقدرة 150 واط ومقبض خشبي منتج اقتصادي شائع، ويمثل عائلة من 3 مقاسات.,True,False
7,164,40W,SOLDERING IRON 40W-WOOD HANDLEةيواك,كاوية لحام كهربائية 150 واط بمقبض خشبي من كوكاكو.,9.0,EA,70.0,630.0,COCACO,GERMANY,40,منخفض,تقدير حسب فئة المنتج,https://www.amazon.com/s?k=soldering+iron+150w,كاويات اللحام البسيطة بقدرة 150 واط ومقبض خشبي منتج اقتصادي شائع، ويمثل عائلة من 3 مقاسات.,True,False
7,165,200W,SOLDERING IRON 200W-WOOD HANDLE ةيواك,مكواة لحام كهربائية بقدرة 200 وات بمقبض خشبي.,4.0,EA,110.0,440.0,COCACO,GERMANY,35,متوسط,تقدير عام لمكاوي اللحام اليدوية 200 وات,https://www.amazon.com/s?k=soldering+iron+200w,مكواة لحام كهربائية بسيطة بقدرة 200 وات ومقبض خشبي ضمن الأدوات الكهربائية الرخيصة.,True,False
7,166,150W,SOLDERING IRON 150W-WOOD HANDLEةيواك,كاوية لحام كهربائية 150 واط بمقبض خشبي من كوكاكو.,11.0,EA,96.0,1056.0,COCACO,GERMANY,40,منخفض,تقدير حسب فئة المنتج,https://www.amazon.com/s?k=soldering+iron+150w,كاويات اللحام البسيطة بقدرة 150 واط ومقبض خشبي منتج اقتصادي شائع، ويمثل عائلة من 3 مقاسات.,True,False
7,170,17052.221,SEAL PULLER فوص ةنيجرز,أداة سحب حلقات الزيت (السيلات) في محركات السيارات.,12.0,EA,390.0,4680.0,COCACO,GERMANY,150,منخفض,تقدير استناداً لفئة أدوات سحب سيلات الزيت,https://www.amazon.com/s?k=oil+seal+puller,لا يوجد سعر مباشر للعلامة التجارية؛ التقدير مبني على أدوات سحب سيلات الزيت المماثلة في السوق والتي تتراوح بين 30-50 دولاراً.,True,False
7,171,15063 2100,ر 100Mسايق طيسر,شريط قياس (روليت) طويل بطول 50 مترًا.,6.0,EA,390.0,2340.0,COCACO,GERMANY,90,منخفض,تقدير فئوي لأشرطة قياس طويلة 50 متر,https://www.amazon.com/,شريط قياس طويل بطول 50 مترًا، وهذه الأشرطة الطويلة أغلى من الأشرطة القصيرة العادية بسبب طولها وآلية اللف فيها.,True,False
7,172,15051 2050,ر 20Mسايق طيسر,شريط قياس (روليت) طويل بطول 50 مترًا.,10.0,EA,125.0,1250.0,COCACO,GERMANY,90,منخفض,تقدير فئوي لأشرطة قياس طويلة 50 متر,https://www.amazon.com/,شريط قياس طويل بطول 50 مترًا، وهذه الأشرطة الطويلة أغلى من الأشرطة القصيرة العادية بسبب طولها وآلية اللف فيها.,True,False
7,173,15053 2050,ر 50Mسايق طيسر,شريط قياس (روليت) طويل بطول 50 مترًا.,31.0,EA,170.0,5270.0,COCACO,GERMANY,90,منخفض,تقدير فئوي لأشرطة قياس طويلة 50 متر,https://www.amazon.com/,شريط قياس طويل بطول 50 مترًا، وهذه الأشرطة الطويلة أغلى من الأشرطة القصيرة العادية بسبب طولها وآلية اللف فيها.,True,False
7,174,15051 2030,ر 30Mسايق طيسر,شريط قياس (روليت) طويل بطول 50 مترًا.,11.0,EA,110.0,1210.0,COCACO,GERMANY,90,منخفض,تقدير فئوي لأشرطة قياس طويلة 50 متر,https://www.amazon.com/,شريط قياس طويل بطول 50 مترًا، وهذه الأشرطة الطويلة أغلى من الأشرطة القصيرة العادية بسبب طولها وآلية اللف فيها.,True,False
7,175,15051 2050,ر 20Mسايق طيسر,شريط قياس (روليت) طويل بطول 50 مترًا.,13.0,EA,125.0,1625.0,COCACO,GERMANY,90,منخفض,تقدير فئوي لأشرطة قياس طويلة 50 متر,https://www.amazon.com/,شريط قياس طويل بطول 50 مترًا، وهذه الأشرطة الطويلة أغلى من الأشرطة القصيرة العادية بسبب طولها وآلية اللف فيها.,True,False
7,176,15051 2050,ر 20M سايق طيسر,شريط قياس (متر بكرة) طويل بطول 20 متراً.,5.0,EA,125.0,625.0,COCACO,GERMANY,120,منخفض,تقدير حسب فئة المنتج,https://www.noon.com/saudi-en/tools-and-home-improvement/power-and-hand-tools/,شريط قياس (بكرة) طويل بطول 20 متراً، وتُباع أشرطة المساحة الطويلة المماثلة في السوق ضمن نطاق سعري متوسط.,True,False
8,177,15078 2100,ر 100M-IBM سايق طيسر,شريط قياس (بكرة) بطول 100 متر.,12.0,EA,380.0,4560.0,COCACO,GERMANY,280,منخفض,تقدير استناداً لفئة أشرطة القياس الطويلة,https://www.amazon.com/s?k=100m+measuring+tape+reel,لا يوجد سعر مباشر للعلامة التجارية؛ التقدير مبني على أشرطة القياس الطويلة (100م) المماثلة في السوق التي تتراوح بين 60-100 دولار.,True,False
8,178,15051 1030,ر 30M سايق طيسر,شريط قياس (متر بكرة) طويل بطول 20 متراً.,11.0,EA,95.0,1045.0,COCACO,GERMANY,120,منخفض,تقدير حسب فئة المنتج,https://www.noon.com/saudi-en/tools-and-home-improvement/power-and-hand-tools/,شريط قياس (بكرة) طويل بطول 20 متراً، وتُباع أشرطة المساحة الطويلة المماثلة في السوق ضمن نطاق سعري متوسط.,True,False
8,179,15051 2050,ر 20M سايق طيسر,شريط قياس (متر بكرة) طويل بطول 20 متراً.,12.0,EA,125.0,1500.0,COCACO,GERMANY,120,منخفض,تقدير حسب فئة المنتج,https://www.noon.com/saudi-en/tools-and-home-improvement/power-and-hand-tools/,شريط قياس (بكرة) طويل بطول 20 متراً، وتُباع أشرطة المساحة الطويلة المماثلة في السوق ضمن نطاق سعري متوسط.,True,False
8,180,14627 0015,SCRAPER 3SQ ةثلثم ةطشقم,مكشطة يدوية بشكل مثلث تستخدم لإزالة الطلاء أو الصدأ من الأسطح.,12.0,EA,55.0,660.0,COCACO,GERMANY,40,منخفض,تقدير حسب فئة المنتج,https://www.noon.com/saudi-en/tools-and-home-improvement/power-and-hand-tools/,مكشطة مثلثة الشكل هي أداة يدوية بسيطة منخفضة التكلفة، والسعر يعكس متوسط أدوات الكشط اليدوية العامة في السوق.,True,False
8,181,14626 0015,CURVED SCRAPER ةرعقم ةطشقم,مكشطة يدوية ذات نصل منحني (مقعر) لكشط الأسطح المنحنية.,11.0,EA,55.0,605.0,COCACO,GERMANY,45,منخفض,estimated from category benchmark (curved scrapers),https://www.amazon.com/s?k=curved+hand+scraper,مكشطة منحنية (مقعرة) من كوكاكو ضمن نطاق أسعار المكاشط اليدوية البسيطة.,True,False
8,182,14627 0300,SCRAPER 3SQ ةثلثم ةطشقم,مكشطة يدوية بشكل مثلث تستخدم لإزالة الطلاء أو الصدأ من الأسطح.,40.0,EA,65.0,2600.0,COCACO,GERMANY,40,منخفض,تقدير حسب فئة المنتج,https://www.noon.com/saudi-en/tools-and-home-improvement/power-and-hand-tools/,مكشطة مثلثة الشكل هي أداة يدوية بسيطة منخفضة التكلفة، والسعر يعكس متوسط أدوات الكشط اليدوية العامة في السوق.,True,False
8,185,9MM,HOLLOW PUNCH تكساك شيوخت كبنس,مثقب مجوف (سنبك) لعمل فتحات دائرية في الجلد أو الفلنشات بمقاس 47 مم، وهو أحد مقاسات عائلة كبيرة من المنتج.,130.0,EA,15.0,1950.0,COCACO,GERMANY,45,منخفض,تقدير فئوي من أسعار أطقم مثاقب مجوفة للجلد/الفلنشات,https://www.amazon.com/Hollow-Punch-Set/s?k=Hollow+Punch+Set,لم يتم العثور على سعر محدد لعلامة COCACO، والتقدير مبني على أسعار المثاقب المجوفة المشابهة مع مراعاة أن مقاس 47 مم أكبر من المقاسات الاستهلاكية الشائعة رخيصة الثمن.,True,False
8,186,42MM,HOLLOW PUNCH تكساك شيوخت كبنس,مثقب مجوف (سنبك) لعمل فتحات دائرية في الجلد أو الفلنشات بمقاس 47 مم، وهو أحد مقاسات عائلة كبيرة من المنتج.,26.0,EA,135.0,3510.0,COCACO,GERMANY,45,منخفض,تقدير فئوي من أسعار أطقم مثاقب مجوفة للجلد/الفلنشات,https://www.amazon.com/Hollow-Punch-Set/s?k=Hollow+Punch+Set,لم يتم العثور على سعر محدد لعلامة COCACO، والتقدير مبني على أسعار المثاقب المجوفة المشابهة مع مراعاة أن مقاس 47 مم أكبر من المقاسات الاستهلاكية الشائعة رخيصة الثمن.,True,False
8,187,40MM,HOLLOW PUNCH تكساك شيوخت كبنس,مثقب مجوف (سنبك) لعمل فتحات دائرية في الجلد أو الفلنشات بمقاس 47 مم، وهو أحد مقاسات عائلة كبيرة من المنتج.,18.0,EA,135.0,2430.0,COCACO,GERMANY,45,منخفض,تقدير فئوي من أسعار أطقم مثاقب مجوفة للجلد/الفلنشات,https://www.amazon.com/Hollow-Punch-Set/s?k=Hollow+Punch+Set,لم يتم العثور على سعر محدد لعلامة COCACO، والتقدير مبني على أسعار المثاقب المجوفة المشابهة مع مراعاة أن مقاس 47 مم أكبر من المقاسات الاستهلاكية الشائعة رخيصة الثمن.,True,False
8,188,38MM,HOLLOW PUNCH تكساك شيوخت كبنس,مثقب مجوف (سنبك) لعمل فتحات دائرية في الجلد أو الفلنشات بمقاس 47 مم، وهو أحد مقاسات عائلة كبيرة من المنتج.,20.0,EA,120.0,2400.0,COCACO,GERMANY,45,منخفض,تقدير فئوي من أسعار أطقم مثاقب مجوفة للجلد/الفلنشات,https://www.amazon.com/Hollow-Punch-Set/s?k=Hollow+Punch+Set,لم يتم العثور على سعر محدد لعلامة COCACO، والتقدير مبني على أسعار المثاقب المجوفة المشابهة مع مراعاة أن مقاس 47 مم أكبر من المقاسات الاستهلاكية الشائعة رخيصة الثمن.,True,False
8,189,44MM,HOLLOW PUNCH تكساك شيوخت كبنس,مثقب مجوف (سنبك) لعمل فتحات دائرية في الجلد أو الفلنشات بمقاس 47 مم، وهو أحد مقاسات عائلة كبيرة من المنتج.,16.0,EA,155.0,2480.0,COCACO,GERMANY,45,منخفض,تقدير فئوي من أسعار أطقم مثاقب مجوفة للجلد/الفلنشات,https://www.amazon.com/Hollow-Punch-Set/s?k=Hollow+Punch+Set,لم يتم العثور على سعر محدد لعلامة COCACO، والتقدير مبني على أسعار المثاقب المجوفة المشابهة مع مراعاة أن مقاس 47 مم أكبر من المقاسات الاستهلاكية الشائعة رخيصة الثمن.,True,False
8,190,43MM,HOLLOW PUNCH تكساك شيوخت كبنس,مثقب مجوف (سنبك) لعمل فتحات دائرية في الجلد أو الفلنشات بمقاس 47 مم، وهو أحد مقاسات عائلة كبيرة من المنتج.,10.0,EA,145.0,1450.0,COCACO,GERMANY,45,منخفض,تقدير فئوي من أسعار أطقم مثاقب مجوفة للجلد/الفلنشات,https://www.amazon.com/Hollow-Punch-Set/s?k=Hollow+Punch+Set,لم يتم العثور على سعر محدد لعلامة COCACO، والتقدير مبني على أسعار المثاقب المجوفة المشابهة مع مراعاة أن مقاس 47 مم أكبر من المقاسات الاستهلاكية الشائعة رخيصة الثمن.,True,False
8,191,50MM,HOLLOW PUNCH تكساك شيوخت كبنس,مثقب مجوف (سنبك) لعمل فتحات دائرية في الجلد أو الفلنشات بمقاس 47 مم، وهو أحد مقاسات عائلة كبيرة من المنتج.,5.0,EA,220.0,1100.0,COCACO,GERMANY,45,منخفض,تقدير فئوي من أسعار أطقم مثاقب مجوفة للجلد/الفلنشات,https://www.amazon.com/Hollow-Punch-Set/s?k=Hollow+Punch+Set,لم يتم العثور على سعر محدد لعلامة COCACO، والتقدير مبني على أسعار المثاقب المجوفة المشابهة مع مراعاة أن مقاس 47 مم أكبر من المقاسات الاستهلاكية الشائعة رخيصة الثمن.,True,False
8,192,12MM,HOLLOW PUNCH تكساك شيوخت كبنس,مثقب مجوف (سنبك) لعمل فتحات دائرية في الجلد أو الفلنشات بمقاس 47 مم، وهو أحد مقاسات عائلة كبيرة من المنتج.,100.0,EA,20.0,2000.0,COCACO,GERMANY,45,منخفض,تقدير فئوي من أسعار أطقم مثاقب مجوفة للجلد/الفلنشات,https://www.amazon.com/Hollow-Punch-Set/s?k=Hollow+Punch+Set,لم يتم العثور على سعر محدد لعلامة COCACO، والتقدير مبني على أسعار المثاقب المجوفة المشابهة مع مراعاة أن مقاس 47 مم أكبر من المقاسات الاستهلاكية الشائعة رخيصة الثمن.,True,False
8,193,13MM,HOLLOW PUNCH تكساك شيوخت كبنس,مثقب مجوف (سنبك) لعمل فتحات دائرية في الجلد أو الفلنشات بمقاس 47 مم، وهو أحد مقاسات عائلة كبيرة من المنتج.,80.0,EA,20.0,1600.0,COCACO,GERMANY,45,منخفض,تقدير فئوي من أسعار أطقم مثاقب مجوفة للجلد/الفلنشات,https://www.amazon.com/Hollow-Punch-Set/s?k=Hollow+Punch+Set,لم يتم العثور على سعر محدد لعلامة COCACO، والتقدير مبني على أسعار المثاقب المجوفة المشابهة مع مراعاة أن مقاس 47 مم أكبر من المقاسات الاستهلاكية الشائعة رخيصة الثمن.,True,False
8,194,11MM,HOLLOW PUNCH تكساك شيوخت كبنس,مثقب مجوف (سنبك) لعمل فتحات دائرية في الجلد أو الفلنشات بمقاس 47 مم، وهو أحد مقاسات عائلة كبيرة من المنتج.,30.0,EA,18.0,540.0,COCACO,GERMANY,45,منخفض,تقدير فئوي من أسعار أطقم مثاقب مجوفة للجلد/الفلنشات,https://www.amazon.com/Hollow-Punch-Set/s?k=Hollow+Punch+Set,لم يتم العثور على سعر محدد لعلامة COCACO، والتقدير مبني على أسعار المثاقب المجوفة المشابهة مع مراعاة أن مقاس 47 مم أكبر من المقاسات الاستهلاكية الشائعة رخيصة الثمن.,True,False
8,195,8MM,HOLLOW PUNCH تكساك شيوخت كبنس,مثقب مجوف (سنبك) لعمل فتحات دائرية في الجلد أو الفلنشات بمقاس 47 مم، وهو أحد مقاسات عائلة كبيرة من المنتج.,30.0,EA,15.0,450.0,COCACO,GERMANY,45,منخفض,تقدير فئوي من أسعار أطقم مثاقب مجوفة للجلد/الفلنشات,https://www.amazon.com/Hollow-Punch-Set/s?k=Hollow+Punch+Set,لم يتم العثور على سعر محدد لعلامة COCACO، والتقدير مبني على أسعار المثاقب المجوفة المشابهة مع مراعاة أن مقاس 47 مم أكبر من المقاسات الاستهلاكية الشائعة رخيصة الثمن.,True,False
8,196,7MM,HOLLOW PUNCH تكساك شيوخت كبنس,مثقب مجوف (سنبك) لعمل فتحات دائرية في الجلد أو الفلنشات بمقاس 47 مم، وهو أحد مقاسات عائلة كبيرة من المنتج.,30.0,EA,15.0,450.0,COCACO,GERMANY,45,منخفض,تقدير فئوي من أسعار أطقم مثاقب مجوفة للجلد/الفلنشات,https://www.amazon.com/Hollow-Punch-Set/s?k=Hollow+Punch+Set,لم يتم العثور على سعر محدد لعلامة COCACO، والتقدير مبني على أسعار المثاقب المجوفة المشابهة مع مراعاة أن مقاس 47 مم أكبر من المقاسات الاستهلاكية الشائعة رخيصة الثمن.,True,False
8,197,10MM,HOLLOW PUNCH تكساك شيوخت كبنس,مثقب مجوف (سنبك) لعمل فتحات دائرية في الجلد أو الفلنشات بمقاس 47 مم، وهو أحد مقاسات عائلة كبيرة من المنتج.,70.0,EA,15.0,1050.0,COCACO,GERMANY,45,منخفض,تقدير فئوي من أسعار أطقم مثاقب مجوفة للجلد/الفلنشات,https://www.amazon.com/Hollow-Punch-Set/s?k=Hollow+Punch+Set,لم يتم العثور على سعر محدد لعلامة COCACO، والتقدير مبني على أسعار المثاقب المجوفة المشابهة مع مراعاة أن مقاس 47 مم أكبر من المقاسات الاستهلاكية الشائعة رخيصة الثمن.,True,False
8,198,14MM,HOLLOW PUNCH تكساك شيوخت كبنس,مثقب مجوف (سنبك) لعمل فتحات دائرية في الجلد أو الفلنشات بمقاس 47 مم، وهو أحد مقاسات عائلة كبيرة من المنتج.,1.0,EA,20.0,20.0,COCACO,GERMANY,45,منخفض,تقدير فئوي من أسعار أطقم مثاقب مجوفة للجلد/الفلنشات,https://www.amazon.com/Hollow-Punch-Set/s?k=Hollow+Punch+Set,لم يتم العثور على سعر محدد لعلامة COCACO، والتقدير مبني على أسعار المثاقب المجوفة المشابهة مع مراعاة أن مقاس 47 مم أكبر من المقاسات الاستهلاكية الشائعة رخيصة الثمن.,True,False
8,199,45MM,HOLLOW PUNCH تكساك شيوخت كبنس,مثقب مجوف (سنبك) لعمل فتحات دائرية في الجلد أو الفلنشات بمقاس 47 مم، وهو أحد مقاسات عائلة كبيرة من المنتج.,7.0,EA,160.0,1120.0,COCACO,GERMANY,45,منخفض,تقدير فئوي من أسعار أطقم مثاقب مجوفة للجلد/الفلنشات,https://www.amazon.com/Hollow-Punch-Set/s?k=Hollow+Punch+Set,لم يتم العثور على سعر محدد لعلامة COCACO، والتقدير مبني على أسعار المثاقب المجوفة المشابهة مع مراعاة أن مقاس 47 مم أكبر من المقاسات الاستهلاكية الشائعة رخيصة الثمن.,True,False
8,200,17MM,HOLLOW PUNCH تكساك شيوخت كبنس,مثقب مجوف (سنبك) لعمل فتحات دائرية في الجلد أو الفلنشات بمقاس 47 مم، وهو أحد مقاسات عائلة كبيرة من المنتج.,4.0,EA,23.0,92.0,COCACO,GERMANY,45,منخفض,تقدير فئوي من أسعار أطقم مثاقب مجوفة للجلد/الفلنشات,https://www.amazon.com/Hollow-Punch-Set/s?k=Hollow+Punch+Set,لم يتم العثور على سعر محدد لعلامة COCACO، والتقدير مبني على أسعار المثاقب المجوفة المشابهة مع مراعاة أن مقاس 47 مم أكبر من المقاسات الاستهلاكية الشائعة رخيصة الثمن.,True,False
8,201,37MM,HOLLOW PUNCH تكساك شيوخت كبنس,مثقب مجوف (سنبك) لعمل فتحات دائرية في الجلد أو الفلنشات بمقاس 47 مم، وهو أحد مقاسات عائلة كبيرة من المنتج.,2.0,EA,110.0,220.0,COCACO,GERMANY,45,منخفض,تقدير فئوي من أسعار أطقم مثاقب مجوفة للجلد/الفلنشات,https://www.amazon.com/Hollow-Punch-Set/s?k=Hollow+Punch+Set,لم يتم العثور على سعر محدد لعلامة COCACO، والتقدير مبني على أسعار المثاقب المجوفة المشابهة مع مراعاة أن مقاس 47 مم أكبر من المقاسات الاستهلاكية الشائعة رخيصة الثمن.,True,False
8,202,48MM,HOLLOW PUNCH تكساك شيوخت كبنس,مثقب مجوف (سنبك) لعمل فتحات دائرية في الجلد أو الفلنشات بمقاس 47 مم، وهو أحد مقاسات عائلة كبيرة من المنتج.,6.0,EA,185.0,1110.0,COCACO,GERMANY,45,منخفض,تقدير فئوي من أسعار أطقم مثاقب مجوفة للجلد/الفلنشات,https://www.amazon.com/Hollow-Punch-Set/s?k=Hollow+Punch+Set,لم يتم العثور على سعر محدد لعلامة COCACO، والتقدير مبني على أسعار المثاقب المجوفة المشابهة مع مراعاة أن مقاس 47 مم أكبر من المقاسات الاستهلاكية الشائعة رخيصة الثمن.,True,False
8,203,49MM,HOLLOW PUNCH تكساك شيوخت كبنس,مثقب مجوف (سنبك) لعمل فتحات دائرية في الجلد أو الفلنشات بمقاس 47 مم، وهو أحد مقاسات عائلة كبيرة من المنتج.,2.0,EA,210.0,420.0,COCACO,GERMANY,45,منخفض,تقدير فئوي من أسعار أطقم مثاقب مجوفة للجلد/الفلنشات,https://www.amazon.com/Hollow-Punch-Set/s?k=Hollow+Punch+Set,لم يتم العثور على سعر محدد لعلامة COCACO، والتقدير مبني على أسعار المثاقب المجوفة المشابهة مع مراعاة أن مقاس 47 مم أكبر من المقاسات الاستهلاكية الشائعة رخيصة الثمن.,True,False
8,204,9MM,HOLLOW PUNCH تكساك شيوخت كبنس,مثقب مجوف (سنبك) لعمل فتحات دائرية في الجلد أو الفلنشات بمقاس 47 مم، وهو أحد مقاسات عائلة كبيرة من المنتج.,30.0,EA,15.0,450.0,COCACO,GERMANY,45,منخفض,تقدير فئوي من أسعار أطقم مثاقب مجوفة للجلد/الفلنشات,https://www.amazon.com/Hollow-Punch-Set/s?k=Hollow+Punch+Set,لم يتم العثور على سعر محدد لعلامة COCACO، والتقدير مبني على أسعار المثاقب المجوفة المشابهة مع مراعاة أن مقاس 47 مم أكبر من المقاسات الاستهلاكية الشائعة رخيصة الثمن.,True,False
8,205,47MM,HOLLOW PUNCH تكساك شيوخت كبنس,مثقب مجوف (سنبك) لعمل فتحات دائرية في الجلد أو الفلنشات بمقاس 47 مم، وهو أحد مقاسات عائلة كبيرة من المنتج.,31.0,EA,180.0,5580.0,COCACO,GERMANY,45,منخفض,تقدير فئوي من أسعار أطقم مثاقب مجوفة للجلد/الفلنشات,https://www.amazon.com/Hollow-Punch-Set/s?k=Hollow+Punch+Set,لم يتم العثور على سعر محدد لعلامة COCACO، والتقدير مبني على أسعار المثاقب المجوفة المشابهة مع مراعاة أن مقاس 47 مم أكبر من المقاسات الاستهلاكية الشائعة رخيصة الثمن.,True,False
8,206,15MM,HOLLOW PUNCH تكساك شيوخت كبنس,مثقب مجوف (سنبك) لعمل فتحات دائرية في الجلد أو الفلنشات بمقاس 47 مم، وهو أحد مقاسات عائلة كبيرة من المنتج.,50.0,EA,20.0,1000.0,COCACO,GERMANY,45,منخفض,تقدير فئوي من أسعار أطقم مثاقب مجوفة للجلد/الفلنشات,https://www.amazon.com/Hollow-Punch-Set/s?k=Hollow+Punch+Set,لم يتم العثور على سعر محدد لعلامة COCACO، والتقدير مبني على أسعار المثاقب المجوفة المشابهة مع مراعاة أن مقاس 47 مم أكبر من المقاسات الاستهلاكية الشائعة رخيصة الثمن.,True,False
8,207,16MM,HOLLOW PUNCH تكساك شيوخت كبنس,مثقب مجوف (سنبك) لعمل فتحات دائرية في الجلد أو الفلنشات بمقاس 47 مم، وهو أحد مقاسات عائلة كبيرة من المنتج.,50.0,EA,21.0,1050.0,COCACO,GERMANY,45,منخفض,تقدير فئوي من أسعار أطقم مثاقب مجوفة للجلد/الفلنشات,https://www.amazon.com/Hollow-Punch-Set/s?k=Hollow+Punch+Set,لم يتم العثور على سعر محدد لعلامة COCACO، والتقدير مبني على أسعار المثاقب المجوفة المشابهة مع مراعاة أن مقاس 47 مم أكبر من المقاسات الاستهلاكية الشائعة رخيصة الثمن.,True,False
8,208,13MM,HOLLOW PUNCH تكساك شيوخت كبنس,مثقب مجوف (سنبك) لعمل فتحات دائرية في الجلد أو الفلنشات بمقاس 47 مم، وهو أحد مقاسات عائلة كبيرة من المنتج.,20.0,EA,16.0,320.0,COCACO,GERMANY,45,منخفض,تقدير فئوي من أسعار أطقم مثاقب مجوفة للجلد/الفلنشات,https://www.amazon.com/Hollow-Punch-Set/s?k=Hollow+Punch+Set,لم يتم العثور على سعر محدد لعلامة COCACO، والتقدير مبني على أسعار المثاقب المجوفة المشابهة مع مراعاة أن مقاس 47 مم أكبر من المقاسات الاستهلاكية الشائعة رخيصة الثمن.,True,False
8,209,29MM,HOLLOW PUNCH تكساك شيوخت كبنس,مثقب مجوف (سنبك) لعمل فتحات دائرية في الجلد أو الفلنشات بمقاس 47 مم، وهو أحد مقاسات عائلة كبيرة من المنتج.,30.0,EA,75.0,2250.0,COCACO,GERMANY,45,منخفض,تقدير فئوي من أسعار أطقم مثاقب مجوفة للجلد/الفلنشات,https://www.amazon.com/Hollow-Punch-Set/s?k=Hollow+Punch+Set,لم يتم العثور على سعر محدد لعلامة COCACO، والتقدير مبني على أسعار المثاقب المجوفة المشابهة مع مراعاة أن مقاس 47 مم أكبر من المقاسات الاستهلاكية الشائعة رخيصة الثمن.,True,False
9,210,44MM,HOLLOW PUNCH تكساك شيوخت كبنس,مثقب مجوف (سنبك) لعمل فتحات دائرية في الجلد أو الفلنشات بمقاس 47 مم، وهو أحد مقاسات عائلة كبيرة من المنتج.,22.0,EA,155.0,3410.0,COCACO,GERMANY,45,منخفض,تقدير فئوي من أسعار أطقم مثاقب مجوفة للجلد/الفلنشات,https://www.amazon.com/Hollow-Punch-Set/s?k=Hollow+Punch+Set,لم يتم العثور على سعر محدد لعلامة COCACO، والتقدير مبني على أسعار المثاقب المجوفة المشابهة مع مراعاة أن مقاس 47 مم أكبر من المقاسات الاستهلاكية الشائعة رخيصة الثمن.,True,False
9,211,40MM,HOLLOW PUNCH تكساك شيوخت كبنس,مثقب مجوف (سنبك) لعمل فتحات دائرية في الجلد أو الفلنشات بمقاس 47 مم، وهو أحد مقاسات عائلة كبيرة من المنتج.,2.0,EA,135.0,270.0,COCACO,GERMANY,45,منخفض,تقدير فئوي من أسعار أطقم مثاقب مجوفة للجلد/الفلنشات,https://www.amazon.com/Hollow-Punch-Set/s?k=Hollow+Punch+Set,لم يتم العثور على سعر محدد لعلامة COCACO، والتقدير مبني على أسعار المثاقب المجوفة المشابهة مع مراعاة أن مقاس 47 مم أكبر من المقاسات الاستهلاكية الشائعة رخيصة الثمن.,True,False
9,212,46MM,HOLLOW PUNCH تكساك شيوخت كبنس,مثقب مجوف (سنبك) لعمل فتحات دائرية في الجلد أو الفلنشات بمقاس 47 مم، وهو أحد مقاسات عائلة كبيرة من المنتج.,4.0,EA,170.0,680.0,COCACO,GERMANY,45,منخفض,تقدير فئوي من أسعار أطقم مثاقب مجوفة للجلد/الفلنشات,https://www.amazon.com/Hollow-Punch-Set/s?k=Hollow+Punch+Set,لم يتم العثور على سعر محدد لعلامة COCACO، والتقدير مبني على أسعار المثاقب المجوفة المشابهة مع مراعاة أن مقاس 47 مم أكبر من المقاسات الاستهلاكية الشائعة رخيصة الثمن.,True,False
9,213,47MM,HOLLOW PUNCH تكساك شيوخت كبنس,مثقب مجوف (سنبك) لعمل فتحات دائرية في الجلد أو الفلنشات بمقاس 47 مم، وهو أحد مقاسات عائلة كبيرة من المنتج.,54.0,EA,185.0,9990.0,COCACO,GERMANY,45,منخفض,تقدير فئوي من أسعار أطقم مثاقب مجوفة للجلد/الفلنشات,https://www.amazon.com/Hollow-Punch-Set/s?k=Hollow+Punch+Set,لم يتم العثور على سعر محدد لعلامة COCACO، والتقدير مبني على أسعار المثاقب المجوفة المشابهة مع مراعاة أن مقاس 47 مم أكبر من المقاسات الاستهلاكية الشائعة رخيصة الثمن.,True,False
9,214,47MM,HOLLOW PUNCH تكساك شيوخت كبنس,مثقب مجوف (سنبك) لعمل فتحات دائرية في الجلد أو الفلنشات بمقاس 47 مم، وهو أحد مقاسات عائلة كبيرة من المنتج.,1.0,EA,185.0,185.0,COCACO,GERMANY,45,منخفض,تقدير فئوي من أسعار أطقم مثاقب مجوفة للجلد/الفلنشات,https://www.amazon.com/Hollow-Punch-Set/s?k=Hollow+Punch+Set,لم يتم العثور على سعر محدد لعلامة COCACO، والتقدير مبني على أسعار المثاقب المجوفة المشابهة مع مراعاة أن مقاس 47 مم أكبر من المقاسات الاستهلاكية الشائعة رخيصة الثمن.,True,False
9,215,39MM,HOLLOW PUNCH تكساك شيوخت كبنس,مثقب مجوف (سنبك) لعمل فتحات دائرية في الجلد أو الفلنشات بمقاس 47 مم، وهو أحد مقاسات عائلة كبيرة من المنتج.,1.0,EA,125.0,125.0,COCACO,GERMANY,45,منخفض,تقدير فئوي من أسعار أطقم مثاقب مجوفة للجلد/الفلنشات,https://www.amazon.com/Hollow-Punch-Set/s?k=Hollow+Punch+Set,لم يتم العثور على سعر محدد لعلامة COCACO، والتقدير مبني على أسعار المثاقب المجوفة المشابهة مع مراعاة أن مقاس 47 مم أكبر من المقاسات الاستهلاكية الشائعة رخيصة الثمن.,True,False
9,216,42MM,HOLLOW PUNCH تكساك شيوخت كبنس,مثقب مجوف (سنبك) لعمل فتحات دائرية في الجلد أو الفلنشات بمقاس 47 مم، وهو أحد مقاسات عائلة كبيرة من المنتج.,2.0,EA,135.0,270.0,COCACO,GERMANY,45,منخفض,تقدير فئوي من أسعار أطقم مثاقب مجوفة للجلد/الفلنشات,https://www.amazon.com/Hollow-Punch-Set/s?k=Hollow+Punch+Set,لم يتم العثور على سعر محدد لعلامة COCACO، والتقدير مبني على أسعار المثاقب المجوفة المشابهة مع مراعاة أن مقاس 47 مم أكبر من المقاسات الاستهلاكية الشائعة رخيصة الثمن.,True,False
9,217,29MM,HOLLOW PUNCH تكساك شيوخت كبنس,مثقب مجوف (سنبك) لعمل فتحات دائرية في الجلد أو الفلنشات بمقاس 47 مم، وهو أحد مقاسات عائلة كبيرة من المنتج.,10.0,EA,75.0,750.0,COCACO,GERMANY,45,منخفض,تقدير فئوي من أسعار أطقم مثاقب مجوفة للجلد/الفلنشات,https://www.amazon.com/Hollow-Punch-Set/s?k=Hollow+Punch+Set,لم يتم العثور على سعر محدد لعلامة COCACO، والتقدير مبني على أسعار المثاقب المجوفة المشابهة مع مراعاة أن مقاس 47 مم أكبر من المقاسات الاستهلاكية الشائعة رخيصة الثمن.,True,False
9,218,50MM,HOLLOW PUNCH تكساك شيوخت كبنس,مثقب مجوف (سنبك) لعمل فتحات دائرية في الجلد أو الفلنشات بمقاس 47 مم، وهو أحد مقاسات عائلة كبيرة من المنتج.,13.0,EA,220.0,2860.0,COCACO,GERMANY,45,منخفض,تقدير فئوي من أسعار أطقم مثاقب مجوفة للجلد/الفلنشات,https://www.amazon.com/Hollow-Punch-Set/s?k=Hollow+Punch+Set,لم يتم العثور على سعر محدد لعلامة COCACO، والتقدير مبني على أسعار المثاقب المجوفة المشابهة مع مراعاة أن مقاس 47 مم أكبر من المقاسات الاستهلاكية الشائعة رخيصة الثمن.,True,False
9,219,48MM,HOLLOW PUNCH تكساك شيوخت كبنس,مثقب مجوف (سنبك) لعمل فتحات دائرية في الجلد أو الفلنشات بمقاس 47 مم، وهو أحد مقاسات عائلة كبيرة من المنتج.,24.0,EA,210.0,5040.0,COCACO,GERMANY,45,منخفض,تقدير فئوي من أسعار أطقم مثاقب مجوفة للجلد/الفلنشات,https://www.amazon.com/Hollow-Punch-Set/s?k=Hollow+Punch+Set,لم يتم العثور على سعر محدد لعلامة COCACO، والتقدير مبني على أسعار المثاقب المجوفة المشابهة مع مراعاة أن مقاس 47 مم أكبر من المقاسات الاستهلاكية الشائعة رخيصة الثمن.,True,False
9,220,49MM,HOLLOW PUNCH تكساك شيوخت كبنس,مثقب مجوف (سنبك) لعمل فتحات دائرية في الجلد أو الفلنشات بمقاس 47 مم، وهو أحد مقاسات عائلة كبيرة من المنتج.,2.0,EA,210.0,420.0,COCACO,GERMANY,45,منخفض,تقدير فئوي من أسعار أطقم مثاقب مجوفة للجلد/الفلنشات,https://www.amazon.com/Hollow-Punch-Set/s?k=Hollow+Punch+Set,لم يتم العثور على سعر محدد لعلامة COCACO، والتقدير مبني على أسعار المثاقب المجوفة المشابهة مع مراعاة أن مقاس 47 مم أكبر من المقاسات الاستهلاكية الشائعة رخيصة الثمن.,True,False
9,221,50MM,HOLLOW PUNCH تكساك شيوخت كبنس,مثقب مجوف (سنبك) لعمل فتحات دائرية في الجلد أو الفلنشات بمقاس 47 مم، وهو أحد مقاسات عائلة كبيرة من المنتج.,1.0,EA,220.0,220.0,COCACO,GERMANY,45,منخفض,تقدير فئوي من أسعار أطقم مثاقب مجوفة للجلد/الفلنشات,https://www.amazon.com/Hollow-Punch-Set/s?k=Hollow+Punch+Set,لم يتم العثور على سعر محدد لعلامة COCACO، والتقدير مبني على أسعار المثاقب المجوفة المشابهة مع مراعاة أن مقاس 47 مم أكبر من المقاسات الاستهلاكية الشائعة رخيصة الثمن.,True,False
9,222,47MM,HOLLOW PUNCH تكساك شيوخت كبنس,مثقب مجوف (سنبك) لعمل فتحات دائرية في الجلد أو الفلنشات بمقاس 47 مم، وهو أحد مقاسات عائلة كبيرة من المنتج.,3.0,EA,185.0,555.0,COCACO,GERMANY,45,منخفض,تقدير فئوي من أسعار أطقم مثاقب مجوفة للجلد/الفلنشات,https://www.amazon.com/Hollow-Punch-Set/s?k=Hollow+Punch+Set,لم يتم العثور على سعر محدد لعلامة COCACO، والتقدير مبني على أسعار المثاقب المجوفة المشابهة مع مراعاة أن مقاس 47 مم أكبر من المقاسات الاستهلاكية الشائعة رخيصة الثمن.,True,False
9,223,45MM,HOLLOW PUNCH تكساك شيوخت كبنس,مثقب مجوف (سنبك) لعمل فتحات دائرية في الجلد أو الفلنشات بمقاس 47 مم، وهو أحد مقاسات عائلة كبيرة من المنتج.,16.0,EA,160.0,2560.0,COCACO,GERMANY,45,منخفض,تقدير فئوي من أسعار أطقم مثاقب مجوفة للجلد/الفلنشات,https://www.amazon.com/Hollow-Punch-Set/s?k=Hollow+Punch+Set,لم يتم العثور على سعر محدد لعلامة COCACO، والتقدير مبني على أسعار المثاقب المجوفة المشابهة مع مراعاة أن مقاس 47 مم أكبر من المقاسات الاستهلاكية الشائعة رخيصة الثمن.,True,False
9,224,44MM,HOLLOW PUNCH تكساك شيوخت كبنس,مثقب مجوف (سنبك) لعمل فتحات دائرية في الجلد أو الفلنشات بمقاس 47 مم، وهو أحد مقاسات عائلة كبيرة من المنتج.,5.0,EA,155.0,775.0,COCACO,GERMANY,45,منخفض,تقدير فئوي من أسعار أطقم مثاقب مجوفة للجلد/الفلنشات,https://www.amazon.com/Hollow-Punch-Set/s?k=Hollow+Punch+Set,لم يتم العثور على سعر محدد لعلامة COCACO، والتقدير مبني على أسعار المثاقب المجوفة المشابهة مع مراعاة أن مقاس 47 مم أكبر من المقاسات الاستهلاكية الشائعة رخيصة الثمن.,True,False
9,225,41MM,HOLLOW PUNCH تكساك شيوخت كبنس,مثقب مجوف (سنبك) لعمل فتحات دائرية في الجلد أو الفلنشات بمقاس 47 مم، وهو أحد مقاسات عائلة كبيرة من المنتج.,1.0,EA,138.0,138.0,COCACO,GERMANY,45,منخفض,تقدير فئوي من أسعار أطقم مثاقب مجوفة للجلد/الفلنشات,https://www.amazon.com/Hollow-Punch-Set/s?k=Hollow+Punch+Set,لم يتم العثور على سعر محدد لعلامة COCACO، والتقدير مبني على أسعار المثاقب المجوفة المشابهة مع مراعاة أن مقاس 47 مم أكبر من المقاسات الاستهلاكية الشائعة رخيصة الثمن.,True,False
9,226,6MM,HOLLOW PUNCH تكساك شيوخت كبنس,مثقب مجوف (سنبك) لعمل فتحات دائرية في الجلد أو الفلنشات بمقاس 47 مم، وهو أحد مقاسات عائلة كبيرة من المنتج.,80.0,EA,12.0,960.0,COCACO,GERMANY,45,منخفض,تقدير فئوي من أسعار أطقم مثاقب مجوفة للجلد/الفلنشات,https://www.amazon.com/Hollow-Punch-Set/s?k=Hollow+Punch+Set,لم يتم العثور على سعر محدد لعلامة COCACO، والتقدير مبني على أسعار المثاقب المجوفة المشابهة مع مراعاة أن مقاس 47 مم أكبر من المقاسات الاستهلاكية الشائعة رخيصة الثمن.,True,False
9,227,7MM,HOLLOW PUNCH تكساك شيوخت كبنس,مثقب مجوف (سنبك) لعمل فتحات دائرية في الجلد أو الفلنشات بمقاس 47 مم، وهو أحد مقاسات عائلة كبيرة من المنتج.,10.0,EA,12.0,120.0,COCACO,GERMANY,45,منخفض,تقدير فئوي من أسعار أطقم مثاقب مجوفة للجلد/الفلنشات,https://www.amazon.com/Hollow-Punch-Set/s?k=Hollow+Punch+Set,لم يتم العثور على سعر محدد لعلامة COCACO، والتقدير مبني على أسعار المثاقب المجوفة المشابهة مع مراعاة أن مقاس 47 مم أكبر من المقاسات الاستهلاكية الشائعة رخيصة الثمن.,True,False
9,228,9MM,HOLLOW PUNCH تكساك شيوخت كبنس,مثقب مجوف (سنبك) لعمل فتحات دائرية في الجلد أو الفلنشات بمقاس 47 مم، وهو أحد مقاسات عائلة كبيرة من المنتج.,10.0,EA,15.0,150.0,COCACO,GERMANY,45,منخفض,تقدير فئوي من أسعار أطقم مثاقب مجوفة للجلد/الفلنشات,https://www.amazon.com/Hollow-Punch-Set/s?k=Hollow+Punch+Set,لم يتم العثور على سعر محدد لعلامة COCACO، والتقدير مبني على أسعار المثاقب المجوفة المشابهة مع مراعاة أن مقاس 47 مم أكبر من المقاسات الاستهلاكية الشائعة رخيصة الثمن.,True,False
9,229,15MM,HOLLOW PUNCH تكساك شيوخت كبنس,مثقب مجوف (سنبك) لعمل فتحات دائرية في الجلد أو الفلنشات بمقاس 47 مم، وهو أحد مقاسات عائلة كبيرة من المنتج.,2.0,EA,22.0,44.0,COCACO,GERMANY,45,منخفض,تقدير فئوي من أسعار أطقم مثاقب مجوفة للجلد/الفلنشات,https://www.amazon.com/Hollow-Punch-Set/s?k=Hollow+Punch+Set,لم يتم العثور على سعر محدد لعلامة COCACO، والتقدير مبني على أسعار المثاقب المجوفة المشابهة مع مراعاة أن مقاس 47 مم أكبر من المقاسات الاستهلاكية الشائعة رخيصة الثمن.,True,False
9,230,36MM,HOLLOW PUNCH تكساك شيوخت كبنس,مثقب مجوف (سنبك) لعمل فتحات دائرية في الجلد أو الفلنشات بمقاس 47 مم، وهو أحد مقاسات عائلة كبيرة من المنتج.,2.0,EA,105.0,210.0,COCACO,GERMANY,45,منخفض,تقدير فئوي من أسعار أطقم مثاقب مجوفة للجلد/الفلنشات,https://www.amazon.com/Hollow-Punch-Set/s?k=Hollow+Punch+Set,لم يتم العثور على سعر محدد لعلامة COCACO، والتقدير مبني على أسعار المثاقب المجوفة المشابهة مع مراعاة أن مقاس 47 مم أكبر من المقاسات الاستهلاكية الشائعة رخيصة الثمن.,True,False
9,231,32MM,HOLLOW PUNCH تكساك شيوخت كبنس,مثقب مجوف (سنبك) لعمل فتحات دائرية في الجلد أو الفلنشات بمقاس 47 مم، وهو أحد مقاسات عائلة كبيرة من المنتج.,4.0,EA,82.0,328.0,COCACO,GERMANY,45,منخفض,تقدير فئوي من أسعار أطقم مثاقب مجوفة للجلد/الفلنشات,https://www.amazon.com/Hollow-Punch-Set/s?k=Hollow+Punch+Set,لم يتم العثور على سعر محدد لعلامة COCACO، والتقدير مبني على أسعار المثاقب المجوفة المشابهة مع مراعاة أن مقاس 47 مم أكبر من المقاسات الاستهلاكية الشائعة رخيصة الثمن.,True,False
9,232,39MM,HOLLOW PUNCH تكساك شيوخت كبنس,مثقب مجوف (سنبك) لعمل فتحات دائرية في الجلد أو الفلنشات بمقاس 47 مم، وهو أحد مقاسات عائلة كبيرة من المنتج.,3.0,EA,125.0,375.0,COCACO,GERMANY,45,منخفض,تقدير فئوي من أسعار أطقم مثاقب مجوفة للجلد/الفلنشات,https://www.amazon.com/Hollow-Punch-Set/s?k=Hollow+Punch+Set,لم يتم العثور على سعر محدد لعلامة COCACO، والتقدير مبني على أسعار المثاقب المجوفة المشابهة مع مراعاة أن مقاس 47 مم أكبر من المقاسات الاستهلاكية الشائعة رخيصة الثمن.,True,False
9,233,45MM,HOLLOW PUNCH تكساك شيوخت كبنس,مثقب مجوف (سنبك) لعمل فتحات دائرية في الجلد أو الفلنشات بمقاس 47 مم، وهو أحد مقاسات عائلة كبيرة من المنتج.,2.0,EA,160.0,320.0,COCACO,GERMANY,45,منخفض,تقدير فئوي من أسعار أطقم مثاقب مجوفة للجلد/الفلنشات,https://www.amazon.com/Hollow-Punch-Set/s?k=Hollow+Punch+Set,لم يتم العثور على سعر محدد لعلامة COCACO، والتقدير مبني على أسعار المثاقب المجوفة المشابهة مع مراعاة أن مقاس 47 مم أكبر من المقاسات الاستهلاكية الشائعة رخيصة الثمن.,True,False
9,234,6MM,HOLLOW PUNCH تكساك شيوخت كبنس,مثقب مجوف (سنبك) لعمل فتحات دائرية في الجلد أو الفلنشات بمقاس 47 مم، وهو أحد مقاسات عائلة كبيرة من المنتج.,10.0,EA,14.0,140.0,COCACO,GERMANY,45,منخفض,تقدير فئوي من أسعار أطقم مثاقب مجوفة للجلد/الفلنشات,https://www.amazon.com/Hollow-Punch-Set/s?k=Hollow+Punch+Set,لم يتم العثور على سعر محدد لعلامة COCACO، والتقدير مبني على أسعار المثاقب المجوفة المشابهة مع مراعاة أن مقاس 47 مم أكبر من المقاسات الاستهلاكية الشائعة رخيصة الثمن.,True,False
9,235,3MM,HOLLOW PUNCH تكساك شيوخت كبنس,مثقب مجوف (سنبك) لعمل فتحات دائرية في الجلد أو الفلنشات بمقاس 47 مم، وهو أحد مقاسات عائلة كبيرة من المنتج.,50.0,EA,14.0,700.0,COCACO,GERMANY,45,منخفض,تقدير فئوي من أسعار أطقم مثاقب مجوفة للجلد/الفلنشات,https://www.amazon.com/Hollow-Punch-Set/s?k=Hollow+Punch+Set,لم يتم العثور على سعر محدد لعلامة COCACO، والتقدير مبني على أسعار المثاقب المجوفة المشابهة مع مراعاة أن مقاس 47 مم أكبر من المقاسات الاستهلاكية الشائعة رخيصة الثمن.,True,False
9,236,4MM,HOLLOW PUNCH تكساك شيوخت كبنس,مثقب مجوف (سنبك) لعمل فتحات دائرية في الجلد أو الفلنشات بمقاس 47 مم، وهو أحد مقاسات عائلة كبيرة من المنتج.,20.0,EA,14.0,280.0,COCACO,GERMANY,45,منخفض,تقدير فئوي من أسعار أطقم مثاقب مجوفة للجلد/الفلنشات,https://www.amazon.com/Hollow-Punch-Set/s?k=Hollow+Punch+Set,لم يتم العثور على سعر محدد لعلامة COCACO، والتقدير مبني على أسعار المثاقب المجوفة المشابهة مع مراعاة أن مقاس 47 مم أكبر من المقاسات الاستهلاكية الشائعة رخيصة الثمن.,True,False
9,237,10MM,HOLLOW PUNCH تكساك شيوخت كبنس,مثقب مجوف (سنبك) لعمل فتحات دائرية في الجلد أو الفلنشات بمقاس 47 مم، وهو أحد مقاسات عائلة كبيرة من المنتج.,40.0,EA,16.0,640.0,COCACO,GERMANY,45,منخفض,تقدير فئوي من أسعار أطقم مثاقب مجوفة للجلد/الفلنشات,https://www.amazon.com/Hollow-Punch-Set/s?k=Hollow+Punch+Set,لم يتم العثور على سعر محدد لعلامة COCACO، والتقدير مبني على أسعار المثاقب المجوفة المشابهة مع مراعاة أن مقاس 47 مم أكبر من المقاسات الاستهلاكية الشائعة رخيصة الثمن.,True,False
9,238,46MM,HOLLOW PUNCH تكساك شيوخت كبنس,مثقب مجوف (سنبك) لعمل فتحات دائرية في الجلد أو الفلنشات بمقاس 47 مم، وهو أحد مقاسات عائلة كبيرة من المنتج.,2.0,EA,170.0,340.0,COCACO,GERMANY,45,منخفض,تقدير فئوي من أسعار أطقم مثاقب مجوفة للجلد/الفلنشات,https://www.amazon.com/Hollow-Punch-Set/s?k=Hollow+Punch+Set,لم يتم العثور على سعر محدد لعلامة COCACO، والتقدير مبني على أسعار المثاقب المجوفة المشابهة مع مراعاة أن مقاس 47 مم أكبر من المقاسات الاستهلاكية الشائعة رخيصة الثمن.,True,False
9,239,47MM,HOLLOW PUNCH تكساك شيوخت كبنس,مثقب مجوف (سنبك) لعمل فتحات دائرية في الجلد أو الفلنشات بمقاس 47 مم، وهو أحد مقاسات عائلة كبيرة من المنتج.,11.0,EA,185.0,2035.0,COCACO,GERMANY,45,منخفض,تقدير فئوي من أسعار أطقم مثاقب مجوفة للجلد/الفلنشات,https://www.amazon.com/Hollow-Punch-Set/s?k=Hollow+Punch+Set,لم يتم العثور على سعر محدد لعلامة COCACO، والتقدير مبني على أسعار المثاقب المجوفة المشابهة مع مراعاة أن مقاس 47 مم أكبر من المقاسات الاستهلاكية الشائعة رخيصة الثمن.,True,False
9,240,43MM,HOLLOW PUNCH تكساك شيوخت كبنس,مثقب مجوف (سنبك) لعمل فتحات دائرية في الجلد أو الفلنشات بمقاس 47 مم، وهو أحد مقاسات عائلة كبيرة من المنتج.,20.0,EA,140.0,2800.0,COCACO,GERMANY,45,منخفض,تقدير فئوي من أسعار أطقم مثاقب مجوفة للجلد/الفلنشات,https://www.amazon.com/Hollow-Punch-Set/s?k=Hollow+Punch+Set,لم يتم العثور على سعر محدد لعلامة COCACO، والتقدير مبني على أسعار المثاقب المجوفة المشابهة مع مراعاة أن مقاس 47 مم أكبر من المقاسات الاستهلاكية الشائعة رخيصة الثمن.,True,False
9,241,46MM,HOLLOW PUNCH تكساك شيوخت كبنس,مثقب مجوف (سنبك) لعمل فتحات دائرية في الجلد أو الفلنشات بمقاس 47 مم، وهو أحد مقاسات عائلة كبيرة من المنتج.,20.0,EA,170.0,3400.0,COCACO,GERMANY,45,منخفض,تقدير فئوي من أسعار أطقم مثاقب مجوفة للجلد/الفلنشات,https://www.amazon.com/Hollow-Punch-Set/s?k=Hollow+Punch+Set,لم يتم العثور على سعر محدد لعلامة COCACO، والتقدير مبني على أسعار المثاقب المجوفة المشابهة مع مراعاة أن مقاس 47 مم أكبر من المقاسات الاستهلاكية الشائعة رخيصة الثمن.,True,False
9,242,43MM,HOLLOW PUNCH تكساك شيوخت كبنس,مثقب مجوف (سنبك) لعمل فتحات دائرية في الجلد أو الفلنشات بمقاس 47 مم، وهو أحد مقاسات عائلة كبيرة من المنتج.,20.0,EA,140.0,2800.0,COCACO,GERMANY,45,منخفض,تقدير فئوي من أسعار أطقم مثاقب مجوفة للجلد/الفلنشات,https://www.amazon.com/Hollow-Punch-Set/s?k=Hollow+Punch+Set,لم يتم العثور على سعر محدد لعلامة COCACO، والتقدير مبني على أسعار المثاقب المجوفة المشابهة مع مراعاة أن مقاس 47 مم أكبر من المقاسات الاستهلاكية الشائعة رخيصة الثمن.,True,False
10,243,49MM,HOLLOW PUNCH تكساك شيوخت كبنس,مثقب مجوف (سنبك) لعمل فتحات دائرية في الجلد أو الفلنشات بمقاس 47 مم، وهو أحد مقاسات عائلة كبيرة من المنتج.,3.0,EA,185.0,555.0,COCACO,GERMANY,45,منخفض,تقدير فئوي من أسعار أطقم مثاقب مجوفة للجلد/الفلنشات,https://www.amazon.com/Hollow-Punch-Set/s?k=Hollow+Punch+Set,لم يتم العثور على سعر محدد لعلامة COCACO، والتقدير مبني على أسعار المثاقب المجوفة المشابهة مع مراعاة أن مقاس 47 مم أكبر من المقاسات الاستهلاكية الشائعة رخيصة الثمن.,True,False
10,244,41MM,HOLLOW PUNCH تكساك شيوخت كبنس,مثقب مجوف (سنبك) لعمل فتحات دائرية في الجلد أو الفلنشات بمقاس 47 مم، وهو أحد مقاسات عائلة كبيرة من المنتج.,8.0,EA,135.0,1080.0,COCACO,GERMANY,45,منخفض,تقدير فئوي من أسعار أطقم مثاقب مجوفة للجلد/الفلنشات,https://www.amazon.com/Hollow-Punch-Set/s?k=Hollow+Punch+Set,لم يتم العثور على سعر محدد لعلامة COCACO، والتقدير مبني على أسعار المثاقب المجوفة المشابهة مع مراعاة أن مقاس 47 مم أكبر من المقاسات الاستهلاكية الشائعة رخيصة الثمن.,True,False
10,245,39MM,HOLLOW PUNCH تكساك شيوخت كبنس,مثقب مجوف (سنبك) لعمل فتحات دائرية في الجلد أو الفلنشات بمقاس 47 مم، وهو أحد مقاسات عائلة كبيرة من المنتج.,1.0,EA,125.0,125.0,COCACO,GERMANY,45,منخفض,تقدير فئوي من أسعار أطقم مثاقب مجوفة للجلد/الفلنشات,https://www.amazon.com/Hollow-Punch-Set/s?k=Hollow+Punch+Set,لم يتم العثور على سعر محدد لعلامة COCACO، والتقدير مبني على أسعار المثاقب المجوفة المشابهة مع مراعاة أن مقاس 47 مم أكبر من المقاسات الاستهلاكية الشائعة رخيصة الثمن.,True,False
10,246,44MM,HOLLOW PUNCH تكساك شيوخت كبنس,مثقب مجوف (سنبك) لعمل فتحات دائرية في الجلد أو الفلنشات بمقاس 47 مم، وهو أحد مقاسات عائلة كبيرة من المنتج.,4.0,EA,155.0,620.0,COCACO,GERMANY,45,منخفض,تقدير فئوي من أسعار أطقم مثاقب مجوفة للجلد/الفلنشات,https://www.amazon.com/Hollow-Punch-Set/s?k=Hollow+Punch+Set,لم يتم العثور على سعر محدد لعلامة COCACO، والتقدير مبني على أسعار المثاقب المجوفة المشابهة مع مراعاة أن مقاس 47 مم أكبر من المقاسات الاستهلاكية الشائعة رخيصة الثمن.,True,False
10,247,45MM,HOLLOW PUNCH تكساك شيوخت كبنس,مثقب مجوف (سنبك) لعمل فتحات دائرية في الجلد أو الفلنشات بمقاس 47 مم، وهو أحد مقاسات عائلة كبيرة من المنتج.,4.0,EA,160.0,640.0,COCACO,GERMANY,45,منخفض,تقدير فئوي من أسعار أطقم مثاقب مجوفة للجلد/الفلنشات,https://www.amazon.com/Hollow-Punch-Set/s?k=Hollow+Punch+Set,لم يتم العثور على سعر محدد لعلامة COCACO، والتقدير مبني على أسعار المثاقب المجوفة المشابهة مع مراعاة أن مقاس 47 مم أكبر من المقاسات الاستهلاكية الشائعة رخيصة الثمن.,True,False
10,248,39MM,HOLLOW PUNCH تكساك شيوخت كبنس,مثقب مجوف (سنبك) لعمل فتحات دائرية في الجلد أو الفلنشات بمقاس 47 مم، وهو أحد مقاسات عائلة كبيرة من المنتج.,19.0,EA,125.0,2375.0,COCACO,GERMANY,45,منخفض,تقدير فئوي من أسعار أطقم مثاقب مجوفة للجلد/الفلنشات,https://www.amazon.com/Hollow-Punch-Set/s?k=Hollow+Punch+Set,لم يتم العثور على سعر محدد لعلامة COCACO، والتقدير مبني على أسعار المثاقب المجوفة المشابهة مع مراعاة أن مقاس 47 مم أكبر من المقاسات الاستهلاكية الشائعة رخيصة الثمن.,True,False
10,249,17MM,HOLLOW PUNCH تكساك شيوخت كبنس,مثقب مجوف (سنبك) لعمل فتحات دائرية في الجلد أو الفلنشات بمقاس 47 مم، وهو أحد مقاسات عائلة كبيرة من المنتج.,27.0,EA,22.0,594.0,COCACO,GERMANY,45,منخفض,تقدير فئوي من أسعار أطقم مثاقب مجوفة للجلد/الفلنشات,https://www.amazon.com/Hollow-Punch-Set/s?k=Hollow+Punch+Set,لم يتم العثور على سعر محدد لعلامة COCACO، والتقدير مبني على أسعار المثاقب المجوفة المشابهة مع مراعاة أن مقاس 47 مم أكبر من المقاسات الاستهلاكية الشائعة رخيصة الثمن.,True,False
10,250,11MM,HOLLOW PUNCH تكساك شيوخت كبنس,مثقب مجوف (سنبك) لعمل فتحات دائرية في الجلد أو الفلنشات بمقاس 47 مم، وهو أحد مقاسات عائلة كبيرة من المنتج.,8.0,EA,16.0,128.0,COCACO,GERMANY,45,منخفض,تقدير فئوي من أسعار أطقم مثاقب مجوفة للجلد/الفلنشات,https://www.amazon.com/Hollow-Punch-Set/s?k=Hollow+Punch+Set,لم يتم العثور على سعر محدد لعلامة COCACO، والتقدير مبني على أسعار المثاقب المجوفة المشابهة مع مراعاة أن مقاس 47 مم أكبر من المقاسات الاستهلاكية الشائعة رخيصة الثمن.,True,False
10,251,40MM,HOLLOW PUNCH تكساك شيوخت كبنس,مثقب مجوف (سنبك) لعمل فتحات دائرية في الجلد أو الفلنشات بمقاس 47 مم، وهو أحد مقاسات عائلة كبيرة من المنتج.,14.0,EA,135.0,1890.0,COCACO,GERMANY,45,منخفض,تقدير فئوي من أسعار أطقم مثاقب مجوفة للجلد/الفلنشات,https://www.amazon.com/Hollow-Punch-Set/s?k=Hollow+Punch+Set,لم يتم العثور على سعر محدد لعلامة COCACO، والتقدير مبني على أسعار المثاقب المجوفة المشابهة مع مراعاة أن مقاس 47 مم أكبر من المقاسات الاستهلاكية الشائعة رخيصة الثمن.,True,False
10,252,37MM,HOLLOW PUNCH تكساك شيوخت كبنس,مثقب مجوف (سنبك) لعمل فتحات دائرية في الجلد أو الفلنشات بمقاس 47 مم، وهو أحد مقاسات عائلة كبيرة من المنتج.,1.0,EA,110.0,110.0,COCACO,GERMANY,45,منخفض,تقدير فئوي من أسعار أطقم مثاقب مجوفة للجلد/الفلنشات,https://www.amazon.com/Hollow-Punch-Set/s?k=Hollow+Punch+Set,لم يتم العثور على سعر محدد لعلامة COCACO، والتقدير مبني على أسعار المثاقب المجوفة المشابهة مع مراعاة أن مقاس 47 مم أكبر من المقاسات الاستهلاكية الشائعة رخيصة الثمن.,True,False
10,253,21MM,HOLLOW PUNCH تكساك شيوخت كبنس,مثقب مجوف (سنبك) لعمل فتحات دائرية في الجلد أو الفلنشات بمقاس 47 مم، وهو أحد مقاسات عائلة كبيرة من المنتج.,3.0,EA,40.0,120.0,COCACO,GERMANY,45,منخفض,تقدير فئوي من أسعار أطقم مثاقب مجوفة للجلد/الفلنشات,https://www.amazon.com/Hollow-Punch-Set/s?k=Hollow+Punch+Set,لم يتم العثور على سعر محدد لعلامة COCACO، والتقدير مبني على أسعار المثاقب المجوفة المشابهة مع مراعاة أن مقاس 47 مم أكبر من المقاسات الاستهلاكية الشائعة رخيصة الثمن.,True,False
10,254,15MM,HOLLOW PUNCH تكساك شيوخت كبنس,مثقب مجوف (سنبك) لعمل فتحات دائرية في الجلد أو الفلنشات بمقاس 47 مم، وهو أحد مقاسات عائلة كبيرة من المنتج.,24.0,EA,21.0,504.0,COCACO,GERMANY,45,منخفض,تقدير فئوي من أسعار أطقم مثاقب مجوفة للجلد/الفلنشات,https://www.amazon.com/Hollow-Punch-Set/s?k=Hollow+Punch+Set,لم يتم العثور على سعر محدد لعلامة COCACO، والتقدير مبني على أسعار المثاقب المجوفة المشابهة مع مراعاة أن مقاس 47 مم أكبر من المقاسات الاستهلاكية الشائعة رخيصة الثمن.,True,False
10,255,46MM,HOLLOW PUNCH تكساك شيوخت كبنس,مثقب مجوف (سنبك) لعمل فتحات دائرية في الجلد أو الفلنشات بمقاس 47 مم، وهو أحد مقاسات عائلة كبيرة من المنتج.,14.0,EA,170.0,2380.0,COCACO,GERMANY,45,منخفض,تقدير فئوي من أسعار أطقم مثاقب مجوفة للجلد/الفلنشات,https://www.amazon.com/Hollow-Punch-Set/s?k=Hollow+Punch+Set,لم يتم العثور على سعر محدد لعلامة COCACO، والتقدير مبني على أسعار المثاقب المجوفة المشابهة مع مراعاة أن مقاس 47 مم أكبر من المقاسات الاستهلاكية الشائعة رخيصة الثمن.,True,False
10,256,44MM,HOLLOW PUNCH تكساك شيوخت كبنس,مثقب مجوف (سنبك) لعمل فتحات دائرية في الجلد أو الفلنشات بمقاس 47 مم، وهو أحد مقاسات عائلة كبيرة من المنتج.,21.0,EA,155.0,3255.0,COCACO,GERMANY,45,منخفض,تقدير فئوي من أسعار أطقم مثاقب مجوفة للجلد/الفلنشات,https://www.amazon.com/Hollow-Punch-Set/s?k=Hollow+Punch+Set,لم يتم العثور على سعر محدد لعلامة COCACO، والتقدير مبني على أسعار المثاقب المجوفة المشابهة مع مراعاة أن مقاس 47 مم أكبر من المقاسات الاستهلاكية الشائعة رخيصة الثمن.,True,False
10,257,29MM,HOLLOW PUNCH تكساك شيوخت كبنس,مثقب مجوف (سنبك) لعمل فتحات دائرية في الجلد أو الفلنشات بمقاس 47 مم، وهو أحد مقاسات عائلة كبيرة من المنتج.,8.0,EA,75.0,600.0,COCACO,GERMANY,45,منخفض,تقدير فئوي من أسعار أطقم مثاقب مجوفة للجلد/الفلنشات,https://www.amazon.com/Hollow-Punch-Set/s?k=Hollow+Punch+Set,لم يتم العثور على سعر محدد لعلامة COCACO، والتقدير مبني على أسعار المثاقب المجوفة المشابهة مع مراعاة أن مقاس 47 مم أكبر من المقاسات الاستهلاكية الشائعة رخيصة الثمن.,True,False
10,258,23MM,HOLLOW PUNCH تكساك شيوخت كبنس,مثقب مجوف (سنبك) لعمل فتحات دائرية في الجلد أو الفلنشات بمقاس 47 مم، وهو أحد مقاسات عائلة كبيرة من المنتج.,1.0,EA,46.0,46.0,COCACO,GERMANY,45,منخفض,تقدير فئوي من أسعار أطقم مثاقب مجوفة للجلد/الفلنشات,https://www.amazon.com/Hollow-Punch-Set/s?k=Hollow+Punch+Set,لم يتم العثور على سعر محدد لعلامة COCACO، والتقدير مبني على أسعار المثاقب المجوفة المشابهة مع مراعاة أن مقاس 47 مم أكبر من المقاسات الاستهلاكية الشائعة رخيصة الثمن.,True,False
10,259,29MM,HOLLOW PUNCH تكساك شيوخت كبنس,مثقب مجوف (سنبك) لعمل فتحات دائرية في الجلد أو الفلنشات بمقاس 47 مم، وهو أحد مقاسات عائلة كبيرة من المنتج.,1.0,EA,75.0,75.0,COCACO,GERMANY,45,منخفض,تقدير فئوي من أسعار أطقم مثاقب مجوفة للجلد/الفلنشات,https://www.amazon.com/Hollow-Punch-Set/s?k=Hollow+Punch+Set,لم يتم العثور على سعر محدد لعلامة COCACO، والتقدير مبني على أسعار المثاقب المجوفة المشابهة مع مراعاة أن مقاس 47 مم أكبر من المقاسات الاستهلاكية الشائعة رخيصة الثمن.,True,False
10,260,37MM,HOLLOW PUNCH تكساك شيوخت كبنس,مثقب مجوف (سنبك) لعمل فتحات دائرية في الجلد أو الفلنشات بمقاس 47 مم، وهو أحد مقاسات عائلة كبيرة من المنتج.,11.0,EA,110.0,1210.0,COCACO,GERMANY,45,منخفض,تقدير فئوي من أسعار أطقم مثاقب مجوفة للجلد/الفلنشات,https://www.amazon.com/Hollow-Punch-Set/s?k=Hollow+Punch+Set,لم يتم العثور على سعر محدد لعلامة COCACO، والتقدير مبني على أسعار المثاقب المجوفة المشابهة مع مراعاة أن مقاس 47 مم أكبر من المقاسات الاستهلاكية الشائعة رخيصة الثمن.,True,False
10,261,31MM,HOLLOW PUNCH تكساك شيوخت كبنس,مثقب مجوف (سنبك) لعمل فتحات دائرية في الجلد أو الفلنشات بمقاس 47 مم، وهو أحد مقاسات عائلة كبيرة من المنتج.,20.0,EA,80.0,1600.0,COCACO,GERMANY,45,منخفض,تقدير فئوي من أسعار أطقم مثاقب مجوفة للجلد/الفلنشات,https://www.amazon.com/Hollow-Punch-Set/s?k=Hollow+Punch+Set,لم يتم العثور على سعر محدد لعلامة COCACO، والتقدير مبني على أسعار المثاقب المجوفة المشابهة مع مراعاة أن مقاس 47 مم أكبر من المقاسات الاستهلاكية الشائعة رخيصة الثمن.,True,False
10,262,23MM,HOLLOW PUNCH تكساك شيوخت كبنس,مثقب مجوف (سنبك) لعمل فتحات دائرية في الجلد أو الفلنشات بمقاس 47 مم، وهو أحد مقاسات عائلة كبيرة من المنتج.,25.0,EA,46.0,1150.0,COCACO,GERMANY,45,منخفض,تقدير فئوي من أسعار أطقم مثاقب مجوفة للجلد/الفلنشات,https://www.amazon.com/Hollow-Punch-Set/s?k=Hollow+Punch+Set,لم يتم العثور على سعر محدد لعلامة COCACO، والتقدير مبني على أسعار المثاقب المجوفة المشابهة مع مراعاة أن مقاس 47 مم أكبر من المقاسات الاستهلاكية الشائعة رخيصة الثمن.,True,False
10,263,18MM,HOLLOW PUNCH تكساك شيوخت كبنس,مثقب مجوف (سنبك) لعمل فتحات دائرية في الجلد أو الفلنشات بمقاس 47 مم، وهو أحد مقاسات عائلة كبيرة من المنتج.,50.0,EA,35.0,1750.0,COCACO,GERMANY,45,منخفض,تقدير فئوي من أسعار أطقم مثاقب مجوفة للجلد/الفلنشات,https://www.amazon.com/Hollow-Punch-Set/s?k=Hollow+Punch+Set,لم يتم العثور على سعر محدد لعلامة COCACO، والتقدير مبني على أسعار المثاقب المجوفة المشابهة مع مراعاة أن مقاس 47 مم أكبر من المقاسات الاستهلاكية الشائعة رخيصة الثمن.,True,False
10,264,39MM,HOLLOW PUNCH تكساك شيوخت كبنس,مثقب مجوف (سنبك) لعمل فتحات دائرية في الجلد أو الفلنشات بمقاس 47 مم، وهو أحد مقاسات عائلة كبيرة من المنتج.,1.0,EA,125.0,125.0,COCACO,GERMANY,45,منخفض,تقدير فئوي من أسعار أطقم مثاقب مجوفة للجلد/الفلنشات,https://www.amazon.com/Hollow-Punch-Set/s?k=Hollow+Punch+Set,لم يتم العثور على سعر محدد لعلامة COCACO، والتقدير مبني على أسعار المثاقب المجوفة المشابهة مع مراعاة أن مقاس 47 مم أكبر من المقاسات الاستهلاكية الشائعة رخيصة الثمن.,True,False
10,265,13MM,HOLLOW PUNCH تكساك شيوخت كبنس,مثقب مجوف (سنبك) لعمل فتحات دائرية في الجلد أو الفلنشات بمقاس 47 مم، وهو أحد مقاسات عائلة كبيرة من المنتج.,16.0,EA,22.0,352.0,COCACO,GERMANY,45,منخفض,تقدير فئوي من أسعار أطقم مثاقب مجوفة للجلد/الفلنشات,https://www.amazon.com/Hollow-Punch-Set/s?k=Hollow+Punch+Set,لم يتم العثور على سعر محدد لعلامة COCACO، والتقدير مبني على أسعار المثاقب المجوفة المشابهة مع مراعاة أن مقاس 47 مم أكبر من المقاسات الاستهلاكية الشائعة رخيصة الثمن.,True,False
10,266,10MM,HOLLOW PUNCH تكساك شيوخت كبنس,مثقب مجوف (سنبك) لعمل فتحات دائرية في الجلد أو الفلنشات بمقاس 47 مم، وهو أحد مقاسات عائلة كبيرة من المنتج.,11.0,EA,20.0,220.0,COCACO,GERMANY,45,منخفض,تقدير فئوي من أسعار أطقم مثاقب مجوفة للجلد/الفلنشات,https://www.amazon.com/Hollow-Punch-Set/s?k=Hollow+Punch+Set,لم يتم العثور على سعر محدد لعلامة COCACO، والتقدير مبني على أسعار المثاقب المجوفة المشابهة مع مراعاة أن مقاس 47 مم أكبر من المقاسات الاستهلاكية الشائعة رخيصة الثمن.,True,False
10,267,19MM,HOLLOW PUNCH تكساك شيوخت كبنس,مثقب مجوف (سنبك) لعمل فتحات دائرية في الجلد أو الفلنشات بمقاس 47 مم، وهو أحد مقاسات عائلة كبيرة من المنتج.,31.0,EA,35.0,1085.0,COCACO,GERMANY,45,منخفض,تقدير فئوي من أسعار أطقم مثاقب مجوفة للجلد/الفلنشات,https://www.amazon.com/Hollow-Punch-Set/s?k=Hollow+Punch+Set,لم يتم العثور على سعر محدد لعلامة COCACO، والتقدير مبني على أسعار المثاقب المجوفة المشابهة مع مراعاة أن مقاس 47 مم أكبر من المقاسات الاستهلاكية الشائعة رخيصة الثمن.,True,False
10,268,7MM,HOLLOW PUNCH تكساك شيوخت كبنس,مثقب مجوف (سنبك) لعمل فتحات دائرية في الجلد أو الفلنشات بمقاس 47 مم، وهو أحد مقاسات عائلة كبيرة من المنتج.,40.0,EA,15.0,600.0,COCACO,GERMANY,45,منخفض,تقدير فئوي من أسعار أطقم مثاقب مجوفة للجلد/الفلنشات,https://www.amazon.com/Hollow-Punch-Set/s?k=Hollow+Punch+Set,لم يتم العثور على سعر محدد لعلامة COCACO، والتقدير مبني على أسعار المثاقب المجوفة المشابهة مع مراعاة أن مقاس 47 مم أكبر من المقاسات الاستهلاكية الشائعة رخيصة الثمن.,True,False
10,269,6MM,HOLLOW PUNCH تكساك شيوخت كبنس,مثقب مجوف (سنبك) لعمل فتحات دائرية في الجلد أو الفلنشات بمقاس 47 مم، وهو أحد مقاسات عائلة كبيرة من المنتج.,1.0,EA,15.0,15.0,COCACO,GERMANY,45,منخفض,تقدير فئوي من أسعار أطقم مثاقب مجوفة للجلد/الفلنشات,https://www.amazon.com/Hollow-Punch-Set/s?k=Hollow+Punch+Set,لم يتم العثور على سعر محدد لعلامة COCACO، والتقدير مبني على أسعار المثاقب المجوفة المشابهة مع مراعاة أن مقاس 47 مم أكبر من المقاسات الاستهلاكية الشائعة رخيصة الثمن.,True,False
10,270,18MM,HOLLOW PUNCH تكساك شيوخت كبنس,مثقب مجوف (سنبك) لعمل فتحات دائرية في الجلد أو الفلنشات بمقاس 47 مم، وهو أحد مقاسات عائلة كبيرة من المنتج.,19.0,EA,33.0,627.0,COCACO,GERMANY,45,منخفض,تقدير فئوي من أسعار أطقم مثاقب مجوفة للجلد/الفلنشات,https://www.amazon.com/Hollow-Punch-Set/s?k=Hollow+Punch+Set,لم يتم العثور على سعر محدد لعلامة COCACO، والتقدير مبني على أسعار المثاقب المجوفة المشابهة مع مراعاة أن مقاس 47 مم أكبر من المقاسات الاستهلاكية الشائعة رخيصة الثمن.,True,False
10,271,22MM,HOLLOW PUNCH تكساك شيوخت كبنس,مثقب مجوف (سنبك) لعمل فتحات دائرية في الجلد أو الفلنشات بمقاس 47 مم، وهو أحد مقاسات عائلة كبيرة من المنتج.,14.0,EA,43.0,602.0,COCACO,GERMANY,45,منخفض,تقدير فئوي من أسعار أطقم مثاقب مجوفة للجلد/الفلنشات,https://www.amazon.com/Hollow-Punch-Set/s?k=Hollow+Punch+Set,لم يتم العثور على سعر محدد لعلامة COCACO، والتقدير مبني على أسعار المثاقب المجوفة المشابهة مع مراعاة أن مقاس 47 مم أكبر من المقاسات الاستهلاكية الشائعة رخيصة الثمن.,True,False
10,272,37MM,HOLLOW PUNCH تكساك شيوخت كبنس,مثقب مجوف (سنبك) لعمل فتحات دائرية في الجلد أو الفلنشات بمقاس 47 مم، وهو أحد مقاسات عائلة كبيرة من المنتج.,12.0,EA,110.0,1320.0,COCACO,GERMANY,45,منخفض,تقدير فئوي من أسعار أطقم مثاقب مجوفة للجلد/الفلنشات,https://www.amazon.com/Hollow-Punch-Set/s?k=Hollow+Punch+Set,لم يتم العثور على سعر محدد لعلامة COCACO، والتقدير مبني على أسعار المثاقب المجوفة المشابهة مع مراعاة أن مقاس 47 مم أكبر من المقاسات الاستهلاكية الشائعة رخيصة الثمن.,True,False
10,273,34MM,HOLLOW PUNCH تكساك شيوخت كبنس,مثقب مجوف (سنبك) لعمل فتحات دائرية في الجلد أو الفلنشات بمقاس 47 مم، وهو أحد مقاسات عائلة كبيرة من المنتج.,7.0,EA,89.0,623.0,COCACO,GERMANY,45,منخفض,تقدير فئوي من أسعار أطقم مثاقب مجوفة للجلد/الفلنشات,https://www.amazon.com/Hollow-Punch-Set/s?k=Hollow+Punch+Set,لم يتم العثور على سعر محدد لعلامة COCACO، والتقدير مبني على أسعار المثاقب المجوفة المشابهة مع مراعاة أن مقاس 47 مم أكبر من المقاسات الاستهلاكية الشائعة رخيصة الثمن.,True,False
10,274,20MM,HOLLOW PUNCH تكساك شيوخت كبنس,مثقب مجوف (سنبك) لعمل فتحات دائرية في الجلد أو الفلنشات بمقاس 47 مم، وهو أحد مقاسات عائلة كبيرة من المنتج.,8.0,EA,36.0,288.0,COCACO,GERMANY,45,منخفض,تقدير فئوي من أسعار أطقم مثاقب مجوفة للجلد/الفلنشات,https://www.amazon.com/Hollow-Punch-Set/s?k=Hollow+Punch+Set,لم يتم العثور على سعر محدد لعلامة COCACO، والتقدير مبني على أسعار المثاقب المجوفة المشابهة مع مراعاة أن مقاس 47 مم أكبر من المقاسات الاستهلاكية الشائعة رخيصة الثمن.,True,False
10,275,31MM,HOLLOW PUNCH تكساك شيوخت كبنس,مثقب مجوف (سنبك) لعمل فتحات دائرية في الجلد أو الفلنشات بمقاس 47 مم، وهو أحد مقاسات عائلة كبيرة من المنتج.,3.0,EA,80.0,240.0,COCACO,GERMANY,45,منخفض,تقدير فئوي من أسعار أطقم مثاقب مجوفة للجلد/الفلنشات,https://www.amazon.com/Hollow-Punch-Set/s?k=Hollow+Punch+Set,لم يتم العثور على سعر محدد لعلامة COCACO، والتقدير مبني على أسعار المثاقب المجوفة المشابهة مع مراعاة أن مقاس 47 مم أكبر من المقاسات الاستهلاكية الشائعة رخيصة الثمن.,True,False
11,276,27MM,HOLLOW PUNCH تكساك شيوخت كبنس,مثقب مجوف (سنبك) لعمل فتحات دائرية في الجلد أو الفلنشات بمقاس 47 مم، وهو أحد مقاسات عائلة كبيرة من المنتج.,1.0,EA,69.0,69.0,COCACO,GERMANY,45,منخفض,تقدير فئوي من أسعار أطقم مثاقب مجوفة للجلد/الفلنشات,https://www.amazon.com/Hollow-Punch-Set/s?k=Hollow+Punch+Set,لم يتم العثور على سعر محدد لعلامة COCACO، والتقدير مبني على أسعار المثاقب المجوفة المشابهة مع مراعاة أن مقاس 47 مم أكبر من المقاسات الاستهلاكية الشائعة رخيصة الثمن.,True,False
11,277,38MM,HOLLOW PUNCH تكساك شيوخت كبنس,مثقب مجوف (سنبك) لعمل فتحات دائرية في الجلد أو الفلنشات بمقاس 47 مم، وهو أحد مقاسات عائلة كبيرة من المنتج.,5.0,EA,120.0,600.0,COCACO,GERMANY,45,منخفض,تقدير فئوي من أسعار أطقم مثاقب مجوفة للجلد/الفلنشات,https://www.amazon.com/Hollow-Punch-Set/s?k=Hollow+Punch+Set,لم يتم العثور على سعر محدد لعلامة COCACO، والتقدير مبني على أسعار المثاقب المجوفة المشابهة مع مراعاة أن مقاس 47 مم أكبر من المقاسات الاستهلاكية الشائعة رخيصة الثمن.,True,False
11,278,16MM,HOLLOW PUNCH تكساك شيوخت كبنس,مثقب مجوف (سنبك) لعمل فتحات دائرية في الجلد أو الفلنشات بمقاس 47 مم، وهو أحد مقاسات عائلة كبيرة من المنتج.,25.0,EA,28.0,700.0,COCACO,GERMANY,45,منخفض,تقدير فئوي من أسعار أطقم مثاقب مجوفة للجلد/الفلنشات,https://www.amazon.com/Hollow-Punch-Set/s?k=Hollow+Punch+Set,لم يتم العثور على سعر محدد لعلامة COCACO، والتقدير مبني على أسعار المثاقب المجوفة المشابهة مع مراعاة أن مقاس 47 مم أكبر من المقاسات الاستهلاكية الشائعة رخيصة الثمن.,True,False
11,279,3MM,HOLLOW PUNCH تكساك شيوخت كبنس,مثقب مجوف (سنبك) لعمل فتحات دائرية في الجلد أو الفلنشات بمقاس 47 مم، وهو أحد مقاسات عائلة كبيرة من المنتج.,33.0,EA,15.0,495.0,COCACO,GERMANY,45,منخفض,تقدير فئوي من أسعار أطقم مثاقب مجوفة للجلد/الفلنشات,https://www.amazon.com/Hollow-Punch-Set/s?k=Hollow+Punch+Set,لم يتم العثور على سعر محدد لعلامة COCACO، والتقدير مبني على أسعار المثاقب المجوفة المشابهة مع مراعاة أن مقاس 47 مم أكبر من المقاسات الاستهلاكية الشائعة رخيصة الثمن.,True,False
11,280,12MM,HOLLOW PUNCH تكساك شيوخت كبنس,مثقب مجوف (سنبك) لعمل فتحات دائرية في الجلد أو الفلنشات بمقاس 47 مم، وهو أحد مقاسات عائلة كبيرة من المنتج.,56.0,EA,20.0,1120.0,COCACO,GERMANY,45,منخفض,تقدير فئوي من أسعار أطقم مثاقب مجوفة للجلد/الفلنشات,https://www.amazon.com/Hollow-Punch-Set/s?k=Hollow+Punch+Set,لم يتم العثور على سعر محدد لعلامة COCACO، والتقدير مبني على أسعار المثاقب المجوفة المشابهة مع مراعاة أن مقاس 47 مم أكبر من المقاسات الاستهلاكية الشائعة رخيصة الثمن.,True,False
11,281,36MM,HOLLOW PUNCH تكساك شيوخت كبنس,مثقب مجوف (سنبك) لعمل فتحات دائرية في الجلد أو الفلنشات بمقاس 47 مم، وهو أحد مقاسات عائلة كبيرة من المنتج.,1.0,EA,105.0,105.0,COCACO,GERMANY,45,منخفض,تقدير فئوي من أسعار أطقم مثاقب مجوفة للجلد/الفلنشات,https://www.amazon.com/Hollow-Punch-Set/s?k=Hollow+Punch+Set,لم يتم العثور على سعر محدد لعلامة COCACO، والتقدير مبني على أسعار المثاقب المجوفة المشابهة مع مراعاة أن مقاس 47 مم أكبر من المقاسات الاستهلاكية الشائعة رخيصة الثمن.,True,False
11,282,35MM,HOLLOW PUNCH تكساك شيوخت كبنس,مثقب مجوف (سنبك) لعمل فتحات دائرية في الجلد أو الفلنشات بمقاس 47 مم، وهو أحد مقاسات عائلة كبيرة من المنتج.,4.0,EA,93.0,372.0,COCACO,GERMANY,45,منخفض,تقدير فئوي من أسعار أطقم مثاقب مجوفة للجلد/الفلنشات,https://www.amazon.com/Hollow-Punch-Set/s?k=Hollow+Punch+Set,لم يتم العثور على سعر محدد لعلامة COCACO، والتقدير مبني على أسعار المثاقب المجوفة المشابهة مع مراعاة أن مقاس 47 مم أكبر من المقاسات الاستهلاكية الشائعة رخيصة الثمن.,True,False
11,283,40MM,HOLLOW PUNCH تكساك شيوخت كبنس,مثقب مجوف (سنبك) لعمل فتحات دائرية في الجلد أو الفلنشات بمقاس 47 مم، وهو أحد مقاسات عائلة كبيرة من المنتج.,1.0,EA,135.0,135.0,COCACO,GERMANY,45,منخفض,تقدير فئوي من أسعار أطقم مثاقب مجوفة للجلد/الفلنشات,https://www.amazon.com/Hollow-Punch-Set/s?k=Hollow+Punch+Set,لم يتم العثور على سعر محدد لعلامة COCACO، والتقدير مبني على أسعار المثاقب المجوفة المشابهة مع مراعاة أن مقاس 47 مم أكبر من المقاسات الاستهلاكية الشائعة رخيصة الثمن.,True,False
11,284,40MM,HOLLOW PUNCH تكساك شيوخت كبنس,مثقب مجوف (سنبك) لعمل فتحات دائرية في الجلد أو الفلنشات بمقاس 47 مم، وهو أحد مقاسات عائلة كبيرة من المنتج.,8.0,EA,135.0,1080.0,COCACO,GERMANY,45,منخفض,تقدير فئوي من أسعار أطقم مثاقب مجوفة للجلد/الفلنشات,https://www.amazon.com/Hollow-Punch-Set/s?k=Hollow+Punch+Set,لم يتم العثور على سعر محدد لعلامة COCACO، والتقدير مبني على أسعار المثاقب المجوفة المشابهة مع مراعاة أن مقاس 47 مم أكبر من المقاسات الاستهلاكية الشائعة رخيصة الثمن.,True,False
11,285,33MM,HOLLOW PUNCH تكساك شيوخت كبنس,مثقب مجوف (سنبك) لعمل فتحات دائرية في الجلد أو الفلنشات بمقاس 47 مم، وهو أحد مقاسات عائلة كبيرة من المنتج.,14.0,EA,82.0,1148.0,COCACO,GERMANY,45,منخفض,تقدير فئوي من أسعار أطقم مثاقب مجوفة للجلد/الفلنشات,https://www.amazon.com/Hollow-Punch-Set/s?k=Hollow+Punch+Set,لم يتم العثور على سعر محدد لعلامة COCACO، والتقدير مبني على أسعار المثاقب المجوفة المشابهة مع مراعاة أن مقاس 47 مم أكبر من المقاسات الاستهلاكية الشائعة رخيصة الثمن.,True,False
11,286,36MM,HOLLOW PUNCH تكساك شيوخت كبنس,مثقب مجوف (سنبك) لعمل فتحات دائرية في الجلد أو الفلنشات بمقاس 47 مم، وهو أحد مقاسات عائلة كبيرة من المنتج.,11.0,EA,105.0,1155.0,COCACO,GERMANY,45,منخفض,تقدير فئوي من أسعار أطقم مثاقب مجوفة للجلد/الفلنشات,https://www.amazon.com/Hollow-Punch-Set/s?k=Hollow+Punch+Set,لم يتم العثور على سعر محدد لعلامة COCACO، والتقدير مبني على أسعار المثاقب المجوفة المشابهة مع مراعاة أن مقاس 47 مم أكبر من المقاسات الاستهلاكية الشائعة رخيصة الثمن.,True,False
11,287,14MM,HOLLOW PUNCH تكساك شيوخت كبنس,مثقب مجوف (سنبك) لعمل فتحات دائرية في الجلد أو الفلنشات بمقاس 47 مم، وهو أحد مقاسات عائلة كبيرة من المنتج.,1.0,EA,25.0,25.0,COCACO,GERMANY,45,منخفض,تقدير فئوي من أسعار أطقم مثاقب مجوفة للجلد/الفلنشات,https://www.amazon.com/Hollow-Punch-Set/s?k=Hollow+Punch+Set,لم يتم العثور على سعر محدد لعلامة COCACO، والتقدير مبني على أسعار المثاقب المجوفة المشابهة مع مراعاة أن مقاس 47 مم أكبر من المقاسات الاستهلاكية الشائعة رخيصة الثمن.,True,False
11,288,32MM,HOLLOW PUNCH تكساك شيوخت كبنس,مثقب مجوف (سنبك) لعمل فتحات دائرية في الجلد أو الفلنشات بمقاس 47 مم، وهو أحد مقاسات عائلة كبيرة من المنتج.,8.0,EA,82.0,656.0,COCACO,GERMANY,45,منخفض,تقدير فئوي من أسعار أطقم مثاقب مجوفة للجلد/الفلنشات,https://www.amazon.com/Hollow-Punch-Set/s?k=Hollow+Punch+Set,لم يتم العثور على سعر محدد لعلامة COCACO، والتقدير مبني على أسعار المثاقب المجوفة المشابهة مع مراعاة أن مقاس 47 مم أكبر من المقاسات الاستهلاكية الشائعة رخيصة الثمن.,True,False
11,289,18MM,HOLLOW PUNCH تكساك شيوخت كبنس,مثقب مجوف (سنبك) لعمل فتحات دائرية في الجلد أو الفلنشات بمقاس 47 مم، وهو أحد مقاسات عائلة كبيرة من المنتج.,5.0,EA,33.0,165.0,COCACO,GERMANY,45,منخفض,تقدير فئوي من أسعار أطقم مثاقب مجوفة للجلد/الفلنشات,https://www.amazon.com/Hollow-Punch-Set/s?k=Hollow+Punch+Set,لم يتم العثور على سعر محدد لعلامة COCACO، والتقدير مبني على أسعار المثاقب المجوفة المشابهة مع مراعاة أن مقاس 47 مم أكبر من المقاسات الاستهلاكية الشائعة رخيصة الثمن.,True,False
11,290,41MM,HOLLOW PUNCH تكساك شيوخت كبنس,مثقب مجوف (سنبك) لعمل فتحات دائرية في الجلد أو الفلنشات بمقاس 47 مم، وهو أحد مقاسات عائلة كبيرة من المنتج.,7.0,EA,135.0,945.0,COCACO,GERMANY,45,منخفض,تقدير فئوي من أسعار أطقم مثاقب مجوفة للجلد/الفلنشات,https://www.amazon.com/Hollow-Punch-Set/s?k=Hollow+Punch+Set,لم يتم العثور على سعر محدد لعلامة COCACO، والتقدير مبني على أسعار المثاقب المجوفة المشابهة مع مراعاة أن مقاس 47 مم أكبر من المقاسات الاستهلاكية الشائعة رخيصة الثمن.,True,False
11,291,42MM,HOLLOW PUNCH تكساك شيوخت كبنس,مثقب مجوف (سنبك) لعمل فتحات دائرية في الجلد أو الفلنشات بمقاس 47 مم، وهو أحد مقاسات عائلة كبيرة من المنتج.,1.0,EA,135.0,135.0,COCACO,GERMANY,45,منخفض,تقدير فئوي من أسعار أطقم مثاقب مجوفة للجلد/الفلنشات,https://www.amazon.com/Hollow-Punch-Set/s?k=Hollow+Punch+Set,لم يتم العثور على سعر محدد لعلامة COCACO، والتقدير مبني على أسعار المثاقب المجوفة المشابهة مع مراعاة أن مقاس 47 مم أكبر من المقاسات الاستهلاكية الشائعة رخيصة الثمن.,True,False
11,292,10MM,HOLLOW PUNCH تكساك شيوخت كبنس,مثقب مجوف (سنبك) لعمل فتحات دائرية في الجلد أو الفلنشات بمقاس 47 مم، وهو أحد مقاسات عائلة كبيرة من المنتج.,84.0,EA,18.0,1512.0,COCACO,GERMANY,45,منخفض,تقدير فئوي من أسعار أطقم مثاقب مجوفة للجلد/الفلنشات,https://www.amazon.com/Hollow-Punch-Set/s?k=Hollow+Punch+Set,لم يتم العثور على سعر محدد لعلامة COCACO، والتقدير مبني على أسعار المثاقب المجوفة المشابهة مع مراعاة أن مقاس 47 مم أكبر من المقاسات الاستهلاكية الشائعة رخيصة الثمن.,True,False
11,293,6MM,HOLLOW PUNCH تكساك شيوخت كبنس,مثقب مجوف (سنبك) لعمل فتحات دائرية في الجلد أو الفلنشات بمقاس 47 مم، وهو أحد مقاسات عائلة كبيرة من المنتج.,16.0,EA,15.0,240.0,COCACO,GERMANY,45,منخفض,تقدير فئوي من أسعار أطقم مثاقب مجوفة للجلد/الفلنشات,https://www.amazon.com/Hollow-Punch-Set/s?k=Hollow+Punch+Set,لم يتم العثور على سعر محدد لعلامة COCACO، والتقدير مبني على أسعار المثاقب المجوفة المشابهة مع مراعاة أن مقاس 47 مم أكبر من المقاسات الاستهلاكية الشائعة رخيصة الثمن.,True,False
11,294,21MM,HOLLOW PUNCH تكساك شيوخت كبنس,مثقب مجوف (سنبك) لعمل فتحات دائرية في الجلد أو الفلنشات بمقاس 47 مم، وهو أحد مقاسات عائلة كبيرة من المنتج.,14.0,EA,40.0,560.0,COCACO,GERMANY,45,منخفض,تقدير فئوي من أسعار أطقم مثاقب مجوفة للجلد/الفلنشات,https://www.amazon.com/Hollow-Punch-Set/s?k=Hollow+Punch+Set,لم يتم العثور على سعر محدد لعلامة COCACO، والتقدير مبني على أسعار المثاقب المجوفة المشابهة مع مراعاة أن مقاس 47 مم أكبر من المقاسات الاستهلاكية الشائعة رخيصة الثمن.,True,False
11,295,4MM,HOLLOW PUNCH تكساك شيوخت كبنس,مثقب مجوف (سنبك) لعمل فتحات دائرية في الجلد أو الفلنشات بمقاس 47 مم، وهو أحد مقاسات عائلة كبيرة من المنتج.,23.0,EA,15.0,345.0,COCACO,GERMANY,45,منخفض,تقدير فئوي من أسعار أطقم مثاقب مجوفة للجلد/الفلنشات,https://www.amazon.com/Hollow-Punch-Set/s?k=Hollow+Punch+Set,لم يتم العثور على سعر محدد لعلامة COCACO، والتقدير مبني على أسعار المثاقب المجوفة المشابهة مع مراعاة أن مقاس 47 مم أكبر من المقاسات الاستهلاكية الشائعة رخيصة الثمن.,True,False
11,296,17MM,HOLLOW PUNCH تكساك شيوخت كبنس,مثقب مجوف (سنبك) لعمل فتحات دائرية في الجلد أو الفلنشات بمقاس 47 مم، وهو أحد مقاسات عائلة كبيرة من المنتج.,21.0,EA,30.0,630.0,COCACO,GERMANY,45,منخفض,تقدير فئوي من أسعار أطقم مثاقب مجوفة للجلد/الفلنشات,https://www.amazon.com/Hollow-Punch-Set/s?k=Hollow+Punch+Set,لم يتم العثور على سعر محدد لعلامة COCACO، والتقدير مبني على أسعار المثاقب المجوفة المشابهة مع مراعاة أن مقاس 47 مم أكبر من المقاسات الاستهلاكية الشائعة رخيصة الثمن.,True,False
11,297,10MM,HOLLOW PUNCH تكساك شيوخت كبنس,مثقب مجوف (سنبك) لعمل فتحات دائرية في الجلد أو الفلنشات بمقاس 47 مم، وهو أحد مقاسات عائلة كبيرة من المنتج.,27.0,EA,18.0,486.0,COCACO,GERMANY,45,منخفض,تقدير فئوي من أسعار أطقم مثاقب مجوفة للجلد/الفلنشات,https://www.amazon.com/Hollow-Punch-Set/s?k=Hollow+Punch+Set,لم يتم العثور على سعر محدد لعلامة COCACO، والتقدير مبني على أسعار المثاقب المجوفة المشابهة مع مراعاة أن مقاس 47 مم أكبر من المقاسات الاستهلاكية الشائعة رخيصة الثمن.,True,False
11,298,"11/32""",HOLLOW PUNCH تكساك شيوخت كبنس,مثقب مجوف (سنبك) لعمل فتحات دائرية في الجلد أو الفلنشات بمقاس 47 مم، وهو أحد مقاسات عائلة كبيرة من المنتج.,12.0,EA,16.0,192.0,COCACO,GERMANY,45,منخفض,تقدير فئوي من أسعار أطقم مثاقب مجوفة للجلد/الفلنشات,https://www.amazon.com/Hollow-Punch-Set/s?k=Hollow+Punch+Set,لم يتم العثور على سعر محدد لعلامة COCACO، والتقدير مبني على أسعار المثاقب المجوفة المشابهة مع مراعاة أن مقاس 47 مم أكبر من المقاسات الاستهلاكية الشائعة رخيصة الثمن.,True,False
11,299,33MM,HOLLOW PUNCH تكساك شيوخت كبنس,مثقب مجوف (سنبك) لعمل فتحات دائرية في الجلد أو الفلنشات بمقاس 47 مم، وهو أحد مقاسات عائلة كبيرة من المنتج.,12.0,EA,82.0,984.0,COCACO,GERMANY,45,منخفض,تقدير فئوي من أسعار أطقم مثاقب مجوفة للجلد/الفلنشات,https://www.amazon.com/Hollow-Punch-Set/s?k=Hollow+Punch+Set,لم يتم العثور على سعر محدد لعلامة COCACO، والتقدير مبني على أسعار المثاقب المجوفة المشابهة مع مراعاة أن مقاس 47 مم أكبر من المقاسات الاستهلاكية الشائعة رخيصة الثمن.,True,False
11,300,22MM,HOLLOW PUNCH تكساك شيوخت كبنس,مثقب مجوف (سنبك) لعمل فتحات دائرية في الجلد أو الفلنشات بمقاس 47 مم، وهو أحد مقاسات عائلة كبيرة من المنتج.,10.0,EA,43.0,430.0,COCACO,GERMANY,45,منخفض,تقدير فئوي من أسعار أطقم مثاقب مجوفة للجلد/الفلنشات,https://www.amazon.com/Hollow-Punch-Set/s?k=Hollow+Punch+Set,لم يتم العثور على سعر محدد لعلامة COCACO، والتقدير مبني على أسعار المثاقب المجوفة المشابهة مع مراعاة أن مقاس 47 مم أكبر من المقاسات الاستهلاكية الشائعة رخيصة الثمن.,True,False
11,301,19MM,HOLLOW PUNCH تكساك شيوخت كبنس,مثقب مجوف (سنبك) لعمل فتحات دائرية في الجلد أو الفلنشات بمقاس 47 مم، وهو أحد مقاسات عائلة كبيرة من المنتج.,2.0,EA,35.0,70.0,COCACO,GERMANY,45,منخفض,تقدير فئوي من أسعار أطقم مثاقب مجوفة للجلد/الفلنشات,https://www.amazon.com/Hollow-Punch-Set/s?k=Hollow+Punch+Set,لم يتم العثور على سعر محدد لعلامة COCACO، والتقدير مبني على أسعار المثاقب المجوفة المشابهة مع مراعاة أن مقاس 47 مم أكبر من المقاسات الاستهلاكية الشائعة رخيصة الثمن.,True,False
11,302,17MM,HOLLOW PUNCH تكساك شيوخت كبنس,مثقب مجوف (سنبك) لعمل فتحات دائرية في الجلد أو الفلنشات بمقاس 47 مم، وهو أحد مقاسات عائلة كبيرة من المنتج.,10.0,EA,30.0,300.0,COCACO,GERMANY,45,منخفض,تقدير فئوي من أسعار أطقم مثاقب مجوفة للجلد/الفلنشات,https://www.amazon.com/Hollow-Punch-Set/s?k=Hollow+Punch+Set,لم يتم العثور على سعر محدد لعلامة COCACO، والتقدير مبني على أسعار المثاقب المجوفة المشابهة مع مراعاة أن مقاس 47 مم أكبر من المقاسات الاستهلاكية الشائعة رخيصة الثمن.,True,False
11,303,35MM,HOLLOW PUNCH تكساك شيوخت كبنس,مثقب مجوف (سنبك) لعمل فتحات دائرية في الجلد أو الفلنشات بمقاس 47 مم، وهو أحد مقاسات عائلة كبيرة من المنتج.,3.0,EA,93.0,279.0,COCACO,GERMANY,45,منخفض,تقدير فئوي من أسعار أطقم مثاقب مجوفة للجلد/الفلنشات,https://www.amazon.com/Hollow-Punch-Set/s?k=Hollow+Punch+Set,لم يتم العثور على سعر محدد لعلامة COCACO، والتقدير مبني على أسعار المثاقب المجوفة المشابهة مع مراعاة أن مقاس 47 مم أكبر من المقاسات الاستهلاكية الشائعة رخيصة الثمن.,True,False
11,304,36MM,HOLLOW PUNCH تكساك شيوخت كبنس,مثقب مجوف (سنبك) لعمل فتحات دائرية في الجلد أو الفلنشات بمقاس 47 مم، وهو أحد مقاسات عائلة كبيرة من المنتج.,1.0,EA,105.0,105.0,COCACO,GERMANY,45,منخفض,تقدير فئوي من أسعار أطقم مثاقب مجوفة للجلد/الفلنشات,https://www.amazon.com/Hollow-Punch-Set/s?k=Hollow+Punch+Set,لم يتم العثور على سعر محدد لعلامة COCACO، والتقدير مبني على أسعار المثاقب المجوفة المشابهة مع مراعاة أن مقاس 47 مم أكبر من المقاسات الاستهلاكية الشائعة رخيصة الثمن.,True,False
11,305,10MM,HOLLOW PUNCH تكساك شيوخت كبنس,مثقب مجوف (سنبك) لعمل فتحات دائرية في الجلد أو الفلنشات بمقاس 47 مم، وهو أحد مقاسات عائلة كبيرة من المنتج.,10.0,EA,18.0,180.0,COCACO,GERMANY,45,منخفض,تقدير فئوي من أسعار أطقم مثاقب مجوفة للجلد/الفلنشات,https://www.amazon.com/Hollow-Punch-Set/s?k=Hollow+Punch+Set,لم يتم العثور على سعر محدد لعلامة COCACO، والتقدير مبني على أسعار المثاقب المجوفة المشابهة مع مراعاة أن مقاس 47 مم أكبر من المقاسات الاستهلاكية الشائعة رخيصة الثمن.,True,False
11,306,21MM,HOLLOW PUNCH تكساك شيوخت كبنس,مثقب مجوف (سنبك) لعمل فتحات دائرية في الجلد أو الفلنشات بمقاس 47 مم، وهو أحد مقاسات عائلة كبيرة من المنتج.,14.0,EA,40.0,560.0,COCACO,GERMANY,45,منخفض,تقدير فئوي من أسعار أطقم مثاقب مجوفة للجلد/الفلنشات,https://www.amazon.com/Hollow-Punch-Set/s?k=Hollow+Punch+Set,لم يتم العثور على سعر محدد لعلامة COCACO، والتقدير مبني على أسعار المثاقب المجوفة المشابهة مع مراعاة أن مقاس 47 مم أكبر من المقاسات الاستهلاكية الشائعة رخيصة الثمن.,True,False
11,307,34MM,HOLLOW PUNCH تكساك شيوخت كبنس,مثقب مجوف (سنبك) لعمل فتحات دائرية في الجلد أو الفلنشات بمقاس 47 مم، وهو أحد مقاسات عائلة كبيرة من المنتج.,9.0,EA,89.0,801.0,COCACO,GERMANY,45,منخفض,تقدير فئوي من أسعار أطقم مثاقب مجوفة للجلد/الفلنشات,https://www.amazon.com/Hollow-Punch-Set/s?k=Hollow+Punch+Set,لم يتم العثور على سعر محدد لعلامة COCACO، والتقدير مبني على أسعار المثاقب المجوفة المشابهة مع مراعاة أن مقاس 47 مم أكبر من المقاسات الاستهلاكية الشائعة رخيصة الثمن.,True,False
11,308,34MM,HOLLOW PUNCH تكساك شيوخت كبنس,مثقب مجوف (سنبك) لعمل فتحات دائرية في الجلد أو الفلنشات بمقاس 47 مم، وهو أحد مقاسات عائلة كبيرة من المنتج.,7.0,EA,89.0,623.0,COCACO,GERMANY,45,منخفض,تقدير فئوي من أسعار أطقم مثاقب مجوفة للجلد/الفلنشات,https://www.amazon.com/Hollow-Punch-Set/s?k=Hollow+Punch+Set,لم يتم العثور على سعر محدد لعلامة COCACO، والتقدير مبني على أسعار المثاقب المجوفة المشابهة مع مراعاة أن مقاس 47 مم أكبر من المقاسات الاستهلاكية الشائعة رخيصة الثمن.,True,False
12,309,37MM,HOLLOW PUNCH تكساك شيوخت كبنس,مثقب مجوف (سنبك) لعمل فتحات دائرية في الجلد أو الفلنشات بمقاس 47 مم، وهو أحد مقاسات عائلة كبيرة من المنتج.,5.0,EA,110.0,550.0,COCACO,GERMANY,45,منخفض,تقدير فئوي من أسعار أطقم مثاقب مجوفة للجلد/الفلنشات,https://www.amazon.com/Hollow-Punch-Set/s?k=Hollow+Punch+Set,لم يتم العثور على سعر محدد لعلامة COCACO، والتقدير مبني على أسعار المثاقب المجوفة المشابهة مع مراعاة أن مقاس 47 مم أكبر من المقاسات الاستهلاكية الشائعة رخيصة الثمن.,True,False
12,310,27MM,HOLLOW PUNCH تكساك شيوخت كبنس,مثقب مجوف (سنبك) لعمل فتحات دائرية في الجلد أو الفلنشات بمقاس 47 مم، وهو أحد مقاسات عائلة كبيرة من المنتج.,12.0,EA,69.0,828.0,COCACO,GERMANY,45,منخفض,تقدير فئوي من أسعار أطقم مثاقب مجوفة للجلد/الفلنشات,https://www.amazon.com/Hollow-Punch-Set/s?k=Hollow+Punch+Set,لم يتم العثور على سعر محدد لعلامة COCACO، والتقدير مبني على أسعار المثاقب المجوفة المشابهة مع مراعاة أن مقاس 47 مم أكبر من المقاسات الاستهلاكية الشائعة رخيصة الثمن.,True,False
12,311,8MM,"5/16""",أداة يدوية صغيرة (مفتاح أو ريشة) مقاس 8 مم من كوكاكو.,115.0,EA,15.0,1725.0,COCACO,GERMANY,25,منخفض,تقدير حسب فئة المنتج,https://www.amazon.com/s?k=8mm+hex+key,الأدوات اليدوية الصغيرة المفردة بهذا المقاس اقتصادية السعر عمومًا.,True,False
12,312,33MM,HOLLOW PUNCH تكساك شيوخت كبنس,مثقب مجوف (سنبك) لعمل فتحات دائرية في الجلد أو الفلنشات بمقاس 47 مم، وهو أحد مقاسات عائلة كبيرة من المنتج.,1.0,EA,82.0,82.0,COCACO,GERMANY,45,منخفض,تقدير فئوي من أسعار أطقم مثاقب مجوفة للجلد/الفلنشات,https://www.amazon.com/Hollow-Punch-Set/s?k=Hollow+Punch+Set,لم يتم العثور على سعر محدد لعلامة COCACO، والتقدير مبني على أسعار المثاقب المجوفة المشابهة مع مراعاة أن مقاس 47 مم أكبر من المقاسات الاستهلاكية الشائعة رخيصة الثمن.,True,False
12,313,17MM,HOLLOW PUNCH تكساك شيوخت كبنس,مثقب مجوف (سنبك) لعمل فتحات دائرية في الجلد أو الفلنشات بمقاس 47 مم، وهو أحد مقاسات عائلة كبيرة من المنتج.,36.0,EA,30.0,1080.0,COCACO,GERMANY,45,منخفض,تقدير فئوي من أسعار أطقم مثاقب مجوفة للجلد/الفلنشات,https://www.amazon.com/Hollow-Punch-Set/s?k=Hollow+Punch+Set,لم يتم العثور على سعر محدد لعلامة COCACO، والتقدير مبني على أسعار المثاقب المجوفة المشابهة مع مراعاة أن مقاس 47 مم أكبر من المقاسات الاستهلاكية الشائعة رخيصة الثمن.,True,False
12,314,5MM,HOLLOW PUNCH تكساك شيوخت كبنس,مثقب مجوف (سنبك) لعمل فتحات دائرية في الجلد أو الفلنشات بمقاس 47 مم، وهو أحد مقاسات عائلة كبيرة من المنتج.,70.0,EA,15.0,1050.0,COCACO,GERMANY,45,منخفض,تقدير فئوي من أسعار أطقم مثاقب مجوفة للجلد/الفلنشات,https://www.amazon.com/Hollow-Punch-Set/s?k=Hollow+Punch+Set,لم يتم العثور على سعر محدد لعلامة COCACO، والتقدير مبني على أسعار المثاقب المجوفة المشابهة مع مراعاة أن مقاس 47 مم أكبر من المقاسات الاستهلاكية الشائعة رخيصة الثمن.,True,False
12,315,9MM,HOLLOW PUNCH تكساك شيوخت كبنس,مثقب مجوف (سنبك) لعمل فتحات دائرية في الجلد أو الفلنشات بمقاس 47 مم، وهو أحد مقاسات عائلة كبيرة من المنتج.,30.0,EA,15.0,450.0,COCACO,GERMANY,45,منخفض,تقدير فئوي من أسعار أطقم مثاقب مجوفة للجلد/الفلنشات,https://www.amazon.com/Hollow-Punch-Set/s?k=Hollow+Punch+Set,لم يتم العثور على سعر محدد لعلامة COCACO، والتقدير مبني على أسعار المثاقب المجوفة المشابهة مع مراعاة أن مقاس 47 مم أكبر من المقاسات الاستهلاكية الشائعة رخيصة الثمن.,True,False
12,316,41MM,HOLLOW PUNCH تكساك شيوخت كبنس,مثقب مجوف (سنبك) لعمل فتحات دائرية في الجلد أو الفلنشات بمقاس 47 مم، وهو أحد مقاسات عائلة كبيرة من المنتج.,13.0,EA,135.0,1755.0,COCACO,GERMANY,45,منخفض,تقدير فئوي من أسعار أطقم مثاقب مجوفة للجلد/الفلنشات,https://www.amazon.com/Hollow-Punch-Set/s?k=Hollow+Punch+Set,لم يتم العثور على سعر محدد لعلامة COCACO، والتقدير مبني على أسعار المثاقب المجوفة المشابهة مع مراعاة أن مقاس 47 مم أكبر من المقاسات الاستهلاكية الشائعة رخيصة الثمن.,True,False
12,317,1709.025,PINCH OFF PLIER ةقانخ ةدارز,كماشة خنق (سد) لأنابيب النحاس تُستخدم في أعمال التبريد والتكييف.,77.0,EA,65.0,5005.0,COCACO,GERMANY,90,متوسط,Northway's Machinery - pinch off tools category,https://www.northwaysmachinery.com/products/30-hvacr-service-tools/85-pinch-off-tools/,أدوات خنق أنابيب النحاس المماثلة في مجال التبريد والتكييف تُباع بين 16-33 دولاراً أمريكياً حسب الجودة والمقاس.,True,False
12,318,17885 0000,lazy tongue ةتسوس ماشرب ةيدارز,مسدس برشام مقصي (لايزي تونج) من كوكاكو.,10.0,EA,175.0,1750.0,COCACO,GERMANY,70,منخفض,تقدير حسب فئة المنتج,https://www.amazon.com/s?k=lazy+tongue+riveter,مسدسات البرشام المقصية من كوكاكو مماثلة لبند آخر في هذه القائمة من حيث الفئة والسعر.,True,False
12,319,15405 3201,"FEELER GAUGE 12"" ةصوب 12 ترييف",طقم شفرات قياس الفراغات (فيلر جيج) بطول 12 بوصة.,20.0,SET,120.0,2400.0,COCACO,GERMANY,45,منخفض,تقدير حسب فئة المنتج,https://www.noon.com/saudi-en/tools-and-home-improvement/power-and-hand-tools/,طقم شفرات قياس الفراغات (فيلر جيج) بطول 12 بوصة، وهي أداة قياس ميكانيكية بسيطة منخفضة التكلفة.,True,False
12,2396,PHTESTER10,COLEPARMER حلاملاا زاهج,جهاز جيبي مقاوم للماء لقياس درجة الحموضة (pH) بالسوائل.,1.0,EA,450.0,450.0,COLEPARME,USA,280,متوسط,Cole-Parmer (صفحة Oakton pHTestr 10),https://www.coleparmer.com/p/oakton-waterproof-ph-testr-10-pocket-tester/42165,المنتج مدرج فعلياً لدى الموزع الرسمي كول-بارمر وإن لم يظهر السعر الدقيق؛ أجهزة قياس الحموضة الجيبية المماثلة تباع عادة بين ٦٠-٩٠ دولاراً، أقل من التكلفة الداخلية ٤٥٠.,True,False
12,2355,6700001,ر 2m-WOODEN ءام ناترم,ميزان ماء خشبي طول 2 متر من كوبر.,71.0,EA,20.0,1420.0,COOPER,USA,130,منخفض,تقدير حسب فئة المنتج,https://www.amazon.com/s?k=wooden+spirit+level+2m,موازين الماء الخشبية الطويلة (2 متر) أعلى سعرًا من الموازين المعدنية القصيرة، ويمثل عائلة من 3 مقاسات.,True,False
12,2356,6700025,ر 1m-WOODEN ءام ناترم,ميزان ماء خشبي طول 2 متر من كوبر.,12.0,EA,20.0,240.0,COOPER,USA,130,منخفض,تقدير حسب فئة المنتج,https://www.amazon.com/s?k=wooden+spirit+level+2m,موازين الماء الخشبية الطويلة (2 متر) أعلى سعرًا من الموازين المعدنية القصيرة، ويمثل عائلة من 3 مقاسات.,True,False
12,2357,6700023,ر 2M-WOODEN ءام ناترم,ميزان ماء خشبي طول 2 متر من كوبر.,3.0,EA,30.0,90.0,COOPER,USA,130,منخفض,تقدير حسب فئة المنتج,https://www.amazon.com/s?k=wooden+spirit+level+2m,موازين الماء الخشبية الطويلة (2 متر) أعلى سعرًا من الموازين المعدنية القصيرة، ويمثل عائلة من 3 مقاسات.,True,False
12,2358,43361,,أداة يدوية عامة غير محددة الوصف من علامة كوبر.,3.0,EA,45.0,135.0,COOPER,USA,40,منخفض,estimated from category benchmark,https://mdttools.com/,لا يتوفر وصف واضح للمنتج، لذا استخدم متوسط سعر عام لأدوات ورشة صغيرة متنوعة.,True,False
12,2595,120982020,"RATCHETDOWN,2000KG,6M,35MM دش مازخ",حزام شد وتثبيت بآلية راتشيت بسعة 2000 كيلوغرام وطول 6 أمتار.,18.0,EA,150.0,2700.0,COOPER,USA,110,منخفض,تقدير حسب فئة المنتج (أحزمة شد راتشيت),https://www.noon.com/saudi-en/tools-and-home-improvement/power-and-hand-tools/,حزام شد راتشيت بسعة 2000كغم وطول 6م، وهذه الفئة من معدات الربط والتثبيت تُباع عادة بين 20-40 دولاراً أمريكياً.,True,False
12,2572,crosby,"D-SHACKLE 17T,1.1/2""لكاش ىد",لكاش (شكل D) رافعة أحمال بحمولة 17 طن ومقاس 1-1/2 إنش من كروسبي.,10.0,EA,420.0,4200.0,CROSBY,USA,320,متوسط,US Cargo Control / eBay (Crosby shackles أكبر حمولة),https://www.ebay.com/b/12-Ton-Shackle/184215/bn_7023250103,شكل D بحمولة أكبر 17 طن ومقاس 1-1/2 إنش من كروسبي الأصلية، وحمولته الأعلى من بند 326 (12 طن) تجعله أغلى سعرًا بشكل منطقي.,True,False
12,2573,crosby,"D-SHACKLE 8.1/2 TON,1""لكاش ىد",شاكل (لكاش) رفع على شكل حرف D مقاس 1 بوصة وسعة تحمل 8.5 طن من كروزبي.,16.0,EA,165.0,2640.0,CROSBY,USA,150,متوسط,US Cargo Control product page,https://www.uscargocontrol.com/products/crosby-anchor-shackle-bolt-type-1-g-2130-8-5-ton,شاكل (لكاش) دي من كروزبي مقاس 1 بوصة وسعة 8.5 طن، وهو منتج تسليح ورفع معروف بأسعار تجزئة تتراوح بين 30-50 دولاراً أمريكياً حسب النوع (بولت أو سكرو بن).,True,False
12,2574,crosby,"D-SHACKLE 3/4"" لكاش ىد",شاكل رفع على شكل حرف D مقاس 3/4 بوصة.,3.0,EA,145.0,435.0,CROSBY,USA,55,متوسط,Crosby Shackles - Saudi Dutest/Rigging.com,https://www.saudidutest.com/types-of-crosby-shackles-and-their-application/,شاكل رفع (لكاش) من كروسبي الأمريكية معتمد للرفع بمقاس 3/4 بوصة، متوفر لدى موزعين معتمدين بالسعودية.,True,False
12,2575,crosby,"D-SHACKLE 25T,1.3/4""لكاش ىد",لكاش (شكل D) رافعة أحمال بحمولة 17 طن ومقاس 1-1/2 إنش من كروسبي.,4.0,EA,624.0,2496.0,CROSBY,USA,320,متوسط,US Cargo Control / eBay (Crosby shackles أكبر حمولة),https://www.ebay.com/b/12-Ton-Shackle/184215/bn_7023250103,شكل D بحمولة أكبر 17 طن ومقاس 1-1/2 إنش من كروسبي الأصلية، وحمولته الأعلى من بند 326 (12 طن) تجعله أغلى سعرًا بشكل منطقي.,True,False
12,2576,crosby,"D-SHACKLE 12TON,1.1/4""",لكاش (شكل D) رافعة أحمال بحمولة 12 طن ومقاس 1-1/4 إنش من كروسبي.,35.0,EA,249.0,8715.0,CROSBY,USA,210,متوسط,US Cargo Control / Amazon (Crosby G-209 12 Ton),https://www.uscargocontrol.com/products/crosby-anchor-shackle-screw-pin-1-1-4-g-209-12-ton,شكل D بحمولة 12 طن ومقاس 1-1/4 إنش من كروسبي الأمريكية الأصلية موجود فعليًا في السوق بأسعار تتراوح بين 40-70 دولارًا أمريكيًا حسب المورد، وهو منتج معدات رفع معتمد عالي الجودة.,True,False
12,2577,crosby,"EYE BOLT 1.1/2""عفر رامسم",مسمار عين معدني للرفع بمقاس 1.5 بوصة من ماركة كروسبي المتخصصة في معدات الرفع.,1.0,EA,245.0,175.0,CROSBY,USA,280,متوسط,MSC Direct / lifting.com (Crosby eye bolts),https://lifting.com/eye-bolt-machinery-crosby-s279-012.html,مسمار عين رفع من كروسبي بمقاس 1.5 بوصة يعتبر من معدات الرفع المعتمدة ذات السعر الأعلى نسبياً حسب الحمولة.,True,False
12,2578,crosby,"EYE BOLT 3/8""عفر رامسم",مسمار عين معدني للرفع بمقاس 1.5 بوصة من ماركة كروسبي المتخصصة في معدات الرفع.,16.0,EA,18.0,30.0,CROSBY,USA,280,متوسط,MSC Direct / lifting.com (Crosby eye bolts),https://lifting.com/eye-bolt-machinery-crosby-s279-012.html,مسمار عين رفع من كروسبي بمقاس 1.5 بوصة يعتبر من معدات الرفع المعتمدة ذات السعر الأعلى نسبياً حسب الحمولة.,True,True
12,2579,crosby,"EYE BOLT 1/4""عفر رامسم",مسمار عين معدني للرفع بمقاس 1.5 بوصة من ماركة كروسبي المتخصصة في معدات الرفع.,15.0,EA,18.0,18.0,CROSBY,USA,280,متوسط,MSC Direct / lifting.com (Crosby eye bolts),https://lifting.com/eye-bolt-machinery-crosby-s279-012.html,مسمار عين رفع من كروسبي بمقاس 1.5 بوصة يعتبر من معدات الرفع المعتمدة ذات السعر الأعلى نسبياً حسب الحمولة.,True,True
12,2580,crosby,"EYE BOLT 3/16""عقر رامسم",مسمار عين رفع مقاس 3/16 بوصة من ماركة CROSBY.,11.0,EA,18.0,45.0,CROSBY,USA,20,متوسط,Amazon.sa Eye Bolts / MSC Direct,https://www.amazon.sa/-/en/Eye-Bolts-Up-to-25-SAR/s?keywords=Eye+Bolts&c=ts&ts_id=16620814031,سعر تقديري لمسمار عين رفع صغير مقاس 3/16 بوصة بناءً على أسعار مسامير العين المعروضة في أمازون السعودية.,True,False
12,2581,crosby,EYE BOLT Mعفر رامسم12,مسمار عين رفع مقاس M12 من ماركة CROSBY.,4.0,EA,45.0,35.0,CROSBY,USA,25,متوسط,Amazon.sa Eye Bolts / MSC Direct,https://www.amazon.sa/-/en/Eye-Bolts-Up-to-25-SAR/s?keywords=Eye+Bolts&c=ts&ts_id=16620814031,سعر تقديري لمسمار عين رفع مقاس M12 بناءً على أسعار مسامير العين المعروضة في أمازون السعودية.,True,False
12,2582,crosby,"EYE BOLT 3/4"" عفر رامسم",مسمار عين معدني للرفع بمقاس 1.5 بوصة من ماركة كروسبي المتخصصة في معدات الرفع.,20.0,EA,68.0,68.0,CROSBY,USA,280,متوسط,MSC Direct / lifting.com (Crosby eye bolts),https://lifting.com/eye-bolt-machinery-crosby-s279-012.html,مسمار عين رفع من كروسبي بمقاس 1.5 بوصة يعتبر من معدات الرفع المعتمدة ذات السعر الأعلى نسبياً حسب الحمولة.,True,False
12,2583,crosby,"EYE BOLT 1""عفر رامسم",مسمار عين معدني للرفع بمقاس 1.5 بوصة من ماركة كروسبي المتخصصة في معدات الرفع.,10.0,EA,110.0,85.0,CROSBY,USA,280,متوسط,MSC Direct / lifting.com (Crosby eye bolts),https://lifting.com/eye-bolt-machinery-crosby-s279-012.html,مسمار عين رفع من كروسبي بمقاس 1.5 بوصة يعتبر من معدات الرفع المعتمدة ذات السعر الأعلى نسبياً حسب الحمولة.,True,False
12,2586,crosby,"D-SHACKLE 1/2""-2TON لكاش ىد",شاكل حديدي (لكاش) على شكل D حمولة 2 طن.,22.0,EA,30.0,175.0,CROSBY,USA,30,متوسط,Alkun Steel - D-Shackle Saudi Arabia,https://alkunsteel.com/saudi-arabia/category/fastener/d-shackle,شاكل (لكاش) على شكل D بحمولة 2 طن ومقاس 1/2 إنش، ضمن نطاق أسعار عتاد الرفع الصغير.,True,False
12,320,45865,WOOD CHISEL SET/3PCS بشخ كبنس,طقم أزاميل خشب مكون من 3 قطع بمقاسات مختلفة.,20.0,SET,75.0,1500.0,DRAPER,UNKNOWN(=BRAND PLACEHOLDER),105,متوسط,Everyday Welding Supplies listing,https://www.everydayweldingsupplies.com,وُجد سعر فعلي بحدود 20 يورو لطقم أزاميل خشب درابر 3 قطع مشابه.,True,False
12,321,56385,"HOLESAW KIT,12PCS/SET شيوخت مقط",طقم مناشير كور (هول سو) من 12 قطعة لقص الثقوب الدائرية في الخشب والمعدن.,33.0,KIT,395.0,13035.0,DRAPER,UNKNOWN(=BRAND PLACEHOLDER),350,متوسط,موقع Draper Tools الرسمي (أستراليا),https://www.drapertools.com/product/56385/holesaw-kit-12-piece/,وجد سعر رسمي معلن من دريبر أستراليا بحدود 293 دولارًا أستراليًا شاملاً الضريبة، وبعد تعديله لمستوى سعر البيع بالجملة/الاستيراد يقترب من هذا التقدير للسوق السعودي.,True,False
12,322,59773,SILICONE GUN-10468 نوكيليس سدسم,مسدس سيليكون (معجون/كاولك) يدوي من دريبر.,25.0,EA,25.0,625.0,DRAPER,UNKNOWN(=BRAND PLACEHOLDER),50,متوسط,Amazon.sa – Draper tools category,"https://www.amazon.sa/-/en/DIY-Tools-Draper/s?rh=n:12463390031,p_89:Draper",سعر تقديري لمسدس سيليكون يدوي من دريبر بناءً على أسعار مسدسات السيليكون المماثلة.,True,False
13,323,58247,SILICONE GUN نوكيليس سدسم,مسدس سيليكون (معجون/كاولك) يدوي من دريبر.,12.0,EA,25.0,300.0,DRAPER,UNKNOWN(=BRAND PLACEHOLDER),50,متوسط,Amazon.sa – Draper tools category,"https://www.amazon.sa/-/en/DIY-Tools-Draper/s?rh=n:12463390031,p_89:Draper",سعر تقديري لمسدس سيليكون يدوي من دريبر بناءً على أسعار مسدسات السيليكون المماثلة.,True,False
13,324,83028,f-flamp 200mm بملاك فا,مشبك تثبيت (كلامب) نوع F مقاس 250مم.,8.0,EA,30.0,240.0,DRAPER,UNKNOWN(=BRAND PLACEHOLDER),35,مرتفع,تقدير عام لمشابك F للتثبيت 250مم,"https://www.amazon.sa/-/en/DIY-Tools-Draper/s?rh=n:12463390031,p_89:Draper",مشبك تثبيت نوع F مقاس 250مم من ملحقات الورش الرخيصة الشائعة.,True,False
13,325,83036,F-flamp 250mm بملاك فا,مشبك تثبيت (كلامب) نوع F مقاس 250مم.,8.0,EA,32.0,256.0,DRAPER,UNKNOWN(=BRAND PLACEHOLDER),35,مرتفع,تقدير عام لمشابك F للتثبيت 250مم,"https://www.amazon.sa/-/en/DIY-Tools-Draper/s?rh=n:12463390031,p_89:Draper",مشبك تثبيت نوع F مقاس 250مم من ملحقات الورش الرخيصة الشائعة.,True,False
13,326,51084,"C-CRAMP 8"" بملاك سى",مشبك تثبيت على شكل حرف C مقاس 8 بوصة من دريبر.,18.0,EA,60.0,1080.0,DRAPER,UNKNOWN(=BRAND PLACEHOLDER),50,منخفض,تقدير حسب فئة المنتج,"https://www.amazon.sa/-/en/DIY-Tools-Draper/s?rh=n:12463390031,p_89:Draper",مشابك التثبيت من نوع C بمقاس 8 بوصة من دريبر منتج اقتصادي، ويمثل عائلة من مقاسين.,True,False
13,327,51085,"C-CRAMP 6"" بملاك سى",مشبك تثبيت على شكل حرف C مقاس 8 بوصة من دريبر.,15.0,EA,45.0,675.0,DRAPER,UNKNOWN(=BRAND PLACEHOLDER),50,منخفض,تقدير حسب فئة المنتج,"https://www.amazon.sa/-/en/DIY-Tools-Draper/s?rh=n:12463390031,p_89:Draper",مشابك التثبيت من نوع C بمقاس 8 بوصة من دريبر منتج اقتصادي، ويمثل عائلة من مقاسين.,True,False
13,328,8704,HACKSAW SMALL راشتم,منشار يدوي صغير الحجم لقطع المعادن الخفيفة.,28.0,EA,15.0,420.0,DRAPER,UNKNOWN(=BRAND PLACEHOLDER),35,متوسط,معيار فئة مناشير يدوية صغيرة,https://www.drapertools.com/,منشار يدوي صغير (هاكسو جونيور) من دريبر منخفض التكلفة وفق أسعار الفئة العامة.,True,False
13,329,31985,PLASTIC PIPE CUTTER كيتسلاب صقم,مقص/قاطع للأنابيب البلاستيكية (PVC).,31.0,EA,160.0,4960.0,DRAPER,UNKNOWN(=BRAND PLACEHOLDER),80,منخفض,تقدير فئوي لقواطع الأنابيب البلاستيكية من دريبر,https://www.drapertools.com/,قاطع أنابيب بلاستيكية (PVC) بسيط من دريبر، وهذه الأداة اليدوية الصغيرة معتدلة السعر.,True,False
13,330,54465,PLASTIC PIPE CUTTER كيتسلاب صقم,مقص/قاطع للأنابيب البلاستيكية (PVC).,6.0,EA,200.0,1200.0,DRAPER,UNKNOWN(=BRAND PLACEHOLDER),80,منخفض,تقدير فئوي لقواطع الأنابيب البلاستيكية من دريبر,https://www.drapertools.com/,قاطع أنابيب بلاستيكية (PVC) بسيط من دريبر، وهذه الأداة اليدوية الصغيرة معتدلة السعر.,True,False
13,331,68733,DRAPER-BASIN WRENCH لساغم حاتفم,مفتاح حوض (بيسن) قابل للتعديل بقطر تشبيك حتى 27 مم لتركيب صنابير المغاسل.,34.0,EA,48.0,1632.0,DRAPER,UNKNOWN(=BRAND PLACEHOLDER),80,متوسط,Power Tools Direct listing,https://www.powertoolsdirect.com/draper-68733-adjustable-basin-wrench-27mm-capacity-each-5010559687336,تم العثور على سعر فعلي بالجنيه الإسترليني لنفس المنتج (حوالي 7.5-17 جنيه)، والسعر بالريال يعكس ذلك مع هامش استيراد وتوزيع محلي معقول.,True,False
13,332,55806,AUTO-WIRE STRIPPER كلاسا ةيارع,أداة أوتوماتيكية لتعرية عزل الأسلاك الكهربائية.,30.0,EA,48.0,1440.0,DRAPER,UNKNOWN(=BRAND PLACEHOLDER),75,منخفض,تقدير حسب فئة أدوات تعرية الأسلاك الأوتوماتيكية,https://www.drapertools.com,أداة تعرية أسلاك أوتوماتيكية قياسية من درابر.,True,False
13,333,56027,STAPLER ةسابد,دباسة يدوية ثقيلة للاستخدام الصناعي.,28.0,EA,48.0,1344.0,DRAPER,UNKNOWN(=BRAND PLACEHOLDER),90,منخفض,تقدير فئوي لدباسات دريبر اليدوية,https://www.drapertools.com/,دباسة يدوية ثقيلة من دريبر، وهذه الفئة من الدباسات الصناعية اليدوية معتدلة السعر.,True,False
13,334,48435,STAPLER ةسابد,دباسة يدوية ثقيلة للاستخدام الصناعي.,27.0,EA,85.0,2295.0,DRAPER,UNKNOWN(=BRAND PLACEHOLDER),90,منخفض,تقدير فئوي لدباسات دريبر اليدوية,https://www.drapertools.com/,دباسة يدوية ثقيلة من دريبر، وهذه الفئة من الدباسات الصناعية اليدوية معتدلة السعر.,True,False
13,335,48435,STAPLER ةسابد,دباسة يدوية ثقيلة للاستخدام الصناعي.,20.0,EA,85.0,1700.0,DRAPER,UNKNOWN(=BRAND PLACEHOLDER),90,منخفض,تقدير فئوي لدباسات دريبر اليدوية,https://www.drapertools.com/,دباسة يدوية ثقيلة من دريبر، وهذه الفئة من الدباسات الصناعية اليدوية معتدلة السعر.,True,False
13,336,13851,STAPLER ةسابد,دباسة يدوية ثقيلة للاستخدام الصناعي.,19.0,EA,110.0,2090.0,DRAPER,UNKNOWN(=BRAND PLACEHOLDER),90,منخفض,تقدير فئوي لدباسات دريبر اليدوية,https://www.drapertools.com/,دباسة يدوية ثقيلة من دريبر، وهذه الفئة من الدباسات الصناعية اليدوية معتدلة السعر.,True,False
13,337,43364,PLANE ةراف,مسحاج (فارة) خشب يدوي لتسوية أسطح الخشب.,9.0,EA,110.0,990.0,DRAPER,UNKNOWN(=BRAND PLACEHOLDER),170,منخفض,Draper Tools (مرجع عام للماركة),https://www.drapertools.com/,مسحاج خشب يدوي (بلين)، والسعر يعكس متوسط أدوات النجارة اليدوية المماثلة من نفس الماركة.,True,False
13,338,45241,PLANE ةراف,مسحاج (فارة) خشب يدوي لتسوية أسطح الخشب.,11.0,EA,155.0,1705.0,DRAPER,UNKNOWN(=BRAND PLACEHOLDER),170,منخفض,Draper Tools (مرجع عام للماركة),https://www.drapertools.com/,مسحاج خشب يدوي (بلين)، والسعر يعكس متوسط أدوات النجارة اليدوية المماثلة من نفس الماركة.,True,False
13,339,42496,"CLAW HAMMER,8686 برلخم شوكاش",شاكوش مخلبي (كلو هامر) موديل 8686 من دريبر.,45.0,EA,45.0,2025.0,DRAPER,UNKNOWN(=BRAND PLACEHOLDER),75,منخفض,تقدير حسب فئة المنتج,"https://www.amazon.sa/-/en/DIY-Tools-Draper/s?rh=n:12463390031,p_89:Draper",شواكيش الكلو هامر القياسية من دريبر تباع عادة في هذا النطاق السعري.,True,False
13,340,30493,TESTER صحاف,جهاز فحص كهربائي بسيط (قلم فحص جهد) من دريبر.,136.0,EA,38.0,5168.0,DRAPER,UNKNOWN(=BRAND PLACEHOLDER),48,متوسط,Draper Tools - testers category,https://www.drapertools.com/,أجهزة الفحص الكهربائي البسيطة من هذه الفئة تُباع عادة بأقل من 15 جنيهاً إسترلينياً.,True,False
13,341,13657,CRIMPER سبك ةدارز,زردية سبك (كرمبر) خماسية الاستخدامات مع طقم أطراف كهربائية من دريبر.,50.0,EA,25.0,1250.0,DRAPER,UNKNOWN(=BRAND PLACEHOLDER),75,مرتفع,Power Tools Direct / Lawson HIS (Draper 13658),https://www.powertoolsdirect.com/draper-13658-5-way-crimping-tool-terminal-kit-240mm-per-kit-5010559136582,تم العثور على المنتج بالضبط (طقم زردية سبك 5 استخدامات مع أطراف كهربائية) بسعر يتراوح بين 11-17 جنيه إسترليني في المملكة المتحدة، وبالتحويل لتكلفة الاستيراد والسوق السعودي يصبح السعر المقارب حوالي 75 ريال.,True,False
13,342,69176,VDE.LONG NOSE ةلوزعم ليوط زوب ةدارز,كماشة زوز طويل معزولة كهربائياً (VDE) مقاس 200 ملم من دريبر.,50.0,EA,50.0,2500.0,DRAPER,UNKNOWN(=BRAND PLACEHOLDER),150,مرتفع,Toolstop.co.uk official listing,https://www.toolstop.co.uk/draper-69176-vde-approved-fully-insulated-long-nose-pliers-200mm/,تم العثور على قوائم متعددة لنفس الرمز 69176 من دريبر بسعر بين 21-26 جنيهاً إسترلينياً، وهي كماشة معزولة كهربائياً معتمدة لمعايير VDE.,True,False
13,343,9783,S/D كفم,مفك براغي فردي عادي من دريبر.,66.0,SET,40.0,2640.0,DRAPER,UNKNOWN(=BRAND PLACEHOLDER),22,منخفض,تقدير فئوي لمفكات دريبر الفردية,https://www.drapertools.com/,مفك فردي عادي من دريبر، وهذه المفكات الفردية البسيطة رخيصة نسبيًا في جميع الأسواق.,True,False
13,344,29613,S/D كفم,مفك براغي فردي عادي من دريبر.,50.0,SET,110.0,5500.0,DRAPER,UNKNOWN(=BRAND PLACEHOLDER),22,منخفض,تقدير فئوي لمفكات دريبر الفردية,https://www.drapertools.com/,مفك فردي عادي من دريبر، وهذه المفكات الفردية البسيطة رخيصة نسبيًا في جميع الأسواق.,True,False
13,345,64846,"WRECKING BAR,NAIL REMOVER BAR",عصا قلع معدنية (وريكنج بار) لإزالة المسامير والقلع.,34.0,EA,38.0,1292.0,DRAPER,UNKNOWN(=BRAND PLACEHOLDER),55,منخفض,تقدير حسب فئة عصي القلع (وريكنج بار),https://www.drapertools.com,عصا قلع مسامير معدنية قياسية، والتقدير مبني على أسعار الأدوات المماثلة من نفس العلامة.,True,False
13,346,9414,S/D كفم,مفك براغي فردي عادي من دريبر.,50.0,SET,30.0,1500.0,DRAPER,UNKNOWN(=BRAND PLACEHOLDER),22,منخفض,تقدير فئوي لمفكات دريبر الفردية,https://www.drapertools.com/,مفك فردي عادي من دريبر، وهذه المفكات الفردية البسيطة رخيصة نسبيًا في جميع الأسواق.,True,False
13,347,13692,"HACK SAW FRAME,300MM راشنم",إطار منشار يدوي لقص المعادن طول 300 مم.,10.0,EA,30.0,300.0,DRAPER,UNKNOWN(=BRAND PLACEHOLDER),35,متوسط,estimated from category benchmark,https://www.amazon.sa/-/en/b?ie=UTF8&node=16620587031,إطار منشار حديد قياسي 300مم من دريبر يقارب أسعار الإطارات المشابهة في السوق السعودي.,True,False
13,348,44962,"FILE,METAL,SET درابم مقط",مجموعة مبارد معدنية من دريبر.,51.0,SET,68.0,3468.0,DRAPER,UNKNOWN(=BRAND PLACEHOLDER),65,متوسط,Draper Tools - files category,https://www.drapertools.com/,مجموعات المبارد المعدنية الأساسية من دريبر تُباع عادة بين 10-18 جنيهاً إسترلينياً.,True,False
13,349,31563,ST/BRUSH ديدح ةشرق,فرشاة أسلاك معدنية لتنظيف الأسطح.,61.0,EA,18.0,1098.0,DRAPER,UNKNOWN(=BRAND PLACEHOLDER),12,متوسط,تقدير عام لفرش الأسلاك المعدنية,"https://www.amazon.sa/-/en/DIY-Tools-Draper/s?rh=n:12463390031,p_89:Draper",فرشاة الأسلاك المعدنية أداة تنظيف بسيطة رخيصة جداً.,True,False
13,350,13657,CRIMPER سبك ةدارز,زردية سبك (كرمبر) خماسية الاستخدامات مع طقم أطراف كهربائية من دريبر.,61.0,EA,25.0,1525.0,DRAPER,UNKNOWN(=BRAND PLACEHOLDER),75,مرتفع,Power Tools Direct / Lawson HIS (Draper 13658),https://www.powertoolsdirect.com/draper-13658-5-way-crimping-tool-terminal-kit-240mm-per-kit-5010559136582,تم العثور على المنتج بالضبط (طقم زردية سبك 5 استخدامات مع أطراف كهربائية) بسعر يتراوح بين 11-17 جنيه إسترليني في المملكة المتحدة، وبالتحويل لتكلفة الاستيراد والسوق السعودي يصبح السعر المقارب حوالي 75 ريال.,True,False
13,351,22286,"TUBE BENDER,COPPER…ساحن ترساوم ةيانت",أداة يدوية لثني أنابيب النحاس دون تشويهها لأعمال التكييف والسباكة.,24.0,EA,130.0,3120.0,DRAPER,UNKNOWN(=BRAND PLACEHOLDER),180,منخفض,Draper Tools (مرجع عام للماركة),https://www.drapertools.com/,أداة ثني أنابيب النحاس، وتتوافق مع نطاق أسعار أدوات دريبر اليدوية المتخصصة متوسطة الحجم.,True,False
13,352,78915,"PIPE WRENCH 8"" وبملج وبا",مفتاح أنابيب (جلمبو) قابل للتعديل بطول 18 إنش من دريبر.,17.0,EA,48.0,816.0,DRAPER,UNKNOWN(=BRAND PLACEHOLDER),160,مرتفع,Lawson HIS / Sitebox (Draper 78919 قائمة فعلية),https://www.drapertools.com/product/78919/draper-expert-adjustable-pipe-wrench-450mm-65mm/,تم العثور على المنتج بالضبط برمزه 78919 (مفتاح أنابيب قابل للتعديل 450 مم/18 إنش) بأسعار فعلية بين 28-36 جنيهًا إسترلينيًا في السوق البريطاني.,True,False
13,353,78916,"PIPE WRENCH10"" وبملج وبا",مفتاح أنابيب (جلمبو) قابل للتعديل بطول 18 إنش من دريبر.,17.0,EA,60.0,1020.0,DRAPER,UNKNOWN(=BRAND PLACEHOLDER),160,مرتفع,Lawson HIS / Sitebox (Draper 78919 قائمة فعلية),https://www.drapertools.com/product/78919/draper-expert-adjustable-pipe-wrench-450mm-65mm/,تم العثور على المنتج بالضبط برمزه 78919 (مفتاح أنابيب قابل للتعديل 450 مم/18 إنش) بأسعار فعلية بين 28-36 جنيهًا إسترلينيًا في السوق البريطاني.,True,False
13,354,78917,"PIPE WRENCH 12"" وبملج وبا",مفتاح أنابيب (جلمبو) قابل للتعديل بطول 18 إنش من دريبر.,15.0,EA,78.0,1170.0,DRAPER,UNKNOWN(=BRAND PLACEHOLDER),160,مرتفع,Lawson HIS / Sitebox (Draper 78919 قائمة فعلية),https://www.drapertools.com/product/78919/draper-expert-adjustable-pipe-wrench-450mm-65mm/,تم العثور على المنتج بالضبط برمزه 78919 (مفتاح أنابيب قابل للتعديل 450 مم/18 إنش) بأسعار فعلية بين 28-36 جنيهًا إسترلينيًا في السوق البريطاني.,True,False
13,355,78921,"PIPE WRENCH 24"",600MM وبماج وبا",مفتاح أنابيب قابل للتعديل بطول 24 بوصة (600 ملم) من دريبر.,14.0,EA,195.0,2730.0,DRAPER,UNKNOWN(=BRAND PLACEHOLDER),220,مرتفع,Draper Tools official product page,https://www.drapertools.com/product/78921/draper-expert-adjustable-pipe-wrench-600mm-75mm/,تم العثور على الصفحة الرسمية لنفس الرمز 78921 لدى دريبر بسعر 34-41 جنيهاً إسترلينياً شاملاً الضريبة، وهذه مفتاح أنابيب احترافي كبير الحجم (24 بوصة).,True,False
14,356,51762,FLARING TOOL SET جيلفت مقط,طقم أدوات جيلفة (توسيع) أطراف الأنابيب النحاسية من دريبر.,11.0,SET,185.0,2035.0,DRAPER,UNKNOWN(=BRAND PLACEHOLDER),200,منخفض,تقدير حسب فئة المنتج,"https://www.amazon.sa/-/en/DIY-Tools-Draper/s?rh=n:12463390031,p_89:Draper",أطقم أدوات جيلفة الأنابيب النحاسية من دريبر متوسطة السعر ضمن فئة أدوات التبريد والتكييف.,True,False
14,357,88603,"ADJ.WRENCH 250MM,10"" ةنابس",مفتاح فرنسي (قابل للتعديل) بطول 250 مم / 10 بوصة.,21.0,EA,65.0,1365.0,DRAPER,UNKNOWN(=BRAND PLACEHOLDER),55,منخفض,تقدير حسب فئة المفاتيح الفرنسية القابلة للتعديل,https://www.drapertools.com,مفتاح فرنسي قابل للتعديل بطول 250 مم (10 بوصة)، والتقدير مبني على أسعار المفاتيح المماثلة من نفس العلامة.,True,False
14,358,52681,"ADJ,WRENCH 10"" ةنابس",مفتاح إنجليزي قابل للتعديل (Adjustable Wrench) مقاس 10 إنش من دريبر.,13.0,EA,65.0,845.0,DRAPER,UNKNOWN(=BRAND PLACEHOLDER),55,متوسط,Amazon.sa – Draper tools category,"https://www.amazon.sa/-/en/DIY-Tools-Draper/s?rh=n:12463390031,p_89:Draper",سعر تقديري لمفتاح إنجليزي (قابل للتعديل) مقاس 10 إنش من دريبر بناءً على أسعار المفاتيح المماثلة.,True,False
14,359,30063,"ADJ/WRENCH 10"" ةنابس",مفتاح إنجليزي قابل للتعديل بطول 10 بوصات.,16.0,EA,65.0,1040.0,DRAPER,UNKNOWN(=BRAND PLACEHOLDER),45,متوسط,تقدير عام لمفاتيح الأنابيب القابلة للتعديل,https://www.amazon.sa/-/en/b?ie=UTF8&node=16621001031,مفتاح إنجليزي قابل للتعديل مقاس 10 بوصة من الأدوات الشائعة متوسطة السعر.,True,False
14,360,64490,CAR.SQراجن ةيواز,زاوية نجار للقياس والتخطيط.,29.0,EA,35.0,1015.0,DRAPER,UNKNOWN(=BRAND PLACEHOLDER),35,متوسط,تقدير عام لأدوات القياس الزاوية للنجارة,"https://www.amazon.sa/-/en/DIY-Tools-Draper/s?rh=n:12463390031,p_89:Draper",زاوية النجار أداة قياس بسيطة رخيصة نسبياً.,True,False
14,361,31375,CAR.SQراجن ةيواز,زاوية نجار للقياس والتخطيط.,4.0,EA,30.0,120.0,DRAPER,UNKNOWN(=BRAND PLACEHOLDER),35,متوسط,تقدير عام لأدوات القياس الزاوية للنجارة,"https://www.amazon.sa/-/en/DIY-Tools-Draper/s?rh=n:12463390031,p_89:Draper",زاوية النجار أداة قياس بسيطة رخيصة نسبياً.,True,False
14,362,IREGA,"ADJ/WRENCH 10""ةنابس",مفتاح إنجليزي قابل للتعديل بطول 10 بوصات.,1.0,EA,65.0,65.0,DRAPER,UNKNOWN(=BRAND PLACEHOLDER),45,متوسط,تقدير عام لمفاتيح الأنابيب القابلة للتعديل,https://www.amazon.sa/-/en/b?ie=UTF8&node=16621001031,مفتاح إنجليزي قابل للتعديل مقاس 10 بوصة من الأدوات الشائعة متوسطة السعر.,True,False
14,363,EGAMASTER,"ADJ.WRENCH 250MM,10""ةنابس",مفتاح إنجليزي قابل للتعديل بطول 250 ملم (10 بوصة).,5.0,EA,65.0,325.0,DRAPER,UNKNOWN(=BRAND PLACEHOLDER),65,متوسط,معيار فئة مفاتيح دريبر القابلة للتعديل,https://www.drapertools.com/,مفتاح إنجليزي قابل للتعديل مقاس 10 بوصة يقدر وفق أسعار المفاتيح القياسية من دريبر.,True,False
14,364,73070,HEX KEY-FOLDER كى نلا,طقم مفاتيح سداسية (ألن) مطوية على شكل سكين من دريبر.,59.0,SET,38.0,2242.0,DRAPER,UNKNOWN(=BRAND PLACEHOLDER),60,منخفض,تقدير حسب فئة المنتج,"https://www.amazon.sa/-/en/DIY-Tools-Draper/s?rh=n:12463390031,p_89:Draper",طقم مفاتيح ألن المطوية من دريبر يقع عادة في هذا النطاق السعري للأدوات اليدوية متوسطة الجودة.,True,False
14,365,90026,monkey wrench بارغ حاتفم,مفتاح إنجليزي كبير (مونكي رانش) من دريبر.,39.0,ea,45.0,1755.0,DRAPER,UNKNOWN(=BRAND PLACEHOLDER),80,منخفض,تقدير حسب فئة المنتج,"https://www.amazon.sa/-/en/DIY-Tools-Draper/s?rh=n:12463390031,p_89:Draper",المفاتيح الإنجليزية الكبيرة (مونكي رانش) من دريبر متوسطة السعر.,True,False
14,366,90029,monkey wrench بارع حاتغم,مفتاح قرد (بارع) قابل للتعديل من دريبر.,56.0,EA,65.0,3640.0,DRAPER,UNKNOWN(=BRAND PLACEHOLDER),95,متوسط,Draper Tools - wrenches category,https://www.drapertools.com/,مفاتيح القرد الأساسية من دريبر تُباع عادة بين 15-25 جنيهاً إسترلينياً.,True,False
14,367,75299,ر MEASRING TAPE 5M سايق تم,شريط قياس (متر) بطول 5 أمتار.,10.0,EA,18.0,180.0,DRAPER,UNKNOWN(=BRAND PLACEHOLDER),40,متوسط,Noon.com - Stanley Measuring Tape 5m,https://www.noon.com/saudi-en/stanley-measuring-tape-5mtr/ZFC3AC07BD9B3ED360010Z/p/,شريط قياس 5 أمتار من دريبر، سعر متوسط مقارنة بأشرطة القياس المعروفة في السوق السعودي.,True,False
14,368,51637,"CHISEL,FL,ططبم ليمزا",إزميل معدني مفلطح للنجارة والبناء.,10.0,EA,23.0,230.0,DRAPER,UNKNOWN(=BRAND PLACEHOLDER),20,منخفض,estimated from category benchmark,https://www.amazon.sa/-/en/b?ie=UTF8&node=16620587031,إزميل مفلطح من دريبر منخفض الثمن ضمن فئة الإزاميل اليدوية.,True,False
14,369,2890,KNIFE ةنيكس,سكين متعدد الاستخدام (كتر).,26.0,EA,20.0,520.0,DRAPER,UNKNOWN(=BRAND PLACEHOLDER),20,مرتفع,تقدير عام لسكاكين درابر متعددة الاستخدام,"https://www.amazon.sa/-/en/DIY-Tools-Draper/s?rh=n:12463390031,p_89:Draper",سكين استخدام عام من درابر ضمن الأدوات اليدوية الرخيصة الشائعة.,True,False
14,370,8694,KNIFE-DRAPER ةنيكس,سكين قطع (كتر) عام الاستخدام من دريبر.,31.0,EA,15.0,465.0,DRAPER,UNKNOWN(=BRAND PLACEHOLDER),30,متوسط,estimated from category benchmark (Draper utility knives),https://www.drapertools.com/,سكين قطع (كتر) من دريبر ضمن نطاق أسعار سكاكين القطع اليدوية القياسية.,True,False
14,372,9414,S/D SET تاكفم مقط,مجموعة مفكات عامة الاستخدام بمقاسات مختلفة من دريبر.,106.0,SET,40.0,4240.0,DRAPER,UNKNOWN(=BRAND PLACEHOLDER),96,متوسط,Draper Tools - screwdriver sets category,https://www.drapertools.com/hand-tools/screwdrivers/screwdriver-sets/,مجموعات المفكات الأساسية من دريبر تُباع عادة بين 15-25 جنيهاً إسترلينياً في السوق البريطاني.,True,False
14,373,63510,S/D SOCKET HEAD ةبح سار كفم,رأس مفك بشكل مقبس (سوكيت) لإدارة رؤوس البراغي.,28.0,SET,120.0,3360.0,DRAPER,UNKNOWN(=BRAND PLACEHOLDER),70,منخفض,Draper Tools (مرجع عام للماركة),https://www.drapertools.com/,أداة بسيطة صغيرة الحجم من فئة رؤوس المفكات، والسعر يمثل تقديراً عاماً لأدوات دريبر اليدوية الصغيرة المماثلة.,True,False
14,374,27017,TORX S/D SET سدسم كفم,طقم مفكات نجمية (تورکس) بمقاسات متعددة.,37.0,SET,75.0,2775.0,DRAPER,UNKNOWN(=BRAND PLACEHOLDER),130,منخفض,Draper Tools (مرجع عام للماركة),https://www.drapertools.com/,طقم مفكات تورکس، والسعر يقارب متوسط أطقم المفكات المتعددة القطع من نفس الماركة.,True,False
14,375,27029,S/D MECH.SET كىيمتكيم تاكفم مقط,طقم مفكات ميكانيكية (Mechanics Screwdriver Set) من دريبر.,16.0,SET,60.0,960.0,DRAPER,UNKNOWN(=BRAND PLACEHOLDER),100,متوسط,Amazon.sa – Draper tools category,"https://www.amazon.sa/-/en/DIY-Tools-Draper/s?rh=n:12463390031,p_89:Draper",سعر تقديري لطقم مفكات ميكانيكية متعددة الأحجام من دريبر بناءً على أسعار أطقم مماثلة.,True,False
14,376,45362,رر SLIP JOINT PLIER 45362 ةقلتم ةدارز,زردية مفصلية متعددة الأوضاع (سليب چوينت) بمقبض مانع انزلاق.,30.0,EA,47.0,1410.0,DRAPER,UNKNOWN(=BRAND PLACEHOLDER),45,متوسط,Red Box Tools listing (Draper 45362),https://www.redboxtools.com/product/draper-45362-240mm-33mm-capacity-soft-grip-waterpump-pliers/,نفس كود المنتج 45362 وُجد فعلياً كزردية مواسير/مفصلية متعددة الأوضاع بسعر 6.6-7.5 جنيه إسترليني.,True,False
14,377,56618,"رر SLIP JOINT PLIER,56618 ةقلتم ةيدارز",زردية مفصل منزلق (سليب جوينت) من دريبر.,47.0,EA,37.0,1739.0,DRAPER,UNKNOWN(=BRAND PLACEHOLDER),75,منخفض,تقدير حسب فئة المنتج,"https://www.amazon.sa/-/en/DIY-Tools-Draper/s?rh=n:12463390031,p_89:Draper",زراديات المفصل المنزلق (سليب جوينت) من دريبر منتج شائع متوسط السعر.,True,False
14,378,8677,ر CRIMPER-WITH TERMINALS لماتلا عم سبك مقط,طقم مكبس (سبك) أطراف كهربائية مع الأطراف من دريبر.,177.0,EA,20.0,3540.0,DRAPER,UNKNOWN(=BRAND PLACEHOLDER),90,متوسط,Draper Tools - crimping tools category,https://www.drapertools.com/,أطقم الكبس الأساسية مع الأطراف الكهربائية من دريبر تُباع عادة بين 15-25 جنيهاً إسترلينياً.,True,False
14,379,79579,"ر LEVEL,230MM,MAGNITEC ناترم",ميزان تسوية مغناطيسي طوله 230مم من ماركة DRAPER.,5.0,EA,18.0,90.0,DRAPER,UNKNOWN(=BRAND PLACEHOLDER),70,منخفض,Amazon.sa (Draper tools category),https://www.amazon.sa/-/en/b?ie=UTF8&node=16620587031,سعر تقديري لميزان تسوية مغناطيسي صغير بناءً على أسعار أدوات درابر المماثلة في السوق السعودي.,True,False
14,380,9715,"ر LEVEL,BOAT LEVEL ناترم",ميزان ماء صغير الحجم (بوت ليفل) للاستخدامات الدقيقة.,47.0,EA,27.0,1269.0,DRAPER,UNKNOWN(=BRAND PLACEHOLDER),35,متوسط,أسعار موازين المياه الصغيرة (بوت ليفل) في السوق العام,"https://www.amazon.sa/-/en/DIY-Tools-Draper/s?rh=n:12463390031,p_89:Draper",ميزان الماء الصغير من فئة الأدوات الاقتصادية بسعر منخفض نسبياً.,True,False
14,381,2883,KNIFE-DRAPER ةنيكس,سكين قطع (كتر) عام الاستخدام من دريبر.,6.0,KIT,35.0,210.0,DRAPER,UNKNOWN(=BRAND PLACEHOLDER),30,متوسط,estimated from category benchmark (Draper utility knives),https://www.drapertools.com/,سكين قطع (كتر) من دريبر ضمن نطاق أسعار سكاكين القطع اليدوية القياسية.,True,False
14,382,38477,GLASS CUTTER جاجز ةعاطق,قطاعة زجاج يدوية من دريبر.,57.0,EA,35.0,1995.0,DRAPER,UNKNOWN(=BRAND PLACEHOLDER),40,منخفض,تقدير حسب فئة المنتج,"https://www.amazon.sa/-/en/DIY-Tools-Draper/s?rh=n:12463390031,p_89:Draper",قطاعات الزجاج اليدوية البسيطة منتج رخيص نسبيًا في هذا النطاق.,True,False
14,383,54488,DRILL STAND ليرد ةدعاق-دناتس,قاعدة (ستاند) عمودية لتثبيت المثقاب من دريبر.,11.0,EA,185.0,2035.0,DRAPER,UNKNOWN(=BRAND PLACEHOLDER),264,مرتفع,Rapid Electronics / Power Tools Direct - Draper 54488,https://www.rapidonline.com/draper-54488-vertical-drill-stand-91-6152,تم العثور على نفس الكود بالضبط بسعر يتراوح بين 55-66 جنيهاً إسترلينياً لدى عدة موزعين بريطانيين.,True,False
14,384,69234,S/D VDE لوزعم كفم,طقم مفكات معزولة كهربائيًا (VDE) مكون من 11 قطعة من دريبر.,26.0,SET,235.0,6110.0,DRAPER,UNKNOWN(=BRAND PLACEHOLDER),220,مرتفع,Power Tools Direct / My Motor World (Draper 69234),https://www.drapertools.com/product/69234/vde-approved-fully-insulated-screwdriver-set-11-piece/,تم العثور على المنتج بالضبط برمزه 69234 (طقم مفكات معزولة 11 قطعة معتمدة VDE) بأسعار فعلية تتراوح بين 22-72 جنيهًا إسترلينيًا في السوق البريطاني.,True,False
14,385,90CM,ر 900MM-9514 مس90 ناترم,ميزان ماء (مستوى) بطول 90 سم من دريبر.,45.0,EA,55.0,2475.0,DRAPER,UNKNOWN(=BRAND PLACEHOLDER),96,متوسط,Draper Tools - spirit levels category,https://www.drapertools.com/,موازين الماء المماثلة بهذا الطول (90 سم) من دريبر تُباع عادة بين 15-25 جنيهاً إسترلينياً.,True,False
14,386,90CM,ر 900MM-9514 مس90 ناترم,ميزان ماء (مستوى) بطول 90 سم من دريبر.,25.0,EA,55.0,1375.0,DRAPER,UNKNOWN(=BRAND PLACEHOLDER),96,متوسط,Draper Tools - spirit levels category,https://www.drapertools.com/,موازين الماء المماثلة بهذا الطول (90 سم) من دريبر تُباع عادة بين 15-25 جنيهاً إسترلينياً.,True,False
14,387,90CM,ر 900MM-9514 مس90 ناترم,ميزان ماء (مستوى) بطول 90 سم من دريبر.,9.0,EA,55.0,495.0,DRAPER,UNKNOWN(=BRAND PLACEHOLDER),96,متوسط,Draper Tools - spirit levels category,https://www.drapertools.com/,موازين الماء المماثلة بهذا الطول (90 سم) من دريبر تُباع عادة بين 15-25 جنيهاً إسترلينياً.,True,False
15,388,90CM,ر 900MM-9514 مس90 ناترم,ميزان ماء (مستوى) بطول 90 سم من دريبر.,10.0,EA,55.0,550.0,DRAPER,UNKNOWN(=BRAND PLACEHOLDER),96,متوسط,Draper Tools - spirit levels category,https://www.drapertools.com/,موازين الماء المماثلة بهذا الطول (90 سم) من دريبر تُباع عادة بين 15-25 جنيهاً إسترلينياً.,True,False
15,389,120CM,ر 1200MM-9515-LEVEL م1.2 ناترم,ميزان مياه (مسطرة تسوية) بطول 1.2 متر.,39.0,EA,60.0,2340.0,DRAPER,UNKNOWN(=BRAND PLACEHOLDER),170,منخفض,Draper Tools (مرجع عام للماركة),https://www.drapertools.com/,ميزان مياه (مسطرة تسوية) طويل بطول 1.2 متر، وهي أداة قياس بناء شائعة متوسطة التكلفة.,True,False
15,390,40394,TOOL CASE ةبيقح,حقيبة أو صندوق لحمل وتنظيم العدد اليدوية من دريبر.,12.0,EA,185.0,2220.0,DRAPER,UNKNOWN(=BRAND PLACEHOLDER),110,منخفض,تقدير حسب فئة المنتج,"https://www.amazon.sa/-/en/DIY-Tools-Draper/s?rh=n:12463390031,p_89:Draper",حقائب وصناديق حمل العدد من دريبر متوسطة الحجم تباع عادة ضمن هذا النطاق.,True,False
15,391,71166,MAGNETIC BIT HOLDER طنغمم بوبح كسام,حامل بوابح (بت) مغناطيسي من دريبر.,22.0,EA,40.0,880.0,DRAPER,UNKNOWN(=BRAND PLACEHOLDER),25,منخفض,تقدير حسب فئة المنتج,"https://www.amazon.sa/-/en/DIY-Tools-Draper/s?rh=n:12463390031,p_89:Draper",حاملات البوابح المغناطيسية أدوات بسيطة ومنخفضة التكلفة، ويمثل عائلة من 3 مقاسات.,True,False
15,392,34196,"SPRING DIVIDER,O/S حىراخ لجرب",فرجار ربيعي خارجي للقياس والرسم الهندسي.,16.0,EA,35.0,560.0,DRAPER,UNKNOWN(=BRAND PLACEHOLDER),35,متوسط,تقدير عام للفرجار الربيعي,"https://www.amazon.sa/-/en/DIY-Tools-Draper/s?rh=n:12463390031,p_89:Draper",الفرجار الربيعي أداة رسم هندسي بسيطة رخيصة نسبياً.,True,False
15,393,34237,"SPRING DIVIDER,O/S حىراخ لجرب",فرجار ربيعي خارجي للقياس والرسم الهندسي.,16.0,EA,35.0,560.0,DRAPER,UNKNOWN(=BRAND PLACEHOLDER),35,متوسط,تقدير عام للفرجار الربيعي,"https://www.amazon.sa/-/en/DIY-Tools-Draper/s?rh=n:12463390031,p_89:Draper",الفرجار الربيعي أداة رسم هندسي بسيطة رخيصة نسبياً.,True,False
15,394,41933,SCRA[ER/STRIPPER ةيارعو ةطشقم,أداة يدوية للكشط وإزالة الورق أو الطلاء القديم.,37.0,EA,35.0,1295.0,DRAPER,UNKNOWN(=BRAND PLACEHOLDER),35,منخفض,تقدير حسب فئة أدوات الكشط والتعرية اليدوية,https://www.drapertools.com,أداة كشط/تعرية يدوية بسيطة، رخيصة الثمن نسبياً بشكل معتاد.,True,False
15,395,13459,MAGNETIC BIT HOLDER طنغمم بوبح كسام,حامل بوابح (بت) مغناطيسي من دريبر.,17.0,KIT,35.0,595.0,DRAPER,UNKNOWN(=BRAND PLACEHOLDER),25,منخفض,تقدير حسب فئة المنتج,"https://www.amazon.sa/-/en/DIY-Tools-Draper/s?rh=n:12463390031,p_89:Draper",حاملات البوابح المغناطيسية أدوات بسيطة ومنخفضة التكلفة، ويمثل عائلة من 3 مقاسات.,True,False
15,396,48566,TOOL BOX ةدع قودنص,صندوق أدوات معدني أو بلاستيكي متوسط الحجم من دريبر.,7.0,EA,285.0,1995.0,DRAPER,UNKNOWN(=BRAND PLACEHOLDER),95,متوسط,Draper Tools - tool boxes category,https://www.drapertools.com/,صناديق الأدوات الأساسية من دريبر بهذا الحجم تُباع عادة بين 15-30 جنيهاً إسترلينياً.,True,False
15,397,86674,TOOL BOX ةدع قودنص,صندوق أدوات معدني أو بلاستيكي متوسط الحجم من دريبر.,8.0,EA,180.0,1440.0,DRAPER,UNKNOWN(=BRAND PLACEHOLDER),95,متوسط,Draper Tools - tool boxes category,https://www.drapertools.com/,صناديق الأدوات الأساسية من دريبر بهذا الحجم تُباع عادة بين 15-30 جنيهاً إسترلينياً.,True,False
15,398,86672,TOOL BOX 86674-ةدع قودنص,صندوق أدوات معدني أو بلاستيكي متوسط الحجم من دريبر.,4.0,EA,155.0,620.0,DRAPER,UNKNOWN(=BRAND PLACEHOLDER),95,متوسط,Draper Tools - tool boxes category,https://www.drapertools.com/,صناديق الأدوات الأساسية من دريبر بهذا الحجم تُباع عادة بين 15-30 جنيهاً إسترلينياً.,True,False
15,399,19674,PIN PUNCH درط كنس,كنس (طرد) دبوس معدني من دريبر.,50.0,EA,70.0,3500.0,DRAPER,UNKNOWN(=BRAND PLACEHOLDER),30,متوسط,Draper Tools - punches category,https://www.drapertools.com/,أدوات الطرد الأساسية من دريبر تُباع عادة بأقل من 8 جنيهات إسترلينية.,True,False
15,400,54488,DRILL STAND ليرد ةدعاق-دناتس,قاعدة (ستاند) عمودية لتثبيت المثقاب من دريبر.,13.0,EA,220.0,2860.0,DRAPER,UNKNOWN(=BRAND PLACEHOLDER),264,مرتفع,Rapid Electronics / Power Tools Direct - Draper 54488,https://www.rapidonline.com/draper-54488-vertical-drill-stand-91-6152,تم العثور على نفس الكود بالضبط بسعر يتراوح بين 55-66 جنيهاً إسترلينياً لدى عدة موزعين بريطانيين.,True,False
15,401,55360,IMPACT WR ءاوهلا لىع حاتفم,مفتاح صدمي هوائي ثقيل الخدمة مقاس 1/2 بوصة مع ملحقاته من دريبر.,9.0,EA,560.0,5040.0,DRAPER,UNKNOWN(=BRAND PLACEHOLDER),581,مرتفع,AllTheSupplies UK - listing مطابق للكود 55360,https://www.allthesupplies.com/1-2-square-drive-heavy-duty-air-impact-wrench-kit-15-piece.html,تم العثور على السعر الفعلي لنفس الكود 55360 لدى متجر بريطاني متخصص وهو 121 جنيهاً إسترلينياً شاملاً الملحقات.,True,False
15,402,64210,SPRAY GUN ةيوب سدسم,مسدس رش دهان يدوي يعمل بالهواء المضغوط.,5.0,EA,200.0,1000.0,DRAPER,UNKNOWN(=BRAND PLACEHOLDER),130,متوسط,تقدير عام لمسدسات رش الدهان,"https://www.amazon.sa/-/en/DIY-Tools-Draper/s?rh=n:12463390031,p_89:Draper",مسدس رش الدهان اليدوي من أدوات الطلاء متوسطة السعر.,True,False
15,403,89707,FEED SPARY GUN ةيوب سدسم,مسدس رش يدوي لتغذية السوائل أو الشحم.,3.0,EA,275.0,825.0,DRAPER,UNKNOWN(=BRAND PLACEHOLDER),110,منخفض,تقدير حسب فئة مسدسات الرش/التغذية,https://www.drapertools.com,مسدس رش يدوي قياسي، والتقدير مبني على أسعار أدوات الرش المشابهة.,True,False
15,404,9709,FEED SPARY GUN ةيوب سدسم,مسدس رش يدوي لتغذية السوائل أو الشحم.,3.0,EA,165.0,495.0,DRAPER,UNKNOWN(=BRAND PLACEHOLDER),110,منخفض,تقدير حسب فئة مسدسات الرش/التغذية,https://www.drapertools.com,مسدس رش يدوي قياسي، والتقدير مبني على أسعار أدوات الرش المشابهة.,True,False
15,405,65865,FEED SPARY GUN ةيوب سدسم,مسدس رش يدوي لتغذية السوائل أو الشحم.,1.0,EA,155.0,155.0,DRAPER,UNKNOWN(=BRAND PLACEHOLDER),110,منخفض,تقدير حسب فئة مسدسات الرش/التغذية,https://www.drapertools.com,مسدس رش يدوي قياسي، والتقدير مبني على أسعار أدوات الرش المشابهة.,True,False
15,406,62226,CRIMPER سبك ةدارز,زردية سبك (كرمبر) خماسية الاستخدامات مع طقم أطراف كهربائية من دريبر.,43.0,EA,50.0,2150.0,DRAPER,UNKNOWN(=BRAND PLACEHOLDER),75,مرتفع,Power Tools Direct / Lawson HIS (Draper 13658),https://www.powertoolsdirect.com/draper-13658-5-way-crimping-tool-terminal-kit-240mm-per-kit-5010559136582,تم العثور على المنتج بالضبط (طقم زردية سبك 5 استخدامات مع أطراف كهربائية) بسعر يتراوح بين 11-17 جنيه إسترليني في المملكة المتحدة، وبالتحويل لتكلفة الاستيراد والسوق السعودي يصبح السعر المقارب حوالي 75 ريال.,True,False
15,407,10263,MIRROR كىيناكيم ةيارم,مرآة فحص ميكانيكية بمقبض طويل.,50.0,EA,25.0,1250.0,DRAPER,UNKNOWN(=BRAND PLACEHOLDER),20,متوسط,تقدير عام لمرايا الفحص الميكانيكية,"https://www.amazon.sa/-/en/DIY-Tools-Draper/s?rh=n:12463390031,p_89:Draper",مرايا الفحص الميكانيكية اليدوية أداة بسيطة رخيصة الثمن.,True,False
15,408,52616,TIMING LIGHT تاركبلا ترس طباض,مصباح ضبط توقيت شرارة المحرك (Timing Light) من دريبر.,6.0,EA,130.0,780.0,DRAPER,UNKNOWN(=BRAND PLACEHOLDER),190,منخفض,estimated from category benchmark,https://mdttools.com/shop/,سعر تقديري لمصباح توقيت شرارة المحرك (Timing Light) من دريبر بمقارنته بأجهزة ضبط التوقيت المماثلة.,True,False
15,409,79345,"DRILL BIT SET,MM,25PC شير مقط",طقم مقطات حفر (ريش) بمقاسات مليمترية مكون من 25 قطعة.,1.0,SET,295.0,295.0,DRAPER,UNKNOWN(=BRAND PLACEHOLDER),80,متوسط,PS Trading Company - Drill Bits (Saudi Arabia),https://www.pstradingksa.com/collections/drill-bits,طقم مقطات حديد 25 قطعة مقاسات مليمترية يقارب أسعار أطقم المقطات المماثلة في السوق السعودي.,True,False
15,410,43697,"DRILL BIT SET 1/16-1/2-INCH,29PCشير مقط",طقم ريش حفر من الفولاذ عالي السرعة بمقاسات متعددة.,1.0,SET,395.0,395.0,DRAPER,UNKNOWN(=BRAND PLACEHOLDER),150,متوسط,معيار فئة أطقم ريش الحفر,https://www.drapertools.com/,طقم ريش حفر HSS مكون من 29 قطعة بمقاسات 1/16 إلى 1/2 بوصة يقدر وفق أسعار الأطقم المماثلة.,True,False
15,411,41375,TRY SQ.ةيواز,زاوية قياس نجارية (فرد زاوية) بمقبض خشبي ونصل فولاذي.,30.0,EA,48.0,1440.0,DRAPER,UNKNOWN(=BRAND PLACEHOLDER),70,مرتفع,Power Tools Direct / London Home Gems listings,https://www.powertoolsdirect.com,وُجد سعر فعلي حديث بالجنيه الإسترليني (9.8-11 جنيه) لنفس كود درابر 41375 من عدة موزعين بريطانيين.,True,False
15,412,41375,TRY SQ.ةيواز,زاوية قياس نجارية (فرد زاوية) بمقبض خشبي ونصل فولاذي.,0.0,EA,35.0,0.0,DRAPER,UNKNOWN(=BRAND PLACEHOLDER),70,مرتفع,Power Tools Direct / London Home Gems listings,https://www.powertoolsdirect.com,وُجد سعر فعلي حديث بالجنيه الإسترليني (9.8-11 جنيه) لنفس كود درابر 41375 من عدة موزعين بريطانيين.,True,False
15,413,64507,TRY SQ.ةيواز,زاوية قياس نجارية (فرد زاوية) بمقبض خشبي ونصل فولاذي.,4.0,EA,38.0,152.0,DRAPER,UNKNOWN(=BRAND PLACEHOLDER),70,مرتفع,Power Tools Direct / London Home Gems listings,https://www.powertoolsdirect.com,وُجد سعر فعلي حديث بالجنيه الإسترليني (9.8-11 جنيه) لنفس كود درابر 41375 من عدة موزعين بريطانيين.,True,False
15,414,68872,"SINK,PIPE CLEANER ترساوم فيظنت ةتسوس",أداة سوسته لتسليك وتنظيف مواسير الصرف والأحواض.,14.0,EA,25.0,350.0,DRAPER,UNKNOWN(=BRAND PLACEHOLDER),65,منخفض,استدلال من فئة أدوات تسليك المواسير,https://www.drapertools.com/,سوسته تنظيف المواسير والأحواض تقدر وفق أسعار أدوات السباكة اليدوية.,True,False
15,415,19782,RIVERTER ماشرب ةيدارز,زردية برشام (ريفيتر) من ماركة DRAPER.,0.0,KIT,70.0,0.0,DRAPER,UNKNOWN(=BRAND PLACEHOLDER),65,منخفض,Amazon.sa (Draper tools category),https://www.amazon.sa/-/en/b?ie=UTF8&node=16620999031,سعر تقديري لزردية برشام بناءً على أسعار زراديق درابر المماثلة.,True,False
15,416,43855,HOLESAW KIT-7PCS شيوخت مقط,طقم مناشير كور (هول ساو) لثقب دوائر في الخشب والمعدن، يحتوي على 7 قطع.,14.0,KIT,180.0,2520.0,DRAPER,UNKNOWN(=BRAND PLACEHOLDER),170,منخفض,Draper Tools (مرجع عام للماركة),https://www.drapertools.com/,طقم مناشير كور (هول ساو) من 7 قطع، وطقم مشابه من دريبر بعدد أكبر (11 قطعة) وُجد بسعر أعلى، فالتقدير هنا لطقم أصغر.,True,False
15,417,13658,CRIMPER سبك ةدارز,زردية سبك (كرمبر) خماسية الاستخدامات مع طقم أطراف كهربائية من دريبر.,201.0,KIT,48.0,9648.0,DRAPER,UNKNOWN(=BRAND PLACEHOLDER),75,مرتفع,Power Tools Direct / Lawson HIS (Draper 13658),https://www.powertoolsdirect.com/draper-13658-5-way-crimping-tool-terminal-kit-240mm-per-kit-5010559136582,تم العثور على المنتج بالضبط (طقم زردية سبك 5 استخدامات مع أطراف كهربائية) بسعر يتراوح بين 11-17 جنيه إسترليني في المملكة المتحدة، وبالتحويل لتكلفة الاستيراد والسوق السعودي يصبح السعر المقارب حوالي 75 ريال.,True,False
15,418,13658,CRIMPER سبك ةدارز,زردية سبك (كرمبر) خماسية الاستخدامات مع طقم أطراف كهربائية من دريبر.,24.0,KIT,48.0,1152.0,DRAPER,UNKNOWN(=BRAND PLACEHOLDER),75,مرتفع,Power Tools Direct / Lawson HIS (Draper 13658),https://www.powertoolsdirect.com/draper-13658-5-way-crimping-tool-terminal-kit-240mm-per-kit-5010559136582,تم العثور على المنتج بالضبط (طقم زردية سبك 5 استخدامات مع أطراف كهربائية) بسعر يتراوح بين 11-17 جنيه إسترليني في المملكة المتحدة، وبالتحويل لتكلفة الاستيراد والسوق السعودي يصبح السعر المقارب حوالي 75 ريال.,True,False
15,419,3240,"30M,RINGING LINE كيتسلاب-ءانب طيخ",خيط بناء (تسقيط) بلاستيكي طوله 30 مترًا من دريبر.,13.0,ROLL,67.0,871.0,DRAPER,UNKNOWN(=BRAND PLACEHOLDER),18,متوسط,Amazon.sa – Draper tools category,"https://www.amazon.sa/-/en/DIY-Tools-Draper/s?rh=n:12463390031,p_89:Draper",سعر تقديري لخيط بناء بلاستيكي طول 30م من دريبر بناءً على أسعار خيوط البناء المماثلة.,True,False
15,420,34477,FILE CLEANER فيظنت درابم مفط,فرشاة/مشط لتنظيف المبارد من الرايش المتراكم.,22.0,EA,13.0,286.0,DRAPER,UNKNOWN(=BRAND PLACEHOLDER),15,منخفض,estimated from category benchmark,https://www.amazon.sa/-/en/b?ie=UTF8&node=16620587031,منظف مبارد أداة صغيرة رخيصة تقدر من فئة العدد اليدوية الصغيرة.,True,False
16,421,10409,VALVE CYL.GRINDING تامامصلا خلج ةادا,أداة يدوية لجلخ وتلميس صمامات المحرك.,51.0,EA,7.0,357.0,DRAPER,UNKNOWN(=BRAND PLACEHOLDER),65,منخفض,استدلال من فئة أدوات جلخ الصمامات,https://www.drapertools.com/,أداة جلخ صمامات الأسطوانات تقدر وفق أسعار أدوات صيانة المحركات المتخصصة.,True,True
16,422,14097,S/D METAL حىررهاوج كفم,مفك براغي دقيق للمعادن (نوع جواهرجي).,50.0,SET,20.0,1000.0,DRAPER,UNKNOWN(=BRAND PLACEHOLDER),30,متوسط,تقدير عام لأطقم مفكات الساعات والمجوهرات,https://www.amazon.sa/-/en/b?ie=UTF8&node=16620587031,مفك للمعادن الدقيقة (مفك جواهرجي) أداة صغيرة رخيصة الثمن.,True,False
16,423,20644,S/D COLOR كفم,مفك يدوي بمقبض ملون.,18.0,SET,25.0,450.0,DRAPER,UNKNOWN(=BRAND PLACEHOLDER),30,متوسط,تقدير عام لمفكات درابر الملونة,"https://www.amazon.sa/-/en/DIY-Tools-Draper/s?rh=n:12463390031,p_89:Draper",مفك ملون من درابر ضمن الأدوات اليدوية الرخيصة الشائعة.,True,False
16,424,43402,"ر AIR TREATMENT FILTER,REG, سفنت تلف مظنم",وحدة مجمعة لتنقية وتنظيم ضغط الهواء المضغوط لأدوات الهواء.,4.0,EA,380.0,1520.0,DRAPER,UNKNOWN(=BRAND PLACEHOLDER),450,متوسط,Tooled-Up listing (منتج مشابه من نفس السلسلة),https://www.tooled-up.com,وُجد سعر فعلي لوحدة فلتر/منظم/مزيت مشابهة من درابر بحدود 108 جنيه إسترليني، وتم تعديل التقدير لوحدة أصغر بنفس الفئة.,True,False
16,425,79565,AIR DIE GRINDER ءاوهلا لىع خلج خوراص,جلاخة صغيرة (داي جرايندر) تعمل بالهواء المضغوط من دريبر.,12.0,KIT,140.0,1680.0,DRAPER,UNKNOWN(=BRAND PLACEHOLDER),150,منخفض,تقدير حسب فئة المنتج,"https://www.amazon.sa/-/en/DIY-Tools-Draper/s?rh=n:12463390031,p_89:Draper",جلاخات الداي جرايندر الهوائية من دريبر معدات ورشة متوسطة السعر.,True,False
16,426,55108,NUT SPLITER ليماوص لصاف,أداة تكسير الصواميل المتصلبة أو الصدئة من دريبر.,13.0,SET,100.0,1300.0,DRAPER,UNKNOWN(=BRAND PLACEHOLDER),90,متوسط,Draper Tools - nut splitters category,https://www.drapertools.com/,أدوات تكسير الصواميل الأساسية من دريبر تُباع عادة بين 15-25 جنيهاً إسترلينياً.,True,False
16,427,20556,DIE GRINDER ءاوهلا لىع خوراص,صاروخ هواء (مسنّة قالب) يعمل بالهواء المضغوط يُستخدم للتجليخ والتشطيب في الورش من دريبر.,32.0,SET,170.0,5440.0,DRAPER,UNKNOWN(=BRAND PLACEHOLDER),168,متوسط,Draper Tools - air die grinder category,https://www.drapertools.com/product/83736/air-die-grinder-kit-15-piece/,أسعار صواريخ الهواء (مسنّات القالب) المماثلة من دريبر في السوق البريطاني تتراوح بين 25-50 جنيهاً إسترلينياً، ولم يُعثر على الكود المحدد فاعتُمد متوسط الفئة بعد التحويل لريال سعودي.,True,False
16,428,71166,MAGNETIC BIT HOLDER طنغمم بوبح كسام,حامل بوابح (بت) مغناطيسي من دريبر.,18.0,EA,20.0,360.0,DRAPER,UNKNOWN(=BRAND PLACEHOLDER),25,منخفض,تقدير حسب فئة المنتج,"https://www.amazon.sa/-/en/DIY-Tools-Draper/s?rh=n:12463390031,p_89:Draper",حاملات البوابح المغناطيسية أدوات بسيطة ومنخفضة التكلفة، ويمثل عائلة من 3 مقاسات.,True,False
16,429,55108,NUT SPLITER ليماوص لصاف,أداة تكسير الصواميل المتصلبة أو الصدئة من دريبر.,31.0,SET,100.0,3100.0,DRAPER,UNKNOWN(=BRAND PLACEHOLDER),90,متوسط,Draper Tools - nut splitters category,https://www.drapertools.com/,أدوات تكسير الصواميل الأساسية من دريبر تُباع عادة بين 15-25 جنيهاً إسترلينياً.,True,False
16,430,69266,"ر PLIER,160MM,COMB.كتشم ةيدا رز",كماشة مشتركة (كومبنيشن) بطول 160مم.,7.0,EA,18.0,126.0,DRAPER,UNKNOWN(=BRAND PLACEHOLDER),35,متوسط,Tolsen Saudi Arabia - Combination Pliers,https://tolsentools.com.sa/products/combination-pliers,كماشة مشتركة (كومبنيشن) بطول 160مم من علامة متوسطة الجودة.,True,False
16,431,69284,FLAP WHEEL 60GRIT ةشرف,عجلة صنفرة ريشية درجة خشونة 60.,18.0,EA,28.0,504.0,DRAPER,UNKNOWN(=BRAND PLACEHOLDER),20,مرتفع,تقدير عام لعجلات الصنفرة الريشية,"https://www.amazon.sa/-/en/DIY-Tools-Draper/s?rh=n:12463390031,p_89:Draper",عجلة صنفرة ريشية درجة خشونة 60 من ملحقات الجلخ الاستهلاكية الرخيصة.,True,False
16,432,68891,"PLIER,SIDE CUTTER,160MM ةعاطق",كماشة قص جانبي (قطع أسلاك) مقاس 180 ملم من دريبر.,16.0,EA,37.0,592.0,DRAPER,UNKNOWN(=BRAND PLACEHOLDER),110,متوسط,Draper Tools (مرجع عام للماركة، مقارنة مع 68884),https://www.drapertools.com/product/68884/draper-expert-heavy-duty-soft-grip-combination-pliers-180mm/,كماشة قص جانبي بنفس فئة كماشات دريبر الاحترافية 180 ملم التي وُجد سعرها الرسمي، لذا يقارب سعرها ذلك النطاق.,True,False
16,433,38896,WIRE TWISTING PLIER كلاسا فل ةيدارز,زردية متخصصة لفتل ولف الأسلاك المعدنية.,79.0,EA,120.0,9480.0,DRAPER,UNKNOWN(=BRAND PLACEHOLDER),110,منخفض,تقدير فئوي لزرادي لف الأسلاك المتخصصة,https://www.drapertools.com/,زردية متخصصة لفتل/لف الأسلاك من دريبر، وهي أداة متخصصة أغلى قليلاً من الزرادي العادية.,True,False
16,434,68884,"ر PLIER,COMB,180MM كتشم ةيدارز",زردية مشتركة (كومبنيشن) مقاس 180 مم من دريبر.,56.0,EA,40.0,2240.0,DRAPER,UNKNOWN(=BRAND PLACEHOLDER),55,منخفض,تقدير حسب فئة المنتج,"https://www.amazon.sa/-/en/DIY-Tools-Draper/s?rh=n:12463390031,p_89:Draper",الزراديات المشتركة القياسية بهذا المقاس من دريبر متوفرة عادة بأسعار قريبة من هذا التقدير.,True,False
16,435,44146,"PLIER,SIDE CUTTER,180MM ةعاطق",كماشة قص جانبي (قطع أسلاك) مقاس 180 ملم من دريبر.,94.0,EA,25.0,2350.0,DRAPER,UNKNOWN(=BRAND PLACEHOLDER),110,متوسط,Draper Tools (مرجع عام للماركة، مقارنة مع 68884),https://www.drapertools.com/product/68884/draper-expert-heavy-duty-soft-grip-combination-pliers-180mm/,كماشة قص جانبي بنفس فئة كماشات دريبر الاحترافية 180 ملم التي وُجد سعرها الرسمي، لذا يقارب سعرها ذلك النطاق.,True,False
16,436,69170,"ر PLIER,VDE,160MM,COMB.ةلوزعم كتشم ةيدارز",زردية تركيب معزولة كهربائياً (VDE) مقاس 160 مم.,27.0,EA,50.0,1350.0,DRAPER,UNKNOWN(=BRAND PLACEHOLDER),85,متوسط,Everyday Welding Supplies listing,https://www.everydayweldingsupplies.com/draper-expert-160mm-vde-combination-pliers,وُجد سعر فعلي حديث لنفس كود درابر 69170 بحدود 13.8 يورو من موزع أوروبي متخصص.,True,False
16,437,44146,"PLIER,SIDE CUTTER,180MMةعاطق ةيدارز",زردية قص جانبي (قطع أسلاك) بطول 180 مليمتر.,24.0,EA,25.0,600.0,DRAPER,UNKNOWN(=BRAND PLACEHOLDER),55,متوسط,estimated from category benchmark (side cutting pliers),https://www.drapertools.com/,زردية قص جانبي بطول 180مم من دريبر ضمن نطاق أسعار زرديات القطع القياسية.,True,False
16,438,69171,"PLIER,VDE,COMB.180MM ةلوزعم ةعاطق ةيدارز",زردية مشتركة معزولة كهربائيًا (VDE) مقاس 180 مم من دريبر.,40.0,EA,50.0,2000.0,DRAPER,UNKNOWN(=BRAND PLACEHOLDER),120,منخفض,تقدير حسب فئة المنتج,"https://www.amazon.sa/-/en/DIY-Tools-Draper/s?rh=n:12463390031,p_89:Draper",مشابهة لبند الزردية المعزولة الآخر من دريبر، وتقع في نفس النطاق السعري لفئة VDE.,True,False
16,439,69184,"رر PLIER,VDE,WATER PUMP ةلوزعم ةقلتم ةدارز",زردية مضخة ماء معزولة كهربائيًا (VDE) من دريبر.,25.0,EA,85.0,2125.0,DRAPER,UNKNOWN(=BRAND PLACEHOLDER),120,منخفض,تقدير حسب فئة المنتج,"https://www.amazon.sa/-/en/DIY-Tools-Draper/s?rh=n:12463390031,p_89:Draper",الزراديات المعزولة (VDE) من دريبر أعلى سعرًا من الزراديات العادية بسبب طبقة العزل الكهربائي المعتمدة.,True,False
16,440,45362,"رر AND 56618,WATER PUMP PLIERةقلتم ةيدارز",زردية مضخة ماء من دريبر، مشابهة للطراز 56618.,48.0,EA,35.0,1680.0,DRAPER,UNKNOWN(=BRAND PLACEHOLDER),75,منخفض,تقدير حسب فئة المنتج,"https://www.amazon.sa/-/en/DIY-Tools-Draper/s?rh=n:12463390031,p_89:Draper",زردية مضخة ماء مشابهة لبند آخر في هذه القائمة (56618) من نفس العلامة، وتم اعتماد نفس النطاق السعري.,True,False
16,441,69179,"PLIER,VDE ,DIAGONAL CUTTER 180MMةعاطق ةلوزعم",زردية قطع قطري معزولة كهربائياً (VDE) مقاس 180 مم.,25.0,EA,55.0,1375.0,DRAPER,UNKNOWN(=BRAND PLACEHOLDER),95,متوسط,سعر منتج مشابه من نفس سلسلة درابر VDE (69170),https://www.everydayweldingsupplies.com/draper-expert-160mm-vde-combination-pliers,وُجد سعر فعلي لمنتج مشابه من نفس عائلة درابر VDE المعزولة (69170) بحدود 13.8 يورو، وتم تعديل التقدير لأداة القطع القطري الأكبر قليلاً.,True,False
16,442,45362,"رر WATER PUMP PLIER,240MM ةقلتم ةدارز",زردية مواسير مياه (Water Pump Plier) بطول 240 مم.,29.0,EA,35.0,1015.0,DRAPER,UNKNOWN(=BRAND PLACEHOLDER),45,متوسط,أسعار زراديات المياه (Water Pump Pliers) في تولسن السعودية,https://tolsentools.com.sa/products/water-pump-pliers-1,زردية مواسير مياه مقاس 240مم قريبة من متوسط أسعار الزراديات المماثلة في السوق السعودي.,True,False
16,443,38275,"WIRE STRIPPER,ةيارع",أداة عري وقص الأسلاك الكهربائية (Wire Stripper) من دريبر.,8.0,EA,118.0,944.0,DRAPER,UNKNOWN(=BRAND PLACEHOLDER),40,متوسط,Amazon.sa – Draper tools category,"https://www.amazon.sa/-/en/DIY-Tools-Draper/s?rh=n:12463390031,p_89:Draper",سعر تقديري لأداة عري أسلاك كهربائية من دريبر بناءً على أسعار أدوات مماثلة.,True,False
16,444,69183,"PLIER,VDE,WIRE STRIPPER 160MM",كماشة تعرية أسلاك كهربائية معزولة (VDE) مقاس 160 ملم.,59.0,EA,50.0,2950.0,DRAPER,UNKNOWN(=BRAND PLACEHOLDER),160,منخفض,Draper Tools (مرجع عام للماركة),https://www.drapertools.com/,كماشة تعرية أسلاك معزولة من فئة VDE للسلامة الكهربائية، وتتوافق مع نطاق أسعار كماشات دريبر المعزولة المماثلة.,True,False
16,445,69178,"PLIER,VDE,DIAGONAL SIDE CUTTER 160",زردية قص جانبية معزولة كهربائيًا (VDE Diagonal Cutter) مقاس 160مم من دريبر.,15.0,EA,55.0,825.0,DRAPER,UNKNOWN(=BRAND PLACEHOLDER),80,متوسط,Amazon.sa – Draper tools category,"https://www.amazon.sa/-/en/DIY-Tools-Draper/s?rh=n:12463390031,p_89:Draper",سعر تقديري لزردية قص جانبية معزولة (VDE) مقاس 160مم من دريبر بناءً على أسعار الزرديات المعزولة المماثلة.,True,False
16,446,44143,"PLIER,LONG NOSE,200MM",زردية أنف طويل (Long Nose Pliers) مقاس 200مم من دريبر.,33.0,EA,25.0,825.0,DRAPER,UNKNOWN(=BRAND PLACEHOLDER),50,متوسط,Amazon.sa – Draper tools category,"https://www.amazon.sa/-/en/DIY-Tools-Draper/s?rh=n:12463390031,p_89:Draper",سعر تقديري لزردية أنف طويل مقاس 200مم من دريبر بناءً على أسعار الزرديات المماثلة.,True,False
16,447,68883,"PLIER,COMB,160MM",كماشة مشتركة (كومبنيشن) مقاس 160 ملم من دريبر.,51.0,EA,45.0,2295.0,DRAPER,UNKNOWN(=BRAND PLACEHOLDER),140,مرتفع,Draper Tools (مقارنة مباشرة مع الرمز 68884),https://www.drapertools.com/product/68884/draper-expert-heavy-duty-soft-grip-combination-pliers-180mm/,كماشة مشتركة (كومبنيشن) مقاس 160 ملم، وهي أصغر قليلاً من الرمز 68884 (180 ملم) الذي وُجد سعره الرسمي بين 13-25 جنيهاً إسترلينياً، لذا السعر مقارب مع فارق طفيف للأسفل.,True,False
16,448,68884,"PLIER,COMB.180MM",كماشة مشتركة (كومبنيشن) مقاس 180 ملم من دريبر بمقبض مانع للانزلاق.,63.0,EA,47.0,2961.0,DRAPER,UNKNOWN(=BRAND PLACEHOLDER),150,مرتفع,Draper Tools official product page,https://www.drapertools.com/product/68884/draper-expert-heavy-duty-soft-grip-combination-pliers-180mm/,تم العثور على الصفحة الرسمية لنفس الرمز 68884 لدى دريبر وأمازون البريطانية بأسعار بين 13-25 جنيهاً إسترلينياً، والسعر المقدر يشمل هامش الاستيراد والتوزيع في السوق السعودي.,True,False
16,449,69265,END CUTTER,زردية قطع طرفي تستخدم لقص الأسلاك والمسامير من طرفها.,5.0,EA,135.0,675.0,DRAPER,UNKNOWN(=BRAND PLACEHOLDER),55,متوسط,estimated from category benchmark (end cutters),https://www.drapertools.com/,زردية قطع طرفي (إند كتر) من دريبر ضمن نطاق أسعار زرديات القطع القياسية.,True,False
16,450,14027,"240MM,SLEF SHEET METAL WORK",مقص صاج (شيت ميتال) مقاس 240مم من ماركة DRAPER.,1.0,EA,55.0,55.0,DRAPER,UNKNOWN(=BRAND PLACEHOLDER),65,منخفض,Amazon.sa (Draper tools category),https://www.amazon.sa/-/en/b?ie=UTF8&node=16620999031,سعر تقديري لمقص صاج بناءً على أسعار أدوات أعمال الصاج المماثلة.,True,False
17,451,81642,"SELF GRIP C CLAMP,280MM",مشبك تثبيت على شكل حرف C بطول فتحة 280 ملم.,8.0,EA,45.0,360.0,DRAPER,UNKNOWN(=BRAND PLACEHOLDER),85,متوسط,معيار فئة مشابك سي (C-Clamp),https://www.drapertools.com/,مشبك سي ذاتي الشد بطول 280مم يقدر وفق أسعار المشابك المماثلة من دريبر.,True,False
17,452,33836,SELF GRIP METAL WORK 3PC,طقم 3 قطع زرديات قفل ذاتية القبض لأعمال المعادن من دريبر.,6.0,kit,145.0,870.0,DRAPER,UNKNOWN(=BRAND PLACEHOLDER),130,منخفض,estimated from category benchmark,"https://www.amazon.sa/-/en/DIY-Tools-Draper/s?rh=n:12463390031,p_89:Draper",سعر تقديري لطقم 3 قطع زرديات قفل ذاتية القبض لأعمال المعادن من دريبر بناءً على أسعار أطقم مماثلة.,True,False
17,453,37870,7PC FLARING TOOL KIT,طقم أدوات لعمل تفليج (توسيع) نهايات الأنابيب النحاسية من 7 قطع.,4.0,kit,185.0,740.0,DRAPER,UNKNOWN(=BRAND PLACEHOLDER),280,متوسط,estimated from category benchmark (Draper flaring kits),https://www.drapertools.com/,طقم تفليج أنابيب من 7 قطع من دريبر يقع ضمن نطاق أسعار أطقم التفليج اليدوية المماثلة.,True,False
17,454,40390,QUICK RELEASE DPV 70MM,مشبك تحرير سريع (كوك ريليز) مقاس 70مم.,2.0,EA,60.0,120.0,DRAPER,UNKNOWN(=BRAND PLACEHOLDER),45,منخفض,estimated from category benchmark,https://tolsentools.com.sa/products/f-clamp,مشبك تحرير سريع مقاس 70مم، سعر تقديري بناءً على أدوات التثبيت اليدوية المماثلة.,True,False
17,455,29586,"S/D BIT-RATCHET,",مقبض رنج للمفكات مع أطراف قابلة للتبديل.,16.0,EA,35.0,560.0,DRAPER,UNKNOWN(=BRAND PLACEHOLDER),40,متوسط,تقدير عام لمقابض الرنج مع أطراف مفكات,"https://www.amazon.sa/-/en/DIY-Tools-Draper/s?rh=n:12463390031,p_89:Draper",مقبض رنج يعمل مع أطراف المفكات، أداة يدوية درابر متوسطة السعر.,True,False
17,456,36583,AITOMOTIVE TESTER 6-24V,جهاز فحص دارات كهربائية للسيارات يعمل على 6-24 فولت من دريبر.,123.0,EA,40.0,4920.0,DRAPER,UNKNOWN(=BRAND PLACEHOLDER),58,متوسط,Draper Tools - circuit testers category,https://www.drapertools.com/,أجهزة الفحص الأساسية لدارات السيارات من هذه الفئة تُباع بأقل من 15 جنيهاً إسترلينياً.,True,False
17,457,37347,SHIPPING HAMMER,شاكوش شحن (تعبئة) ثقيل من دريبر.,77.0,EA,25.0,1925.0,DRAPER,UNKNOWN(=BRAND PLACEHOLDER),100,منخفض,تقدير حسب فئة المنتج,"https://www.amazon.sa/-/en/DIY-Tools-Draper/s?rh=n:12463390031,p_89:Draper",شواكيش الشحن الثقيلة من دريبر أعلى سعرًا من الشواكيش العادية بسبب وزنها ومتانتها.,True,False
17,458,9227,"5M,MEASURING TAPE",شريط قياس (متر) بطول 5 أمتار.,13.0,EA,10.0,130.0,DRAPER,UNKNOWN(=BRAND PLACEHOLDER),40,متوسط,Noon.com - Stanley Measuring Tape 5m,https://www.noon.com/saudi-en/stanley-measuring-tape-5mtr/ZFC3AC07BD9B3ED360010Z/p/,شريط قياس 5 أمتار مطابق لسجلات مماثلة من نفس العلامة.,True,False
17,459,61094,CRIMPING PLIER TV CABLES,كماشة كبس (كرمبنغ) لموصلات كابلات التلفزيون المحورية.,10.0,EA,270.0,2700.0,DRAPER,UNKNOWN(=BRAND PLACEHOLDER),130,منخفض,Draper Tools (مرجع عام للماركة),https://www.drapertools.com/,كماشة كبس لكابلات التلفزيون (كوكس)، والسعر يتوافق مع أدوات الكبس المتخصصة الصغيرة من نفس الماركة.,True,False
17,460,44053,HEX RATCHET CRIMPER,زردية سبك (كرمبر) سداسية بآلية راتشيت.,29.0,ea,280.0,8120.0,DRAPER,UNKNOWN(=BRAND PLACEHOLDER),220,منخفض,تقدير فئوي لزرادي السبك السداسية الراتشيتية,https://www.drapertools.com/,زردية سبك سداسية بآلية راتشيت من دريبر، وهذه الأدوات المتخصصة للسبك الكهربائي أغلى من زرادي السبك اليدوية البسيطة.,True,False
17,461,35574,220MM CRIMPING TOOL,أداة كبس (كريمبينج) للأسلاك الكهربائية طول 220 مم من دريبر.,6.0,ea,290.0,1740.0,DRAPER,UNKNOWN(=BRAND PLACEHOLDER),100,منخفض,تقدير حسب فئة المنتج,"https://www.amazon.sa/-/en/DIY-Tools-Draper/s?rh=n:12463390031,p_89:Draper",أدوات كبس (كريمبينج) الأسلاك الكهربائية من دريبر متوسطة السعر.,True,False
17,462,88293,SELF GRIP PLIER 3PC,طقم زرادي قفل ذاتي (فايس جريب) من 3 قطع بمقاسات مختلفة من دريبر.,48.0,ea,130.0,6240.0,DRAPER,UNKNOWN(=BRAND PLACEHOLDER),130,مرتفع,Power Tools Direct (Draper 88293 قائمة فعلية),https://www.powertoolsdirect.com/draper-88293-soft-grip-self-grip-pliers-set-3-piece-per-set-5010559882939,تم العثور على المنتج بالضبط برمزه 88293 بسعر فعلي 26.46 جنيهًا إسترلينيًا (سعر خاص) في السوق البريطاني، وبعد التحويل يقترب السعر من هذا التقدير.,True,False
17,463,35371,"SELF GRIP PLIER,ST.190MM",زردية قفل ذاتية القبض (Self Grip / Mole Grip Pliers) مقاس 250مم من دريبر.,3.0,ea,26.0,78.0,DRAPER,UNKNOWN(=BRAND PLACEHOLDER),70,متوسط,Amazon.sa – Draper tools category,"https://www.amazon.sa/-/en/DIY-Tools-Draper/s?rh=n:12463390031,p_89:Draper",سعر تقديري لزردية قفل ذاتية القبض (فيس جريب) مقاس 250مم من دريبر بناءً على أسعار مماثلة.,True,False
17,464,89124,"SELF GRIP PLIER,ST.250MM",زردية قفل ذاتية القبض (Self Grip / Mole Grip Pliers) مقاس 250مم من دريبر.,22.0,ea,40.0,880.0,DRAPER,UNKNOWN(=BRAND PLACEHOLDER),70,متوسط,Amazon.sa – Draper tools category,"https://www.amazon.sa/-/en/DIY-Tools-Draper/s?rh=n:12463390031,p_89:Draper",سعر تقديري لزردية قفل ذاتية القبض (فيس جريب) مقاس 250مم من دريبر بناءً على أسعار مماثلة.,True,False
17,465,9215,VISE CURVED-225MM,منجلة ورشة (Bench Vise) منحنية الفكين مقاس 225مم من دريبر.,43.0,ea,20.0,860.0,DRAPER,UNKNOWN(=BRAND PLACEHOLDER),280,منخفض,estimated from category benchmark,https://industrialtool.shop/,سعر تقديري لمنجلة (فيس) منحنية الفكين مقاس 225مم من دريبر بناءً على أسعار المناجل المماثلة.,True,True
17,466,89126,SELF GRIP LONG NOSE,زردية قفل ذاتية (فيس جريب) بفك طويل من دريبر.,47.0,EA,45.0,2115.0,DRAPER,UNKNOWN(=BRAND PLACEHOLDER),75,منخفض,تقدير حسب فئة المنتج,"https://www.amazon.sa/-/en/DIY-Tools-Draper/s?rh=n:12463390031,p_89:Draper",زراديات القفل الذاتي بفك طويل من دريبر تقع عادة ضمن هذا النطاق السعري.,True,False
17,467,11903,"vise grip 7"" long nose",كماشة قفل ذاتية بأنف طويل 7 بوصة.,15.0,ea,36.0,540.0,DRAPER,UNKNOWN(=BRAND PLACEHOLDER),35,مرتفع,تقدير عام لكماشات القفل درابر 7 بوصة,"https://www.amazon.sa/-/en/DIY-Tools-Draper/s?rh=n:12463390031,p_89:Draper",كماشة قفل (فايس جريب) بأنف طويل 7 بوصة من درابر ضمن الأدوات اليدوية الشائعة الرخيصة.,True,False
17,468,69924,TYRE P.GAUGE,مقياس ضغط هواء الإطارات اليدوي.,21.0,ea,55.0,1155.0,DRAPER,UNKNOWN(=BRAND PLACEHOLDER),20,متوسط,تقدير عام لمقاييس ضغط الإطارات,"https://www.amazon.sa/-/en/DIY-Tools-Draper/s?rh=n:12463390031,p_89:Draper",مقياس ضغط الإطارات اليدوي أداة رخيصة شائعة الاستخدام.,True,False
17,469,43133,POCKET AIR BLOW GUN,مسدس نفخ هواء جيبي صغير.,46.0,ea,26.0,1196.0,DRAPER,UNKNOWN(=BRAND PLACEHOLDER),25,متوسط,تقدير عام لمسدسات نفخ الهواء الجيبية,https://www.pclairtechnology.com/couplings-adaptors,مسدس نفخ الهواء الجيبي أداة صغيرة رخيصة الثمن ضمن ملحقات الهواء المضغوط.,True,False
17,470,73072,"HEX KEY,BALL POINT,",مفتاح ألن (سداسي) برأس كروية مفرد من دريبر.,25.0,SET,35.0,875.0,DRAPER,UNKNOWN(=BRAND PLACEHOLDER),12,متوسط,Amazon.sa – Draper tools category,"https://www.amazon.sa/-/en/DIY-Tools-Draper/s?rh=n:12463390031,p_89:Draper",سعر تقديري لمفتاح ألن برأس كروية مفرد من دريبر بناءً على أسعار مفاتيح الألن المماثلة.,True,False
17,471,71388,"LED LIGHT ,HEAD 4AA",كشاف إضاءة LED يُلبس على الرأس ويعمل بـ4 بطاريات AA.,35.0,EA,45.0,1575.0,DRAPER,UNKNOWN(=BRAND PLACEHOLDER),65,منخفض,تقدير حسب فئة كشافات الرأس درابر,https://www.drapertools.com,لم يُعثر على سعر مباشر، والتقدير مبني على أسعار كشافات رأس LED المماثلة التي تعمل بـ4 بطاريات AA.,True,False
17,472,39669,CLAW PICK UP S/D,أداة التقاط بمخالب لالتقاط القطع الصغيرة.,12.0,EA,15.0,180.0,DRAPER,UNKNOWN(=BRAND PLACEHOLDER),45,منخفض,estimated from category benchmark,https://www.amazon.sa/-/en/b?ie=UTF8&node=16620933031,أداة التقاط مرنة بمخالب لجمع القطع الصغيرة في الأماكن الضيقة.,True,False
17,473,71462,WIPPER ARM PULLER,أداة لسحب وفك ذراع مساحات زجاج السيارة.,5.0,EA,45.0,225.0,DRAPER,UNKNOWN(=BRAND PLACEHOLDER),25,منخفض,estimated from category benchmark,https://www.amazon.sa/-/en/b?ie=UTF8&node=16620587031,أداة سحب ذراع المساحات أداة متخصصة صغيرة للسيارات.,True,False
17,474,52335,CALIPER WIND BACK,فرجار (كاليبر) قابل للف الخلفي (Wind Back).,8.0,EA,130.0,1040.0,DRAPER,UNKNOWN(=BRAND PLACEHOLDER),90,متوسط,تقدير عام للفرجار الرقمي القابل للف الخلفي,"https://www.amazon.sa/-/en/DIY-Tools-Draper/s?rh=n:12463390031,p_89:Draper",الفرجار (كاليبر) بخاصية اللف الخلفي أداة قياس دقيقة متوسطة السعر.,True,False
17,475,63637,REV.PUNCH PLIER 2.0-4.5MM,زردية (بنسة) تخريم عكسي (ريفرس بنش) مقاس 2.0-4.5 مم.,5.0,EA,40.0,200.0,DRAPER,UNKNOWN(=BRAND PLACEHOLDER),35,منخفض,estimated from category benchmark,https://www.amazon.sa/-/en/b?ie=UTF8&node=16620587031,زردية تخريم عكسي مقاس 2.0-4.5مم أداة متخصصة سعرها متوسط.,True,False
17,476,37442,COMPRESSION TYESTER,جهاز فحص ضغط الاسطوانات (كمبريشن تستر) من ماركة DRAPER.,1.0,EA,79.0,79.0,DRAPER,UNKNOWN(=BRAND PLACEHOLDER),200,منخفض,Amazon.sa (Draper tools category),https://www.amazon.sa/-/en/b?ie=UTF8&node=16620999031,سعر تقديري لجهاز فحص ضغط الاسطوانات بناءً على أسعار أدوات تشخيص السيارات المماثلة.,True,False
17,477,73071,"HEX,Afكى نلا",مفتاح ألين (هكس) سداسي الشكل.,10.0,SET,30.0,300.0,DRAPER,UNKNOWN(=BRAND PLACEHOLDER),25,منخفض,تقدير حسب فئة مفاتيح الألين (هكس),https://www.drapertools.com,طقم أو مفتاح ألين (هكس) قياسي، رخيص الثمن نسبياً بشكل معتاد.,True,False
17,478,73071,"HEX,Afكى نلا",مفتاح ألين (هكس) سداسي الشكل.,33.0,SET,30.0,990.0,DRAPER,UNKNOWN(=BRAND PLACEHOLDER),25,منخفض,تقدير حسب فئة مفاتيح الألين (هكس),https://www.drapertools.com,طقم أو مفتاح ألين (هكس) قياسي، رخيص الثمن نسبياً بشكل معتاد.,True,False
17,479,73073,"HEX,BALL,AF ةروك سار كى نلا",طقم مفاتيح سداسية برأس كروي بمقاسات إنشية من دريبر.,38.0,SET,30.0,1140.0,DRAPER,UNKNOWN(=BRAND PLACEHOLDER),70,متوسط,Draper Tools - hex keys category,https://www.drapertools.com/,أطقم مفاتيح الألين الأساسية من دريبر تُباع عادة بين 10-18 جنيهاً إسترلينياً.,True,False
17,480,73072,"HEX,BALL,AF ةروك سار كى نلا",طقم مفاتيح سداسية برأس كروي بمقاسات إنشية من دريبر.,11.0,SET,30.0,330.0,DRAPER,UNKNOWN(=BRAND PLACEHOLDER),70,متوسط,Draper Tools - hex keys category,https://www.drapertools.com/,أطقم مفاتيح الألين الأساسية من دريبر تُباع عادة بين 10-18 جنيهاً إسترلينياً.,True,False
17,481,73072,"HEX,BALL,AF ةروك سار كى نلا",طقم مفاتيح سداسية برأس كروي بمقاسات إنشية من دريبر.,10.0,SET,30.0,300.0,DRAPER,UNKNOWN(=BRAND PLACEHOLDER),70,متوسط,Draper Tools - hex keys category,https://www.drapertools.com/,أطقم مفاتيح الألين الأساسية من دريبر تُباع عادة بين 10-18 جنيهاً إسترلينياً.,True,False
17,482,73073,"HEX,BALL,AF ةروك سار كى نلا",طقم مفاتيح سداسية برأس كروي بمقاسات إنشية من دريبر.,36.0,SET,30.0,1080.0,DRAPER,UNKNOWN(=BRAND PLACEHOLDER),70,متوسط,Draper Tools - hex keys category,https://www.drapertools.com/,أطقم مفاتيح الألين الأساسية من دريبر تُباع عادة بين 10-18 جنيهاً إسترلينياً.,True,False
17,483,73043,"HEX,BALL,AF ةروك سار كى نلا",طقم مفاتيح سداسية برأس كروي بمقاسات إنشية من دريبر.,17.0,SET,28.0,476.0,DRAPER,UNKNOWN(=BRAND PLACEHOLDER),70,متوسط,Draper Tools - hex keys category,https://www.drapertools.com/,أطقم مفاتيح الألين الأساسية من دريبر تُباع عادة بين 10-18 جنيهاً إسترلينياً.,True,False
18,484,73043,"HEX,BALL,AF ةروك سار كى نلا",طقم مفاتيح سداسية برأس كروي بمقاسات إنشية من دريبر.,16.0,SET,28.0,448.0,DRAPER,UNKNOWN(=BRAND PLACEHOLDER),70,متوسط,Draper Tools - hex keys category,https://www.drapertools.com/,أطقم مفاتيح الألين الأساسية من دريبر تُباع عادة بين 10-18 جنيهاً إسترلينياً.,True,False
18,485,69924,TYRE P.GAUGE تارفكلا طغض سايق,مقياس ضغط هواء الإطارات من دريبر.,48.0,EA,45.0,2160.0,DRAPER,UNKNOWN(=BRAND PLACEHOLDER),45,منخفض,تقدير حسب فئة المنتج,"https://www.amazon.sa/-/en/DIY-Tools-Draper/s?rh=n:12463390031,p_89:Draper",مقاييس ضغط الإطارات اليدوية من دريبر منتج بسيط ومنخفض التكلفة نسبيًا في هذا النطاق.,True,False
18,486,69730,D.HANDLE WITH SCREEN CUTTER تارارب عطاق كيبابشلا,أداة قص شبك النوافذ بمقبض على شكل حرف D.,8.0,EA,130.0,1040.0,DRAPER,UNKNOWN(=BRAND PLACEHOLDER),35,متوسط,تقدير عام لأدوات قص شبك النوافذ,"https://www.amazon.sa/-/en/DIY-Tools-Draper/s?rh=n:12463390031,p_89:Draper",أداة قص شبك النوافذ بمقبض D أداة بسيطة متوسطة السعر.,True,False
18,487,18053,HOLE SAW KIT 6 BLADE شيزخت مقط,طقم مناشير ثقب دائري بست شفرات مختلفة الأقطار.,23.0,SET,55.0,1265.0,DRAPER,UNKNOWN(=BRAND PLACEHOLDER),90,متوسط,تقدير حسب أطقم مناشير الثقب (Hole Saw) العامة,https://www.amazon.sa/-/en/b?ie=UTF8&node=16621040031,أطقم مناشير الثقب الصغيرة بعدد 6 شفرات تقع عادة بين 70-120 ريال.,True,False
18,488,79990,ROLLER FRAME رللور,هيكل حامل رول (فرشاة) الطلاء.,24.0,EA,20.0,480.0,DRAPER,UNKNOWN(=BRAND PLACEHOLDER),20,مرتفع,تقدير عام لهياكل رول الطلاء,"https://www.amazon.sa/-/en/DIY-Tools-Draper/s?rh=n:12463390031,p_89:Draper",هيكل حامل رول طلاء بسيط من الأدوات الاستهلاكية الرخيصة جداً.,True,False
18,489,39224,"SCISSORS,CU/ALU.CUTTER موينملاو ساحن صقم",مقص متخصص لقطع كابلات النحاس والألمنيوم.,63.0,EA,36.0,2268.0,DRAPER,UNKNOWN(=BRAND PLACEHOLDER),140,منخفض,Draper Tools (مرجع عام للماركة),https://www.drapertools.com/,مقص خاص لقطع كابلات النحاس والألمنيوم، وهو أداة كهربائية متخصصة متوسطة التكلفة.,True,False
18,490,54503,STETHOSCOPE كىيناكيم ةعامس,سماعة ميكانيكي لتشخيص أعطال المحرك من دريبر.,29.0,EA,48.0,1392.0,DRAPER,UNKNOWN(=BRAND PLACEHOLDER),50,متوسط,Draper Tools - mechanic's tools category,https://www.drapertools.com/,سماعات الميكانيكي الأساسية من دريبر تُباع عادة بأقل من 15 جنيهاً إسترلينياً.,True,False
18,491,27591,SCREW HOLDING/2PC SET جودزم كفم,طقم مكون من قطعتين لحمل وتثبيت البراغي أثناء التركيب.,6.0,SET,45.0,270.0,DRAPER,UNKNOWN(=BRAND PLACEHOLDER),20,منخفض,estimated from category benchmark,https://www.amazon.sa/-/en/b?ie=UTF8&node=16620587031,طقم مفك مزدوج لحمل البراغي أداة صغيرة متخصصة رخيصة الثمن.,True,False
18,492,45783,"VICE 6""ةمزلم",منجلة (زردية تثبيت) منضدية بحجم فك 6 إنش من دريبر.,21.0,EA,400.0,8400.0,DRAPER,UNKNOWN(=BRAND PLACEHOLDER),280,منخفض,تقدير فئوي للمنجلات المنضدية 6 إنش,https://www.drapertools.com/,منجلة منضدية بحجم 6 إنش من دريبر، وهي أصغر من نظيرتها 8 إنش وبالتالي أرخص قليلاً منها.,True,False
18,493,45317,bybass secatur-WOODةعارز ضقم,مقص تقليم أشجار وحدائق نوع باي باس.,27.0,EA,55.0,1485.0,DRAPER,UNKNOWN(=BRAND PLACEHOLDER),75,منخفض,تقدير حسب فئة مقصات التقليم درابر,https://www.drapertools.com,مقص تقليم حدائق قياسي (باي باس)، والتقدير مبني على أسعار مقصات درابر المشابهة.,True,False
18,494,76779,"tinmans snip set,3pcs ةبح 3 تاضقم مقط",طقم مقصات صفائح (تينمان) من 3 قطع من دريبر.,20.0,SET,90.0,1800.0,DRAPER,UNKNOWN(=BRAND PLACEHOLDER),120,منخفض,تقدير حسب فئة المنتج,"https://www.amazon.sa/-/en/DIY-Tools-Draper/s?rh=n:12463390031,p_89:Draper",أطقم مقصات الصفائح المكونة من 3 قطع من دريبر أعلى سعرًا قليلًا من القطعة المفردة.,True,False
18,495,43862,4 WAY WRENCH عىابر ةكابس حاتفم,مفتاح صليب رباعي الاتجاهات لفك وتركيب عجلات السيارات.,7.0,EA,35.0,245.0,DRAPER,UNKNOWN(=BRAND PLACEHOLDER),50,منخفض,estimated from category benchmark,https://www.amazon.sa/-/en/b?ie=UTF8&node=16620587031,مفتاح رباعي الاتجاهات (صليب) لعجلات السيارات سعره متوسط ضمن عدد السيارات.,True,False
18,496,11534,HYD.BRAKE HOSE CLAMP تازوه ةدارز,مشبك (كلامب) لخراطيم الفرامل الهيدروليكية.,14.0,EA,18.0,252.0,DRAPER,UNKNOWN(=BRAND PLACEHOLDER),20,منخفض,estimated from category benchmark,https://www.amazon.sa/-/en/b?ie=UTF8&node=16620587031,مشبك خراطيم فرامل هيدروليكية أداة صغيرة رخيصة الثمن.,True,False
18,497,73183,DIGITAL TYRE GAUGE ةيمقر تارفكلا سايق,جهاز رقمي لقياس ضغط هواء الإطارات.,6.0,EA,70.0,420.0,DRAPER,UNKNOWN(=BRAND PLACEHOLDER),90,متوسط,Toolstation / Draper Tools,https://www.toolstation.com/draper-digital-tyre-pressure-gauge/p25108,أسعار مقاييس ضغط الإطارات الرقمية من دريبر تتراوح بين 10-28 جنيه إسترليني في المصادر البريطانية.,True,False
18,498,43134,AIR BLOW GUN ءاوه سدسم,مسدس نفخ هواء (إير بلو جن) بضغط الهواء.,24.0,EA,20.0,480.0,DRAPER,UNKNOWN(=BRAND PLACEHOLDER),40,مرتفع,تقدير عام لمسدسات نفخ الهواء الهوائية,"https://www.amazon.sa/-/en/DIY-Tools-Draper/s?rh=n:12463390031,p_89:Draper",مسدس نفخ هواء بسيط من الملحقات الهوائية الرخيصة الشائعة.,True,False
18,499,89716,DOWN LIGHT HOLE SAW KIT بشخ شيوخت مقط,طقم مناشير دائرية (هول سو) بأقطار مخصصة لثقب فتحات الإضاءة السقفية في الجبس.,13.0,EA,55.0,715.0,DRAPER,UNKNOWN(=BRAND PLACEHOLDER),110,متوسط,estimated from category benchmark (Draper hole saw kits),https://www.drapertools.com/,طقم مناشير دائرية لثقب الإضاءة السقفية من دريبر ضمن نطاق أسعار أطقم مناشير الثقب المماثلة.,True,False
18,500,13743,VOLTAGE/METAL DETECTOR تلوفلا سايق,جهاز يدوي للكشف عن الجهد الكهربائي والمعادن داخل الجدران.,34.0,EA,45.0,1530.0,DRAPER,UNKNOWN(=BRAND PLACEHOLDER),65,منخفض,تقدير حسب فئة كاشفات الجهد والمعادن درابر,https://www.drapertools.com,لم يُعثر على سعر مباشر لكود درابر 13743، والتقدير مبني على أسعار كاشفات الجهد/المعادن المشابهة في الجدران.,True,False
18,501,9519,ر SPIRIT LEVEL 230MM ءام ناترم,ميزان ماء صغير (تربيدو) طول 230 مم من دريبر.,86.0,EA,22.0,1892.0,DRAPER,UNKNOWN(=BRAND PLACEHOLDER),42,منخفض,تقدير حسب فئة المنتج,"https://www.amazon.sa/-/en/DIY-Tools-Draper/s?rh=n:12463390031,p_89:Draper",موازين الماء الصغيرة (تربيدو) من دريبر منتج اقتصادي شائع الاستخدام.,True,False
18,502,19754,OBSTRUCTION SPANNER فوكعم حاتفم,مفتاح ربط منحني الشكل يستخدم للوصول إلى الصواميل في الأماكن الضيقة أو المعوقة.,52.0,SET,65.0,3380.0,DRAPER,UNKNOWN(=BRAND PLACEHOLDER),120,منخفض,Draper Tools (مرجع عام للماركة),https://www.drapertools.com/,مفتاح العوائق (Obstruction Spanner) أداة متخصصة قليلة الاستخدام، والسعر يعكس متوسط أسعار مفاتيح دريبر الفردية المشابهة في تركيبها وحجمها.,True,False
18,503,49417,TILE CUTTER طلبم ةيدارز,أداة/زردية لقطع وكسر البلاط من دريبر.,50.0,EA,35.0,1750.0,DRAPER,UNKNOWN(=BRAND PLACEHOLDER),55,منخفض,تقدير حسب فئة المنتج,"https://www.amazon.sa/-/en/DIY-Tools-Draper/s?rh=n:12463390031,p_89:Draper",زراديات وأدوات قطع البلاط اليدوية من دريبر متوسطة التكلفة.,True,False
18,504,42989,TORCH LIGHT شروت,كشاف إضاءة يدوي محمول (تورش لايت).,16.0,ea,35.0,560.0,DRAPER,UNKNOWN(=BRAND PLACEHOLDER),35,متوسط,تقدير عام لكشافات درابر الصغيرة,"https://www.amazon.sa/-/en/DIY-Tools-Draper/s?rh=n:12463390031,p_89:Draper",كشاف يدوي (شعلة إضاءة) من درابر ضمن فئة الإضاءة الرخيصة.,True,False
18,505,5175,"LED LIGHT ,شروت",كشاف إضاءة LED من ماركة DRAPER.,2.0,EA,30.0,60.0,DRAPER,UNKNOWN(=BRAND PLACEHOLDER),40,منخفض,Amazon.sa (Draper tools category),https://www.amazon.sa/-/en/b?ie=UTF8&node=16620999031,سعر تقديري لكشاف LED محمول بناءً على أسعار كشافات درابر المماثلة.,True,False
18,506,10094,FEELER GAUGE رليييف,مقياس فراغات (فيلر جيج) من ماركة DRAPER.,3.0,EA,15.0,45.0,DRAPER,UNKNOWN(=BRAND PLACEHOLDER),30,منخفض,Amazon.sa (Draper tools category),https://www.amazon.sa/-/en/b?ie=UTF8&node=16620999031,سعر تقديري لمقياس فراغات بناءً على أسعار أدوات القياس اليدوية المماثلة.,True,False
18,507,41438,DECARB BRUSH FLAT TOP ةيرئاد ةشرف,فرشاة دائرية مسطحة لإزالة الترسبات الكربونية.,26.0,EA,15.0,390.0,DRAPER,UNKNOWN(=BRAND PLACEHOLDER),35,منخفض,استدلال من فئة فرش سلكية,https://www.drapertools.com/,فرشاة دائرية مسطحة لتنظيف الكربون تقع ضمن فئة الفرش الصناعية الرخيصة.,True,False
18,508,41431,ROTARY WIRE BRUSH ةيرئاد ةشرف,فرشاة سلك دوارة لإزالة الصدأ.,8.0,EA,15.0,120.0,DRAPER,UNKNOWN(=BRAND PLACEHOLDER),18,متوسط,Amazon.sa - Hand Tools,https://www.amazon.sa/-/en/b?ie=UTF8&node=16620567031,فرشاة سلك دوارة لتنظيف الصدأ، سلعة استهلاكية اقتصادية.,True,False
18,509,41437,DECARB BRUSH FLAT TOP ةيرئاد ةشرف,فرشاة دائرية مسطحة لإزالة الترسبات الكربونية.,2.0,EA,15.0,30.0,DRAPER,UNKNOWN(=BRAND PLACEHOLDER),35,منخفض,استدلال من فئة فرش سلكية,https://www.drapertools.com/,فرشاة دائرية مسطحة لتنظيف الكربون تقع ضمن فئة الفرش الصناعية الرخيصة.,True,False
18,510,56177,COMB.2/3 LEG PULLER لجر 3و 2 ةنيجرز,نازعة مدمجة بـ2 أو 3 أرجل لسحب التروس والمحامل من دريبر.,14.0,ea,150.0,2100.0,DRAPER,UNKNOWN(=BRAND PLACEHOLDER),150,منخفض,تقدير حسب فئة المنتج,"https://www.amazon.sa/-/en/DIY-Tools-Draper/s?rh=n:12463390031,p_89:Draper",نازعات التروس المدمجة (2/3 أرجل) أعلى سعرًا من الأدوات اليدوية البسيطة لتعدد استخداماتها.,True,False
18,511,56178,HYD.HUB PULLER تابوه ةنيجرز,زرجينة هيدروليكية لخلع طبات العجل (Hydraulic Hub Puller) من دريبر.,3.0,ea,290.0,870.0,DRAPER,UNKNOWN(=BRAND PLACEHOLDER),380,منخفض,estimated from category benchmark (Sykes hydraulic pullers),https://sykes-pickavant.com/collections/hydraulic-pullers-kits,سعر تقديري لزرجينة هيدروليكية لخلع طبات العجل من دريبر بمقارنتها بزرجينات هيدروليكية مماثلة.,True,False
18,512,68614,COIL SPRING COMPRESSOR تادعاسم ةنيجرز,أداة ضغط نابض التعليق (الكويل سبرنج) تستخدم بأمان أثناء فك وتركيب المساعدات.,3.0,SET,230.0,690.0,DRAPER,UNKNOWN(=BRAND PLACEHOLDER),150,متوسط,estimated from category benchmark (coil spring compressors),https://www.drapertools.com/,زرزانة (كماشة) ضغط نابض تعليق من دريبر تباع عادة كزوج، ضمن نطاق أسعار أدوات النوابض.,True,False
18,513,82805,HEEL BAR رويل,عتلة رفع معدنية ثقيلة (هيل بار).,10.0,ea,50.0,500.0,DRAPER,UNKNOWN(=BRAND PLACEHOLDER),90,متوسط,تقدير عام لعتلات الرفع الثقيلة (هيل بار),https://www.drapertools.com/,عتلة رفع ثقيلة معدنية (هيل بار) أعلى سعراً من عتلات اليد الصغيرة.,True,False
19,514,57841,RUBBER GREASE GUN HOSE 300MM زوه ةمحشم,خرطوم مطاطي بديل لمسدس الشحم طوله 300مم من دريبر.,33.0,ea,25.0,825.0,DRAPER,UNKNOWN(=BRAND PLACEHOLDER),40,متوسط,Amazon.sa – Draper tools category,"https://www.amazon.sa/-/en/DIY-Tools-Draper/s?rh=n:12463390031,p_89:Draper",سعر تقديري لخرطوم مطاطي بديل لمسدس الشحم طول 300مم من دريبر بناءً على أسعار الخراطيم المماثلة.,True,False
19,515,13913,BALL JOINT PULLER(19MM CAP) تاسكا ةميجرز,زرجينة (سلاّبة) لخلع مفصل الكرة (Ball Joint) سعة 19مم من دريبر.,23.0,ea,40.0,920.0,DRAPER,UNKNOWN(=BRAND PLACEHOLDER),120,متوسط,Amazon.sa – Draper tools category,"https://www.amazon.sa/-/en/DIY-Tools-Draper/s?rh=n:12463390031,p_89:Draper",سعر تقديري لزرجينة خلع مفصل الكرة سعة 19مم من دريبر بناءً على أسعار أدوات الخلع المماثلة.,True,False
19,516,76779,TINMANS SNIPS 3PC CRV SET ةبح 3 تاضقم مقط,طقم مقصات صفيح (تينمانز سنيبس) منحنية 3 قطع.,4.0,SET,110.0,440.0,DRAPER,UNKNOWN(=BRAND PLACEHOLDER),90,متوسط,تقدير عام لمقصات الصفيح المنحنية 3 قطع,https://www.drapertools.com/,طقم مقصات صفيح منحنية 3 قطع من درابر يقارن بأطقم القص المعدني المماثلة.,True,False
19,517,13711,DIY 5 PC.MASONRY DRILL SET رادج شير مقط,طقم ريش حفر للحوائط والخرسانة مكون من 5 قطع للاستخدام المنزلي.,73.0,SET,18.0,1314.0,DRAPER,UNKNOWN(=BRAND PLACEHOLDER),40,متوسط,نمط أسعار أطقم ريش حفر الحوائط الصغيرة درابر,https://www.drapertools.com,طقم صغير من 5 ريش حفر للحوائط، وهذه الأطقم الاستهلاكية للاستخدام المنزلي (DIY) رخيصة الثمن نسبياً بشكل معتاد.,True,False
19,518,78474,50MM ROUND MAGNIFIER يربكت ةسدع,عدسة تكبير (مكبرة) مستديرة قطر 70مم من دريبر.,20.0,ea,10.0,200.0,DRAPER,UNKNOWN(=BRAND PLACEHOLDER),40,متوسط,Amazon.sa – Draper tools category,"https://www.amazon.sa/-/en/DIY-Tools-Draper/s?rh=n:12463390031,p_89:Draper",سعر تقديري لعدسة تكبير مستديرة قطر 70مم من دريبر بناءً على أسعار عدسات مماثلة.,True,False
19,519,78475,65MM ROUND MAGNIFIER يربكت ةسدع,عدسة تكبير (مكبرة) مستديرة قطر 70مم من دريبر.,17.0,ea,18.0,306.0,DRAPER,UNKNOWN(=BRAND PLACEHOLDER),40,متوسط,Amazon.sa – Draper tools category,"https://www.amazon.sa/-/en/DIY-Tools-Draper/s?rh=n:12463390031,p_89:Draper",سعر تقديري لعدسة تكبير مستديرة قطر 70مم من دريبر بناءً على أسعار عدسات مماثلة.,True,False
19,520,78476,70MM ROUND MAGNIFIER يربكت ةسدع,عدسة تكبير (مكبرة) مستديرة قطر 70مم من دريبر.,19.0,EA,22.0,418.0,DRAPER,UNKNOWN(=BRAND PLACEHOLDER),40,متوسط,Amazon.sa – Draper tools category,"https://www.amazon.sa/-/en/DIY-Tools-Draper/s?rh=n:12463390031,p_89:Draper",سعر تقديري لعدسة تكبير مستديرة قطر 70مم من دريبر بناءً على أسعار عدسات مماثلة.,True,False
19,521,33831,ى FACESHIELD TO BS2092/1 هجو قاو,واقي وجه شفاف للحماية أثناء أعمال الجلخ والقطع.,3.0,EA,110.0,330.0,DRAPER,UNKNOWN(=BRAND PLACEHOLDER),65,متوسط,معيار فئة واقيات الوجه,https://www.drapertools.com/,واقي وجه مطابق لمعيار BS2092 يقدر وفق أسعار معدات السلامة الشخصية المماثلة.,True,False
19,522,54722,1 PAIR OF 6 TONNE AXLE STANDS ةرايس لماح,زوج حوامل (كوابل) لرفع السيارات بحمولة 6 طن من دريبر.,8.0,PR,580.0,4640.0,DRAPER,UNKNOWN(=BRAND PLACEHOLDER),840,مرتفع,Lawson HIS / Power Tools Direct - Draper 54722,https://www.lawson-his.co.uk/draper-54722-as6000-6-tonne-axle-stands-pair,تم العثور على نفس الكود بالضبط بأسعار تتراوح بين 150-206 جنيهاً إسترلينياً لدى عدة موزعين بريطانيين.,True,False
19,523,43134,AIR BLOW GUN ءاوه سدسم,مسدس نفخ هواء (إير بلو جن) بضغط الهواء.,1.0,EA,15.0,15.0,DRAPER,UNKNOWN(=BRAND PLACEHOLDER),40,مرتفع,تقدير عام لمسدسات نفخ الهواء الهوائية,"https://www.amazon.sa/-/en/DIY-Tools-Draper/s?rh=n:12463390031,p_89:Draper",مسدس نفخ هواء بسيط من الملحقات الهوائية الرخيصة الشائعة.,True,False
19,524,7219,MICRO WELDING CLAMP-4PC ماحل كسام مفط,طقم مشابك (كلامب) دقيقة للحام 4 قطع.,5.0,SET,100.0,500.0,DRAPER,UNKNOWN(=BRAND PLACEHOLDER),50,متوسط,تقدير عام لمشابك اللحام الدقيقة,https://www.drapertools.com/,طقم من 4 مشابك لحام دقيقة يقارن بأسعار أدوات اللحام المساعدة الصغيرة.,True,False
19,525,19193,DOOR TRIM REMOVAL TOOL باوبا ربر ةعازن,أداة فك ألواح تنجيد الأبواب.,7.0,EA,20.0,140.0,DRAPER,UNKNOWN(=BRAND PLACEHOLDER),35,منخفض,estimated from category benchmark,https://www.amazon.sa/-/en/b?ie=UTF8&node=16620567031,أداة فك تريم الأبواب، سعر تقديري لأدوات فك التنجيد المتخصصة.,True,False
19,526,68613,HACKSAW راشنم,منشار يدوي إطاري (هاكسو) يستخدم لقطع المعادن والأنابيب.,29.0,EA,25.0,725.0,DRAPER,UNKNOWN(=BRAND PLACEHOLDER),65,متوسط,estimated from category benchmark (Draper hacksaws),https://www.drapertools.com/,منشار يدوي (هاكسو) من دريبر ضمن نطاق أسعار مناشير اليد المعدنية القياسية.,True,False
19,527,83010,F-CRAMP بملاك فا,مشبك تثبيت (كلامب) من نوع F.,4.0,EA,30.0,120.0,DRAPER,UNKNOWN(=BRAND PLACEHOLDER),25,متوسط,Tolsen Saudi Arabia - F-Clamp,https://tolsentools.com.sa/products/f-clamp,مشبك تثبيت (كلامب) من نوع F، ضمن نطاق أسعار المشابك الأساسية.,True,False
19,528,96400,F-CRAMP 200MM بملاك فا,مشبك تثبيت (كلامب) نوع F مقاس 200مم.,16.0,EA,30.0,480.0,DRAPER,UNKNOWN(=BRAND PLACEHOLDER),30,مرتفع,تقدير عام لمشابك F للتثبيت 200مم,"https://www.amazon.sa/-/en/DIY-Tools-Draper/s?rh=n:12463390031,p_89:Draper",مشبك تثبيت نوع F مقاس 200مم من ملحقات الورش الرخيصة الشائعة.,True,False
19,529,16448,"SKT,75PC,1/4DR.ع بر بوبح مقط",طقم بوكسات بعيار محرك 1/4 إنش مكون من 75 قطعة.,20.0,SET,495.0,9900.0,DRAPER,UNKNOWN(=BRAND PLACEHOLDER),280,منخفض,تقدير فئوي لأطقم بوكسات 1/4 إنش كبيرة العدد,https://www.drapertools.com/,طقم بوكسات كبير من 75 قطعة بعيار ربع إنش، وكبر عدد القطع يرفع السعر مقارنة بالأطقم الأصغر رغم صغر عيار المحرك.,True,False
19,530,2366,"3/8DR,35PCSبوبح مقط",طقم دباشة كامل من 35 قطعة عيار 3/8 بوصة.,1.0,SET,380.0,380.0,DRAPER,UNKNOWN(=BRAND PLACEHOLDER),250,متوسط,معيار فئة أطقم الدباشة,https://www.drapertools.com/,طقم دباشة 35 قطعة عيار 3/8 بوصة يقدر وفق أسعار الأطقم المتوسطة من دريبر.,True,False
19,531,43646,"3/8DR,25PC بوبح مقط",طقم بوكسات بعيار محرك 3/8 إنش مكون من 18 قطعة.,2.0,SET,380.0,760.0,DRAPER,UNKNOWN(=BRAND PLACEHOLDER),220,منخفض,تقدير فئوي لأطقم بوكسات 3/8 إنش 18 قطعة,https://www.drapertools.com/,طقم بوكسات بعيار 3/8 إنش من 18 قطعة من دريبر، وهو ضمن الفئة السعرية المتوسطة لأطقم البوكسات القياسية.,True,False
19,532,16466,"30PC,1/2DR بوبح مقط",طقم بوكسات متري مقاس 1/2 بوصة مكون من 30 قطعة مع راتشيت من دريبر.,5.0,SET,355.0,1775.0,DRAPER,UNKNOWN(=BRAND PLACEHOLDER),280,مرتفع,Lawson HIS - Draper 16466 listing,https://www.lawson-his.co.uk/draper-16466-h30mn-b-1-2-drive-metric-socket-set-30-piece,تم العثور على نفس الكود بالضبط بسعر 58.02 جنيهاً إسترلينياً غير شامل الضريبة.,True,False
19,533,43647,"31PC,1/2DR بوبح مقط",طقم بوكسات متري مقاس 1/2 بوصة مكون من 30 قطعة مع راتشيت من دريبر.,2.0,SET,420.0,840.0,DRAPER,UNKNOWN(=BRAND PLACEHOLDER),280,مرتفع,Lawson HIS - Draper 16466 listing,https://www.lawson-his.co.uk/draper-16466-h30mn-b-1-2-drive-metric-socket-set-30-piece,تم العثور على نفس الكود بالضبط بسعر 58.02 جنيهاً إسترلينياً غير شامل الضريبة.,True,False
19,534,2357,"30PC,1/2DR بوبح مقط",طقم بوكسات متري مقاس 1/2 بوصة مكون من 30 قطعة مع راتشيت من دريبر.,2.0,SET,395.0,790.0,DRAPER,UNKNOWN(=BRAND PLACEHOLDER),280,مرتفع,Lawson HIS - Draper 16466 listing,https://www.lawson-his.co.uk/draper-16466-h30mn-b-1-2-drive-metric-socket-set-30-piece,تم العثور على نفس الكود بالضبط بسعر 58.02 جنيهاً إسترلينياً غير شامل الضريبة.,True,False
19,535,2367,"3/8DR,18PC بوبح مقط",طقم بوكسات بعيار محرك 3/8 إنش مكون من 18 قطعة.,14.0,SET,350.0,4900.0,DRAPER,UNKNOWN(=BRAND PLACEHOLDER),220,منخفض,تقدير فئوي لأطقم بوكسات 3/8 إنش 18 قطعة,https://www.drapertools.com/,طقم بوكسات بعيار 3/8 إنش من 18 قطعة من دريبر، وهو ضمن الفئة السعرية المتوسطة لأطقم البوكسات القياسية.,True,False
19,536,16361,"39PC,1/2DR بوبح مقط",طقم بوكسات متري مقاس 1/2 بوصة مكون من 30 قطعة مع راتشيت من دريبر.,3.0,SET,450.0,1350.0,DRAPER,UNKNOWN(=BRAND PLACEHOLDER),280,مرتفع,Lawson HIS - Draper 16466 listing,https://www.lawson-his.co.uk/draper-16466-h30mn-b-1-2-drive-metric-socket-set-30-piece,تم العثور على نفس الكود بالضبط بسعر 58.02 جنيهاً إسترلينياً غير شامل الضريبة.,True,False
19,537,37317,ر ر TESTER تيم تست,جهاز اختبار (تستر) كهربائي بسيط من دريبر.,93.0,EA,60.0,5580.0,DRAPER,UNKNOWN(=BRAND PLACEHOLDER),130,منخفض,تقدير فئوي لأجهزة اختبار كهربائية بسيطة من دريبر,https://www.drapertools.com/,جهاز اختبار (تستر) بسيط من دريبر، والوصف العام غير كافٍ لتحديد نوعه بدقة، لذا السعر مبني على فئة أجهزة الاختبار اليدوية البسيطة من نفس العلامة.,True,False
19,538,56781,DIAL INICATOR لاياد سايق ةعاس,مؤشر دايل ميكانيكي (ساعة قياس) لأعمال المكائن الدقيقة.,34.0,EA,240.0,8160.0,DRAPER,UNKNOWN(=BRAND PLACEHOLDER),190,منخفض,تقدير فئوي لساعات قياس الدايل من دريبر,https://www.drapertools.com/,مؤشر دايل مشابه لساعة القياس في البند 297، والسعر يقع ضمن نفس النطاق السعري لأدوات القياس الميكانيكية الدقيقة من دريبر.,True,False
19,539,51831,DIAL INICATOR لاياد سايق ةعاس,مؤشر دايل ميكانيكي (ساعة قياس) لأعمال المكائن الدقيقة.,35.0,EA,240.0,8400.0,DRAPER,UNKNOWN(=BRAND PLACEHOLDER),190,منخفض,تقدير فئوي لساعات قياس الدايل من دريبر,https://www.drapertools.com/,مؤشر دايل مشابه لساعة القياس في البند 297، والسعر يقع ضمن نفس النطاق السعري لأدوات القياس الميكانيكية الدقيقة من دريبر.,True,False
19,540,3108,SECURITY BIT 42PCS ةعطق 42 نونس مقط,طقم بتات مفكات أمان (مضادة للعبث) من دريبر يحتوي على 42 قطعة بمقاسات مختلفة.,22.0,SET,155.0,3410.0,DRAPER,UNKNOWN(=BRAND PLACEHOLDER),150,متوسط,Draper Tools (مرجع عام للماركة),https://www.drapertools.com/,طقم بتات أمان مضاد للعبث من دريبر 42 قطعة يقارن بأطقم البتات متعددة القطع المماثلة من نفس الماركة التي تتراوح أسعارها غالباً بين 100-200 ريال في السوق الخليجي.,True,False
19,541,2578,"3/4DR,17PC,MM ةعطق 17 ب وبح مقط",طقم بوكسات بعيار محرك 3/4 إنش مكون من 17 قطعة متري.,6.0,SET,1700.0,10200.0,DRAPER,UNKNOWN(=BRAND PLACEHOLDER),1500,منخفض,تقدير فئوي لأطقم بوكسات 3/4 إنش 17 قطعة,https://www.drapertools.com/,طقم بوكسات بعيار 3/4 إنش من 17 قطعة متري يعتبر من الأطقم الاحترافية الثقيلة، وسعره أعلى بكثير من أطقم البوكسات الصغيرة بعيار 1/4 أو 3/8.,True,False
20,542,2359,"SKT 37PCS,1/2DR. ةعطق 37 بوبح مقط",طقم مقابس كامل من 37 قطعة لقياس دفع 1/2 بوصة من دريبر.,5.0,SET,480.0,2400.0,DRAPER,UNKNOWN(=BRAND PLACEHOLDER),350,متوسط,مرجع فئة أطقم مقابس دريبر المماثلة,https://www.drapertools.com/,طقم مقابس 37 قطعة لقياس دفع 1/2 بوصة، وطقم مشابه أصغر (33 قطعة) من دريبر يُباع بأسعار تتراوح بين 45-70 جنيهاً إسترلينياً، فالطقم الأكبر يقارب هذا النطاق أو أعلى قليلاً.,True,False
20,543,56437,NON CONTACT THERMOMETER رنيمومرث,ترمومتر بالأشعة تحت الحمراء يقيس درجة الحرارة دون ملامسة السطح.,3.0,EA,510.0,1530.0,DRAPER,UNKNOWN(=BRAND PLACEHOLDER),90,منخفض,eBay UK listings (Draper 56437),https://www.ebay.co.uk/itm/396476140867,وُجدت إعلانات فعلية للمنتج لكن دون سعر واضح ضمن نتائج البحث، لذا اعتُمد تقدير قياسي لترمومترات درابر بدون تلامس المشابهة.,True,False
20,544,46600,ر O/S MICROMETER25-50 DIGITAL حىرراخ تيموركيم,ميكرومتر خارجي رقمي بمدى قياس 25-50 مم من دريبر.,19.0,EA,390.0,7410.0,DRAPER,UNKNOWN(=BRAND PLACEHOLDER),480,مرتفع,Lawson HIS / Sitebox (Draper 46600),https://www.lawson-his.co.uk/draper-46600-dem-expert-dual-reading-digital-external-micrometer-25-50mm-1-2,تم العثور على المنتج بالضبط برمزه 46600 بأسعار فعلية بين 88-192 جنيهًا إسترلينيًا في السوق البريطاني، وبتحويلها للريال السعودي يقترب السعر من هذا التقدير.,True,False
20,545,46604,ر O/S MICROMETER 25-50MM حىرراخ تيموركيم,أداة قياس دقيقة (ميكرومتر خارجي) بمدى قياس من 25 إلى 50 مليمتر.,5.0,EA,130.0,650.0,DRAPER,UNKNOWN(=BRAND PLACEHOLDER),180,متوسط,estimated from category benchmark (outside micrometers),https://www.drapertools.com/,ميكرومتر خارجي بمدى 25-50مم من دريبر ضمن نطاق أسعار الميكرومترات القياسية.,True,False
20,546,54417,DIAL CALIPER لاياد تريلاك,كاليبر بمؤشر دوار (دايال كاليبر) لقياس الأبعاد بدقة.,1.0,EA,175.0,175.0,DRAPER,UNKNOWN(=BRAND PLACEHOLDER),130,متوسط,Amazon.sa - Vernier Calipers,https://www.amazon.sa/-/en/b?ie=UTF8&node=28397835031,كاليبر بمؤشر دوار (دايال) أعلى سعرًا من الكاليبر العادي حسب أسعار أدوات القياس في السوق.,True,False
20,547,46610,"DIGITAL V.CALIER ,DUAL جودزم تريلاك",كاليبر رقمي مزدوح القراءة (متري وإنش).,1.0,EA,140.0,140.0,DRAPER,UNKNOWN(=BRAND PLACEHOLDER),140,متوسط,Amazon.sa - Vernier Calipers,https://www.amazon.sa/-/en/b?ie=UTF8&node=28397835031,كاليبر رقمي مزدوج (متري وإنش)، أعلى سعرًا من الكاليبر الميكانيكي.,True,False
20,548,34381,Soft Grip Screwdriver Set (81-Piece)تاكفم مقط ةعطق81,طقم مفكات كبير مكون من 81 قطعة بمقابض مريحة.,2.0,SET,185.0,370.0,DRAPER,UNKNOWN(=BRAND PLACEHOLDER),190,متوسط,معيار فئة أطقم المفكات الكبيرة,https://www.drapertools.com/,طقم مفكات 81 قطعة بمقبض ناعم يقدر وفق أسعار أطقم المفكات الكبيرة من دريبر.,True,False
20,549,46603,O/S MICROMETER 0-25MM,ميكرومتر خارجي بمدى 0-25 مم من دريبر.,30.0,EA,120.0,3600.0,DRAPER,UNKNOWN(=BRAND PLACEHOLDER),125,متوسط,Draper Tools - micrometers category,https://www.drapertools.com/,الميكرومترات الأساسية من دريبر بهذا المدى (0-25مم) تُباع عادة بين 25-35 جنيهاً إسترلينياً.,True,False
20,550,78997,ر DMM مىقر تميتلم,جهاز ملتيميتر رقمي متعدد الوظائف (13 وظيفة) من دريبر.,27.0,EA,210.0,5670.0,DRAPER,UNKNOWN(=BRAND PLACEHOLDER),330,مرتفع,AllTheSupplies (Draper 78997/DMM6B قائمة فعلية),https://www.allthesupplies.com/digital-multimeter-dra-78997.html,تم العثور على المنتج بالضبط برمزه 78997 (DMM6B) بسعر فعلي 68.99 جنيهًا إسترلينيًا في السوق البريطاني، وهو جهاز قياس متعدد بـ13 وظيفة.,True,False
20,551,89029,SKT 3/4DR.26PC/SETةعطق 26 بوبح مقط,طقم بوكسات ثقيل بعيار محرك 3/4 إنش من 26 قطعة من دريبر.,15.0,set,1800.0,27000.0,DRAPER,UNKNOWN(=BRAND PLACEHOLDER),1800,منخفض,تقدير فئوي لأطقم بوكسات 3/4 إنش من دريبر,https://www.drapertools.com/,طقم بوكسات كبير بعيار 3/4 إنش من 26 قطعة يعتبر من الأطقم الاحترافية الثقيلة، وهذه الفئة من دريبر تتجاوز عادة 1500 ريال في السوق الخليجي.,True,False
20,552,43858,ر CLAMP METER ةشامك تمتيم,جهاز قياس كهربائي بالملقط (كلامب ميتر) لقياس شدة التيار والجهد.,5.0,EA,140.0,700.0,DRAPER,UNKNOWN(=BRAND PLACEHOLDER),180,متوسط,estimated from category benchmark (clamp meters),https://www.drapertools.com/,جهاز قياس تيار بالملقط (كلامب ميتر) من دريبر ضمن نطاق أسعار أجهزة القياس الكهربائية المتوسطة.,True,False
20,553,79000,ر DIGITAL CLAMP METER مىقر ةشامك تمتلم,جهاز قياس تيار كهربائي رقمي (كلامب ميتر).,3.0,EA,165.0,495.0,DRAPER,UNKNOWN(=BRAND PLACEHOLDER),200,متوسط,أسعار أجهزة القياس الرقمية بالسوق السعودي - kanbkam/Noon,https://www.noon.com/saudi-en/tools-and-home-improvement/electrical-16287/testers/clamp-meters/,جهاز قياس تيار رقمي (كلامب ميتر) أوسط سعرياً بين الموديلات الاقتصادية والاحترافية في السوق السعودي.,True,False
20,554,15101,ر ر IR THERMOMETER رترل تيمومرث,مقياس حرارة بالأشعة تحت الحمراء بنسبة تركيز 12:1.,9.0,EA,170.0,1530.0,DRAPER,UNKNOWN(=BRAND PLACEHOLDER),100,منخفض,drapertools.com official listing,https://www.drapertools.com/product/15101/infrared-thermometer/,تم تأكيد وجود المنتج على موقع درابر الرسمي بنسبة دقة 12:1 لكن دون سعر ظاهر، والتقدير مبني على فئة الترمومترات بالأشعة تحت الحمراء الأساسية.,True,False
20,555,51346,PROBES تابورب,مسبار اختبار كهربائي (بروب) يستخدم مع أجهزة القياس.,53.0,EA,45.0,2385.0,DRAPER,UNKNOWN(=BRAND PLACEHOLDER),90,منخفض,Draper Tools (مرجع عام للماركة),https://www.drapertools.com/,مسبار اختبار (بروب) كهربائي، وهو ملحق قياس صغير منخفض التكلفة نسبياً ضمن فئة أدوات دريبر.,True,False
20,556,33606,"BRAKE,PISTON CALIPER لمارف ةنيجرز",أداة إرجاع مكبس كاليبر فرامل السيارات.,7.0,KIT,325.0,2275.0,DRAPER,UNKNOWN(=BRAND PLACEHOLDER),170,منخفض,Draper Tools (مرجع عام للماركة),https://www.drapertools.com/,أداة إرجاع مكبس كاليبر الفرامل، وهي أداة ورشة سيارات متوسطة التكلفة ضمن فئة أدوات دريبر.,True,False
20,557,50995,SOUND LEVEL توصلا ةدش سايق,جهاز قياس شدة الصوت (Sound Level Meter) من دريبر.,2.0,EA,380.0,760.0,DRAPER,UNKNOWN(=BRAND PLACEHOLDER),220,منخفض,estimated from category benchmark (Anaum PCE sound meters),https://anaum.sa.com/collections/pce,سعر تقديري لجهاز قياس شدة الصوت الأساسي من دريبر مطابق لعنصر مماثل من نفس العلامة والفئة.,True,False
20,558,40105,OIL FILT.CUP.15PC تيزلا طغض مقط,طقم كؤوس لضغط فلتر الزيت مكون من 15 قطعة.,3.0,KIT,390.0,1170.0,DRAPER,UNKNOWN(=BRAND PLACEHOLDER),150,متوسط,تقدير عام لأطقم فلتر الزيت 15 قطعة,https://www.amazon.sa/-/en/b?ie=UTF8&node=16620587031,أطقم كؤوس ضغط فلتر الزيت متعددة القطع من الأدوات الميكانيكية متوسطة السعر.,True,False
20,559,50094,HYD.PULLER KIT كيلورديه ةنيجرز,طقم نازعة (مفكوك) هيدروليكية لسحب المحامل والتروس من دريبر.,4.0,KIT,550.0,2200.0,DRAPER,UNKNOWN(=BRAND PLACEHOLDER),750,منخفض,تقدير حسب فئة المنتج,"https://www.amazon.sa/-/en/DIY-Tools-Draper/s?rh=n:12463390031,p_89:Draper",أطقم النازعات الهيدروليكية معدات ورشة متخصصة وأعلى ثمنًا من الأدوات اليدوية العادية، وهذا يعكس متوسط سعرها في السوق.,True,False
20,560,34546,SOUND LEVEL توضلا ةدش سايق,جهاز قياس شدة الصوت (Sound Level Meter) من دريبر.,3.0,EA,320.0,960.0,DRAPER,UNKNOWN(=BRAND PLACEHOLDER),220,منخفض,estimated from category benchmark (Anaum PCE sound meters),https://anaum.sa.com/collections/pce,سعر تقديري لجهاز قياس شدة الصوت الأساسي من دريبر بمقارنته بأجهزة قياس الصوت الاستهلاكية المماثلة.,True,False
20,561,43051,PETROLENGINE COMP.TESTER تيزلا طغض,طقم لاختبار ضغط انضغاط أسطوانات محرك البنزين.,2.0,KIT,650.0,1300.0,DRAPER,UNKNOWN(=BRAND PLACEHOLDER),900,مرتفع,Johnstown Bridge Service Station listing,https://www.johnstownbridgeservicestation.ie,وُجد سعر فعلي حديث لطقم اختبار ضغط محركات البنزين درابر (كود 43051) بحدود 172-180 يورو من موزع أدوات في أيرلندا.,True,False
20,562,59085,universal valve spring compressor تابابلا ةادا,أداة عامة لضغط سوست صمامات المحرك.,2.0,KIT,550.0,1100.0,DRAPER,UNKNOWN(=BRAND PLACEHOLDER),150,متوسط,تقدير عام لأدوات ضغط سوست الصمامات,https://www.amazon.sa/-/en/b?ie=UTF8&node=16620587031,أداة ضغط سوست الصمامات العامة من أدوات المحركات المتخصصة متوسطة السعر.,True,False
20,563,51830,ر DIAL GAUGE 0-10MM سرؤمب سايق ةادا,ساعة قياس مؤشرة (Dial Gauge) بمدى 0-10مم من دريبر.,4.0,EA,220.0,880.0,DRAPER,UNKNOWN(=BRAND PLACEHOLDER),110,منخفض,estimated from category benchmark,https://saudi.microless.com/thermometers/,سعر تقديري لساعة قياس مؤشرة (دايل قيج) بمدى 0-10مم من دريبر بناءً على أسعار أدوات القياس المماثلة.,True,False
20,564,46608,DIGITAL DIAL GAUGE ةيمقر سايق ةادا,ساعة قياس دايل رقمية لقياس الانحراف بدقة عالية.,40.0,EA,260.0,10400.0,DRAPER,UNKNOWN(=BRAND PLACEHOLDER),320,منخفض,تقدير فئوي لساعات القياس الرقمية من دريبر,https://www.drapertools.com/,ساعة قياس دايل رقمية أغلى من النسخة الميكانيكية بسبب شاشة العرض الرقمية والدقة الإلكترونية.,True,False
20,565,30805,"3PC PULLEY WHEEL PULLER KIT, تاركب ةنيجرز",طقم جرار بكرات مكون من 3 قطع لسحب بكرات السيور من دريبر.,7.0,SET,700.0,4900.0,DRAPER,UNKNOWN(=BRAND PLACEHOLDER),178,مرتفع,dprtools.co.uk listing مطابق للكود 30805,https://www.dprtools.co.uk/more-77/draper-3pc-pulley-wheel-puller-kit.html,تم العثور على نفس الكود بالضبط بسعر 36.99 جنيهاً إسترلينياً لدى موزع بريطاني متخصص.,True,False
20,566,43051,PETROLENGINE COMP.TESTER طغض سايق ةادا تيزلا,جهاز قياس ضغط انضغاط محرك البنزين (كمبريشن تستر) من دريبر.,20.0,SET,650.0,13000.0,DRAPER,UNKNOWN(=BRAND PLACEHOLDER),600,مرتفع,eBay/Amazon UK (Draper 43051 PCT1),https://www.amazon.co.uk/Draper-Expert-43051-7-Piece-Compression/dp/B000TO9WP6,تم العثور على المنتج بالضبط بسعر بيع فعلي حوالي 132 جنيهًا إسترلينيًا شاملاً الضريبة في السوق البريطاني، وبتحويله يقترب من 600 ريال سعودي كسعر واقعي في السوق المحلي.,True,False
20,567,56637,BEAR/SEAL DRIFT KIT,طقم دفع (درفت) لتركيب وفك البلي (بيرنغ) والسيل.,5.0,SET,270.0,1350.0,DRAPER,UNKNOWN(=BRAND PLACEHOLDER),150,منخفض,تقدير حسب فئة أطقم دفع البلي والسيل,https://www.drapertools.com,طقم أدوات لتركيب/فك البلي والسيل، والتقدير مبني على أسعار الأطقم المماثلة من نفس العلامة.,True,False
20,568,19778,37PC BCOMP.BEARING DRIFT KI نامرلا جارخا مقطT,طقم إخراج وتركيب محامل وحلقات مطاطية مكون من 37 قطعة.,5.0,SET,1500.0,7500.0,DRAPER,UNKNOWN(=BRAND PLACEHOLDER),420,منخفض,تقدير فئوي لأطقم إخراج/تركيب المحامل من دريبر,https://www.drapertools.com/,طقم كبير من 37 قطعة لإخراج وتركيب المحامل والحلقات المطاطية، وكبر عدد القطع يعكس تغطية شاملة لمقاسات مختلفة يرفع السعر الإجمالي.,True,False
21,569,46604,MICROMETER 25-50MM,ميكرومتر خارجي ميكانيكي بمدى 25-50 مم من دريبر.,39.0,EA,110.0,4290.0,DRAPER,UNKNOWN(=BRAND PLACEHOLDER),135,متوسط,Draper Tools - micrometers category,https://www.drapertools.com/,الميكرومترات الأساسية من دريبر بنفس المدى (25-50مم) تُباع عادة بين 25-35 جنيهاً إسترلينياً.,True,False
21,570,52379,"CALIPER 200MM/8"" ةصوب 8 تريلاك",قدمة (فرجار) قياس بمدى 200 مم/8 بوصة من دريبر.,15.0,EA,138.0,2070.0,DRAPER,UNKNOWN(=BRAND PLACEHOLDER),105,متوسط,Draper Tools - calipers category,https://www.drapertools.com/,القدمات الأساسية بهذا المدى (200مم) من دريبر تُباع عادة بين 15-30 جنيهاً إسترلينياً.,True,False
21,571,50590,"CALIPER 150MM/6"" ةصوب 150/6 تريلاك",قدمة (فرجار) قياس بمدى 200 مم/8 بوصة من دريبر.,13.0,EA,125.0,1625.0,DRAPER,UNKNOWN(=BRAND PLACEHOLDER),105,متوسط,Draper Tools - calipers category,https://www.drapertools.com/,القدمات الأساسية بهذا المدى (200مم) من دريبر تُباع عادة بين 15-30 جنيهاً إسترلينياً.,True,False
21,572,65781,DIAL GAUGEلاياد سايق ةعاس,ساعة قياس دايل (مؤشر تناظري) لقياس الانحراف أو الاستقامة.,82.0,EA,220.0,18040.0,DRAPER,UNKNOWN(=BRAND PLACEHOLDER),180,منخفض,تقدير فئوي لساعات قياس الدايل من دريبر,https://www.drapertools.com/,ساعة قياس دايل ميكانيكية قياسية من دريبر، وهذه الفئة من أدوات القياس الدقيقة تتراوح عادة بين 150-300 ريال حسب الدقة والجودة.,True,False
21,573,24816,DIGITAL CALIPER 150MM مىقر تريلاك,فيرنير كاليبر رقمي بمدى قياس 150 مم من دريبر.,25.0,EA,235.0,5875.0,DRAPER,UNKNOWN(=BRAND PLACEHOLDER),90,مرتفع,Lawson HIS / CW Berry (Draper 24816 قائمة فعلية),https://www.drapertools.com/product/24816/carbon-fibre-digital-caliper-gauge-150mm-or-6/,تم العثور على المنتج بالضبط برمزه 24816 بأسعار فعلية تتراوح بين 16-19.5 جنيهًا إسترلينيًا في السوق البريطاني، وبتحويلها يقترب السعر من هذا التقدير.,True,False
21,574,89461,COMPASS ةلصوب,بوصلة رسم هندسي معدنية.,21.0,EA,70.0,1470.0,DRAPER,UNKNOWN(=BRAND PLACEHOLDER),25,منخفض,تقدير حسب فئة أدوات الرسم الهندسي,https://www.drapertools.com,أداة رسم بسيطة رخيصة الثمن نسبياً.,True,False
21,575,72090,"ر BATTERY LOAD TESTER , ةيراطب تست",جهاز اختبار حمل بطارية السيارة لقياس كفاءتها.,79.0,EA,180.0,14220.0,DRAPER,UNKNOWN(=BRAND PLACEHOLDER),250,متوسط,فئة أجهزة اختبار البطاريات من دريبر (موديلات مشابهة مثل 53090),https://www.uktools.com/draper-100amp-battery-load-tester.html,لم يتم العثور على سعر مباشر للموديل 72090 تحديدًا، لكن أجهزة اختبار حمل البطارية المشابهة من دريبر (مثل 53090 بقدرة 100 أمبير) تباع في نطاق سعري مقارب في السوق البريطاني بعد التحويل.,True,False
21,576,18927,"RATCHET S/D ,BITS ةبج7 عم تشتار كفم",مفك ترسي (راتشيت) قصير مع طقم لقم 7 قطع.,70.0,EA,20.0,1400.0,DRAPER,UNKNOWN(=BRAND PLACEHOLDER),65,منخفض,Rapid Online listing,https://www.rapidonline.com/draper-18927-7-piece-chubby-ratchet-screwdriver-and-bit-set-91-2839,تم تأكيد وجود المنتج فعلياً بنفس الكود لدى موزع بريطاني، لكن دون سعر ظاهر، فاعتُمد تقدير قياسي لأطقم المفكات الترسية المشابهة.,True,False
21,577,50809,11PC.S/D SET ةعطق 11 تاكفم مقط,مجموعة مفكات مكونة من 11 قطعة من دريبر.,35.0,SET,110.0,3850.0,DRAPER,UNKNOWN(=BRAND PLACEHOLDER),90,متوسط,Draper Tools - screwdriver sets category,https://www.drapertools.com/hand-tools/screwdrivers/screwdriver-sets/,مجموعات المفكات متعددة القطع من دريبر تُباع عادة بين 15-25 جنيهاً إسترلينياً.,True,False
21,578,18060,TILE CUTTER 160 طلاب ةعاطق,قاطعة بلاط يدوية (سكور وسناب) بعرض قطع 160مم للبلاط الصغير.,30.0,EA,12.0,360.0,DRAPER,UNKNOWN(=BRAND PLACEHOLDER),110,متوسط,estimated from category benchmark (Draper tile cutters),https://www.drapertools.com/,قاطعة بلاط يدوية بمقاس 160مم من دريبر ضمن نطاق أسعار قواطع البلاط الصغيرة.,True,True
21,579,14145,CLAMP-ON HOBBY VISE 50MM ةلواط ةنيجرز,منجلة (زرادية طاولة) صغيرة للهوايات مقاس 50 مم.,7.0,EA,36.0,252.0,DRAPER,UNKNOWN(=BRAND PLACEHOLDER),50,منخفض,estimated from category benchmark,https://www.amazon.sa/-/en/b?ie=UTF8&node=16620587031,منجلة (زنبيرة) صغيرة تثبت بالطاولة مقاس 50مم للاستخدامات الهوائية الخفيفة.,True,False
21,580,69250,FLAP WHEEL 60GRIT ةسرف,عجلة صنفرة ريشية درجة خشونة 60.,24.0,EA,20.0,480.0,DRAPER,UNKNOWN(=BRAND PLACEHOLDER),20,مرتفع,تقدير عام لعجلات الصنفرة الريشية,"https://www.amazon.sa/-/en/DIY-Tools-Draper/s?rh=n:12463390031,p_89:Draper",عجلة صنفرة ريشية درجة خشونة 60 من ملحقات الجلخ الاستهلاكية الرخيصة.,True,False
21,581,36431,رر WATER PUMP PLIER 250MM ةقلتم ةيدارز,زردية مواسير (مضخة ماء) بمقبض مانع انزلاق طولها 250 مم.,54.0,EA,30.0,1620.0,DRAPER,UNKNOWN(=BRAND PLACEHOLDER),50,متوسط,سعر منتج مشابه من درابر (45362، 240مم),https://www.redboxtools.com/product/draper-45362-240mm-33mm-capacity-soft-grip-waterpump-pliers/,وُجد سعر فعلي لمنتج درابر مشابه بمقاس أصغر قليلاً (240مم) بحدود 6.6-7.5 جنيه إسترليني، وتم تعديله للمقاس الأكبر (250مم) وللسوق السعودي.,True,False
21,582,19735,CIRCLIP PLIER SET 5PC هليت ةدارز مقط,طقم كماشات حلقات تثبيت (سيركلب) مكون من 5 قطع من دريبر.,86.0,EA,45.0,3870.0,DRAPER,UNKNOWN(=BRAND PLACEHOLDER),90,متوسط,Draper Tools - circlip pliers category,https://www.drapertools.com/,أطقم كماشات حلقات التثبيت (سيركلب) الأساسية من دريبر تُباع عادة بين 15-25 جنيهاً إسترلينياً.,True,False
21,583,14078,ر CABINET HANDLE S/D SET لدناه ن كفم,طقم مفكات لتركيب مقابض خزائن الأثاث من دريبر.,36.0,EA,55.0,1980.0,DRAPER,UNKNOWN(=BRAND PLACEHOLDER),55,منخفض,تقدير حسب فئة المنتج,"https://www.amazon.sa/-/en/DIY-Tools-Draper/s?rh=n:12463390031,p_89:Draper",أطقم مفكات مقابض الخزائن الصغيرة من دريبر متوسطة التكلفة.,True,False
21,584,77584,ر OIL FILTER WRENCH 100M تيز تلف,مفتاح لفك فلتر الزيت مقاس 100مم.,21.0,EA,25.0,525.0,DRAPER,UNKNOWN(=BRAND PLACEHOLDER),35,مرتفع,تقدير عام لمفاتيح فلتر الزيت درابر,"https://www.amazon.sa/-/en/DIY-Tools-Draper/s?rh=n:12463390031,p_89:Draper",مفتاح فلتر زيت مقاس 100مم من الأدوات اليدوية الرخيصة الشائعة.,True,False
21,585,29613,S/D SET تاكفم مقط,مجموعة مفكات عامة الاستخدام بمقاسات مختلفة من دريبر.,9.0,SET,110.0,990.0,DRAPER,UNKNOWN(=BRAND PLACEHOLDER),96,متوسط,Draper Tools - screwdriver sets category,https://www.drapertools.com/hand-tools/screwdrivers/screwdriver-sets/,مجموعات المفكات الأساسية من دريبر تُباع عادة بين 15-25 جنيهاً إسترلينياً في السوق البريطاني.,True,False
21,586,27026,AIR DRILL 10MM ءاوهلا لىع ليرد,مثقاب هوائي بمقبض 10 مم من دريبر.,16.0,EA,245.0,3920.0,DRAPER,UNKNOWN(=BRAND PLACEHOLDER),265,متوسط,Draper Tools - air tools category,https://www.drapertools.com/tools-for-trade/agriculture/air-tools-compressors/,المثاقيب الهوائية بهذا المقاس (10مم) من دريبر تُباع عادة بين 45-65 جنيهاً إسترلينياً.,True,False
21,587,51677,ر PULLER2 AND 3LEG لجر و 2 يرجرز,جرار (زرزور) عكسي بجرين أو ثلاث أرجل لسحب التروس والمحامل.,18.0,EA,480.0,8640.0,DRAPER,UNKNOWN(=BRAND PLACEHOLDER),250,منخفض,تقدير فئوي لجرارات (بولرات) ثنائية وثلاثية الأرجل من دريبر,https://www.drapertools.com/product/56177/twin-and-triple-leg-reversible-puller-150mm-reach-x-100mm-spread/,جرار (زرزور) عكسي بجرين وثلاث أرجل من دريبر، وهذه الأدوات المتخصصة لسحب التروس والمحامل تقع في نطاق سعري متوسط.,True,False
21,588,65549,WIRE FEEDER كلاسا ةنيجرز,أداة لتغذية وتلقيم أسلاك اللحام.,6.0,EA,45.0,270.0,DRAPER,UNKNOWN(=BRAND PLACEHOLDER),40,منخفض,estimated from category benchmark,https://www.amazon.sa/-/en/b?ie=UTF8&node=16620587031,أداة تلقيم أسلاك اللحام تقدر من فئة عدد اللحام الصغيرة.,True,False
21,589,56141,FLEXABLE FUNNEL 3PC,طقم قمع مرن مكون من 3 قطع للاستخدام في الورشة.,14.0,EA,16.0,224.0,DRAPER,UNKNOWN(=BRAND PLACEHOLDER),20,منخفض,estimated from category benchmark,https://www.amazon.sa/-/en/b?ie=UTF8&node=16620587031,طقم قمع مرن 3 قطع منخفض الثمن ضمن فئة أدوات الورشة الصغيرة.,True,False
21,590,69674,3PC FUNNEL SET عمق,طقم قمع (3 قطع) لنقل السوائل.,11.0,EA,15.0,165.0,DRAPER,UNKNOWN(=BRAND PLACEHOLDER),25,منخفض,estimated from category benchmark,https://www.amazon.sa/-/en/b?ie=UTF8&node=16620567031,طقم قمع مكوّن من 3 قطع، سعر تقديري لأدوات الورشة البسيطة.,True,False
21,591,69674,3PC FUNNEL SETعمق,طقم قمع (3 قطع) لنقل السوائل.,8.0,EA,15.0,120.0,DRAPER,UNKNOWN(=BRAND PLACEHOLDER),25,منخفض,estimated from category benchmark,https://www.amazon.sa/-/en/b?ie=UTF8&node=16620567031,طقم قمع مطابق لسجل مماثل سابق بنفس رمز المنتج.,True,False
21,592,43853,"FUNNEL,SET 4PC عمق",طقم قمع (فانل) بلاستيكي 4 قطع.,16.0,EA,30.0,480.0,DRAPER,UNKNOWN(=BRAND PLACEHOLDER),25,مرتفع,تقدير عام لأطقم القمع البلاستيكية,"https://www.amazon.sa/-/en/DIY-Tools-Draper/s?rh=n:12463390031,p_89:Draper",طقم قمع 4 قطع بمقاسات مختلفة من الأدوات الاستهلاكية الرخيصة.,True,False
21,593,72976,"TOOL ROOLS PVC,8POCKET بيج 8 تكوب",حقيبة (رول) لحفظ الأدوات مصنوعة من مادة PVC تحتوي 8 جيوب.,29.0,set,25.0,725.0,DRAPER,UNKNOWN(=BRAND PLACEHOLDER),55,متوسط,estimated from category benchmark (Draper tool rolls),https://www.drapertools.com/,حقيبة أدوات قماشية بلاستيكية بثمانية جيوب ضمن نطاق أسعار حقائب حفظ الأدوات الصغيرة.,True,False
21,594,57555,AIR STAPPLER 8-25MM ءاوهلا لىع ةسابد,دباسة تعمل بالهواء المضغوط تستخدم لتثبيت الدبابيس في الأخشاب والتنجيد.,2.0,KIT,370.0,740.0,DRAPER,UNKNOWN(=BRAND PLACEHOLDER),220,متوسط,estimated from category benchmark (pneumatic staplers),https://www.drapertools.com/,دباسة هوائية بمدى 8-25مم من دريبر تقع ضمن نطاق أسعار الدبابيس الهوائية الصغيرة.,True,False
21,595,18936,RUBBER SANDING BLOCK ربر ةرفنص بلاق,قالب مطاطي لتثبيت ورق الصنفرة.,52.0,EA,10.0,520.0,DRAPER,UNKNOWN(=BRAND PLACEHOLDER),18,مرتفع,تقدير عام لقوالب التصنيف المطاطية,"https://www.amazon.sa/-/en/DIY-Tools-Draper/s?rh=n:12463390031,p_89:Draper",قالب تسنيد ورق الصنفرة المطاطي أداة يدوية رخيصة جداً.,True,False
21,596,63307,"HELMET,WHITE ءاضيب ةذوخ",خوذة سلامة (كاسك) بيضاء اللون للحماية المهنية من دريبر.,8.0,EA,25.0,200.0,DRAPER,UNKNOWN(=BRAND PLACEHOLDER),35,منخفض,Amazon.sa - Safety Helmets category,https://www.amazon.sa/-/en/Safety-Helmets/b?ie=UTF8&node=16621112031,خوذة سلامة بيضاء اقتصادية من دريبر تقارب أسعار الخوذات الأساسية في السوق السعودي.,True,False
21,597,30973,SHEAR FOR ASSIJA ةجيسا صقم,مقص خاص لقص الأسيجة (الصفائح المموجة).,17.0,EA,30.0,510.0,DRAPER,UNKNOWN(=BRAND PLACEHOLDER),60,منخفض,تقدير عام لمقصات الأسيجة/الصفائح,"https://www.amazon.sa/-/en/DIY-Tools-Draper/s?rh=n:12463390031,p_89:Draper",مقص خاص لقص الأسيجة أو الصفائح المموجة يقارن بأدوات القص اليدوية المتوسطة.,True,False
21,598,39451,INSIDE SPRING CALIPER 150MM لىخاد تريلاك,كاليبر زنبركي داخلي (قياس قطر داخلي) 150مم.,7.0,EA,20.0,140.0,DRAPER,UNKNOWN(=BRAND PLACEHOLDER),55,منخفض,estimated from category benchmark,https://anaum.sa.com/collections/vernier-caliper,كاليبر زنبركي داخلي 150مم، سعر تقديري بناءً على أدوات القياس اليدوية المماثلة.,True,False
21,599,34237,O/S SPRING CALIPER 150MM حىرراخ تريلاك,كاليبر زنبركي خارجي (قياس قطر خارجي) 150مم.,9.0,EA,20.0,180.0,DRAPER,UNKNOWN(=BRAND PLACEHOLDER),55,منخفض,estimated from category benchmark,https://anaum.sa.com/collections/vernier-caliper,كاليبر زنبركي خارجي تقليدي 150مم، سعر تقديري بناءً على أدوات القياس اليدوية المماثلة.,True,False
21,600,9715,"ر SPIRIT LEVEL 9"" ةصوب 9 ناترم",ميزان فقاعي صغير بطول 9 بوصة لضبط الاستواء.,21.0,EA,18.0,378.0,DRAPER,UNKNOWN(=BRAND PLACEHOLDER),50,متوسط,معيار فئة الميزان الروحي,https://www.drapertools.com/,ميزان روحي (سبيريت ليفل) بطول 9 بوصة يقدر وفق أسعار الفئة الصغيرة من دريبر.,True,False
21,601,43358,"BRICK TRWOEL 11"" نيرطسم",مسطرين طوب طوله 11 بوصة من ماركة DRAPER.,2.0,EA,40.0,80.0,DRAPER,UNKNOWN(=BRAND PLACEHOLDER),55,منخفض,Amazon.sa (Draper tools category),https://www.amazon.sa/-/en/b?ie=UTF8&node=16620587031,سعر تقديري لمسطرين طوب كبير بناءً على أسعار أدوات البناء اليدوية المماثلة.,True,False
22,602,37871,ر 3LEG FILTER SPANNER 75-120MM تلف,مفتاح فلتر زيت ثلاثي الأرجل قابل للتعديل من 75-120 مم.,29.0,EA,40.0,1160.0,DRAPER,UNKNOWN(=BRAND PLACEHOLDER),45,متوسط,تقدير عام لمفاتيح فلتر الزيت ثلاثية الأرجل,https://www.amazon.sa/-/en/b?ie=UTF8&node=16620587031,مفتاح فلتر الزيت ثلاثي الأرجل أداة ميكانيكية بسيطة متوسطة السعر.,True,False
22,603,33598,MAG.BASE FOR 150MM VISE ةمزلم ةدعاق,قاعدة مغناطيسية مخصصة لتثبيت منجلة (فايس) مقاس 150 ملم.,77.0,EA,35.0,2695.0,DRAPER,UNKNOWN(=BRAND PLACEHOLDER),120,منخفض,Draper Tools (مرجع عام للماركة),https://www.drapertools.com/,قاعدة مغناطيسية لمنجلة 150مم، وتتوافق مع أسعار ملحقات المناجل الصغيرة المماثلة.,True,False
22,604,68921,BENDING SPRING 22MMX600MMةتسوس ةيانت,نابض (سوستة) لثني الأنابيب مقاس 22مم طول 600مم.,11.0,EA,27.0,297.0,DRAPER,UNKNOWN(=BRAND PLACEHOLDER),30,منخفض,estimated from category benchmark,https://www.amazon.sa/-/en/b?ie=UTF8&node=16620587031,نابض ثني الأنابيب أداة متخصصة صغيرة تقدر من فئة العدد اليدوية الخاصة.,True,False
22,605,9220,TROWEL 150MM نيرطسم,مسطرين معدني صغير يستخدم في أعمال التبليط والبناء.,27.0,EA,12.0,324.0,DRAPER,UNKNOWN(=BRAND PLACEHOLDER),35,متوسط,معيار فئة مسطرين البناء,https://www.drapertools.com/,مسطرين (تراول) بطول 150مم يقدر وفق أسعار أدوات البناء اليدوية الصغيرة.,True,False
22,606,36324,NEEDLE FILE 6PC مقط دترم,طقم مبارد دقيقة (إبرة) من 6 قطع لتشطيب الأعمال المعدنية الدقيقة.,24.0,EA,30.0,720.0,DRAPER,UNKNOWN(=BRAND PLACEHOLDER),55,متوسط,estimated from category benchmark (needle file sets),https://www.drapertools.com/,طقم مبارد إبرة 6 قطع من دريبر يقع ضمن نطاق أسعار أطقم المبارد الدقيقة الصغيرة.,True,False
22,607,30959,RIVETER ماشرب ةيدارز,مسدس تربيت (ريفيتر) يدوي ثنائي الاتجاه من دريبر.,29.0,EA,49.0,1421.0,DRAPER,UNKNOWN(=BRAND PLACEHOLDER),125,مرتفع,eBay UK (Draper 19782 قائمة فعلية),https://www.ebay.co.uk/itm/Draper-27848-2-Way-Hand-Riveter-Kit-Pop-Rivet-Gun-Hand-Riviter-Tool-New-19782-/391987393786,تم العثور على المنتج بالضبط برمزه 19782 بسعر فعلي 25.41 جنيهًا إسترلينيًا في السوق البريطاني، وهو سعر يعكس أداة يدوية بسيطة نسبيًا.,True,False
22,608,14132,FRAME ROD SAW راشنم,إطار منشار للقص (فريم رود) من دريبر.,11.0,EA,25.0,275.0,DRAPER,UNKNOWN(=BRAND PLACEHOLDER),35,متوسط,estimated from category benchmark,https://www.amazon.sa/-/en/b?ie=UTF8&node=16620587031,إطار منشار قضيبي من دريبر يقارب أسعار إطارات المناشير اليدوية المماثلة.,True,False
22,609,57428,JINUOR HACK SAW راشنم,منشار حديد يدوي (هاكسو).,11.0,EA,15.0,165.0,DRAPER,UNKNOWN(=BRAND PLACEHOLDER),25,منخفض,estimated from category benchmark,https://www.amazon.sa/-/en/b?ie=UTF8&node=16620567031,منشار حديد (هاكسو) عادي، سعر تقديري لأدوات القطع اليدوية الأساسية.,True,False
22,610,33544,150MM WOOD FILE بشخ دترم,مبرد يدوي مخصص لتشكيل وتنعيم الخشب.,72.0,EA,5.0,360.0,DRAPER,UNKNOWN(=BRAND PLACEHOLDER),30,متوسط,معيار فئة مبارد الخشب,https://www.drapertools.com/,مبرد خشب بطول 150مم يقدر وفق أسعار المبارد اليدوية الصغيرة.,True,False
22,611,53095,TR.JACK 200KG,جك تروللي بحمولة 200 كجم من ماركة DRAPER.,0.0,set,0.0,0.0,DRAPER,UNKNOWN(=BRAND PLACEHOLDER),320,منخفض,Amazon.sa (Draper tools category),https://www.amazon.sa/-/en/b?ie=UTF8&node=16620999031,سعر تقديري لجك تروللي بحمولة 200 كجم بناءً على أسعار جكات السيارات المماثلة في السوق.,True,False
22,612,19782,RIVETER ماشرب ةيدارز,مسدس تربيت (ريفيتر) يدوي ثنائي الاتجاه من دريبر.,71.0,EA,70.0,4970.0,DRAPER,UNKNOWN(=BRAND PLACEHOLDER),125,مرتفع,eBay UK (Draper 19782 قائمة فعلية),https://www.ebay.co.uk/itm/Draper-27848-2-Way-Hand-Riveter-Kit-Pop-Rivet-Gun-Hand-Riviter-Tool-New-19782-/391987393786,تم العثور على المنتج بالضبط برمزه 19782 بسعر فعلي 25.41 جنيهًا إسترلينيًا في السوق البريطاني، وهو سعر يعكس أداة يدوية بسيطة نسبيًا.,True,False
22,613,19782,RIVETERماشرب ةيدارز,زردية برشام (ريفيتر) من ماركة DRAPER.,0.0,EA,70.0,0.0,DRAPER,UNKNOWN(=BRAND PLACEHOLDER),65,منخفض,Amazon.sa (Draper tools category),https://www.amazon.sa/-/en/b?ie=UTF8&node=16620999031,سعر تقديري لزردية برشام بناءً على أسعار زراديق درابر المماثلة.,True,False
22,614,13963,HAND RIVTERماشرب ةيدارز,مسدس براشيم يدوي (ريفيتر).,10.0,EA,49.0,490.0,DRAPER,UNKNOWN(=BRAND PLACEHOLDER),70,متوسط,تقدير عام لمسدسات البراشيم اليدوية,https://www.drapertools.com/,مسدس براشيم يدوي (ريفيتر) من درابر ضمن الأدوات اليدوية متوسطة السعر.,True,False
22,615,43716,"CORE BIT,DIAMOND سام شيوخت ةشير",رأس حفر ماسي (كور بت) لثقب الجدران الخرسانية والبلاط.,10.0,EA,340.0,3400.0,DRAPER,UNKNOWN(=BRAND PLACEHOLDER),200,منخفض,Draper Tools (مرجع عام للماركة),https://www.drapertools.com/,لم يُعثر على السعر المحدد لهذا الرمز؛ سعر رؤوس الحفر الماسية (Core Bit) يعتمد بشدة على القطر غير المذكور، والتقدير يمثل متوسط مقاس متوسط شائع من هذه الفئة.,True,False
22,616,13840,HAND DRILL ىودي ليرد,مثقاب (دريل) يدوي بدون كهرباء من دريبر.,10.0,EA,90.0,900.0,DRAPER,UNKNOWN(=BRAND PLACEHOLDER),100,منخفض,estimated from category benchmark,"https://www.amazon.sa/-/en/DIY-Tools-Draper/s?rh=n:12463390031,p_89:Draper",سعر تقديري لدريل يدوي (مثقاب يدوي بدون كهرباء) من دريبر بناءً على أسعار الأدوات اليدوية المماثلة.,True,False
22,617,36522,"RULL,1M-WOOD بشخ ةرطسم",مسطرة خشبية طولها متر واحد من ماركة DRAPER.,2.0,EA,40.0,80.0,DRAPER,UNKNOWN(=BRAND PLACEHOLDER),40,منخفض,Amazon.sa (Draper tools category),https://www.amazon.sa/-/en/b?ie=UTF8&node=16620587031,سعر تقديري لمسطرة خشبية قياسية بناءً على أسعار أدوات القياس اليدوية المماثلة.,True,False
22,618,13867,SPARK PLUG WRENCHحىراوب حاتفم,مفتاح خاص لفك وتركيب شمعات الاحتراق (البواجي) في محركات السيارات.,22.0,EA,30.0,660.0,DRAPER,UNKNOWN(=BRAND PLACEHOLDER),30,متوسط,estimated from category benchmark (spark plug wrenches),https://www.drapertools.com/,مفتاح شمعات (بواجي) من دريبر ضمن نطاق أسعار مفاتيح الشمعات القياسية.,True,False
22,619,89918,"TORCH,ALU. فاشك",كشاف (شعلة) إضاءة يدوي مصنوع من الألمنيوم.,15.0,EA,15.0,225.0,DRAPER,UNKNOWN(=BRAND PLACEHOLDER),40,منخفض,estimated from category benchmark,https://www.amazon.sa/-/en/b?ie=UTF8&node=16620587031,كشاف إضاءة من الألمنيوم سعره متوسط ضمن فئة الكشافات اليدوية.,True,False
22,620,9220,TROWEL نيرطسم,مسطرين (تروويل) للبناء والتشطيب.,7.0,EA,13.0,91.0,DRAPER,UNKNOWN(=BRAND PLACEHOLDER),25,مرتفع,تقدير عام لمسطرين البناء,"https://www.amazon.sa/-/en/DIY-Tools-Draper/s?rh=n:12463390031,p_89:Draper",مسطرين (تروويل) بناء بسيط من أدوات البناء اليدوية الرخيصة.,True,False
22,621,43361,PLASTER TROWEL ةيوست نيرطسم,مسطرين (مالج) تسوية جبس من ماركة DRAPER.,2.0,EA,45.0,90.0,DRAPER,UNKNOWN(=BRAND PLACEHOLDER),50,منخفض,Amazon.sa (Draper tools category),https://www.amazon.sa/-/en/b?ie=UTF8&node=16620587031,سعر تقديري لمسطرين تسوية جبس بناءً على أسعار أدوات البناء اليدوية المماثلة.,True,False
22,622,19704,TROWEL نيرطسم,مسطرين (تروويل) للبناء والتشطيب.,4.0,EA,23.0,92.0,DRAPER,UNKNOWN(=BRAND PLACEHOLDER),25,مرتفع,تقدير عام لمسطرين البناء,"https://www.amazon.sa/-/en/DIY-Tools-Draper/s?rh=n:12463390031,p_89:Draper",مسطرين (تروويل) بناء بسيط من أدوات البناء اليدوية الرخيصة.,True,False
22,623,43358,TROWEL نيرطسم,مسطرين (تروويل) للبناء والتشطيب.,6.0,EA,40.0,240.0,DRAPER,UNKNOWN(=BRAND PLACEHOLDER),25,مرتفع,تقدير عام لمسطرين البناء,"https://www.amazon.sa/-/en/DIY-Tools-Draper/s?rh=n:12463390031,p_89:Draper",مسطرين (تروويل) بناء بسيط من أدوات البناء اليدوية الرخيصة.,True,False
22,624,9218,TROWEL نيرطسم,مسطرين (تروويل) للبناء والتشطيب.,2.0,EA,18.0,36.0,DRAPER,UNKNOWN(=BRAND PLACEHOLDER),25,مرتفع,تقدير عام لمسطرين البناء,"https://www.amazon.sa/-/en/DIY-Tools-Draper/s?rh=n:12463390031,p_89:Draper",مسطرين (تروويل) بناء بسيط من أدوات البناء اليدوية الرخيصة.,True,False
22,625,78277,TX-STAR BIT SET ةمجن بوبح مقط,طقم رؤوس تركس (نجمية) من دريبر.,32.0,EA,60.0,1920.0,DRAPER,UNKNOWN(=BRAND PLACEHOLDER),55,منخفض,تقدير حسب فئة المنتج,"https://www.amazon.sa/-/en/DIY-Tools-Draper/s?rh=n:12463390031,p_89:Draper",أطقم رؤوس التركس النجمية من دريبر متوسطة التكلفة ومتوفرة على نطاق واسع.,True,False
22,626,49376,ر METRIC TAP لىمللاب يرنست حاتفم,مفتاح تثبيت قلاووظ (تاب رانش) بالمقاس المتري لتشغيل قلاووظات القطع.,4.0,SET,175.0,700.0,DRAPER,UNKNOWN(=BRAND PLACEHOLDER),65,متوسط,estimated from category benchmark (Draper tap wrenches),https://www.drapertools.com/product/45739/t-type-tap-wrench-4-0-6-3mm-capacity/,مفتاح قلاووظ متري من دريبر يقع ضمن نطاق أسعار مفاتيح القلاووظ من نفس العلامة.,True,False
22,627,37329,ر TAP/WR. يرنست حاتفم,مفتاح يدوي لتدوير قضبان القلاووظ (التاب) عند عمل الفتحات الملولبة.,12.0,EA,35.0,420.0,DRAPER,UNKNOWN(=BRAND PLACEHOLDER),90,متوسط,معيار فئة مفاتيح القلاووظ,https://www.drapertools.com/,مفتاح قلاووظ (تاب رانش) من دريبر يقدر بناءً على أسعار الأدوات المماثلة في السوق البريطاني.,True,False
22,628,43489,10MM HSS BIT ديدح ةشير,ريشة حفر حديد (HSS) مقاس 10 مم.,24.0,EA,10.0,240.0,DRAPER,UNKNOWN(=BRAND PLACEHOLDER),10,متوسط,PS Trading Company - Drill Bits (Saudi Arabia),https://www.pstradingksa.com/collections/drill-bits,ريشة حفر حديد HSS مقاس 10مم منخفضة الثمن ضمن ريش الحفر القياسية.,True,False
22,629,43575,6.5MM HSS ديدح ليرد ةشير,ريشة حفر حديد (HSS) مقاس 6.5 مم.,31.0,EA,7.0,217.0,DRAPER,UNKNOWN(=BRAND PLACEHOLDER),10,متوسط,PS Trading Company - Drill Bits (Saudi Arabia),https://www.pstradingksa.com/collections/drill-bits,ريشة حفر حديد HSS مقاس صغير 6.5مم سعرها منخفض ضمن ريش الحفر القياسية.,True,False
22,630,43486,7MM HSS ديدح ليرد ةشير,ريشة حفر حديد (HSS) مقاس 6.5 مم.,5.0,EA,7.0,35.0,DRAPER,UNKNOWN(=BRAND PLACEHOLDER),10,متوسط,PS Trading Company - Drill Bits (Saudi Arabia),https://www.pstradingksa.com/collections/drill-bits,ريشة حفر حديد HSS مقاس صغير 6.5مم سعرها منخفض ضمن ريش الحفر القياسية.,True,False
22,631,76081,8MM COBALT تلابوك ةشير,ريشة ثقب معدن مطلية بالكوبالت مقاس 2.0مم من دريبر.,8.0,EA,22.0,176.0,DRAPER,UNKNOWN(=BRAND PLACEHOLDER),15,متوسط,Amazon.sa – Draper tools category,"https://www.amazon.sa/-/en/DIY-Tools-Draper/s?rh=n:12463390031,p_89:Draper",سعر تقديري لريشة ثقب كوبالت صغيرة مقاس 2مم بناءً على أسعار الريش الصغيرة المماثلة.,True,False
22,632,43579,10MM MASONARY رادج ةشير,لقمة حفر للجدران (مسنري) مقاس 7 ملم.,47.0,EA,10.0,470.0,DRAPER,UNKNOWN(=BRAND PLACEHOLDER),30,متوسط,Draper Tools (مرجع عام للماركة),https://www.drapertools.com/,لقمة حفر جدران (مسنري) صغيرة مقاس 7 ملم، وهي منتج استهلاكي رخيص ضمن نطاق لقم دريبر الصغيرة.,True,False
22,633,76071,3.5MM COBALT تلابوك ةشير,ريشة ثقب معدن مطلية بالكوبالت مقاس 2.0مم من دريبر.,4.0,EA,7.0,28.0,DRAPER,UNKNOWN(=BRAND PLACEHOLDER),15,متوسط,Amazon.sa – Draper tools category,"https://www.amazon.sa/-/en/DIY-Tools-Draper/s?rh=n:12463390031,p_89:Draper",سعر تقديري لريشة ثقب كوبالت صغيرة مقاس 2مم بناءً على أسعار الريش الصغيرة المماثلة.,True,False
22,634,53854,"4MM HSS,10PC/PKTديدح ةشير مقط",طقم ريش حفر حديد (HSS) مقاس 4 مم مكون من 10 قطع.,32.0,EA,6.0,192.0,DRAPER,UNKNOWN(=BRAND PLACEHOLDER),25,متوسط,PS Trading Company - Drill Bits (Saudi Arabia),https://www.pstradingksa.com/collections/drill-bits,طقم ريش حفر حديد مقاس 4مم 10 قطع يقارب أسعار الأطقم الصغيرة المشابهة.,True,False
23,635,43602,"12MM,SDS سا ىد سا ةشير",ريشة حفر خرسانة نوع SDS مقاس 12مم.,13.0,EA,35.0,455.0,DRAPER,UNKNOWN(=BRAND PLACEHOLDER),30,مرتفع,تقدير عام لريش الحفر نوع SDS,"https://www.amazon.sa/-/en/DIY-Tools-Draper/s?rh=n:12463390031,p_89:Draper",ريشة حفر نوع SDS مقاس 12مم للخرسانة ضمن الأدوات الاستهلاكية متوسطة السعر.,True,False
23,636,38081,MECH.CREEPER كىيناكيم ةفاحز,عربة تمدد (كريبر) ميكانيكية للاستلقاء والعمل تحت السيارة.,3.0,EA,125.0,375.0,DRAPER,UNKNOWN(=BRAND PLACEHOLDER),220,منخفض,تقدير حسب فئة عربات الفحص الميكانيكية (كريبر),https://www.drapertools.com,عربة تمدد (كريبر) لتسهيل العمل تحت السيارة، والتقدير مبني على أسعار المنتجات المماثلة.,True,False
23,637,76068,2.5 COBALT DRILLS تلابوك ةشير,ريشة مثقاب من الكوبالت مقاس 2.5مم.,34.0,EA,5.0,170.0,DRAPER,UNKNOWN(=BRAND PLACEHOLDER),7,متوسط,Kasweld - HSS Cobalt Drill Bits Saudi Arabia,https://www.kasweld.sa/products/hss-drill-bit-cobalt-11mm-in-saudi-arabia,ريشة كوبالت صغيرة مقاس 2.5مم، ضمن نطاق أسعار ريش الكوبالت المنخفضة.,True,False
23,638,43582,"12X150MM,MASONARY DRILLS رادج ةسير",ريشة حفر جدران (خرسانة) مقاس 12×150مم.,15.0,EA,11.0,165.0,DRAPER,UNKNOWN(=BRAND PLACEHOLDER),18,متوسط,Amazon.sa - Masonry Bits,https://www.amazon.sa/-/en/b?ie=UTF8&node=16621040031,ريشة حفر خرسانة صغيرة الطول 12×150مم، ضمن نطاق أسعار ريش الخرسانة الاقتصادية.,True,False
23,639,33080,MAG.PICK UP TOOL كىيناكيملل طاقتلا ةادا,أداة التقاط مغناطيسية للقطع المعدنية الصغيرة.,5.0,EA,25.0,125.0,DRAPER,UNKNOWN(=BRAND PLACEHOLDER),25,متوسط,Amazon.sa - Hand Tools,https://www.amazon.sa/-/en/b?ie=UTF8&node=16620567031,أداة التقاط مغناطيسية للأجزاء المعدنية الصغيرة، ضمن أسعار الأدوات اليدوية البسيطة.,True,False
23,640,38081,MECH.CREEPER كىيناكيم ةفاحز,عربة تمدد (كريبر) ميكانيكية للاستلقاء والعمل تحت السيارة.,9.0,EA,120.0,1080.0,DRAPER,UNKNOWN(=BRAND PLACEHOLDER),220,منخفض,تقدير حسب فئة عربات الفحص الميكانيكية (كريبر),https://www.drapertools.com,عربة تمدد (كريبر) لتسهيل العمل تحت السيارة، والتقدير مبني على أسعار المنتجات المماثلة.,True,False
23,641,30427,SAND BLASTER KIT لمر شر ةنيكام,طقم مسدس رمي الرمل (ساند بلاستر) يعمل بالهواء من دريبر.,4.0,KIT,450.0,1800.0,DRAPER,UNKNOWN(=BRAND PLACEHOLDER),100,منخفض,تقدير حسب فئة المنتج,"https://www.amazon.sa/-/en/DIY-Tools-Draper/s?rh=n:12463390031,p_89:Draper",أطقم مسدسات رمي الرمل اليدوية العاملة بالهواء متوسطة التكلفة.,True,False
23,642,13838,8MM DOUBLE PINUON HAND DRILL ىودي ليررد ةراجنلل,مثقاب خشب يدوي بترس مزدوج مقاس 8مم.,2.0,EA,65.0,130.0,DRAPER,UNKNOWN(=BRAND PLACEHOLDER),75,منخفض,estimated from category benchmark,https://www.amazon.sa/-/en/b?ie=UTF8&node=16620567031,مثقاب يدوي (بريس) بترس مزدوج مقاس 8مم، أداة نجارة يدوية تقليدية.,True,False
23,643,43576,7X150MM MASONARY DRILLS رادج ةشير,ريشة حفر جدران (مازونري) مقاس 7×150مم.,74.0,EA,7.0,518.0,DRAPER,UNKNOWN(=BRAND PLACEHOLDER),15,مرتفع,تقدير عام لريش حفر الحوائط (المازونري),"https://www.amazon.sa/-/en/DIY-Tools-Draper/s?rh=n:12463390031,p_89:Draper",ريشة حفر جدران مقاس 7×150مم من الأدوات الاستهلاكية الرخيصة.,True,False
23,644,45785,"SWIVEL BASE FOR 150MM,VISE 6 ةمزلم""",قاعدة دوارة لمنجلة (فايس) مقاس 150مم/6 بوصة.,9.0,EA,60.0,540.0,DRAPER,UNKNOWN(=BRAND PLACEHOLDER),70,متوسط,تقدير عام لقواعد دوارة للمنجلة,https://www.drapertools.com/,قاعدة دوارة لمنجلة (فايس) مقاس 6 بوصة ملحق إضافي متوسط السعر.,True,False
23,645,74697,SHARPENIG STONE 100X25MM نس رجح,حجر سنّ يدوي مقاس 100×25 مم لشحذ الشفرات.,58.0,EA,22.0,1276.0,DRAPER,UNKNOWN(=BRAND PLACEHOLDER),25,متوسط,أسعار حجر السن العام في السوق السعودي,"https://www.amazon.sa/-/en/DIY-Tools-Draper/s?rh=n:12463390031,p_89:Draper",حجر السن اليدوي صغير الحجم من الفئة الاقتصادية وسعره منخفض عادة في متاجر الأدوات.,True,False
23,646,65737,SHARPENIG STONE 200X50X25MM نس رجح,حجر شحذ للأدوات الحادة بمقاس 200×50×25 مم.,50.0,EA,30.0,1500.0,DRAPER,UNKNOWN(=BRAND PLACEHOLDER),55,منخفض,تقدير حسب فئة حجر الشحذ,https://www.drapertools.com,حجر شحذ قياسي متوسط الحجم، والتقدير مبني على أسعار أحجار الشحذ المشابهة في السوق.,True,False
23,647,43583,12X200MM MASONARY DRILL رادج ةشير,ريشة ثقب خرسانة مقاس 12×200 مم.,52.0,EA,20.0,1040.0,DRAPER,UNKNOWN(=BRAND PLACEHOLDER),25,متوسط,أسعار ريش ثقب الخرسانة في أمازون السعودية,https://www.amazon.sa/-/en/b?ie=UTF8&node=16621040031,ريشة ثقب خرسانة مقاس 12×200 مم من الفئة المتوسطة السعر.,True,False
23,648,53092,ENGINE STAND 450KG,حامل محرك (إنجن ستاند) بحمولة 450 كجم من ماركة DRAPER.,0.0,EA,0.0,0.0,DRAPER,UNKNOWN(=BRAND PLACEHOLDER),650,منخفض,mechmaxx.com (automotive equipment benchmark),https://mechmaxx.com/collections/wheel-balancer,سعر تقديري لحامل محرك بحمولة 450 كجم بناءً على أسعار معدات الورش الميكانيكية المماثلة.,True,False
23,649,54504,SPARK PLUG حىراوب,أداة صغيرة متعلقة بصيانة أو تنظيف شمعات الاحتراق.,6.0,EA,60.0,360.0,DRAPER,UNKNOWN(=BRAND PLACEHOLDER),30,منخفض,استدلال من فئة أدوات شمعات الاحتراق,https://www.drapertools.com/,أداة أو فرشاة متعلقة بشمعات الاحتراق تقدر بسعر منخفض ضمن الفئة المتخصصة.,True,False
23,650,32250,,أداة أو منتج من دريبر دون وصف نصي كافٍ لتحديد نوعه بدقة.,8.0,EA,70.0,560.0,DRAPER,UNKNOWN(=BRAND PLACEHOLDER),120,منخفض,Draper Tools (مرجع عام للماركة، لا يوجد وصف),https://www.drapertools.com/,لا يتوفر وصف نصي لهذا المنتج (رمز 32250 فقط)، والسعر تقدير عام حذر لأداة يدوية متوسطة من دريبر.,True,False
23,651,38861,TILE CUTTER 160 طلاب ةعاطق,قاطعة بلاط يدوية (سكور وسناب) بعرض قطع 160مم للبلاط الصغير.,2.0,EA,90.0,180.0,DRAPER,UNKNOWN(=BRAND PLACEHOLDER),110,متوسط,estimated from category benchmark (Draper tile cutters),https://www.drapertools.com/,قاطعة بلاط يدوية بمقاس 160مم من دريبر ضمن نطاق أسعار قواطع البلاط الصغيرة.,True,False
23,652,45245,VACUUM BASE TABLE VICE ةلواط ةمزلم,ملزمة طاولة بقاعدة شفط (فاكيوم) لتثبيتها على أي سطح أملس.,10.0,EA,150.0,1500.0,DRAPER,UNKNOWN(=BRAND PLACEHOLDER),165,مرتفع,Red Box Tools / Power Tools Direct listings,https://www.redboxtools.com/product/draper-45245-75mm-vacuum-vice/,وُجد سعر فعلي حديث لنفس كود درابر 45245 بين 22-31 جنيه إسترليني من موزعين بريطانيين مختلفين.,True,False
23,653,31096,HOLE PUNCH PLIER شيوخت ةيدارز,زردية ثقب (هول بانش) من ماركة DRAPER.,1.0,EA,30.0,30.0,DRAPER,UNKNOWN(=BRAND PLACEHOLDER),50,منخفض,Amazon.sa (Draper tools category),https://www.amazon.sa/-/en/b?ie=UTF8&node=16620999031,سعر تقديري لزردية ثقب بناءً على أسعار الزراديق المتخصصة المماثلة.,True,False
23,654,56246,CYL.HONE تاردنلسلا خلج ةادا,أداة تجليخ (هون) لتنعيم السطح الداخلي لاسطوانات المحرك.,18.0,EA,110.0,1980.0,DRAPER,UNKNOWN(=BRAND PLACEHOLDER),140,منخفض,Draper Tools (مرجع عام للماركة),https://www.drapertools.com/,أداة تجليخ (هون) للاسطوانات في المحركات، وهي أداة ورشة متخصصة متوسطة السعر.,True,False
23,655,56244,CYL.HONE تاردنلسلا خلج ةادا,أداة تجليخ (هون) لتنعيم السطح الداخلي لاسطوانات المحرك.,9.0,EA,35.0,315.0,DRAPER,UNKNOWN(=BRAND PLACEHOLDER),140,منخفض,Draper Tools (مرجع عام للماركة),https://www.drapertools.com/,أداة تجليخ (هون) للاسطوانات في المحركات، وهي أداة ورشة متخصصة متوسطة السعر.,True,False
23,656,33831,ر FACESHIELD هجو قاو,واقي وجه (فيس شيلد) للسلامة المهنية.,2.0,EA,115.0,230.0,DRAPER,UNKNOWN(=BRAND PLACEHOLDER),40,منخفض,Amazon.sa - Safety Helmets category,https://www.amazon.sa/-/en/Safety-Helmets/b?ie=UTF8&node=16621112031,واقي وجه للسلامة يقارب أسعار وسائل الحماية الشخصية البسيطة في السوق السعودي.,True,False
23,657,41431,ROTARY WIRE CUP ةشرف كلس ةركب,فرشاة سلكية دوارة على شكل كوب لتنظيف الأسطح المعدنية.,34.0,EA,10.0,340.0,DRAPER,UNKNOWN(=BRAND PLACEHOLDER),30,متوسط,معيار فئة فرش الأسلاك الدوارة,https://www.drapertools.com/,فرشاة سلكية دوارة على شكل كوب تقدر وفق أسعار الفرش الصناعية الاقتصادية.,True,False
23,658,37332,ر TAP.WRENCH يرنست حاتفم,مفتاح تثبيت قلاووظ (تاب رانش) لتشغيل قلاووظات القطع اليدوية.,8.0,EA,80.0,640.0,DRAPER,UNKNOWN(=BRAND PLACEHOLDER),65,متوسط,estimated from category benchmark (Draper tap wrenches),https://www.drapertools.com/product/24554/ratchet-tap-wrench-m5-m12/,مفتاح قلاووظ آخر من دريبر مشابه للموديلات الأخرى من نفس العلامة والفئة السعرية.,True,False
23,659,37331,ر TAP. WRENCHيرنست حاتفم,مفتاح يدوي لتدوير قضبان القلاووظ عند القطع الملولب.,6.0,EA,65.0,390.0,DRAPER,UNKNOWN(=BRAND PLACEHOLDER),90,متوسط,معيار فئة مفاتيح القلاووظ,https://www.drapertools.com/,مفتاح قلاووظ من دريبر بنفس فئة المنتج رقم 37329 المشابه.,True,False
23,660,79540,ر FL.WOOD BITيرنست حاتفم,ريشة حفر مسطحة (فلات وود بت) مخصصة لحفر الخشب.,16.0,EA,38.0,608.0,DRAPER,UNKNOWN(=BRAND PLACEHOLDER),25,منخفض,estimated from category benchmark (spade/wood bits),https://www.drapertools.com/,وصف الصنف غير واضح تماماً (يجمع بين ريشة خشب ومفتاح قلاووظ)، والتقدير مبني على متوسط أسعار ريش حفر الخشب من دريبر.,True,False
23,661,43633,FL.WOOD BIT ةططبم بشخ ةشير,ريشة حفر مسطحة مخصصة لثقب الخشب.,23.0,EA,15.0,345.0,DRAPER,UNKNOWN(=BRAND PLACEHOLDER),20,متوسط,معيار فئة ريش الخشب المسطحة,https://www.drapertools.com/,ريشة خشب مسطحة (سبيد بت) تباع عادة بسعر اقتصادي ضمن فئة ريش الحفر الأساسية.,True,False
23,662,13711,5PC DRILL BIT.MASONARY رادج شير مقط,طقم مقطات حفر الحوائط (المسامير الخرسانية) مكون من 5 قطع.,14.0,set,20.0,280.0,DRAPER,UNKNOWN(=BRAND PLACEHOLDER),30,متوسط,PS Trading Company - Drill Bits (Saudi Arabia),https://www.pstradingksa.com/collections/drill-bits,طقم مقطات حفر جدران (مسمارية) 5 قطع يقارب أسعار الأطقم الاقتصادية المشابهة.,True,False
23,663,16637,"5PC,WOOD BIT 10و8و6و5و4بشخ شير مقطMM",طقم ريش ثقب خشب 5 قطع بمقاسات 4-10 مم.,52.0,EA,20.0,1040.0,DRAPER,UNKNOWN(=BRAND PLACEHOLDER),45,متوسط,تقدير عام لأطقم ريش ثقب الخشب,https://www.amazon.sa/-/en/b?ie=UTF8&node=16621040031,طقم ريش ثقب خشب بخمس مقاسات مختلفة من الأدوات المنزلية الشائعة.,True,False
23,664,13704,13PC.DILL BIT SET رادج شير مقط,طقم ريش حفر HSS مكون من 13 قطعة بمقاسات متدرجة.,45.0,set,30.0,1350.0,DRAPER,UNKNOWN(=BRAND PLACEHOLDER),75,منخفض,تقدير حسب فئة أطقم ريش الحفر 13 قطعة,https://www.drapertools.com,طقم ريش حفر قياسي شائع، والتقدير مبني على أسعار الأطقم المماثلة من نفس العلامة.,True,False
23,665,35191,comb.wr.10mm كرلتشم حاتفم,مفتاح كومبنيشن (مفتوح ومغلق) مقاس 10 ملم.,24.0,EA,15.0,360.0,DRAPER,UNKNOWN(=BRAND PLACEHOLDER),20,متوسط,معيار فئة مفاتيح الكومبنيشن الصغيرة,https://www.drapertools.com/,مفتاح كومبنيشن صغير مقاس 10مم يقدر وفق أسعار المفاتيح الفردية الاقتصادية.,True,False
24,666,51957,ر AC/DC TESTER تست,قلم/جهاز فحص بسيط للتأكد من وجود التيار الكهربائي المتردد أو المستمر.,4.0,EA,160.0,640.0,DRAPER,UNKNOWN(=BRAND PLACEHOLDER),50,متوسط,estimated from category benchmark (AC/DC voltage testers),https://www.drapertools.com/,جهاز فحص تيار متردد/مستمر من دريبر ضمن نطاق أسعار أقلام فحص الجهد القياسية.,True,False
24,667,33093,"SKT,10MM,12PT,1/2DR مورك ةبح",بريمة (سوكيت) كروم عادية مقاس 10 مم دفع 1/2 بوصة 12 سن.,14.0,EA,20.0,280.0,DRAPER,UNKNOWN(=BRAND PLACEHOLDER),15,منخفض,estimated from category benchmark,https://www.noon.com/saudi-en/tools-and-home-improvement/power-and-hand-tools/power-hand-tool-accessories/sockets-and-socket-sets/,بريمة كروم عادية مقاس 10مم دفع 1/2 بوصة سعرها منخفض ضمن فئة البريمات القياسية.,True,False
24,668,80756,"S.CALIPER,6"" تريلاك",أداة قياس دقيقة (كاليبر) بطول 6 بوصات (150مم) لقياس الأبعاد الداخلية والخارجية.,2.0,EA,295.0,590.0,DRAPER,UNKNOWN(=BRAND PLACEHOLDER),110,متوسط,estimated from category benchmark (Draper calipers),https://www.drapertools.com/,شريط قياس (كاليبر) بطول 6 بوصات من دريبر ضمن نطاق أسعار أدوات القياس الدقيقة الصغيرة.,True,False
24,669,46610,"DIGITAL CALIPER 6"" مىقر تريلاك",جهاز قياس (كاليبر) رقمي مقاس 6 بوصات.,1.0,EA,295.0,295.0,DRAPER,UNKNOWN(=BRAND PLACEHOLDER),90,متوسط,Amazon.sa - Calipers category,https://www.amazon.sa/-/en/b?ie=UTF8&node=16973894031,كاليبر رقمي 6 بوصة من دريبر يقارب أسعار الكاليبرات الرقمية المتوسطة المعروضة في السوق السعودي.,True,False
24,670,82805,HEEL BARMPRY ىورك راب,عتلة رفع (هيل بار) من ماركة DRAPER.,1.0,EA,45.0,45.0,DRAPER,UNKNOWN(=BRAND PLACEHOLDER),65,منخفض,Amazon.sa (Draper tools category),https://www.amazon.sa/-/en/b?ie=UTF8&node=16620999031,سعر تقديري لعتلة رفع بناءً على أسعار العتلات اليدوية المماثلة.,True,False
24,671,9548,S/D 19PC/SET تاكفم مقط,طقم مفكات متنوعة مكون من 19 قطعة.,1.0,SET,230.0,230.0,DRAPER,UNKNOWN(=BRAND PLACEHOLDER),90,متوسط,Amazon.sa - Draper screwdriver set listing,https://www.amazon.sa/-/en/Draper-78924-Soft-Grip-Precision-Screwdriver/dp/B001FCLV4Q,طقم مفكات 19 قطعة من دريبر يقارب أسعار الأطقم المتوسطة المعروضة في أمازون السعودية.,True,False
24,672,56437,"NON-CONTACT THERMOMETER,IR,",جهاز قياس حرارة لا تلامسي بالأشعة تحت الحمراء.,3.0,EA,375.0,1125.0,DRAPER,UNKNOWN(=BRAND PLACEHOLDER),70,متوسط,تقدير عام لموازين الحرارة بالأشعة تحت الحمراء,https://www.kanbkam.com/sa/en/unit-ut203-digital-clamp-meters-B005HOPRRK,أجهزة قياس الحرارة اللامسية بالأشعة تحت الحمراء من فئة الأسعار المتوسطة الدنيا.,True,False
24,673,75305,"HOSE CLIP,DRIVER تازوهلل تابلكلا لصاف",أداة/مفك لفصل وتركيب مشابك خراطيم السيارات.,3.0,EA,95.0,285.0,DRAPER,UNKNOWN(=BRAND PLACEHOLDER),20,منخفض,estimated from category benchmark,https://www.amazon.sa/-/en/b?ie=UTF8&node=16620587031,مفك خاص لفك مشابك الخراطيم أداة متخصصة صغيرة رخيصة الثمن.,True,False
24,674,89793,REMOTE HOSE CLIP PLIER بلكلا لصاف,كماشة متخصصة لفك وتركيب مشابك خراطيم السيارات.,1.0,EA,330.0,330.0,DRAPER,UNKNOWN(=BRAND PLACEHOLDER),65,منخفض,استدلال من فئة كماشات مشابك الخراطيم,https://www.drapertools.com/,كماشة فك مشابك الخراطيم عن بعد تقدر وفق أسعار الكماشات المتخصصة من دريبر.,True,False
24,675,35884,"CYL,LEAKAGE تاردنلسلل ءاوهلا بسرت زاهج",جهاز لفحص تسرب الهواء من اسطوانات المحرك.,1.0,KIT,550.0,550.0,DRAPER,UNKNOWN(=BRAND PLACEHOLDER),250,متوسط,تقدير عام لأجهزة فحص تسرب الأسطوانات,https://www.drapertools.com/,جهاز تشخيصي لفحص تسرب الهواء من اسطوانات المحرك، أعلى سعراً من الأدوات اليدوية البسيطة.,True,False
24,676,84155,HOSE CLIP PLIER تابلك ةيدارز,زردية (بنسة) خاصة لفك وتركيب مشابك الخراطيم.,1.0,EA,240.0,240.0,DRAPER,UNKNOWN(=BRAND PLACEHOLDER),30,منخفض,Tolsen Saudi Arabia - Water Pump Pliers,https://tolsentools.com.sa/products/water-pump-pliers-1,زردية لفك وتركيب مشابك الخراطيم أداة متخصصة سعرها متوسط.,True,True
24,677,68614,COIL SPRING COMP. تادعاسملا طعض ةتدا,أداة ضغط النابض الحلزوني (Coil Spring Compressor) للمساعدات من دريبر.,3.0,KIT,295.0,885.0,DRAPER,UNKNOWN(=BRAND PLACEHOLDER),150,منخفض,estimated from category benchmark,"https://www.amazon.sa/-/en/DIY-Tools-Draper/s?rh=n:12463390031,p_89:Draper",سعر تقديري لأداة ضغط النابض الحلزوني (كوماشة المساعدات) من دريبر بناءً على أسعار أدوات تعليق السيارات المماثلة.,True,False
24,678,41026,BATTERY TESTER 12V-ALTR.ةيراطلا صحف زاهج ومنيدلاو,جهاز فحص بطارية ودينامو السيارة 12 فولت من دريبر.,6.0,EA,135.0,810.0,DRAPER,UNKNOWN(=BRAND PLACEHOLDER),80,متوسط,Amazon.sa – Draper tools category,"https://www.amazon.sa/-/en/DIY-Tools-Draper/s?rh=n:12463390031,p_89:Draper",سعر تقديري لجهاز فحص بطارية ودينامو 12 فولت من دريبر بناءً على أسعار أجهزة فحص السيارات المماثلة.,True,False
24,679,19779,CRIMPER سبك ةدارز,زردية سبك (كرمبر) خماسية الاستخدامات مع طقم أطراف كهربائية من دريبر.,8.0,EA,75.0,600.0,DRAPER,UNKNOWN(=BRAND PLACEHOLDER),75,مرتفع,Power Tools Direct / Lawson HIS (Draper 13658),https://www.powertoolsdirect.com/draper-13658-5-way-crimping-tool-terminal-kit-240mm-per-kit-5010559136582,تم العثور على المنتج بالضبط (طقم زردية سبك 5 استخدامات مع أطراف كهربائية) بسعر يتراوح بين 11-17 جنيه إسترليني في المملكة المتحدة، وبالتحويل لتكلفة الاستيراد والسوق السعودي يصبح السعر المقارب حوالي 75 ريال.,True,False
24,680,39591,"TYPE DEPTH GAUGE,DIGITAL قامعلاا سايق ةادا",أداة رقمية لقياس أعماق الفتحات والتجاويف بدقة.,1.0,EA,380.0,380.0,DRAPER,UNKNOWN(=BRAND PLACEHOLDER),120,متوسط,معيار فئة أدوات القياس الرقمية,https://www.drapertools.com/,مقياس أعماق رقمي يقدر وفق أسعار أدوات القياس الرقمية المتوسطة من دريبر.,True,False
24,681,24690,"24MM,SKT,12PT,1/2DR.مورك ةبح",قطعة دباشة مقاس 24مم بـ12 سن لمفتاح دريل 1/2 بوصة.,5.0,EA,65.0,325.0,DRAPER,UNKNOWN(=BRAND PLACEHOLDER),55,متوسط,معيار فئة قطع الدباشة من دريبر,https://www.drapertools.com/,قطعة دباشة مقاس 24مم عيار 1/2 بوصة بـ12 سن تقدر وفق أسعار القطع المتوسطة من دريبر.,True,False
24,682,33594,"36MM,1/2DR,12PT,SKTمورك ةبح",قطعة دباشة مقاس 36مم بـ12 سن لمفتاح 1/2 بوصة.,3.0,EA,130.0,390.0,DRAPER,UNKNOWN(=BRAND PLACEHOLDER),90,متوسط,معيار فئة قطع الدباشة الكبيرة,https://www.drapertools.com/,قطعة دباشة كبيرة مقاس 36مم عيار 1/2 بوصة بـ12 سن تقدر وفق أسعار القطع الكبيرة المماثلة.,True,False
24,683,33734,"16L,SKT,12PT,1/2DRمورك ةبح",بريمة كروم طويلة 12 سن دفع 1/2 بوصة.,4.0,EA,48.0,192.0,DRAPER,UNKNOWN(=BRAND PLACEHOLDER),18,منخفض,estimated from category benchmark,https://www.noon.com/saudi-en/tools-and-home-improvement/power-and-hand-tools/power-hand-tool-accessories/sockets-and-socket-sets/,بريمة كروم طويلة 12 سن دفع 1/2 بوصة سعر نموذجي للبريمات الطويلة الصغيرة المقاس.,True,False
24,684,33858,"30MM,12PT,3/4DRمورك ةبح",بريمة كروم مقاس 30 مم 12 سن دفع 3/4 بوصة.,4.0,EA,65.0,260.0,DRAPER,UNKNOWN(=BRAND PLACEHOLDER),55,منخفض,estimated from category benchmark,https://www.noon.com/saudi-en/tools-and-home-improvement/power-and-hand-tools/power-hand-tool-accessories/sockets-and-socket-sets/,بريمة كروم مقاس 30مم دفع 3/4 بوصة 12 سن أعلى ثمناً من مقاسات الدفع الأصغر.,True,False
24,685,33418,"12PT,SKT,1/2DR.25MMمورك ةبح",بريمة كروم مقاس 25 مم دفع 1/2 بوصة 12 سن.,4.0,EA,48.0,192.0,DRAPER,UNKNOWN(=BRAND PLACEHOLDER),25,منخفض,estimated from category benchmark,https://www.noon.com/saudi-en/tools-and-home-improvement/power-and-hand-tools/power-hand-tool-accessories/sockets-and-socket-sets/,بريمة كروم مقاس 25مم دفع 1/2 بوصة 12 سن سعرها متوسط.,True,False
24,686,33442,"27MM,12PT,1/2DR-SKTمورك ةبح",بريمة كروم مقاس 27 مم دفع 1/2 بوصة 12 سن.,4.0,EA,48.0,192.0,DRAPER,UNKNOWN(=BRAND PLACEHOLDER),35,منخفض,estimated from category benchmark,https://www.noon.com/saudi-en/tools-and-home-improvement/power-and-hand-tools/power-hand-tool-accessories/sockets-and-socket-sets/,بريمة كروم مقاس 27مم دفع 1/2 بوصة 12 سن سعرها أعلى قليلاً للمقاس الكبير.,True,False
24,687,33202,"18MM,1/2DR.12PT,SKT مورك ةبح",بيّة كروم مقاس 18مم اثنتا عشرة سنّ لمفتاح 1/2 بوصة.,4.0,EA,38.0,152.0,DRAPER,UNKNOWN(=BRAND PLACEHOLDER),28,متوسط,Amazon.sa - Drive Sockets,https://www.amazon.sa/-/en/b?ie=UTF8&node=16620996031,بيّة كروم 12 سن مقاس 18مم لمفتاح 1/2 بوصة، ضمن أسعار البيات القياسية.,True,False
24,688,33105,"13MM,1/2DR,12PT-SKT مورك ةبح",بيّة كروم مقاس 13مم اثنتا عشرة سنّ لمفتاح 1/2 بوصة.,4.0,EA,38.0,152.0,DRAPER,UNKNOWN(=BRAND PLACEHOLDER),24,متوسط,Amazon.sa - Drive Sockets,https://www.amazon.sa/-/en/b?ie=UTF8&node=16620996031,بيّة كروم 12 سن مقاس 13مم لمفتاح 1/2 بوصة ضمن أسعار البيات القياسية.,True,False
24,689,63814,FUSE KIT تازويف مقط,طقم فيوزات كهربائية بمقاسات مختلفة للسيارات والمعدات.,3.0,KIT,120.0,360.0,DRAPER,UNKNOWN(=BRAND PLACEHOLDER),50,متوسط,معيار فئة أطقم الفيوزات,https://www.drapertools.com/,طقم فيوزات كهربائية متنوعة المقاسات يقدر وفق أسعار الأطقم الاستهلاكية الصغيرة.,True,False
24,690,64408,COPING SAW راشنم,منشار يدوي صغير (كوبينج سو) لقطع المنحنيات الدقيقة.,47.0,EA,30.0,1410.0,DRAPER,UNKNOWN(=BRAND PLACEHOLDER),40,منخفض,تقدير حسب فئة مناشير الزوايا اليدوية,https://www.drapertools.com,منشار يدوي بسيط للزوايا الدقيقة، سعره منخفض نسبياً بشكل معتاد.,True,False
24,691,71286,WALL SCRAPER ناهد ةنيكس,سكين معدنية لكشط الدهان والمعجون عن الحوائط.,27.0,EA,15.0,405.0,DRAPER,UNKNOWN(=BRAND PLACEHOLDER),25,منخفض,استدلال من فئة سكاكين الحوائط,https://www.drapertools.com/,سكين كاشطة حوائط بسيطة تقدر ضمن فئة أدوات الدهان الرخيصة.,True,False
24,692,82664,FILLING KNIFE نوجعم ةنيكس,سكين معجون لأعمال الدهان والتشطيب.,8.0,EA,16.0,128.0,DRAPER,UNKNOWN(=BRAND PLACEHOLDER),18,منخفض,estimated from category benchmark,https://www.amazon.sa/-/en/b?ie=UTF8&node=16620567031,سكين معجون (فيلينغ نايف) يستخدم في أعمال المعجون والدهان.,True,False
24,693,25993,HOLLOW PUNCH SET شيوخت مقط,طقم مثاقب تخويش (بنش) متعدد المقاسات.,3.0,SET,65.0,195.0,DRAPER,UNKNOWN(=BRAND PLACEHOLDER),50,منخفض,estimated from category benchmark,https://www.amazon.sa/-/en/b?ie=UTF8&node=16620587031,طقم مثاقب تخويش متعدد المقاسات سعره متوسط ضمن أطقم العدد اليدوية.,True,False
24,694,37332,BARTYPE TAPWREN.6.8-23.35MMSQ,مفتاح قلاووظ (Tap Wrench) قابل للتعديل من 6.8 إلى 23.35 مم.,11.0,EA,98.0,1078.0,DRAPER,UNKNOWN(=BRAND PLACEHOLDER),70,متوسط,تقدير عام لمفاتيح القلاووظ (Tap Wrench),https://www.amazon.sa/-/en/b?ie=UTF8&node=16621001031,مفتاح القلاووظ من نوع البار القابل للتعديل أداة متخصصة متوسطة السعر.,True,False
24,695,37331,ر BAR TYPE TAPWREN.4.25-17.7MSQ يرنسنت حاتفم,مفتاح تثبيت قلاووظ (تاب رانش) من نوع القضيب لتثبيت وتدوير قلاووظات القطع اليدوية.,8.0,EA,95.0,760.0,DRAPER,UNKNOWN(=BRAND PLACEHOLDER),140,منخفض,Draper Tools (فئة مفاتيح القلاووظ),https://www.drapertools.com/,مفتاح قلاووظ نوع BAR بقياس كبير نسبياً من دريبر، وتقدير السعر مبني على أسعار مفاتيح القلاووظ المماثلة من نفس العلامة.,True,False
25,696,10913,NUT SPLITER ليماوص لصاف,أداة تكسير الصواميل المتصلبة أو الصدئة من دريبر.,1.0,SET,38.0,38.0,DRAPER,UNKNOWN(=BRAND PLACEHOLDER),90,متوسط,Draper Tools - nut splitters category,https://www.drapertools.com/,أدوات تكسير الصواميل الأساسية من دريبر تُباع عادة بين 15-25 جنيهاً إسترلينياً.,True,False
25,697,10916,NUT SPLITER ليماوص لصاف,أداة تكسير الصواميل المتصلبة أو الصدئة من دريبر.,4.0,SET,48.0,192.0,DRAPER,UNKNOWN(=BRAND PLACEHOLDER),90,متوسط,Draper Tools - nut splitters category,https://www.drapertools.com/,أدوات تكسير الصواميل الأساسية من دريبر تُباع عادة بين 15-25 جنيهاً إسترلينياً.,True,False
25,698,71462,WIPER ARM PULLER تاحاسملل ةنيجرز,زردية/أداة لسحب وفك ذراع مساحات زجاج السيارة.,5.0,EA,40.0,200.0,DRAPER,UNKNOWN(=BRAND PLACEHOLDER),25,منخفض,estimated from category benchmark,https://www.amazon.sa/-/en/b?ie=UTF8&node=16620587031,أداة سحب ذراع المساحات نفس صنف العنصر رقم 570 تقريباً.,True,False
25,699,30785,HAND VICE ةيودب ةمزلم,ملزمة يد صغيرة للتثبيت اليدوي.,20.0,EA,55.0,1100.0,DRAPER,UNKNOWN(=BRAND PLACEHOLDER),50,متوسط,تقدير عام لملازم اليد الصغيرة,"https://www.amazon.sa/-/en/DIY-Tools-Draper/s?rh=n:12463390031,p_89:Draper",ملزمة اليد الصغيرة أداة تثبيت بسيطة متوسطة السعر.,True,False
25,700,52345,ENGRAVER ةرافح,أداة نقش (حفر علامات) اهتزازية.,7.0,EA,70.0,490.0,DRAPER,UNKNOWN(=BRAND PLACEHOLDER),55,متوسط,تقدير عام لأدوات النقش الاهتزازية,https://www.drapertools.com/,أداة نقش اهتزازية صغيرة تستخدم لوضع علامات على المعادن، سعر متوسط.,True,False
25,701,52580,WINDOW CUP REMOVERجاجز ةلماح,أداة سحب زجاج السيارات بالشفط من ماركة DRAPER.,3.0,EA,15.0,45.0,DRAPER,UNKNOWN(=BRAND PLACEHOLDER),50,منخفض,Amazon.sa (Draper tools category),https://www.amazon.sa/-/en/b?ie=UTF8&node=16620999031,سعر تقديري لأداة سحب زجاج السيارات بالشفط بناءً على أسعار أدوات السيارات المتخصصة المماثلة.,True,False
25,702,23612,OIL STAND TELESCOPIC تيز ةافصم,حامل تصريف زيت قابل للتطويل.,1.0,EA,450.0,450.0,DRAPER,UNKNOWN(=BRAND PLACEHOLDER),50,متوسط,تقدير عام لحوامل تصريف الزيت القابلة للتطويل,https://www.drapertools.com/,حامل تصريف زيت قابل للتطويل من درابر يقارن بأدوات صيانة السيارات المتوسطة.,True,True
25,703,78405,OIL STAND DRAINER تيز ةافصم,حامل بصينية لتصريف وتصفية الزيت المستعمل من السيارات.,1.0,EA,1500.0,1500.0,DRAPER,UNKNOWN(=BRAND PLACEHOLDER),110,منخفض,تقدير حسب فئة مصافي الزيت المستعملة,https://www.drapertools.com,لم يُعثر على سعر مباشر، والتقدير مبني على أسعار حوامل تصريف الزيت المشابهة من نفس العلامة.,True,True
25,704,56244,CYL.HONE تاردنلسلا خلج ةادا,أداة تجليخ (هون) لتنعيم السطح الداخلي لاسطوانات المحرك.,3.0,EA,30.0,90.0,DRAPER,UNKNOWN(=BRAND PLACEHOLDER),140,منخفض,Draper Tools (مرجع عام للماركة),https://www.drapertools.com/,أداة تجليخ (هون) للاسطوانات في المحركات، وهي أداة ورشة متخصصة متوسطة السعر.,True,False
25,705,56446,SAC TRUCK بيبانا لمح ةبرع,عربة يدوية (ساك ترك) لنقل الأسطوانات أو الأنابيب.,3.0,EA,180.0,540.0,DRAPER,UNKNOWN(=BRAND PLACEHOLDER),300,متوسط,تقدير عام لعربات نقل الأسطوانات/الأنابيب,https://www.drapertools.com/,عربة يدوية لنقل الأسطوانات أو الأنابيب الثقيلة، أعلى سعراً من الأدوات اليدوية الصغيرة.,True,False
25,706,13506,PAINT ROLER.TRY ناهد ةشرف مقط,طقم رول ووعاء دهان للطلاء اليدوي.,28.0,KIT,45.0,1260.0,DRAPER,UNKNOWN(=BRAND PLACEHOLDER),30,متوسط,تقدير عام لأطقم أدوات الدهان,"https://www.amazon.sa/-/en/DIY-Tools-Draper/s?rh=n:12463390031,p_89:Draper",طقم حوض ورول الدهان من الأدوات الاستهلاكية الرخيصة نسبياً.,True,False
25,707,69644,"19MM,WOOD CHISEL بشخ ليمزا",إزميل خشب مقاس 10 مم من دريبر.,4.0,EA,30.0,120.0,DRAPER,UNKNOWN(=BRAND PLACEHOLDER),50,منخفض,تقدير حسب فئة المنتج,"https://www.amazon.sa/-/en/DIY-Tools-Draper/s?rh=n:12463390031,p_89:Draper",سعر إزميل خشب مفرد مقاس 10 مم من دريبر يعكس متوسط سعر السوق لهذه الفئة من عائلة تضم 7 مقاسات.,True,False
25,708,56864,"6MM,WOOD CHISEL بشخ ليمزا",إزميل خشب مقاس 10 مم من دريبر.,32.0,EA,15.0,480.0,DRAPER,UNKNOWN(=BRAND PLACEHOLDER),50,منخفض,تقدير حسب فئة المنتج,"https://www.amazon.sa/-/en/DIY-Tools-Draper/s?rh=n:12463390031,p_89:Draper",سعر إزميل خشب مفرد مقاس 10 مم من دريبر يعكس متوسط سعر السوق لهذه الفئة من عائلة تضم 7 مقاسات.,True,False
25,709,89328,"20MM,WOOD CHISEL بشخ ليمزا",إزميل خشب مقاس 10 مم من دريبر.,1.0,EA,35.0,35.0,DRAPER,UNKNOWN(=BRAND PLACEHOLDER),50,منخفض,تقدير حسب فئة المنتج,"https://www.amazon.sa/-/en/DIY-Tools-Draper/s?rh=n:12463390031,p_89:Draper",سعر إزميل خشب مفرد مقاس 10 مم من دريبر يعكس متوسط سعر السوق لهذه الفئة من عائلة تضم 7 مقاسات.,True,False
25,710,89327,"16MM,WOOD CHISEL بشخ ليمزا",إزميل خشب مقاس 10 مم من دريبر.,3.0,EA,25.0,75.0,DRAPER,UNKNOWN(=BRAND PLACEHOLDER),50,منخفض,تقدير حسب فئة المنتج,"https://www.amazon.sa/-/en/DIY-Tools-Draper/s?rh=n:12463390031,p_89:Draper",سعر إزميل خشب مفرد مقاس 10 مم من دريبر يعكس متوسط سعر السوق لهذه الفئة من عائلة تضم 7 مقاسات.,True,False
25,711,56865,"10MM,WOOD CHISEL بشخ ليمزا",إزميل خشب مقاس 10 مم من دريبر.,49.0,EA,22.0,1078.0,DRAPER,UNKNOWN(=BRAND PLACEHOLDER),50,منخفض,تقدير حسب فئة المنتج,"https://www.amazon.sa/-/en/DIY-Tools-Draper/s?rh=n:12463390031,p_89:Draper",سعر إزميل خشب مفرد مقاس 10 مم من دريبر يعكس متوسط سعر السوق لهذه الفئة من عائلة تضم 7 مقاسات.,True,False
25,712,10580,"30MM,TUBE CUTTER ساحن ترساوم ةعاطق",أداة قص أنابيب نحاسية حتى مقاس 30 مم.,25.0,EA,40.0,1000.0,DRAPER,UNKNOWN(=BRAND PLACEHOLDER),60,متوسط,تقدير عام لأدوات قص أنابيب النحاس,https://www.amazon.sa/-/en/pliers/s?k=pliers,أداة قص أنابيب النحاس مقاس 30مم من الأدوات المتوسطة السعر.,True,False
25,713,10579,3-22MM TUBE CUTTER ساحن ترستوم ةعاطق,قاطعة أنابيب نحاسية صغيرة بسعة قطع من 3 إلى 22 ملم.,54.0,EA,30.0,1620.0,DRAPER,UNKNOWN(=BRAND PLACEHOLDER),65,متوسط,Power Tools Direct / Red Box Tools listings,https://www.powertoolsdirect.com/draper-10579-mini-tubing-cutter-3-22mm-each-5010559105793,سعر فعلي موجود لنفس الكود بالجنيه الإسترليني (6-14 جنيه تقريباً)، ما يدعم تقديراً معقولاً بعد تحويل العملة وهامش السوق السعودي.,True,False
25,714,59301,TRANS.3TON برضرا ةعفار,رافعة جراج (عفريتة) بعجلات بسعة 3 طن مع نظام رفع سريع.,4.0,EA,350.0,1400.0,DRAPER,UNKNOWN(=BRAND PLACEHOLDER),320,منخفض,Innovate Electrical Supplies listing,https://www.innovateelectricalsupplies.co.uk/products-pages/draper-tools/59301-3-tonne-heavy-duty-garage-trolley-jack-with-a-quick-lift-facility/,تم تأكيد وجود المنتج فعلياً بنفس الكود، لكن دون سعر ظاهر، فاعتُمد تقدير قياسي لعفاريت (رافعات) الجراج بسعة 3 طن.,True,False
25,715,56866,"12MM,WOOD CHISEL بشخ ليمزا",إزميل خشب مقاس 10 مم من دريبر.,7.0,EA,18.0,126.0,DRAPER,UNKNOWN(=BRAND PLACEHOLDER),50,منخفض,تقدير حسب فئة المنتج,"https://www.amazon.sa/-/en/DIY-Tools-Draper/s?rh=n:12463390031,p_89:Draper",سعر إزميل خشب مفرد مقاس 10 مم من دريبر يعكس متوسط سعر السوق لهذه الفئة من عائلة تضم 7 مقاسات.,True,False
25,716,89326,"12MM,WOOD CHISEL بشخ ليمزا",إزميل خشب مقاس 10 مم من دريبر.,14.0,EA,18.0,252.0,DRAPER,UNKNOWN(=BRAND PLACEHOLDER),50,منخفض,تقدير حسب فئة المنتج,"https://www.amazon.sa/-/en/DIY-Tools-Draper/s?rh=n:12463390031,p_89:Draper",سعر إزميل خشب مفرد مقاس 10 مم من دريبر يعكس متوسط سعر السوق لهذه الفئة من عائلة تضم 7 مقاسات.,True,False
25,717,18050,CLEAR GOGGLES ماحل ةراظن,نظارة سلامة شفافة للحام (Clear Goggles) من دريبر.,32.0,EA,25.0,800.0,DRAPER,UNKNOWN(=BRAND PLACEHOLDER),18,متوسط,Amazon.sa – Draper tools category,"https://www.amazon.sa/-/en/DIY-Tools-Draper/s?rh=n:12463390031,p_89:Draper",سعر تقديري لنظارة لحام شفافة من دريبر بناءً على أسعار نظارات السلامة المماثلة.,True,False
25,718,64383,PADSAW راشنم,منشار يدوي صغير (باد ساو) لقص الفتحات في الأماكن الضيقة.,48.0,EA,48.0,2304.0,DRAPER,UNKNOWN(=BRAND PLACEHOLDER),75,منخفض,Draper Tools (مرجع عام للماركة),https://www.drapertools.com/,منشار يدوي صغير (باد ساو) لقص المساحات الضيقة، وهو أداة يدوية بسيطة منخفضة التكلفة نسبياً.,True,False
25,719,79327,BINOCULAR راظنم,منظار مزدوج العدسات للرؤية عن بعد.,2.0,EA,180.0,360.0,DRAPER,UNKNOWN(=BRAND PLACEHOLDER),180,منخفض,استدلال من فئة المناظير,https://www.drapertools.com/,منظار (بينوكلر) من دريبر يقدر وفق أسعار المناظير الاقتصادية المتوسطة.,True,False
25,720,43588,MASONART DRILL BIT 16.0MM رادج ةشير,ريشة ثقب خرسانة (حائط) مقاس 16 مم.,45.0,EA,23.0,1035.0,DRAPER,UNKNOWN(=BRAND PLACEHOLDER),20,متوسط,أسعار ريش ثقب الخرسانة في أمازون السعودية,https://www.amazon.sa/-/en/b?ie=UTF8&node=16621040031,ريشة ثقب خرسانة مقاس 16 مم من الفئة المتوسطة السعر.,True,False
25,721,13657,CRIMPER سبك ةدارز,زردية سبك (كرمبر) خماسية الاستخدامات مع طقم أطراف كهربائية من دريبر.,71.0,EA,25.0,1775.0,DRAPER,UNKNOWN(=BRAND PLACEHOLDER),75,مرتفع,Power Tools Direct / Lawson HIS (Draper 13658),https://www.powertoolsdirect.com/draper-13658-5-way-crimping-tool-terminal-kit-240mm-per-kit-5010559136582,تم العثور على المنتج بالضبط (طقم زردية سبك 5 استخدامات مع أطراف كهربائية) بسعر يتراوح بين 11-17 جنيه إسترليني في المملكة المتحدة، وبالتحويل لتكلفة الاستيراد والسوق السعودي يصبح السعر المقارب حوالي 75 ريال.,True,False
25,722,37847,IMPACT SKT SET ليوط ءادسرر بوبح مقط,طقم بوكسات إمباكت طويلة الرأس لاستخدام المفتاح الهوائي.,51.0,SET,230.0,11730.0,DRAPER,UNKNOWN(=BRAND PLACEHOLDER),500,منخفض,تقدير فئوي لأطقم بوكسات إمباكت طويلة من دريبر,https://www.drapertools.com/,طقم بوكسات إمباكت (ضربية) طويلة من دريبر يعتبر من الأدوات الاحترافية متوسطة إلى عالية السعر مقارنة بالبوكسات العادية.,True,False
25,723,35010,ر REG.OXY يرجسكا مظنم,منظم ضغط أكسجين لأسطوانة غاز اللحام.,1.0,PC,186.0,186.0,DRAPER,UNKNOWN(=BRAND PLACEHOLDER),220,منخفض,estimated from category benchmark,https://mdttools.com/,منظم أكسجين لأسطوانات الغاز يستخدم في اللحام، وتقدير مبني على أسعار منظمات الغاز الصناعية.,True,False
25,724,35017,ARG.ARGON نوجرا مظنم,منظم ضغط غاز الأرجون لأعمال اللحام من دريبر.,11.0,PC,186.0,2046.0,DRAPER,UNKNOWN(=BRAND PLACEHOLDER),320,منخفض,تقدير حسب فئة المنتج,https://www.amazon.com/s?k=argon+gas+regulator,منظمات غاز الأرجون لأعمال اللحام معدات متخصصة أعلى سعرًا من الأدوات اليدوية البسيطة.,True,False
25,725,35008,ر REG.ACET يرليتسا مظنم,منظم ضغط غاز الأسيتيلين لأعمال اللحام من دريبر.,10.0,PC,186.0,1860.0,DRAPER,UNKNOWN(=BRAND PLACEHOLDER),260,منخفض,تقدير حسب فئة المنتج,https://www.amazon.com/s?k=acetylene+regulator,منظمات غاز الأسيتيلين معدات لحام متخصصة أعلى سعرًا من الأدوات اليدوية العادية.,True,False
25,726,22357,NO2X38MM PZ-TYPE S/DRIVER BUL.PH#2 كفم,مفك براغي بوزيدريف نوع بولدوغ رقم 2 بطول 38مم.,12.0,PCS,8.0,96.0,DRAPER,UNKNOWN(=BRAND PLACEHOLDER),14,متوسط,Noon.com - Screwdriver benchmark,https://www.noon.com/saudi-en/phillips-screwdriver-ph3x150mm/Z7118ECBE6FE728A45388Z/p/,مفك بوزيدريف نوع بولدوغ رقم 2 بطول 38مم، ضمن نطاق أسعار المفكات الفردية الأساسية.,True,False
25,727,43528,NO.0X75MM CROSS SLOT S/DRIVER-PH#0 كفم,مفك براغي صليبة (فيليبس) مقاس PH0 طول 75 مم.,32.0,PCS,9.0,288.0,DRAPER,UNKNOWN(=BRAND PLACEHOLDER),12,متوسط,Amazon.sa - Draper screwdriver set listing,https://www.amazon.sa/-/en/Draper-78924-Soft-Grip-Precision-Screwdriver/dp/B001FCLV4Q,مفك صليبة صغير مقاس PH0 يقارب أسعار المفكات المفردة الاقتصادية من دريبر.,True,False
25,728,19501,NO.0X75MMPZ-TYPE S/DRIVER PCKD-PH#0 كفم,مفك نوع بوزيدريف مقاس PZ0 بطول 75 ملم.,36.0,PCS,9.0,324.0,DRAPER,UNKNOWN(=BRAND PLACEHOLDER),15,متوسط,معيار فئة مفكات دريبر بالجملة,https://www.drapertools.com/tools-for-trade/agriculture/hand-tools/screwdrivers/,مفك نوع بوزيدريف رقم صفر بطول 75مم يباع بسعر رمزي ضمن فئة المفكات الفردية.,True,False
26,729,57449,NO2X38MM C/SLOT S/DRIVER.PH#2 كفم,مفك فيليبس صغير مقاس PH2 بطول 38 ملم.,31.0,PCS,11.0,341.0,DRAPER,UNKNOWN(=BRAND PLACEHOLDER),15,متوسط,معيار فئة مفكات دريبر بالجملة,https://www.drapertools.com/tools-for-trade/agriculture/hand-tools/screwdrivers/,مفك فيليبس رقم 2 بطول 38مم يباع بالجملة بسعر رمزي ضمن فئة المفكات الصغيرة.,True,False
26,730,48932,NO.2 X 100MM CROSS S/DRIVER كفم,مفك صليبة رقم 2 مقاس 100مم من ماركة DRAPER.,10.0,PCS,8.0,80.0,DRAPER,UNKNOWN(=BRAND PLACEHOLDER),18,منخفض,Amazon.sa (Draper tools category),https://www.amazon.sa/-/en/b?ie=UTF8&node=16620587031,سعر تقديري لمفك صليبة صغير بناءً على أسعار مفكات درابر المفردة.,True,False
26,731,43498,3 X 150MM SCREWDRIVER PARA TIP-SLOT.كفم,مفك مسطح قياس 3×150مم.,60.0,PCS,9.0,540.0,DRAPER,UNKNOWN(=BRAND PLACEHOLDER),18,مرتفع,تقدير عام لمفكات درابر البسيطة,"https://www.amazon.sa/-/en/DIY-Tools-Draper/s?rh=n:12463390031,p_89:Draper",مفك مسطح صغير القياس 3×150مم من الأدوات اليدوية الرخيصة الشائعة.,True,False
26,732,43512,5 X 75MM SCREWDRIVER FLARED-SLOT كفم,مفك براغي بسن مستقيم (فلات) مقاس 6×38مم من دريبر.,43.0,PCS,6.0,258.0,DRAPER,UNKNOWN(=BRAND PLACEHOLDER),18,متوسط,Amazon.sa – Draper tools category,"https://www.amazon.sa/-/en/DIY-Tools-Draper/s?rh=n:12463390031,p_89:Draper",سعر تقديري لمفك عادي بسيط مقاس 6×38مم بناءً على أسعار مفكات دريبر المتوفرة.,True,False
26,733,55504,NO0X75MM PZ TYPE S/DRIVER-PZ#0X75MM كفم,مفك براغي نوع بوزيدريف رقم صفر بطول 75 مم.,148.0,PCS,10.0,1480.0,DRAPER,UNKNOWN(=BRAND PLACEHOLDER),20,متوسط,نمط أسعار مفكات درابر الصغيرة,https://www.drapertools.com,مفك صغير قياسي، والتقدير متسق مع نمط أسعار مفكات درابر الصغيرة الأخرى التي وُجدت بأسعار زهيدة (أقل من 5 جنيه إسترليني).,True,False
26,734,55505,NO1X75 MM PZ TYPE S/DRIVER-PZ#1X75MM,مفك نوع بوزيدريف مقاس PZ1 بطول 75 ملم.,26.0,PCS,13.0,338.0,DRAPER,UNKNOWN(=BRAND PLACEHOLDER),15,متوسط,معيار فئة مفكات دريبر بالجملة,https://www.drapertools.com/tools-for-trade/agriculture/hand-tools/screwdrivers/,مفك نوع بوزيدريف رقم 1 بطول 75مم يباع بسعر رمزي ضمن فئة المفكات الفردية.,True,False
26,735,23800,NO4X200MM X/SLOT S/DRIVER-BULK-PH#4 كفم,مفك عادي مقاس PH4 بطول 200 ملم.,21.0,PCS,20.0,420.0,DRAPER,UNKNOWN(=BRAND PLACEHOLDER),20,متوسط,معيار فئة مفكات دريبر بالجملة,https://www.drapertools.com/tools-for-trade/agriculture/hand-tools/screwdrivers/,مفك فيليبس رقم 4 يباع عادة ضمن فئة المفكات الرخيصة بالجملة.,True,False
26,736,55509,"screwdriver-PZ2X250MM,PZ TYPE كفم",مفك براغي نوع PZ2 بطول 250 مم.,78.0,PCS,15.0,1170.0,DRAPER,UNKNOWN(=BRAND PLACEHOLDER),20,متوسط,أسعار المفكات القياسية في أمازون السعودية,https://www.amazon.sa/-/en/b?ie=UTF8&node=16620587031,مفك براغي قياسي نوع PZ2 من أرخص فئات المفكات.,True,False
26,737,43500,4 X 100MM SCREWDRIVER PARALEL TIP-4MM كفم,مفك براغي مفلطح رأس متوازي مقاس 4×100 مم.,34.0,PCS,8.0,272.0,DRAPER,UNKNOWN(=BRAND PLACEHOLDER),12,متوسط,Amazon.sa - Draper screwdriver set listing,https://www.amazon.sa/-/en/Draper-78924-Soft-Grip-Precision-Screwdriver/dp/B001FCLV4Q,مفك مفلطح مقاس 4×100مم رأس متوازي يقارب أسعار المفكات المفردة الاقتصادية.,True,False
26,738,55508,NO1X250MM PZ TYPE S/D-LONG-PZ1X250MM كفم,مفك بوزي طويل نوع PZ1 قياس 250مم.,35.0,PCS,15.0,525.0,DRAPER,UNKNOWN(=BRAND PLACEHOLDER),25,مرتفع,تقدير عام لمفكات درابر الطويلة,"https://www.amazon.sa/-/en/DIY-Tools-Draper/s?rh=n:12463390031,p_89:Draper",مفك بوزي طويل نوع PZ1 مقاس 250مم من الأدوات اليدوية الرخيصة.,True,False
26,739,55507,NO3X150MM PZ TYPE S/DRIVER-PZ.3 كفم,مفك بوزيدريف رقم 3 مقاس 150مم من ماركة DRAPER.,3.0,PCS,20.0,60.0,DRAPER,UNKNOWN(=BRAND PLACEHOLDER),20,منخفض,Amazon.sa (Draper tools category),https://www.amazon.sa/-/en/b?ie=UTF8&node=16620587031,سعر تقديري لمفك بوزيدريف بناءً على أسعار مفكات درابر المماثلة.,True,False
26,740,48931,NO.1 X 75MM CROSS S/DRIVER-PHكفم كفم#1,مفك براغي صليبة رقم 1 بطول 75مم.,19.0,PCS,8.0,152.0,DRAPER,UNKNOWN(=BRAND PLACEHOLDER),12,متوسط,Noon.com - Screwdriver benchmark,https://www.noon.com/saudi-en/phillips-screwdriver-ph3x150mm/Z7118ECBE6FE728A45388Z/p/,مفك صليبة رقم 1 بطول 75مم، ضمن نطاق أسعار المفكات الفردية.,True,False
26,741,43502,"5.5X150MM SCREWDRIVER PARA TIP- 5.5MM,SLOTكفم",مفك مسطح مقاس 5.5×150مم من ماركة DRAPER.,5.0,PCS,11.0,55.0,DRAPER,UNKNOWN(=BRAND PLACEHOLDER),20,منخفض,Amazon.sa (Draper tools category),https://www.amazon.sa/-/en/b?ie=UTF8&node=16620587031,سعر تقديري لمفك مسطح بناءً على أسعار مفكات درابر المماثلة.,True,False
26,742,7481,S/DR.PZ.1 -1000Vلوزعم كفم,مفك معزول كهربائياً بمعيار 1000 فولت لأعمال الكهرباء.,32.0,PCS,12.0,384.0,DRAPER,UNKNOWN(=BRAND PLACEHOLDER),55,متوسط,معيار فئة مفكات دريبر المعزولة,https://www.drapertools.com/,مفك معزول لجهد 1000 فولت مقاس PZ1 يقدر وفق أسعار المفكات المعزولة المماثلة.,True,False
26,743,14096,PZ2-S/DRIVER-STUBBY كفم,مفك بوزيدريف قصير (ستابي) PZ2 من ماركة DRAPER.,4.0,PCS,8.0,32.0,DRAPER,UNKNOWN(=BRAND PLACEHOLDER),17,منخفض,Amazon.sa (Draper tools category),https://www.amazon.sa/-/en/b?ie=UTF8&node=16620587031,سعر تقديري لمفك بوزيدريف قصير بناءً على أسعار مفكات درابر المماثلة.,True,False
26,745,43513,6 X 38MM SCREWDRIVER FLARED-SLOT كفم,مفك براغي بسن مستقيم (فلات) مقاس 6×38مم من دريبر.,73.0,PCS,10.0,730.0,DRAPER,UNKNOWN(=BRAND PLACEHOLDER),18,متوسط,Amazon.sa – Draper tools category,"https://www.amazon.sa/-/en/DIY-Tools-Draper/s?rh=n:12463390031,p_89:Draper",سعر تقديري لمفك عادي بسيط مقاس 6×38مم بناءً على أسعار مفكات دريبر المتوفرة.,True,False
26,746,19509,NO3X150MMPZ-TYPE S/DRIVER BULK-PZ.3 كفم,مفك نوع بوزيدريف مقاس PZ3 بطول 150 ملم.,29.0,PCS,13.0,377.0,DRAPER,UNKNOWN(=BRAND PLACEHOLDER),20,متوسط,معيار فئة مفكات دريبر بالجملة,https://www.drapertools.com/tools-for-trade/agriculture/hand-tools/screwdrivers/,مفك نوع PZ رقم 3 بطول 150مم يباع بالجملة بسعر اقتصادي.,True,False
26,747,14085,NO3X150MM C-SLOT S/DRIVER PCKD-PH.3 كفم,مفك صليبي (فيليبس) مقاس PH3×150مم.,29.0,PCS,15.0,435.0,DRAPER,UNKNOWN(=BRAND PLACEHOLDER),20,مرتفع,تقدير عام لمفكات درابر الصليبية,"https://www.amazon.sa/-/en/DIY-Tools-Draper/s?rh=n:12463390031,p_89:Draper",مفك صليبي معبأ مقاس PH3×150مم من الأدوات اليدوية الرخيصة الشائعة.,True,False
26,748,43497,100MM S.DR. PARA TIP-3X100MM.SLOT كفم,مفك مفلطح (فليت) بطول 100مم.,14.0,PCS,9.0,126.0,DRAPER,UNKNOWN(=BRAND PLACEHOLDER),12,متوسط,Noon.com - Screwdriver benchmark,https://www.noon.com/saudi-en/phillips-screwdriver-ph3x150mm/Z7118ECBE6FE728A45388Z/p/,مفك مفلطح صغير بطول 100مم، ضمن نطاق أسعار المفكات الفردية الأساسية.,True,False
26,749,55493,"screwdriver,3.2MMX150MM-SLOT كفم",مفك شق مفرد مقاس 3.2×150 مم من دريبر.,248.0,PCS,11.0,2728.0,DRAPER,UNKNOWN(=BRAND PLACEHOLDER),20,متوسط,Draper Tools - screwdrivers category,https://www.drapertools.com/,المفكات المفردة الأساسية بهذا الحجم من دريبر تُباع عادة بأقل من 5 جنيهات إسترلينية.,True,False
26,750,#07483,"PZ#3,S.D,INSLATEFD-1000V-3X150MM لوزعم كفم SLOT,S/D.8X150 كفم PZ 2-S/DR.STUBBY كفم PZ .1-S/D.-1000V لوزعم كفم",طقم مفكات معزولة كهربائياً بجهد 1000 فولت لرؤوس مختلفة (PZ وسطحية).,46.0,PCS,16.0,736.0,DRAPER,UNKNOWN(=BRAND PLACEHOLDER),110,متوسط,estimated from category benchmark (Draper VDE screwdriver sets),https://www.drapertools.com/,مفكات معزولة 1000 فولت من دريبر مجموعة تشمل عدة رؤوس، ضمن نطاق أسعار المفكات المعزولة المتعددة.,True,False
26,751,19500,,أداة أو منتج من دريبر دون وصف نصي كافٍ لتحديد نوعه بدقة.,35.0,PCS,13.0,455.0,DRAPER,UNKNOWN(=BRAND PLACEHOLDER),120,منخفض,Draper Tools (مرجع عام للماركة، لا يوجد وصف),https://www.drapertools.com/,لا يتوفر وصف نصي لهذا المنتج (رمز 32250 فقط)، والسعر تقدير عام حذر لأداة يدوية متوسطة من دريبر.,True,True
26,752,23801,,أداة أو منتج من دريبر دون وصف نصي كافٍ لتحديد نوعه بدقة.,3.0,PCS,8.0,24.0,DRAPER,UNKNOWN(=BRAND PLACEHOLDER),120,منخفض,Draper Tools (مرجع عام للماركة، لا يوجد وصف),https://www.drapertools.com/,لا يتوفر وصف نصي لهذا المنتج (رمز 32250 فقط)، والسعر تقدير عام حذر لأداة يدوية متوسطة من دريبر.,True,True
26,753,7481,,أداة أو منتج من دريبر دون وصف نصي كافٍ لتحديد نوعه بدقة.,29.0,PCS,11.0,319.0,DRAPER,UNKNOWN(=BRAND PLACEHOLDER),120,منخفض,Draper Tools (مرجع عام للماركة، لا يوجد وصف),https://www.drapertools.com/,لا يتوفر وصف نصي لهذا المنتج (رمز 32250 فقط)، والسعر تقدير عام حذر لأداة يدوية متوسطة من دريبر.,True,True
26,754,43516,ENGR.S/D 6X100MM كفم,مفك مهندسين قياسي بطول 100 ملم.,19.0,PCS,22.0,418.0,DRAPER,UNKNOWN(=BRAND PLACEHOLDER),20,متوسط,معيار فئة مفكات دريبر,https://www.drapertools.com/tools-for-trade/agriculture/hand-tools/screwdrivers/,مفك مهندسين مقاس 6×100مم يندرج ضمن فئة المفكات الاقتصادية.,True,False
26,755,43503,"5.5X200MM,ENGR,S/D كفم",مفك براغي مهندسين (Engineers Screwdriver) مقاس 3×75مم من دريبر.,8.0,PCS,13.0,104.0,DRAPER,UNKNOWN(=BRAND PLACEHOLDER),18,متوسط,Amazon.sa – Draper tools category,"https://www.amazon.sa/-/en/DIY-Tools-Draper/s?rh=n:12463390031,p_89:Draper",سعر تقديري لمفك مهندسين مقاس 3×75مم من دريبر بناءً على أسعار مفكات دريبر الصغيرة.,True,False
27,756,7473,2.5MM VDE SCREDRIVER لوزعم كفم,مفك براغي معزول كهربائيًا (VDE) مقاس 2.5مم من دريبر.,40.0,PCS,21.0,840.0,DRAPER,UNKNOWN(=BRAND PLACEHOLDER),28,متوسط,Amazon.sa – Draper tools category,"https://www.amazon.sa/-/en/DIY-Tools-Draper/s?rh=n:12463390031,p_89:Draper",سعر تقديري لمفك معزول كهربائيًا (VDE) مقاس 2.5مم من دريبر بناءً على أسعار المفكات المعزولة المماثلة.,True,False
27,757,55490,9.5X150MM-MECH.S/D كىيناكيم كفم,مفك ميكانيكي مقاس 9.5×150مم من ماركة DRAPER.,7.0,PCS,11.0,77.0,DRAPER,UNKNOWN(=BRAND PLACEHOLDER),22,منخفض,Amazon.sa (Draper tools category),https://www.amazon.sa/-/en/b?ie=UTF8&node=16620587031,سعر تقديري لمفك ميكانيكي متوسط بناءً على أسعار مفكات درابر المماثلة.,True,False
27,758,55488,"8X150MM,MECH,S/D كىيناكيم كفم",مفك ميكانيكي مقاس 8×150مم من ماركة DRAPER.,9.0,PCS,7.0,63.0,DRAPER,UNKNOWN(=BRAND PLACEHOLDER),20,منخفض,Amazon.sa (Draper tools category),https://www.amazon.sa/-/en/b?ie=UTF8&node=16620587031,سعر تقديري لمفك ميكانيكي بناءً على أسعار مفكات درابر المماثلة.,True,False
27,759,55502,"5.5X150MM,ENGR.S/Dكفم",مفك حفر (سن) قياس 5.5×150مم.,32.0,PCS,18.0,576.0,DRAPER,UNKNOWN(=BRAND PLACEHOLDER),18,مرتفع,تقدير عام لمفكات درابر البسيطة,"https://www.amazon.sa/-/en/DIY-Tools-Draper/s?rh=n:12463390031,p_89:Draper",مفك حفر/خدش صغير القياس من درابر يقع ضمن فئة الأدوات اليدوية الرخيصة.,True,False
27,760,43496,"3X75MM,ENGR,S/D كفم",مفك براغي مهندسين (Engineers Screwdriver) مقاس 3×75مم من دريبر.,101.0,PCS,8.0,808.0,DRAPER,UNKNOWN(=BRAND PLACEHOLDER),18,متوسط,Amazon.sa – Draper tools category,"https://www.amazon.sa/-/en/DIY-Tools-Draper/s?rh=n:12463390031,p_89:Draper",سعر تقديري لمفك مهندسين مقاس 3×75مم من دريبر بناءً على أسعار مفكات دريبر الصغيرة.,True,False
27,761,55489,9.5X200MM كفم,مفك براغي عادي صغير الحجم بمقاس رأس 6 مليمتر.,24.0,PCS,12.0,288.0,DRAPER,UNKNOWN(=BRAND PLACEHOLDER),20,متوسط,estimated from category benchmark (small screwdrivers),https://www.drapertools.com/,مفك براغي صغير بمقاس 6x38مم من دريبر ضمن نطاق أسعار المفكات الصغيرة الاقتصادية.,True,False
27,762,19497,6X38MM كفم,مفك براغي عادي صغير الحجم بمقاس رأس 6 مليمتر.,50.0,PCS,6.0,300.0,DRAPER,UNKNOWN(=BRAND PLACEHOLDER),20,متوسط,estimated from category benchmark (small screwdrivers),https://www.drapertools.com/,مفك براغي صغير بمقاس 6x38مم من دريبر ضمن نطاق أسعار المفكات الصغيرة الاقتصادية.,True,False
27,763,55487,"6X150MM-MECH S/D كفم 5X250 S/D كفم 9.5X250MM,CABINET S/D كفم ph2X100MM كفم PH3 SCREWDRIVER كفم 5X75-CAB.S/D كفم 6X100MM,S/D,FLARED كفم",مفك ميكانيكي ضمن مجموعة متعددة المقاسات من ماركة DRAPER.,5.0,PCS,7.0,35.0,DRAPER,UNKNOWN(=BRAND PLACEHOLDER),20,منخفض,Amazon.sa (Draper tools category),https://www.amazon.sa/-/en/b?ie=UTF8&node=16620587031,سعر تقديري لمفك ميكانيكي ضمن مجموعة متعددة المقاسات بناءً على أسعار مفكات درابر المفردة.,True,False
27,764,55498,,أداة أو منتج من دريبر دون وصف نصي كافٍ لتحديد نوعه بدقة.,32.0,PCS,13.0,416.0,DRAPER,UNKNOWN(=BRAND PLACEHOLDER),120,منخفض,Draper Tools (مرجع عام للماركة، لا يوجد وصف),https://www.drapertools.com/,لا يتوفر وصف نصي لهذا المنتج (رمز 32250 فقط)، والسعر تقدير عام حذر لأداة يدوية متوسطة من دريبر.,True,True
27,765,22354,,أداة أو منتج من دريبر دون وصف نصي كافٍ لتحديد نوعه بدقة.,20.0,PCS,18.0,360.0,DRAPER,UNKNOWN(=BRAND PLACEHOLDER),120,منخفض,Draper Tools (مرجع عام للماركة، لا يوجد وصف),https://www.drapertools.com/,لا يتوفر وصف نصي لهذا المنتج (رمز 32250 فقط)، والسعر تقدير عام حذر لأداة يدوية متوسطة من دريبر.,True,False
27,766,40068,,أداة أو منتج من دريبر دون وصف نصي كافٍ لتحديد نوعه بدقة.,3.0,PCS,15.0,45.0,DRAPER,UNKNOWN(=BRAND PLACEHOLDER),120,منخفض,Draper Tools (مرجع عام للماركة، لا يوجد وصف),https://www.drapertools.com/,لا يتوفر وصف نصي لهذا المنتج (رمز 32250 فقط)، والسعر تقدير عام حذر لأداة يدوية متوسطة من دريبر.,True,False
27,767,43537,,أداة أو منتج من دريبر دون وصف نصي كافٍ لتحديد نوعه بدقة.,2.0,PCS,18.0,36.0,DRAPER,UNKNOWN(=BRAND PLACEHOLDER),120,منخفض,Draper Tools (مرجع عام للماركة، لا يوجد وصف),https://www.drapertools.com/,لا يتوفر وصف نصي لهذا المنتج (رمز 32250 فقط)، والسعر تقدير عام حذر لأداة يدوية متوسطة من دريبر.,True,False
27,768,19830,,أداة أو منتج من دريبر دون وصف نصي كافٍ لتحديد نوعه بدقة.,7.0,PCS,8.0,56.0,DRAPER,UNKNOWN(=BRAND PLACEHOLDER),120,منخفض,Draper Tools (مرجع عام للماركة، لا يوجد وصف),https://www.drapertools.com/,لا يتوفر وصف نصي لهذا المنتج (رمز 32250 فقط)، والسعر تقدير عام حذر لأداة يدوية متوسطة من دريبر.,True,True
27,769,43514,,أداة أو منتج من دريبر دون وصف نصي كافٍ لتحديد نوعه بدقة.,2.0,PCS,11.0,22.0,DRAPER,UNKNOWN(=BRAND PLACEHOLDER),120,منخفض,Draper Tools (مرجع عام للماركة، لا يوجد وصف),https://www.drapertools.com/,لا يتوفر وصف نصي لهذا المنتج (رمز 32250 فقط)، والسعر تقدير عام حذر لأداة يدوية متوسطة من دريبر.,True,True
27,770,19498,3.2X63MM S/D كفم,مفك براغي مقاس 3.2×63مم من ماركة DRAPER.,7.0,PCS,10.0,70.0,DRAPER,UNKNOWN(=BRAND PLACEHOLDER),20,منخفض,Amazon.sa (Draper tools category),https://www.amazon.sa/-/en/b?ie=UTF8&node=16620587031,سعر تقديري لمفك براغي صغير بناءً على أسعار مفكات درابر المفردة في السوق السعودي.,True,False
27,771,43515,8X150MM-MECH كىيناكيم كفم,مفك ميكانيكي مقاس 8×150مم من ماركة DRAPER.,1.0,PCS,11.0,11.0,DRAPER,UNKNOWN(=BRAND PLACEHOLDER),20,منخفض,Amazon.sa (Draper tools category),https://www.amazon.sa/-/en/b?ie=UTF8&node=16620587031,سعر تقديري لمفك ميكانيكي بناءً على أسعار مفكات درابر المماثلة.,True,False
27,772,55492,3.2X100MM S/D كفم,مفك براغي مقاس 3.2×63مم من ماركة DRAPER.,2.0,PCS,10.0,20.0,DRAPER,UNKNOWN(=BRAND PLACEHOLDER),20,منخفض,Amazon.sa (Draper tools category),https://www.amazon.sa/-/en/b?ie=UTF8&node=16620587031,سعر تقديري لمفك براغي صغير بناءً على أسعار مفكات درابر المفردة في السوق السعودي.,True,False
27,773,19499,"6X100MM,S/D,FLARED كفم",مفك براغي مفلطح (فليت) مقاس 6×100 مم.,32.0,PCS,9.0,288.0,DRAPER,UNKNOWN(=BRAND PLACEHOLDER),12,متوسط,Amazon.sa - Draper screwdriver set listing,https://www.amazon.sa/-/en/Draper-78924-Soft-Grip-Precision-Screwdriver/dp/B001FCLV4Q,مفك مفلطح مقاس 6×100مم يقارب أسعار المفكات المفردة الاقتصادية.,True,False
27,774,22633,0x75mm كفم,مفك براغي عادي صغير الحجم بمقاس رأس 6 مليمتر.,6.0,PCS,10.0,60.0,DRAPER,UNKNOWN(=BRAND PLACEHOLDER),20,متوسط,estimated from category benchmark (small screwdrivers),https://www.drapertools.com/,مفك براغي صغير بمقاس 6x38مم من دريبر ضمن نطاق أسعار المفكات الصغيرة الاقتصادية.,True,False
27,775,7482,vde ph.2 x100 كفم,مفك صليبة معزول كهربائياً (VDE) مقاس PH2 طول 100 مم.,12.0,PCS,18.0,216.0,DRAPER,UNKNOWN(=BRAND PLACEHOLDER),25,منخفض,Amazon.sa - Draper screwdriver set listing,https://www.amazon.sa/-/en/Draper-78924-Soft-Grip-Precision-Screwdriver/dp/B001FCLV4Q,مفك معزول كهربائياً (VDE) مقاس PH2 أعلى ثمناً قليلاً من المفكات العادية بسبب العزل.,True,False
27,776,7477,8.0 X175MM S/D VDE لوزعم كفم,مفك براغي مسطح الرأس معزول كهربائياً (VDE) للاستخدام في الأعمال الكهربائية.,47.0,PCS,16.0,752.0,DRAPER,UNKNOWN(=BRAND PLACEHOLDER),45,متوسط,Draper Tools - مفكات معزولة VDE,https://www.drapertools.com/,مفك مسطح معزول VDE بمقاس 8x175مم من دريبر ضمن نطاق أسعار المفكات المعزولة القياسية.,True,False
27,777,23799,S/D كفم,مفك براغي فردي عادي من دريبر.,2.0,PCS,16.0,32.0,DRAPER,UNKNOWN(=BRAND PLACEHOLDER),22,منخفض,تقدير فئوي لمفكات دريبر الفردية,https://www.drapertools.com/,مفك فردي عادي من دريبر، وهذه المفكات الفردية البسيطة رخيصة نسبيًا في جميع الأسواق.,True,False
27,778,34267,T25X100TX-TAMPERPROOF S/D-PKD كفم,مفك نجمة توركس مضاد للعبث (تامبربروف) مقاس T25.,28.0,PCS,10.0,280.0,DRAPER,UNKNOWN(=BRAND PLACEHOLDER),20,منخفض,estimated from category benchmark,https://www.amazon.sa/-/en/b?ie=UTF8&node=16620587031,مفك توركس مضاد للعبث مقاس T25 أداة متخصصة سعرها متوسط.,True,False
27,779,55491,Draper 55491 Plain Slot Parallel Tip Mech3.2mm x 75mm كفم,مفك مسطح مقاس 3.2×75مم من ماركة DRAPER.,2.0,PCS,15.0,30.0,DRAPER,UNKNOWN(=BRAND PLACEHOLDER),16,منخفض,Amazon.sa (Draper tools category),https://www.amazon.sa/-/en/b?ie=UTF8&node=16620587031,سعر تقديري لمفك مسطح صغير بناءً على أسعار مفكات درابر المفردة.,True,False
27,780,19449,S/D كفم,مفك براغي فردي عادي من دريبر.,31.0,PCS,15.0,465.0,DRAPER,UNKNOWN(=BRAND PLACEHOLDER),22,منخفض,تقدير فئوي لمفكات دريبر الفردية,https://www.drapertools.com/,مفك فردي عادي من دريبر، وهذه المفكات الفردية البسيطة رخيصة نسبيًا في جميع الأسواق.,True,False
27,781,55493,"screwdriver,3.2MMX150MM-SLOT كفم",مفك شق مفرد مقاس 3.2×150 مم من دريبر.,188.0,PCS,11.0,2068.0,DRAPER,UNKNOWN(=BRAND PLACEHOLDER),20,متوسط,Draper Tools - screwdrivers category,https://www.drapertools.com/,المفكات المفردة الأساسية بهذا الحجم من دريبر تُباع عادة بأقل من 5 جنيهات إسترلينية.,True,False
27,782,52172,ر PLUMB BOB-ءانب ناترم,شاقول (ميزان عمودي) للبناء من دريبر.,71.0,EA,25.0,1775.0,DRAPER,UNKNOWN(=BRAND PLACEHOLDER),40,منخفض,تقدير حسب فئة المنتج,"https://www.amazon.sa/-/en/DIY-Tools-Draper/s?rh=n:12463390031,p_89:Draper",الشاقول (ميزان العمق العمودي) أداة بناء بسيطة ومنخفضة التكلفة.,True,False
27,783,58698,"13MM,CHUCK ليرد فرظ",فرظ (تشك) دريل مقاس 13مم من ماركة DRAPER.,2.0,EA,30.0,60.0,DRAPER,UNKNOWN(=BRAND PLACEHOLDER),50,منخفض,Amazon.sa (Draper tools category),https://www.amazon.sa/-/en/b?ie=UTF8&node=16620999031,سعر تقديري لفرظ دريل بناءً على أسعار قطع غيار الدريل المماثلة.,True,False
27,784,40803,"FL.S.D,LONG مم450 ططبم كفم",مفك براغي مفلطح طويل بطول 450 مم.,42.0,EA,30.0,1260.0,DRAPER,UNKNOWN(=BRAND PLACEHOLDER),45,متوسط,تقدير حسب فئة المفكات الطويلة,https://www.amazon.sa/-/en/b?ie=UTF8&node=16620587031,المفكات المفلطحة الطويلة (450مم) أغلى قليلاً من المفكات القياسية بسبب طول القضيب.,True,False
27,785,40802,"PH.S/D,LONG مم450 ةبيلص كفم",مفك براغي بشفرة مفلطحة طويل الذراع (450 مم) للوصول للأماكن الضيقة.,53.0,EA,30.0,1590.0,DRAPER,UNKNOWN(=BRAND PLACEHOLDER),90,متوسط,Cardiff Tools / OnBuy listings,https://cardifftools.co.uk/products/draper-40802-expert-6mm-x-450mm-plain-slot-flared-tip-long-reach-screwdriver,وُجد سعر فعلي (حوالي 13-15 جنيه إسترليني) لنفس الكود من موزعين بريطانيين، رغم نفاد المخزون لدى أحدهم.,True,False
27,786,57841,GREASE GUN HOSE ةمحشم موطرج,خرطوم مرن لمسدس الشحم (الغريس).,10.0,EA,12.0,120.0,DRAPER,UNKNOWN(=BRAND PLACEHOLDER),25,متوسط,Tolsen Saudi Arabia - Grease Gun,https://tolsentools.com.sa/products/grease-gun,خرطوم مرن لمسدس الشحم كقطعة غيار منفصلة، أرخص من المسدس الكامل.,True,False
27,787,31995,13X14MM تشتار حافم,مفتاح حلقي مزدوج المقاس 13 و14 ملم.,2.0,EA,40.0,80.0,DRAPER,UNKNOWN(=BRAND PLACEHOLDER),50,متوسط,معيار فئة مفاتيح الراتشيت الحلقية,https://www.drapertools.com/,مفتاح حلقي مزدوج المقاس 13×14مم يقدر وفق أسعار مفاتيح الحلقة القياسية.,True,False
28,788,31993,6X8MM تشتار حاتفم,مفتاح رنج مزدوج مقاس 15×17مم.,1.0,EA,30.0,30.0,DRAPER,UNKNOWN(=BRAND PLACEHOLDER),45,متوسط,تقدير عام لمفاتيح الرنج المزدوجة درابر,"https://www.amazon.sa/-/en/DIY-Tools-Draper/s?rh=n:12463390031,p_89:Draper",مفتاح رنج مزدوج المقاس 15×17مم من درابر ضمن الفئة السعرية المتوسطة للمفاتيح.,True,False
28,789,31993,RATCHET WR.تشتار حاتفم,مفتاح رنج تيشتار (بحركة تروسية).,13.0,EA,35.0,455.0,DRAPER,UNKNOWN(=BRAND PLACEHOLDER),45,متوسط,تقدير عام لمفاتيح الرنج التيشتار,"https://www.amazon.sa/-/en/DIY-Tools-Draper/s?rh=n:12463390031,p_89:Draper",مفتاح رنج تيشتار من درابر ضمن الفئة السعرية المتوسطة لمفاتيح الرنج.,True,False
28,790,31996,15X17MM تشتار حاتفم,مفتاح رنج مزدوج مقاس 15×17مم.,8.0,EA,40.0,320.0,DRAPER,UNKNOWN(=BRAND PLACEHOLDER),45,متوسط,تقدير عام لمفاتيح الرنج المزدوجة درابر,"https://www.amazon.sa/-/en/DIY-Tools-Draper/s?rh=n:12463390031,p_89:Draper",مفتاح رنج مزدوج المقاس 15×17مم من درابر ضمن الفئة السعرية المتوسطة للمفاتيح.,True,False
28,791,31995,13X14MM تشتار حافم,مفتاح حلقي مزدوج المقاس 13 و14 ملم.,8.0,EA,35.0,280.0,DRAPER,UNKNOWN(=BRAND PLACEHOLDER),50,متوسط,معيار فئة مفاتيح الراتشيت الحلقية,https://www.drapertools.com/,مفتاح حلقي مزدوج المقاس 13×14مم يقدر وفق أسعار مفاتيح الحلقة القياسية.,True,False
28,792,31997,19X22MM تشتار حاتفم,مفتاح رنج مزدوج مقاس 15×17مم.,1.0,EA,50.0,50.0,DRAPER,UNKNOWN(=BRAND PLACEHOLDER),45,متوسط,تقدير عام لمفاتيح الرنج المزدوجة درابر,"https://www.amazon.sa/-/en/DIY-Tools-Draper/s?rh=n:12463390031,p_89:Draper",مفتاح رنج مزدوج المقاس 15×17مم من درابر ضمن الفئة السعرية المتوسطة للمفاتيح.,True,False
28,793,31996,15X17MM تشتار حاتفم,مفتاح رنج مزدوج مقاس 15×17مم.,4.0,EA,40.0,160.0,DRAPER,UNKNOWN(=BRAND PLACEHOLDER),45,متوسط,تقدير عام لمفاتيح الرنج المزدوجة درابر,"https://www.amazon.sa/-/en/DIY-Tools-Draper/s?rh=n:12463390031,p_89:Draper",مفتاح رنج مزدوج المقاس 15×17مم من درابر ضمن الفئة السعرية المتوسطة للمفاتيح.,True,False
28,794,64413,"VDE,S.D لوزعم كفم",مفك براغي معزول كهربائياً (VDE) للاستخدامات الكهربائية الآمنة.,8.0,EA,39.0,312.0,DRAPER,UNKNOWN(=BRAND PLACEHOLDER),80,منخفض,Draper Tools (مرجع عام للماركة),https://www.drapertools.com/,مفك عادي معزول كهربائياً بمعيار VDE، وهو أداة كهربائية صغيرة منخفضة التكلفة نسبياً ضمن فئة دريبر.,True,False
28,795,64368,"VDE,S.D لوزعم كفم",مفك براغي معزول كهربائياً (VDE) للاستخدامات الكهربائية الآمنة.,10.0,EA,39.0,390.0,DRAPER,UNKNOWN(=BRAND PLACEHOLDER),80,منخفض,Draper Tools (مرجع عام للماركة),https://www.drapertools.com/,مفك عادي معزول كهربائياً بمعيار VDE، وهو أداة كهربائية صغيرة منخفضة التكلفة نسبياً ضمن فئة دريبر.,True,False
28,796,64367,"VDE,S.D لوزعم كفم",مفك براغي معزول كهربائياً (VDE) للاستخدامات الكهربائية الآمنة.,10.0,EA,35.0,350.0,DRAPER,UNKNOWN(=BRAND PLACEHOLDER),80,منخفض,Draper Tools (مرجع عام للماركة),https://www.drapertools.com/,مفك عادي معزول كهربائياً بمعيار VDE، وهو أداة كهربائية صغيرة منخفضة التكلفة نسبياً ضمن فئة دريبر.,True,False
28,797,64422,"VDE,S.D لوزعم كفم",مفك براغي معزول كهربائياً (VDE) للاستخدامات الكهربائية الآمنة.,10.0,EA,45.0,450.0,DRAPER,UNKNOWN(=BRAND PLACEHOLDER),80,منخفض,Draper Tools (مرجع عام للماركة),https://www.drapertools.com/,مفك عادي معزول كهربائياً بمعيار VDE، وهو أداة كهربائية صغيرة منخفضة التكلفة نسبياً ضمن فئة دريبر.,True,False
28,798,64419,"VDE,S.D لوزعم كفم",مفك براغي معزول كهربائياً (VDE) للاستخدامات الكهربائية الآمنة.,10.0,EA,45.0,450.0,DRAPER,UNKNOWN(=BRAND PLACEHOLDER),80,منخفض,Draper Tools (مرجع عام للماركة),https://www.drapertools.com/,مفك عادي معزول كهربائياً بمعيار VDE، وهو أداة كهربائية صغيرة منخفضة التكلفة نسبياً ضمن فئة دريبر.,True,False
28,799,64414,"VDE,S.D لوزعم كفم",مفك براغي معزول كهربائياً (VDE) للاستخدامات الكهربائية الآمنة.,10.0,EA,45.0,450.0,DRAPER,UNKNOWN(=BRAND PLACEHOLDER),80,منخفض,Draper Tools (مرجع عام للماركة),https://www.drapertools.com/,مفك عادي معزول كهربائياً بمعيار VDE، وهو أداة كهربائية صغيرة منخفضة التكلفة نسبياً ضمن فئة دريبر.,True,False
28,800,68703,"ر THREAD FILE,RESTORE نونسلا عاجتسا دترم",مبرد استعادة قطع الصواميل والبراغي المتضررة (استرجاع السنون) بمقاسات مترية متعددة.,29.0,EA,110.0,3190.0,DRAPER,UNKNOWN(=BRAND PLACEHOLDER),240,مرتفع,Draper Tools official product page,https://www.drapertools.com/product/68703/metric-thread-restoring-file/,تم العثور على القائمة الرسمية للمنتج بنفس الرمز 68703 لدى دريبر وموزعين آخرين بسعر يتراوح بين 37-44 جنيهاً إسترلينياً، وهو أعلى من سعر التكلفة المسجل للاستيراد المباشر.,True,False
28,801,55641,STUD EXTRACTOR ةروسكملا ترماسملا بحس ةادا,أداة لسحب البراغي أو المسامير المكسورة من داخل الثقوب.,3.0,SET,95.0,285.0,DRAPER,UNKNOWN(=BRAND PLACEHOLDER),100,منخفض,Draper Tools (مرجع عام للماركة),https://www.drapertools.com/,أداة سحب البراغي المكسورة (ستد إكستراكتور)، والسعر يتوافق مع نطاق أدوات دريبر المتخصصة الصغيرة.,True,False
28,802,35037,"TYPE 5,NOIZZLE 5 ماحل لزن",فوهة (نوزل) شعلة لحام نوع 5.,10.0,EA,22.0,220.0,DRAPER,UNKNOWN(=BRAND PLACEHOLDER),15,منخفض,estimated from category benchmark,https://www.amazon.sa/-/en/b?ie=UTF8&node=16620587031,فوهة لحام (نوزل) نوع 5 قطعة استهلاكية رخيصة الثمن للحام الغازي.,True,False
28,803,35035,"TYPE 5,NOIZZLE ,NO.2 ماحل لزن",فوهة (نوزل) شعلة لحام نوع 5 رقم 2 من دريبر.,38.0,EA,23.0,874.0,DRAPER,UNKNOWN(=BRAND PLACEHOLDER),30,متوسط,Amazon.sa – Draper tools category,"https://www.amazon.sa/-/en/DIY-Tools-Draper/s?rh=n:12463390031,p_89:Draper",سعر تقديري لفوهة (نوزل) شعلة لحام نوع 5 رقم 2 من دريبر بناءً على أسعار فوهات اللحام المماثلة.,True,False
28,804,35036,"TYPE 5,NOIZZLE NO.3 ماحل لزن",فوهة لحام غاز نوع 5 رقم 7.,17.0,EA,23.0,391.0,DRAPER,UNKNOWN(=BRAND PLACEHOLDER),40,منخفض,تقدير حسب فئة فوهات اللحام,https://www.drapertools.com,فوهة لحام غاز استهلاكية رخيصة الثمن نسبياً.,True,False
28,805,35038,"TYPE 5,NOIZZLE NO.7 ماحل لزن",فوهة لحام غاز نوع 5 رقم 7.,28.0,EA,23.0,644.0,DRAPER,UNKNOWN(=BRAND PLACEHOLDER),40,منخفض,تقدير حسب فئة فوهات اللحام,https://www.drapertools.com,فوهة لحام غاز استهلاكية رخيصة الثمن نسبياً.,True,False
28,806,35038,"TYPE 5,NOIZZLE NO.7 ماحل لزن",فوهة لحام غاز نوع 5 رقم 7.,18.0,EA,23.0,414.0,DRAPER,UNKNOWN(=BRAND PLACEHOLDER),40,منخفض,تقدير حسب فئة فوهات اللحام,https://www.drapertools.com,فوهة لحام غاز استهلاكية رخيصة الثمن نسبياً.,True,False
28,807,68856,"HOOK WRENCH 3/4-2"" كوه حاتفم",مفتاح خاص على شكل كوع لفك وتركيب الصواميل المستديرة ذات الفتحات.,5.0,EA,65.0,325.0,DRAPER,UNKNOWN(=BRAND PLACEHOLDER),75,متوسط,estimated from category benchmark (hook/pin wrenches),https://www.drapertools.com/,مفتاح كوع (هوك رانش) بمدى 3/4-2 بوصة من دريبر ضمن نطاق أسعار مفاتيح الكوع القياسية.,True,False
28,808,69099,"HOOK WRENCH 2""-4.3/4"" كوه حانفم",مفتاح خطاف لفك وربط الصواميل المستديرة الكبيرة.,3.0,EA,130.0,390.0,DRAPER,UNKNOWN(=BRAND PLACEHOLDER),150,منخفض,استدلال من فئة مفاتيح الخطاف,https://www.drapertools.com/,مفتاح خطاف قابل للتعديل بمدى 2-4.75 بوصة يقدر وفق أسعار أدوات دريبر المتخصصة.,True,False
28,809,68857,"HOOK WRENCH 3/4-2"" كوه حاتفم",مفتاح خاص على شكل كوع لفك وتركيب الصواميل المستديرة ذات الفتحات.,3.0,EA,95.0,285.0,DRAPER,UNKNOWN(=BRAND PLACEHOLDER),75,متوسط,estimated from category benchmark (hook/pin wrenches),https://www.drapertools.com/,مفتاح كوع (هوك رانش) بمدى 3/4-2 بوصة من دريبر ضمن نطاق أسعار مفاتيح الكوع القياسية.,True,False
28,810,37874,"4T,BODY PULLER LIT نط 4 ةركمس مقط",طقم هيدروليكي لسحب وتقويم هياكل السيارات بحمولة 4 طن من دريبر.,8.0,KIT,480.0,3840.0,DRAPER,UNKNOWN(=BRAND PLACEHOLDER),770,متوسط,Toolstation - Draper Hydraulic Body Repair Kit 4 Tonne,https://www.toolstation.com/draper-hydraulic-body-repair-kit/p55286,تم العثور على المنتج بنفس الكود لدى تولستيشن دون سعر ظاهر، والتقدير مبني على أطقم إصلاح الهياكل الهيدروليكية المشابهة (15 قطعة) التي تُباع بين 130-180 جنيهاً إسترلينياً.,True,False
28,811,65314,FLOURESENT LIGHT كىيناكيم ةيمل,إضاءة فلورسنت (نيون) للورش من ماركة DRAPER.,1.0,EA,85.0,85.0,DRAPER,UNKNOWN(=BRAND PLACEHOLDER),90,منخفض,Amazon.sa (Draper tools category),https://www.amazon.sa/-/en/b?ie=UTF8&node=16620587031,سعر تقديري لإضاءة ورشة فلورسنت بناءً على أسعار كشافات وإضاءات درابر المماثلة.,True,False
28,812,53095,JACK 200KG,جك بحمولة 200 كجم من ماركة DRAPER.,0.0,EA,490.0,0.0,DRAPER,UNKNOWN(=BRAND PLACEHOLDER),320,منخفض,Amazon.sa (Draper tools category),https://www.amazon.sa/-/en/b?ie=UTF8&node=16620999031,سعر تقديري لجك بحمولة 200 كجم بناءً على أسعار جكات السيارات المماثلة في السوق.,True,False
28,813,14154,STUD EXTRACTOR ةروسكملا ترماسملا بحس ةادا,أداة لسحب البراغي أو المسامير المكسورة من داخل الثقوب.,27.0,SET,80.0,2160.0,DRAPER,UNKNOWN(=BRAND PLACEHOLDER),100,منخفض,Draper Tools (مرجع عام للماركة),https://www.drapertools.com/,أداة سحب البراغي المكسورة (ستد إكستراكتور)، والسعر يتوافق مع نطاق أدوات دريبر المتخصصة الصغيرة.,True,False
28,814,43306,ROLLER ةلور ةشرف,أسطوانة (رولر) دهان من ماركة DRAPER.,9.0,EA,8.0,72.0,DRAPER,UNKNOWN(=BRAND PLACEHOLDER),20,منخفض,Amazon.sa (Draper tools category),https://www.amazon.sa/-/en/b?ie=UTF8&node=16620999031,سعر تقديري لأسطوانة دهان بناءً على أسعار أدوات الدهان اليدوية المماثلة.,True,False
28,815,58699,"WOOD CHISEL,GAUGE ةراجن شيوخت ةادا",أداة نجارة لتحديد وتخشين خطوط القطع على الخشب قبل التشكيل.,18.0,EA,40.0,720.0,DRAPER,UNKNOWN(=BRAND PLACEHOLDER),70,منخفض,estimated from category benchmark (marking gauges),https://www.drapertools.com/,أداة تخشين/قياس للنجارة (مسطرة تحديد) من دريبر ضمن نطاق أسعار أدوات النجارة اليدوية.,True,False
28,816,33554,IGNITION FILE كىيناكيم دترم,مبرد صغير لضبط نقاط الإشعال.,40.0,EA,10.0,400.0,DRAPER,UNKNOWN(=BRAND PLACEHOLDER),25,مرتفع,تقدير عام لمبارد الميكانيكيين الصغيرة,"https://www.amazon.sa/-/en/DIY-Tools-Draper/s?rh=n:12463390031,p_89:Draper",مبرد صغير لضبط نقاط الإشعال أداة يدوية بسيطة ورخيصة.,True,False
28,817,75301,"ر 10M,MEASURING TAPE سايق تم",شريط قياس بطول 10 أمتار من دريبر.,43.0,EA,58.0,2494.0,DRAPER,UNKNOWN(=BRAND PLACEHOLDER),70,متوسط,Draper Tools - measuring tapes category,https://www.drapertools.com/,أشرطة القياس الأساسية بهذا الطول (10م) من دريبر تُباع عادة بين 12-20 جنيهاً إسترلينياً.,True,False
28,818,75298,"ر 3M,MEASURING TAPE سايق تم",شريط قياس بطول 10 أمتار من دريبر.,40.0,EA,25.0,1000.0,DRAPER,UNKNOWN(=BRAND PLACEHOLDER),70,متوسط,Draper Tools - measuring tapes category,https://www.drapertools.com/,أشرطة القياس الأساسية بهذا الطول (10م) من دريبر تُباع عادة بين 12-20 جنيهاً إسترلينياً.,True,False
28,819,75299,ر 5M-MEASURING TAPE سايق تم,شريط قياس (متر) بطول 5 أمتار.,9.0,EA,18.0,162.0,DRAPER,UNKNOWN(=BRAND PLACEHOLDER),40,متوسط,Noon.com - Stanley Measuring Tape 5m,https://www.noon.com/saudi-en/stanley-measuring-tape-5mtr/ZFC3AC07BD9B3ED360010Z/p/,شريط قياس 5 أمتار مطابق لسجل سابق لنفس المنتج والعلامة.,True,False
28,820,11528,CAULK LINE ملاع طيخ,بكرة خيط ملون تستخدم لتخطيط الخطوط المستقيمة.,14.0,EA,30.0,420.0,DRAPER,UNKNOWN(=BRAND PLACEHOLDER),30,منخفض,استدلال من فئة أدوات القياس اليدوية,https://www.drapertools.com/,خيط تعليم (شاقول ألوان) يعد أداة بسيطة منخفضة التكلفة في فئة أدوات البناء.,True,False
29,821,13768,GROUT RAKE طلبم ةادا,أداة يدوية لإزالة مادة الفواصل (Grout) بين البلاط.,29.0,EA,35.0,1015.0,DRAPER,UNKNOWN(=BRAND PLACEHOLDER),30,متوسط,تقدير عام لأدوات إزالة مادة الفواصل (Grout),"https://www.amazon.sa/-/en/DIY-Tools-Draper/s?rh=n:12463390031,p_89:Draper",أداة إزالة مادة الفواصل بين البلاط أداة بسيطة رخيصة نسبياً.,True,False
29,822,81519,TORQUE SCREW DRIVER كروت كفم,مفك عزم (تورك) قابل للضبط من دريبر.,24.0,EA,75.0,1800.0,DRAPER,UNKNOWN(=BRAND PLACEHOLDER),150,منخفض,تقدير حسب فئة المنتج,"https://www.amazon.sa/-/en/DIY-Tools-Draper/s?rh=n:12463390031,p_89:Draper",مفكات العزم القابلة للضبط أعلى سعرًا من المفكات العادية لدقة قياس العزم.,True,False
29,823,49463,GROUTE RAKE SPARE طلبملا ةادلا رايغ,شفرة/رأس غيار لأداة إزالة ملاط البلاط.,26.0,SET,20.0,520.0,DRAPER,UNKNOWN(=BRAND PLACEHOLDER),25,متوسط,تقدير عام لقطع غيار أدوات ملاط البلاط,https://www.drapertools.com/,قطعة غيار لأداة إزالة الملاط (جراوت) سعر منخفض كقطعة غيار استهلاكية.,True,False
29,824,9123,MIG PLIER جيم ةيارز,كماشة خاصة بأعمال لحام المig لإزالة الشرر والفوهات.,5.0,EA,85.0,425.0,DRAPER,UNKNOWN(=BRAND PLACEHOLDER),90,متوسط,Draper Tools (كتالوج عام),https://www.drapertools.com/,يعتمد التقدير على أسعار كماشات اللحام MIG المماثلة من دريبر في الأسواق البريطانية بعد التحويل للريال.,True,False
29,825,19613,"FEELER,COMB. ترييف",مجموعة شرائح قياس الفراغ (فيلر جيج).,4.0,EA,30.0,120.0,DRAPER,UNKNOWN(=BRAND PLACEHOLDER),25,منخفض,estimated from category benchmark,https://www.amazon.sa/-/en/b?ie=UTF8&node=16620567031,مجموعة شرائح قياس الفراغ (فيلر جيج)، أداة قياس دقيقة اقتصادية.,True,False
29,826,33554,IGNITION FILE كىيناكيم دترم,مبرد صغير لضبط نقاط الإشعال.,2.0,EA,30.0,60.0,DRAPER,UNKNOWN(=BRAND PLACEHOLDER),25,مرتفع,تقدير عام لمبارد الميكانيكيين الصغيرة,"https://www.amazon.sa/-/en/DIY-Tools-Draper/s?rh=n:12463390031,p_89:Draper",مبرد صغير لضبط نقاط الإشعال أداة يدوية بسيطة ورخيصة.,True,False
29,827,49419,GROUTE RAKE TOOL OR 13768 طلبم ةادا,أداة يدوية لكشط وتنظيف فواصل البلاط (الجراوت) قبل إعادة التعبئة.,29.0,EA,25.0,725.0,DRAPER,UNKNOWN(=BRAND PLACEHOLDER),75,منخفض,estimated from category benchmark (grout tools),https://www.drapertools.com/,أداة تنظيف (طلبم) فواصل البلاط من دريبر ضمن نطاق أسعار أدوات التبليط اليدوية.,True,False
29,828,35044,CUTTING TIP صق لزن,فوهة قطع لشعلة اللحام والقطع بالأكسجين من دريبر.,50.0,EA,30.0,1500.0,DRAPER,UNKNOWN(=BRAND PLACEHOLDER),50,متوسط,Draper Tools - welding accessories category,https://www.drapertools.com/,فوهات القطع الاستهلاكية المماثلة من دريبر تُباع عادة بين 8-15 جنيهاً إسترلينياً.,True,False
29,829,35042,CUTTING TIP صق لزن,فوهة قطع لشعلة اللحام والقطع بالأكسجين من دريبر.,50.0,EA,30.0,1500.0,DRAPER,UNKNOWN(=BRAND PLACEHOLDER),50,متوسط,Draper Tools - welding accessories category,https://www.drapertools.com/,فوهات القطع الاستهلاكية المماثلة من دريبر تُباع عادة بين 8-15 جنيهاً إسترلينياً.,True,False
29,830,35049,CUTTING TIP صق لزن,فوهة قطع لشعلة اللحام والقطع بالأكسجين من دريبر.,50.0,EA,30.0,1500.0,DRAPER,UNKNOWN(=BRAND PLACEHOLDER),50,متوسط,Draper Tools - welding accessories category,https://www.drapertools.com/,فوهات القطع الاستهلاكية المماثلة من دريبر تُباع عادة بين 8-15 جنيهاً إسترلينياً.,True,False
29,831,35033,CUTTING ATTACHMENT ماحل ةلصوت,ملحق قص (Cutting Attachment) لشعلة لحام أكسجين-أسيتيلين من دريبر.,3.0,EA,298.0,894.0,DRAPER,UNKNOWN(=BRAND PLACEHOLDER),180,منخفض,estimated from category benchmark,"https://www.amazon.sa/-/en/DIY-Tools-Draper/s?rh=n:12463390031,p_89:Draper",سعر تقديري لملحق قص شعلة لحام أكسجين-أسيتيلين من دريبر بناءً على أسعار ملحقات اللحام المماثلة.,True,False
29,832,35031,H.DUTY SHANK ماحل دي,ممسك قطب لحام كهربائي ثقيل التحمل (Electrode Holder) من دريبر.,3.0,EA,265.0,795.0,DRAPER,UNKNOWN(=BRAND PLACEHOLDER),55,منخفض,estimated from category benchmark,"https://www.amazon.sa/-/en/DIY-Tools-Draper/s?rh=n:12463390031,p_89:Draper",سعر تقديري لممسك قطب لحام كهربائي ثقيل التحمل من دريبر بناءً على أسعار ملحقات اللحام المماثلة.,True,False
29,833,35032,MIXER ماحل طلاخ,أداة خلط (مضرب) للمعجون أو الملاط.,2.0,EA,80.0,160.0,DRAPER,UNKNOWN(=BRAND PLACEHOLDER),45,منخفض,estimated from category benchmark,https://www.amazon.sa/-/en/b?ie=UTF8&node=16620567031,خلاط يدوي للمعجون أو الملاط، سعر تقديري لأدوات الورشة اليدوية.,True,False
29,834,35107,LIGHTER ةعلاو,ولاعة صناعية (قداحة).,26.0,EA,20.0,520.0,DRAPER,UNKNOWN(=BRAND PLACEHOLDER),8,مرتفع,تقدير عام للولاعات اللحام الصناعية,"https://www.amazon.sa/-/en/DIY-Tools-Draper/s?rh=n:12463390031,p_89:Draper",ولاعة صناعية بسيطة من الأدوات الاستهلاكية الرخيصة جداً.,True,False
29,835,35105,NOZZLE CLEANER تلازن فظنم,أداة يدوية صغيرة لتنظيف فوهات الرش والحقن.,19.0,KIT,20.0,380.0,DRAPER,UNKNOWN(=BRAND PLACEHOLDER),30,منخفض,استدلال من فئة أدوات تنظيف الفوهات,https://www.drapertools.com/,أداة صغيرة لتنظيف فوهات الرش تقدر ضمن فئة الأدوات المتخصصة الرخيصة.,True,False
29,836,13657,CRIMPER سبك ةدارز,زردية سبك (كرمبر) خماسية الاستخدامات مع طقم أطراف كهربائية من دريبر.,45.0,EA,25.0,1125.0,DRAPER,UNKNOWN(=BRAND PLACEHOLDER),75,مرتفع,Power Tools Direct / Lawson HIS (Draper 13658),https://www.powertoolsdirect.com/draper-13658-5-way-crimping-tool-terminal-kit-240mm-per-kit-5010559136582,تم العثور على المنتج بالضبط (طقم زردية سبك 5 استخدامات مع أطراف كهربائية) بسعر يتراوح بين 11-17 جنيه إسترليني في المملكة المتحدة، وبالتحويل لتكلفة الاستيراد والسوق السعودي يصبح السعر المقارب حوالي 75 ريال.,True,False
29,837,56413,HOLESAW KIT-7PCS شيوحت مقط,طقم مناشير ثقب دائرية (هول سو) مكون من 7 قطع من دريبر.,48.0,EA,40.0,1920.0,DRAPER,UNKNOWN(=BRAND PLACEHOLDER),100,منخفض,تقدير حسب فئة المنتج,"https://www.amazon.sa/-/en/DIY-Tools-Draper/s?rh=n:12463390031,p_89:Draper",أطقم مناشير الثقب الدائرية (7 قطع) من دريبر متوسطة السعر لفئة أدوات النجارة.,True,False
29,838,49420,GROUTE REMOVER طلبم ةادا,أداة يدوية لإزالة مادة الجروت (الحشو) بين البلاط من دريبر.,70.0,EA,30.0,2100.0,DRAPER,UNKNOWN(=BRAND PLACEHOLDER),50,منخفض,تقدير حسب فئة المنتج,"https://www.amazon.sa/-/en/DIY-Tools-Draper/s?rh=n:12463390031,p_89:Draper",أدوات إزالة الجروت اليدوية بسيطة التصميم ومنخفضة التكلفة نسبيًا.,True,False
29,839,56412,HOLE SAW 102MM شيوخت ةشير,منشار ثقب دائري (هول ساو) مقاس 105مم.,1.0,EA,40.0,40.0,DRAPER,UNKNOWN(=BRAND PLACEHOLDER),75,متوسط,تقدير عام لمناشير الثقب الدائرية (هول ساو),https://www.drapertools.com/,منشار ثقب دائري مقاس 105مم يقارن بأسعار ملحقات الثقب المماثلة.,True,False
29,840,41094,HOLE SAW 105MM شيوخت ةشير,منشار ثقب دائري (هول ساو) مقاس 105مم.,4.0,EA,40.0,160.0,DRAPER,UNKNOWN(=BRAND PLACEHOLDER),75,متوسط,تقدير عام لمناشير الثقب الدائرية (هول ساو),https://www.drapertools.com/,منشار ثقب دائري مقاس 105مم يقارن بأسعار ملحقات الثقب المماثلة.,True,False
29,841,41092,HOLE SAW 95MM شيوخت ةشير,منشار ثقب دائري (هول ساو) مقاس 105مم.,1.0,EA,35.0,35.0,DRAPER,UNKNOWN(=BRAND PLACEHOLDER),75,متوسط,تقدير عام لمناشير الثقب الدائرية (هول ساو),https://www.drapertools.com/,منشار ثقب دائري مقاس 105مم يقارن بأسعار ملحقات الثقب المماثلة.,True,False
29,842,41095,HOLE SAW 114MM شيوخت ةشير,منشار ثقب دائري (هول ساو) مقاس 105مم.,2.0,EA,47.0,94.0,DRAPER,UNKNOWN(=BRAND PLACEHOLDER),75,متوسط,تقدير عام لمناشير الثقب الدائرية (هول ساو),https://www.drapertools.com/,منشار ثقب دائري مقاس 105مم يقارن بأسعار ملحقات الثقب المماثلة.,True,False
29,843,41091,HOLE SAW 92MM شيوخت ةشر,منشار كور مقاس 92مم من ماركة DRAPER.,1.0,EA,30.0,30.0,DRAPER,UNKNOWN(=BRAND PLACEHOLDER),65,منخفض,Amazon.sa (Draper tools category),https://www.amazon.sa/-/en/b?ie=UTF8&node=16620587031,سعر تقديري لمنشار كور بناءً على أسعار مناشير درابر المماثلة.,True,False
29,844,41089,HOLE SAW 80MM شيوخت ةشير,منشار ثقب دائري (هول ساو) مقاس 105مم.,3.0,EA,40.0,120.0,DRAPER,UNKNOWN(=BRAND PLACEHOLDER),75,متوسط,تقدير عام لمناشير الثقب الدائرية (هول ساو),https://www.drapertools.com/,منشار ثقب دائري مقاس 105مم يقارن بأسعار ملحقات الثقب المماثلة.,True,False
29,845,41082,HOLE SAW 54MM شيوخت ةشير,منشار ثقب دائري (هول ساو) مقاس 105مم.,1.0,EA,30.0,30.0,DRAPER,UNKNOWN(=BRAND PLACEHOLDER),75,متوسط,تقدير عام لمناشير الثقب الدائرية (هول ساو),https://www.drapertools.com/,منشار ثقب دائري مقاس 105مم يقارن بأسعار ملحقات الثقب المماثلة.,True,False
29,846,41087,HOLESAW 70MM شيوخت ةشير,شفرة هول-سو (منشار دائري لثقب الحفر) قطرها 70 مم.,37.0,EA,35.0,1295.0,DRAPER,UNKNOWN(=BRAND PLACEHOLDER),55,متوسط,drapertools.com / Power Tools Direct listing,https://www.powertoolsdirect.com/draper-41086-hss-bi-metal-holesaw-blade-67mm-each-5010559410866,تم تأكيد وجود شفرات هول-سو درابر المشابهة فعلياً لدى عدة موزعين، والتقدير مبني على نمط أسعار شفرات الهول-سو حسب القطر.,True,False
29,847,41086,HOLE SAW 67 شيوخت ةشير,شفرة هول-سو (منشار دائري لثقب الحفر) قطرها 67 مم.,37.0,EA,35.0,1295.0,DRAPER,UNKNOWN(=BRAND PLACEHOLDER),50,متوسط,drapertools.com official listing,https://www.drapertools.com/product/41086/hss-bi-metal-holesaw-blade-67mm/,تم تأكيد وجود المنتج فعلياً على موقع درابر الرسمي، والتقدير مبني على نمط أسعار شفرات الهول-سو المماثلة بقطر أصغر قليلاً من سابقتها.,True,False
29,848,4519,FLARE NUT WRENCH لمارفلل ترلف حاتفم,مفتاح ربط صواميل خطوط الفرامل والفليرنغ (فليرنغ نت).,12.0,EA,55.0,660.0,DRAPER,UNKNOWN(=BRAND PLACEHOLDER),100,منخفض,Draper Tools (مرجع عام للماركة),https://www.drapertools.com/,مفتاح صواميل الفليرنغ (Flare Nut) للفرامل، والسعر يتوافق مع نطاق أسعار مفاتيح دريبر المتخصصة الصغيرة.,True,False
29,849,4501,FLARE NUT WRENCH لمارفلل ترلف حاتفم,مفتاح ربط صواميل خطوط الفرامل والفليرنغ (فليرنغ نت).,9.0,EA,55.0,495.0,DRAPER,UNKNOWN(=BRAND PLACEHOLDER),100,منخفض,Draper Tools (مرجع عام للماركة),https://www.drapertools.com/,مفتاح صواميل الفليرنغ (Flare Nut) للفرامل، والسعر يتوافق مع نطاق أسعار مفاتيح دريبر المتخصصة الصغيرة.,True,False
29,850,14565,FLARE NUT WRENCH لمارفلل ترلف حاتفم,مفتاح ربط صواميل خطوط الفرامل والفليرنغ (فليرنغ نت).,21.0,EA,40.0,840.0,DRAPER,UNKNOWN(=BRAND PLACEHOLDER),100,منخفض,Draper Tools (مرجع عام للماركة),https://www.drapertools.com/,مفتاح صواميل الفليرنغ (Flare Nut) للفرامل، والسعر يتوافق مع نطاق أسعار مفاتيح دريبر المتخصصة الصغيرة.,True,False
29,851,14566,FLARE NUT WRENCH لمارفلل ترلف حاتفم,مفتاح ربط صواميل خطوط الفرامل والفليرنغ (فليرنغ نت).,18.0,EA,40.0,720.0,DRAPER,UNKNOWN(=BRAND PLACEHOLDER),100,منخفض,Draper Tools (مرجع عام للماركة),https://www.drapertools.com/,مفتاح صواميل الفليرنغ (Flare Nut) للفرامل، والسعر يتوافق مع نطاق أسعار مفاتيح دريبر المتخصصة الصغيرة.,True,False
29,852,69933,SAFETY HELMET ةذوخ,خوذة سلامة (كاسك) للرأس.,5.0,KIT,95.0,475.0,DRAPER,UNKNOWN(=BRAND PLACEHOLDER),35,مرتفع,تقدير عام لخوذات السلامة البلاستيكية,"https://www.amazon.sa/-/en/DIY-Tools-Draper/s?rh=n:12463390031,p_89:Draper",خوذة سلامة أساسية من الأدوات الشخصية الوقائية منخفضة السعر.,True,False
29,853,35382,T-HANDLE KEX KEY ديب كى نلا,مفتاح ألن بمقبض على شكل حرف T من دريبر.,12.0,SET,95.0,1140.0,DRAPER,UNKNOWN(=BRAND PLACEHOLDER),40,منخفض,تقدير حسب فئة المنتج,"https://www.amazon.sa/-/en/DIY-Tools-Draper/s?rh=n:12463390031,p_89:Draper",مفاتيح الألن بمقبض T من دريبر منتج اقتصادي شائع، ويمثل عائلة من مقاسين.,True,False
30,854,35383,T-HANDLE KEX KEY ديب كى نلا,مفتاح ألن بمقبض على شكل حرف T من دريبر.,6.0,SET,95.0,570.0,DRAPER,UNKNOWN(=BRAND PLACEHOLDER),40,منخفض,تقدير حسب فئة المنتج,"https://www.amazon.sa/-/en/DIY-Tools-Draper/s?rh=n:12463390031,p_89:Draper",مفاتيح الألن بمقبض T من دريبر منتج اقتصادي شائع، ويمثل عائلة من مقاسين.,True,False
30,855,"15/16""",ر COMB.WRENCH-36933 كتشم حاتفم,مفتاح كتشم (تركيبة) مقاس 5/16 إنش من دريبر.,6.0,EA,35.0,210.0,DRAPER,UNKNOWN(=BRAND PLACEHOLDER),20,متوسط,Amazon.sa – Draper tools category,"https://www.amazon.sa/-/en/DIY-Tools-Draper/s?rh=n:12463390031,p_89:Draper",سعر تقديري لمفتاح كتشم (تركيبة) مقاس 5/16 إنش من دريبر بناءً على أسعار مفاتيح دريبر الصغيرة.,True,False
30,856,7200,1/4X5/16-BRAKE ADJUSTER WRENCH كيرب حاتفم ةرايسلا,مفتاح خاص لضبط كوابح السيارات مقاس 1/4 و5/16 بوصة.,15.0,EA,20.0,300.0,DRAPER,UNKNOWN(=BRAND PLACEHOLDER),25,منخفض,estimated from category benchmark,https://www.amazon.sa/-/en/b?ie=UTF8&node=16620587031,مفتاح ضبط الفرامل مقاس صغير يقدر بسعر متوسط لعدد يدوية متخصصة صغيرة.,True,False
30,857,12329,"1/4X11/32""BRAKE ADJUSTER WRENCHحاتفم ةرايسلا كيرب",مفتاح ملعقة متخصص لضبط فرامل السيارات (بريك أدجستر).,20.0,EA,30.0,600.0,DRAPER,UNKNOWN(=BRAND PLACEHOLDER),50,متوسط,estimated from category benchmark (brake adjuster wrenches),https://www.drapertools.com/,مفتاح ضبط الفرامل بمقاس 1/4x11/32 بوصة من دريبر ضمن نطاق أسعار مفاتيح الفرامل المتخصصة.,True,False
30,858,35310,"ر 9/16"" COMB.WRENCH كتشم حاتفم",مفتاح كتشم (تركيبة) مقاس 5/16 إنش من دريبر.,4.0,EA,18.0,72.0,DRAPER,UNKNOWN(=BRAND PLACEHOLDER),20,متوسط,Amazon.sa – Draper tools category,"https://www.amazon.sa/-/en/DIY-Tools-Draper/s?rh=n:12463390031,p_89:Draper",سعر تقديري لمفتاح كتشم (تركيبة) مقاس 5/16 إنش من دريبر بناءً على أسعار مفاتيح دريبر الصغيرة.,True,False
30,859,68574,TROUBLE LIGHT سدنهم ةبمل,لمبة فحص محمولة (سدنة/تروبل لايت) تستخدم في ورش الصيانة.,17.0,EA,35.0,595.0,DRAPER,UNKNOWN(=BRAND PLACEHOLDER),70,متوسط,estimated from category benchmark (trouble/inspection lights),https://www.drapertools.com/,لمبة فحص محمولة (تروبل لايت) من دريبر مشابهة للصنف 294 وبنفس الفئة السعرية.,True,False
30,860,84646,"ر 1/4"" COMB.WRENCH كتشم حاتفم",مفتاح كتشم (تركيبة) مقاس 5/16 إنش من دريبر.,20.0,EA,12.0,240.0,DRAPER,UNKNOWN(=BRAND PLACEHOLDER),20,متوسط,Amazon.sa – Draper tools category,"https://www.amazon.sa/-/en/DIY-Tools-Draper/s?rh=n:12463390031,p_89:Draper",سعر تقديري لمفتاح كتشم (تركيبة) مقاس 5/16 إنش من دريبر بناءً على أسعار مفاتيح دريبر الصغيرة.,True,False
30,861,84654,"ر 5/16"" COMB.WRENCH كتشم حاتفم",مفتاح كتشم (تركيبة) مقاس 5/16 إنش من دريبر.,30.0,EA,12.0,360.0,DRAPER,UNKNOWN(=BRAND PLACEHOLDER),20,متوسط,Amazon.sa – Draper tools category,"https://www.amazon.sa/-/en/DIY-Tools-Draper/s?rh=n:12463390031,p_89:Draper",سعر تقديري لمفتاح كتشم (تركيبة) مقاس 5/16 إنش من دريبر بناءً على أسعار مفاتيح دريبر الصغيرة.,True,False
30,862,84737,"ر 6MM,COMB.WRENCH كتشم حاتفم",مفتاح تركيب (كومبنيشن) مقاس 13 مم مصنوع من الكروم فاناديوم.,57.0,EA,12.0,684.0,DRAPER,UNKNOWN(=BRAND PLACEHOLDER),32,مرتفع,Red Box Tools / Power Tools Direct listings,https://www.redboxtools.com,وُجد سعر فعلي حديث لنفس كود درابر 54286 بين 3.45-4.20 جنيه إسترليني من موزعين بريطانيين.,True,False
30,863,54286,"ر 13MM,COMB.WRENCH كتشم حاتفم",مفتاح تركيب (كومبنيشن) مقاس 13 مم مصنوع من الكروم فاناديوم.,42.0,EA,17.0,714.0,DRAPER,UNKNOWN(=BRAND PLACEHOLDER),32,مرتفع,Red Box Tools / Power Tools Direct listings,https://www.redboxtools.com,وُجد سعر فعلي حديث لنفس كود درابر 54286 بين 3.45-4.20 جنيه إسترليني من موزعين بريطانيين.,True,False
30,864,31513,"1/2DR,IMPACT,30MM SIZE,6PT,LONGةليوط ةبح",دقشة هوائية طويلة مقاس 30 مم سداسية الرأس لمفتاح 1/2 بوصة من دريبر.,20.0,EA,28.0,560.0,DRAPER,UNKNOWN(=BRAND PLACEHOLDER),95,منخفض,تقدير حسب فئة المنتج,https://www.amazon.com/s?k=1/2+drive+impact+socket+30mm+long,دقشات هوائية طويلة بمقاس 30 مم مماثلة لبند آخر مشابه في هذه القائمة، ويمثل عائلة من 4 مقاسات.,True,False
30,865,14102,"1/2DR,IMPACT,30MM SIZE,6PT,LONGةليوط ةبح",دقشة هوائية طويلة مقاس 30 مم سداسية الرأس لمفتاح 1/2 بوصة من دريبر.,33.0,EA,23.0,759.0,DRAPER,UNKNOWN(=BRAND PLACEHOLDER),95,منخفض,تقدير حسب فئة المنتج,https://www.amazon.com/s?k=1/2+drive+impact+socket+30mm+long,دقشات هوائية طويلة بمقاس 30 مم مماثلة لبند آخر مشابه في هذه القائمة، ويمثل عائلة من 4 مقاسات.,True,False
30,866,14101,"1/2DR,IMPACT,30MM SIZE,6PT,LONGةليوط ةبح",دقشة هوائية طويلة مقاس 30 مم سداسية الرأس لمفتاح 1/2 بوصة من دريبر.,3.0,EA,55.0,165.0,DRAPER,UNKNOWN(=BRAND PLACEHOLDER),95,منخفض,تقدير حسب فئة المنتج,https://www.amazon.com/s?k=1/2+drive+impact+socket+30mm+long,دقشات هوائية طويلة بمقاس 30 مم مماثلة لبند آخر مشابه في هذه القائمة، ويمثل عائلة من 4 مقاسات.,True,False
30,867,12737,"1/2DR,IMPACT,30MM SIZE,6PT,LONGةليوط ةبح",دقشة هوائية طويلة مقاس 30 مم سداسية الرأس لمفتاح 1/2 بوصة من دريبر.,15.0,EA,21.0,315.0,DRAPER,UNKNOWN(=BRAND PLACEHOLDER),95,منخفض,تقدير حسب فئة المنتج,https://www.amazon.com/s?k=1/2+drive+impact+socket+30mm+long,دقشات هوائية طويلة بمقاس 30 مم مماثلة لبند آخر مشابه في هذه القائمة، ويمثل عائلة من 4 مقاسات.,True,False
30,868,12744,"1/2DR,IMPACT,14MM SIZE,6PT,SH.ةصرق ةبح",مقبض صدم نصف انش مقاس 14مم سداسي قصير.,9.0,EA,21.0,189.0,DRAPER,UNKNOWN(=BRAND PLACEHOLDER),35,متوسط,تقدير بناءً على أسعار مقابس الصدم نصف انش,https://www.grainger.com/product/PROTO-Impact-Socket-1-2-in-Drive-1AX51,مقبض صدم نصف انش مقاس 14مم سداسي قصير من مقاسات مقابس الصدم المتوسطة السعر.,True,False
30,869,31513,"1/2DR,IMPACT,14MM SIZE,6PT,SH.ةصرق ةبح",مقبض صدم نصف انش مقاس 14مم سداسي قصير.,9.0,EA,28.0,252.0,DRAPER,UNKNOWN(=BRAND PLACEHOLDER),35,متوسط,تقدير بناءً على أسعار مقابس الصدم نصف انش,https://www.grainger.com/product/PROTO-Impact-Socket-1-2-in-Drive-1AX51,مقبض صدم نصف انش مقاس 14مم سداسي قصير من مقاسات مقابس الصدم المتوسطة السعر.,True,False
30,870,12742,"1/2DR,IMPACT,16MM SIZE,6PT.LONG ةليوط ةبح",بريمة دفع 1/2 بوصة مقاس 16 مم سداسية طويلة.,2.0,EA,28.0,56.0,DRAPER,UNKNOWN(=BRAND PLACEHOLDER),28,منخفض,estimated from category benchmark,https://www.noon.com/saudi-en/tools-and-home-improvement/power-and-hand-tools/power-hand-tool-accessories/sockets-and-socket-sets/,بريمة دفع 1/2 بوصة مقاس 16مم سداسية طويلة، مقاربة لأسعار البريمات الطويلة المشابهة.,True,False
30,871,28420,"1/2DR,IMPACT,16MM SIZE,6PT.LONG ةليوط ءادوسةبح",بريمة دفع 1/2 بوصة مقاس 16 مم سداسية طويلة.,10.0,EA,25.0,250.0,DRAPER,UNKNOWN(=BRAND PLACEHOLDER),28,منخفض,estimated from category benchmark,https://www.noon.com/saudi-en/tools-and-home-improvement/power-and-hand-tools/power-hand-tool-accessories/sockets-and-socket-sets/,بريمة دفع 1/2 بوصة مقاس 16مم سداسية طويلة نفس فئة الأسعار للمقاسات المتوسطة.,True,False
30,872,12739,"1/2DR,IMPACT,16MM SIZE,6PT.LONG ةليوط ةبح",بريمة دفع 1/2 بوصة مقاس 16 مم سداسية طويلة.,9.0,EA,26.0,234.0,DRAPER,UNKNOWN(=BRAND PLACEHOLDER),28,منخفض,estimated from category benchmark,https://www.noon.com/saudi-en/tools-and-home-improvement/power-and-hand-tools/power-hand-tool-accessories/sockets-and-socket-sets/,بريمة دفع 1/2 بوصة مقاس 16مم سداسية طويلة، مقاربة لأسعار البريمات الطويلة المشابهة.,True,False
30,873,28496,"1/2DR,IMPACT,17MM SIZE,6PT.SH ةترصق ةبح",بريمة دفع 1/2 بوصة مقاس 17 مم سداسية قصيرة.,6.0,EA,28.0,168.0,DRAPER,UNKNOWN(=BRAND PLACEHOLDER),25,منخفض,estimated from category benchmark,https://www.noon.com/saudi-en/tools-and-home-improvement/power-and-hand-tools/power-hand-tool-accessories/sockets-and-socket-sets/,بريمة دفع 1/2 بوصة مقاس 17مم سداسية قصيرة، سعر نموذجي للبريمات الصغيرة المتوسطة.,True,False
30,874,28503,"1/2DR,IMPACT,17MM SIZE,6PT.SH ةترصق ةبح",بريمة دفع 1/2 بوصة مقاس 17 مم سداسية قصيرة.,5.0,EA,25.0,125.0,DRAPER,UNKNOWN(=BRAND PLACEHOLDER),25,منخفض,estimated from category benchmark,https://www.noon.com/saudi-en/tools-and-home-improvement/power-and-hand-tools/power-hand-tool-accessories/sockets-and-socket-sets/,بريمة دفع 1/2 بوصة مقاس 17مم سداسية قصيرة، سعر نموذجي للبريمات الصغيرة المتوسطة.,True,False
30,875,13762,"1/2DR,IMPACT,18MM SIZE,6PT,LONG ءادوس ةبح ةليوط",بريمة دفع 1/2 بوصة مقاس 18 مم سداسية طويلة.,9.0,EA,24.0,216.0,DRAPER,UNKNOWN(=BRAND PLACEHOLDER),28,منخفض,estimated from category benchmark,https://www.noon.com/saudi-en/tools-and-home-improvement/power-and-hand-tools/power-hand-tool-accessories/sockets-and-socket-sets/,بريمة دفع 1/2 بوصة مقاس 18مم سداسية طويلة سعرها متوسط ضمن فئة البريمات.,True,False
30,876,28488,"1/2DR,IMPACT,16MM SIZE,6PT,SH",بريمة دفع 1/2 بوصة مقاس 16 مم سداسية قصيرة.,9.0,EA,24.0,216.0,DRAPER,UNKNOWN(=BRAND PLACEHOLDER),25,منخفض,estimated from category benchmark,https://www.noon.com/saudi-en/tools-and-home-improvement/power-and-hand-tools/power-hand-tool-accessories/sockets-and-socket-sets/,بريمة دفع 1/2 بوصة مقاس 16مم سداسية قصيرة سعرها متوسط ضمن فئة البريمات.,True,False
30,877,14101,"1/2DR,IMPACT,15MM SIZE,6PT,LONGةليوط ءادوس ةبح",بيت دباب (سوكيت) طويل بقياسة درفلة 1/2 بوصة و6 أضلاع بمقاس 15مم.,30.0,EA,21.0,630.0,DRAPER,UNKNOWN(=BRAND PLACEHOLDER),40,متوسط,estimated from category benchmark (1/2in drive impact sockets),https://www.amazon.com/Drive-Deep-Impact-Socket-Point/dp/B0026HGZ2W,سوكيت دباب طويل بمقاس 15مم مطابق تقريباً للصنف 241 وبنفس الفئة السعرية.,True,False
30,878,30870,"1/2DR,IMPACT,30MM,LONG,6PT ةليوط ءادوس ةبح",قطعة سوكيت صدم طويلة مقاس 30 مم بمحرك 1/2 بوصة.,27.0,EA,38.0,1026.0,DRAPER,UNKNOWN(=BRAND PLACEHOLDER),60,متوسط,أسعار قطع السوكيت الصناعية 1/2 بوصة درايف,https://www.fyind.com/ksa/en/tool-attachments-and-accessories/impact-socket,قطعة سوكيت صدم طويلة مقاس 30مم بمحرك 1/2 بوصة من فئة الأسعار المتوسطة.,True,False
31,905,14106,1/2X3/4 ADAPTOR لوحم,محول (أدابتور) بين عيار محرك 3/4 إنش وعيار 1 إنش.,12.0,EA,75.0,900.0,DRAPER,UNKNOWN(=BRAND PLACEHOLDER),45,منخفض,تقدير فئوي لمحولات عيار البوكسات,https://www.drapertools.com/,محول صغير بين عياري 3/4 و1 إنش، وهذه المحولات البسيطة رخيصة نسبيًا مقارنة بالبوكسات الكاملة.,True,False
32,911,14107,"3/4X1"" ADAPTOR لوحم",محول (أدابتور) بين عيار محرك 3/4 إنش وعيار 1 إنش.,43.0,EA,165.0,7095.0,DRAPER,UNKNOWN(=BRAND PLACEHOLDER),45,منخفض,تقدير فئوي لمحولات عيار البوكسات,https://www.drapertools.com/,محول صغير بين عياري 3/4 و1 إنش، وهذه المحولات البسيطة رخيصة نسبيًا مقارنة بالبوكسات الكاملة.,True,False
32,915,67693,ر COMB.WR.11MM كتشم حاتفم,مفتاح كومبنيشن مقاس 15 مم.,20.0,EA,15.0,300.0,DRAPER,UNKNOWN(=BRAND PLACEHOLDER),25,متوسط,أسعار مفاتيح الكومبنيشن في أمازون السعودية,https://www.amazon.sa/-/en/b?ie=UTF8&node=16621001031,مفتاح كومبنيشن مقاس 15مم من المقاسات المترية الشائعة رخيصة الثمن نسبياً.,True,False
32,916,87698,ر COMB.WR.15MM كتشم حاتفم,مفتاح كومبنيشن مقاس 15 مم.,20.0,EA,18.0,360.0,DRAPER,UNKNOWN(=BRAND PLACEHOLDER),25,متوسط,أسعار مفاتيح الكومبنيشن في أمازون السعودية,https://www.amazon.sa/-/en/b?ie=UTF8&node=16621001031,مفتاح كومبنيشن مقاس 15مم من المقاسات المترية الشائعة رخيصة الثمن نسبياً.,True,False
32,917,67701,ر COMB.WR.18MM كتشم حاتفم,مفتاح كومبنيشن مقاس 15 مم.,14.0,EA,25.0,350.0,DRAPER,UNKNOWN(=BRAND PLACEHOLDER),25,متوسط,أسعار مفاتيح الكومبنيشن في أمازون السعودية,https://www.amazon.sa/-/en/b?ie=UTF8&node=16621001031,مفتاح كومبنيشن مقاس 15مم من المقاسات المترية الشائعة رخيصة الثمن نسبياً.,True,False
32,918,"15/16X1.1/2""",,أداة أو منتج من دريبر دون وصف نصي كافٍ لتحديد نوعه بدقة.,1.0,EA,98.0,98.0,DRAPER,UNKNOWN(=BRAND PLACEHOLDER),120,منخفض,Draper Tools (مرجع عام للماركة، لا يوجد وصف),https://www.drapertools.com/,لا يتوفر وصف نصي لهذا المنتج (رمز 32250 فقط)، والسعر تقدير عام حذر لأداة يدوية متوسطة من دريبر.,True,False
32,919,55706,ring wrench 41X46MM موتحم حاتفم,مفتاح حلقي مزدوج المقاس 41 و46 ملم للاستخدام الصناعي الثقيل.,2.0,EA,175.0,350.0,DRAPER,UNKNOWN(=BRAND PLACEHOLDER),200,متوسط,معيار فئة مفاتيح الحلقة الكبيرة,https://www.drapertools.com/,مفتاح حلقي كبير مزدوج المقاس 41×46مم يقدر بسعر أعلى نظراً لحجمه الصناعي الكبير.,True,False
32,920,37828,"AIRFOW,PCL ءاوه مظنم",منظم تدفق هواء لأنظمة الهواء المضغوط نوع PCL.,42.0,EA,25.0,1050.0,DRAPER,UNKNOWN(=BRAND PLACEHOLDER),60,متوسط,تقدير عام لمنظمات تدفق الهواء PCL,https://www.pclairtechnology.com/couplings-adaptors,منظم تدفق الهواء من ملحقات أنظمة الهواء المضغوط متوسط السعر.,True,False
32,921,37844,COUPLING جنلبوك,وصلة (كوبلنج) هوائية من ماركة DRAPER.,1.0,EA,25.0,25.0,DRAPER,UNKNOWN(=BRAND PLACEHOLDER),25,منخفض,estimated from category benchmark,https://www.amazon.sa/-/en/b?ie=UTF8&node=16620999031,سعر تقديري لوصلة هوائية بالاستناد إلى معيار أسعار وصلات الهواء المضغوط العامة.,True,False
32,922,M100,"PCL,COUPLING جنلبوك",وصلة كوبلينج هواء مضغوط موديل M100.,35.0,EA,35.0,1225.0,DRAPER,UNKNOWN(=BRAND PLACEHOLDER),28,متوسط,أسعار وصلات الهواء PCL,https://www.pclairtechnology.com/couplings-adaptors,وصلة كوبلينج هواء قياسية من فئة الأسعار المنخفضة.,True,False
32,923,PCL.SAFE,SAFE FLOW جنلبوك,وصلة كوبلينج هواء بخاصية التدفق الآمن.,35.0,EA,35.0,1225.0,DRAPER,UNKNOWN(=BRAND PLACEHOLDER),30,متوسط,أسعار وصلات الهواء الآمنة PCL,https://www.pclairtechnology.com/couplings-adaptors,وصلات التدفق الآمن (Safe Flow) أغلى قليلاً من الوصلات العادية لاحتوائها ميزة أمان إضافية.,True,False
32,924,PCL.SAFE,M100 جنلبوك,وصلة كوبلينج سريعة لخطوط الهواء المضغوط.,36.0,EA,35.0,1260.0,DRAPER,UNKNOWN(=BRAND PLACEHOLDER),28,متوسط,أسعار وصلات الهواء PCL,https://www.pclairtechnology.com/couplings-adaptors,وصلات كوبلينج الهواء المضغوط من نوع PCL رخيصة الثمن نسبياً حسب المصادر الأوروبية المحوّلة لسعر السوق المحلي.,True,False
32,925,37873,ر VOLTAGE TESTER تست,جهاز اختبار الجهد الكهربائي اليدوي.,8.0,EA,150.0,1200.0,DRAPER,UNKNOWN(=BRAND PLACEHOLDER),25,متوسط,تقدير عام لأجهزة اختبار الجهد الكهربائي,https://www.kanbkam.com/sa/en/unit-ut203-digital-clamp-meters-B005HOPRRK,أجهزة اختبار الجهد اليدوية البسيطة من أرخص أدوات الاختبار الكهربائي.,True,False
32,926,56777,ر 120-750V تست,جهاز اختبار جهد كهربائي (تستر) بمدى 120-750 فولت.,1.0,EA,180.0,180.0,DRAPER,UNKNOWN(=BRAND PLACEHOLDER),50,منخفض,Anaum Trading - Voltage Detectors,https://anaum.sa.com/collections/voltage-detector,جهاز اختبار فولطية بمدى 120-750 فولت، مقارب لأسعار أجهزة اختبار الفولطية البسيطة.,True,False
32,927,8682,CLAW HAMMERبلخم شوكاش,مطرقة مخلبية (Claw Hammer) لأعمال النجارة العامة.,2.0,EA,32.0,64.0,DRAPER,UNKNOWN(=BRAND PLACEHOLDER),55,متوسط,أسعار المطارق في تولسن السعودية,https://tolsentools.com.sa/products/claw-hammer,مطرقة مخلبية قياسية من فئة الأسعار المتوسطة للمطارق اليدوية.,True,False
32,928,13975,CLAW HAMMERبلخم شوكاش,مطرقة مخلبية (Claw Hammer) لأعمال النجارة العامة.,6.0,EA,35.0,210.0,DRAPER,UNKNOWN(=BRAND PLACEHOLDER),55,متوسط,أسعار المطارق في تولسن السعودية,https://tolsentools.com.sa/products/claw-hammer,مطرقة مخلبية قياسية من فئة الأسعار المتوسطة للمطارق اليدوية.,True,False
32,929,21284,CLAW HAMMERبلخم شوكاش,مطرقة مخلبية (Claw Hammer) لأعمال النجارة العامة.,9.0,EA,35.0,315.0,DRAPER,UNKNOWN(=BRAND PLACEHOLDER),55,متوسط,أسعار المطارق في تولسن السعودية,https://tolsentools.com.sa/products/claw-hammer,مطرقة مخلبية قياسية من فئة الأسعار المتوسطة للمطارق اليدوية.,True,False
32,930,67699,"ر COMB.WR,16MM كسرم حاتفم",مفتاح تركيبي (فم من جهة ورنسة من الجهة الأخرى) بمقاس 16 مليمتر.,48.0,EA,15.0,720.0,DRAPER,UNKNOWN(=BRAND PLACEHOLDER),30,متوسط,estimated from category benchmark (single combination wrenches),https://www.drapertools.com/,مفتاح تركيبي (فم ورنسة) مفرد بمقاس 16مم من دريبر ضمن نطاق أسعار المفاتيح الفردية القياسية.,True,False
32,931,55709,OPENED WR.6X7MM ىدلب حاتفم,مفتاح بلدي مزدوج المقاس 6×7مم.,14.0,EA,11.0,154.0,DRAPER,UNKNOWN(=BRAND PLACEHOLDER),18,متوسط,Amazon.sa - Open-End Wrenches,https://www.amazon.sa/-/en/b?ie=UTF8&node=16621003031,مفتاح بلدي صغير مزدوج المقاس 6×7مم، ضمن نطاق أسعار المفاتيح الصغيرة الاقتصادية.,True,False
32,932,89921,"ALU,TORCH 4D SIZE فاشك",كشاف يدوي من الألمنيوم بحجم بطاريات 4D.,19.0,EA,60.0,1140.0,DRAPER,UNKNOWN(=BRAND PLACEHOLDER),60,متوسط,تقدير عام لكشافات الألمنيوم اليدوية,"https://www.amazon.sa/-/en/DIY-Tools-Draper/s?rh=n:12463390031,p_89:Draper",الكشافات اليدوية من الألمنيوم بحجم بطاريات 4D أغلى قليلاً من الكشافات الصغيرة.,True,False
32,933,43583,"MASONARY DRILL BIT,12MM رادج ةشير",ريشة حفر جدران (مازونري) مقاس 12مم.,28.0,EA,15.0,420.0,DRAPER,UNKNOWN(=BRAND PLACEHOLDER),15,مرتفع,تقدير عام لريش حفر الحوائط (المازونري),"https://www.amazon.sa/-/en/DIY-Tools-Draper/s?rh=n:12463390031,p_89:Draper",ريشة حفر حوائط مقاس 12مم من الأدوات الاستهلاكية الرخيصة جداً.,True,False
32,934,51677,AIR DRILL ءاوهلا لىع ليرد,مثقاب يعمل بالهواء المضغوط من دريبر.,9.0,EA,470.0,4230.0,DRAPER,UNKNOWN(=BRAND PLACEHOLDER),240,متوسط,Draper Tools - air tools category,https://www.drapertools.com/tools-for-trade/agriculture/air-tools-compressors/,المثاقيب الهوائية الأساسية من دريبر تُباع عادة بين 40-70 جنيهاً إسترلينياً.,True,False
32,935,43583,"MASONARY DRILL BIT,12MM رادج ةشير",ريشة حفر جدران (مازونري) مقاس 12مم.,8.0,EA,15.0,120.0,DRAPER,UNKNOWN(=BRAND PLACEHOLDER),15,مرتفع,تقدير عام لريش حفر الحوائط (المازونري),"https://www.amazon.sa/-/en/DIY-Tools-Draper/s?rh=n:12463390031,p_89:Draper",ريشة حفر حوائط مقاس 12مم من الأدوات الاستهلاكية الرخيصة جداً.,True,False
32,936,43602,12X150 SDS MASONRY DRILL PCKD رادج ةشير تكب,لقمة حفر SDS للجدران والخرسانة مقاس 12 ملم بطول 150 ملم.,74.0,EA,35.0,2590.0,DRAPER,UNKNOWN(=BRAND PLACEHOLDER),50,متوسط,Draper Tools (مرجع عام للماركة),https://www.drapertools.com/,لقمة حفر SDS للجدران مقاس 12x150مم، وهي أداة استهلاكية صغيرة منخفضة التكلفة نسبياً ضمن نطاق أسعار لقم دريبر المماثلة.,True,False
32,937,43584,12 X 400MM MASONRY DRILL PCKDرادج ةشير تكب,ريشة حفر جدران (خرسانة) طويلة مقاس 12×400مم.,4.0,EA,45.0,180.0,DRAPER,UNKNOWN(=BRAND PLACEHOLDER),30,متوسط,Amazon.sa - Masonry Bits,https://www.amazon.sa/-/en/b?ie=UTF8&node=16621040031,ريشة حفر خرسانة طويلة 12×400مم، أسعار ريش الخرسانة في السوق السعودي تتراوح بين 9 و250 ريال حسب الحجم.,True,False
32,938,43586,14 X 200MM MASONRY DRILL PCKDرادج ةشير,ريشة تثقيب حوائط (رصاصة) مقاس 14×200 مم من دريبر.,80.0,EA,35.0,2800.0,DRAPER,UNKNOWN(=BRAND PLACEHOLDER),50,متوسط,Draper Tools - masonry drill bits category,https://www.drapertools.com/,ريش تثقيب الحوائط الكبيرة من دريبر تُباع عادة بين 8-15 جنيهاً إسترلينياً.,True,False
32,939,43585,13 X 200MM MASONRY DRILL PCKDرادج ةشير,ريشة تثقيب حوائط (رصاصة) مقاس 14×200 مم من دريبر.,5.0,EA,38.0,190.0,DRAPER,UNKNOWN(=BRAND PLACEHOLDER),50,متوسط,Draper Tools - masonry drill bits category,https://www.drapertools.com/,ريش تثقيب الحوائط الكبيرة من دريبر تُباع عادة بين 8-15 جنيهاً إسترلينياً.,True,False
32,940,43587,16 X 200MM MASONRY DRILL PCKDرادج ةشير,ريشة تثقيب حوائط (رصاصة) مقاس 14×200 مم من دريبر.,10.0,EA,55.0,550.0,DRAPER,UNKNOWN(=BRAND PLACEHOLDER),50,متوسط,Draper Tools - masonry drill bits category,https://www.drapertools.com/,ريش تثقيب الحوائط الكبيرة من دريبر تُباع عادة بين 8-15 جنيهاً إسترلينياً.,True,False
33,941,43581,10 X 400MM MASONRY DRILL PCKDرادج ةشير,ريشة تثقيب حوائط (رصاصة) مقاس 14×200 مم من دريبر.,3.0,EA,33.0,99.0,DRAPER,UNKNOWN(=BRAND PLACEHOLDER),50,متوسط,Draper Tools - masonry drill bits category,https://www.drapertools.com/,ريش تثقيب الحوائط الكبيرة من دريبر تُباع عادة بين 8-15 جنيهاً إسترلينياً.,True,False
33,942,80019,11 X 400MM MASONRY DRILL PCKDرادج ةشير,ريشة تثقيب حوائط (رصاصة) مقاس 14×200 مم من دريبر.,7.0,EA,35.0,245.0,DRAPER,UNKNOWN(=BRAND PLACEHOLDER),50,متوسط,Draper Tools - masonry drill bits category,https://www.drapertools.com/,ريش تثقيب الحوائط الكبيرة من دريبر تُباع عادة بين 8-15 جنيهاً إسترلينياً.,True,False
33,943,43578,8 X 200MM MASONRY DRILL PCKDرادج ةشير,ريشة تثقيب حوائط (رصاصة) مقاس 14×200 مم من دريبر.,38.0,EA,12.0,456.0,DRAPER,UNKNOWN(=BRAND PLACEHOLDER),50,متوسط,Draper Tools - masonry drill bits category,https://www.drapertools.com/,ريش تثقيب الحوائط الكبيرة من دريبر تُباع عادة بين 8-15 جنيهاً إسترلينياً.,True,False
33,944,43583,MASONARY DRILL BIT 19MMرادج ةشير,ريشة ثقب خرسانة (حائط) مقاس 19 مم.,53.0,EA,15.0,795.0,DRAPER,UNKNOWN(=BRAND PLACEHOLDER),25,متوسط,أسعار ريش ثقب الخرسانة في أمازون السعودية,https://www.amazon.sa/-/en/b?ie=UTF8&node=16621040031,ريشة ثقب خرسانة مقاس 19مم من الفئة المتوسطة السعر.,True,False
33,945,78998,ر DMM مىقر تيمىتلم,جهاز قياس رقمي متعدد الوظائف (ملتيميتر).,7.0,EA,180.0,1260.0,DRAPER,UNKNOWN(=BRAND PLACEHOLDER),120,متوسط,مقارنة مع أجهزة الملتيميتر الرقمية الاقتصادية في السوق السعودي,https://www.kanbkam.com/sa/en/unit-ut203-digital-clamp-meters-B005HOPRRK,أجهزة الملتيميتر الرقمية متوسطة الجودة تباع عادة بين 90-200 ريال في السوق السعودي.,True,False
33,946,82699,ر PROTECTIVE FACESHIELD هجو قاو,واقي وجه شفاف لحماية العاملين.,21.0,EA,55.0,1155.0,DRAPER,UNKNOWN(=BRAND PLACEHOLDER),35,متوسط,أسعار معدات الحماية الشخصية في السوق السعودي,https://ksa.modern-eastern.com/ppe/head-protection/safety-helmets.html,واقي الوجه من معدات السلامة الشخصية البسيطة متوسط السعر.,True,False
33,947,19148,"HSS 1/8"" ديدح ةشبر",ريشة حفر معادن HSS مقاس 1/8 بوصة من ماركة DRAPER.,26.0,PKT,2.0,52.0,DRAPER,UNKNOWN(=BRAND PLACEHOLDER),8,منخفض,Amazon.sa (Draper tools category),https://www.amazon.sa/-/en/b?ie=UTF8&node=16620587031,سعر تقديري لريشة حفر معادن صغيرة جدًا بناءً على أسعار ريش الحفر المفردة.,True,False
33,948,43589,MASONARY DRILL BIT-20mmرادج ةشير,ريشة حفر للحوائط والخرسانة (ماسونري) بقطر 10 مم.,16.0,EA,28.0,448.0,DRAPER,UNKNOWN(=BRAND PLACEHOLDER),12,متوسط,نمط أسعار ريش الحفر للحوائط,https://www.drapertools.com,ريشة حفر مفردة صغيرة الحجم، وهذه الفئة من المنتجات رخيصة جداً بشكل معتاد في كل الأسواق.,True,False
33,949,43585,MASONARY DRILL BIT-13mmرادج ةشير,ريشة حفر للحوائط والخرسانة (ماسونري) بقطر 10 مم.,2.0,EA,18.0,36.0,DRAPER,UNKNOWN(=BRAND PLACEHOLDER),12,متوسط,نمط أسعار ريش الحفر للحوائط,https://www.drapertools.com,ريشة حفر مفردة صغيرة الحجم، وهذه الفئة من المنتجات رخيصة جداً بشكل معتاد في كل الأسواق.,True,False
33,950,43587,MASONARY DRILL BIT=16mmرادج ةشير,ريشة حفر جدران مقاس 16مم من ماركة DRAPER.,2.0,EA,20.0,40.0,DRAPER,UNKNOWN(=BRAND PLACEHOLDER),25,منخفض,Amazon.sa (Draper tools category),https://www.amazon.sa/-/en/b?ie=UTF8&node=16620587031,سعر تقديري لريشة حفر جدران متوسطة بناءً على أسعار ريش الحفر المماثلة.,True,False
33,951,43581,MASONARY DRILL BIT-10mmرادج ةشير,ريشة حفر للحوائط والخرسانة (ماسونري) بقطر 10 مم.,1.0,EA,15.0,15.0,DRAPER,UNKNOWN(=BRAND PLACEHOLDER),12,متوسط,نمط أسعار ريش الحفر للحوائط,https://www.drapertools.com,ريشة حفر مفردة صغيرة الحجم، وهذه الفئة من المنتجات رخيصة جداً بشكل معتاد في كل الأسواق.,True,False
33,952,43594,SDS+MASONARY-6mm,ريشة ثقب خرسانة نوع SDS+ مقاس 6 مم.,138.0,EA,9.0,1242.0,DRAPER,UNKNOWN(=BRAND PLACEHOLDER),15,متوسط,أسعار ريش الثقب SDS+ في أمازون السعودية,https://www.amazon.sa/-/en/b?ie=UTF8&node=16621040031,ريش الثقب SDS+ صغيرة القطر (6مم) من أرخص الأصناف في فئة ريش الخرسانة.,True,False
33,953,43580,MASONARY DRILL BIT-10mmرادج ةشير,ريشة حفر للحوائط والخرسانة (ماسونري) بقطر 10 مم.,97.0,EA,10.0,970.0,DRAPER,UNKNOWN(=BRAND PLACEHOLDER),12,متوسط,نمط أسعار ريش الحفر للحوائط,https://www.drapertools.com,ريشة حفر مفردة صغيرة الحجم، وهذه الفئة من المنتجات رخيصة جداً بشكل معتاد في كل الأسواق.,True,False
33,954,43580,MASONARY DRILL BIT-10mm رادج ةشير,ريشة ثقب حوائط ومباني (Masonry Drill Bit) مقاس 10مم من دريبر.,79.0,EA,10.0,790.0,DRAPER,UNKNOWN(=BRAND PLACEHOLDER),12,متوسط,Amazon.sa – Draper tools category,"https://www.amazon.sa/-/en/DIY-Tools-Draper/s?rh=n:12463390031,p_89:Draper",سعر تقديري لريشة ثقب حوائط مقاس 10مم من دريبر بناءً على أسعار ريش الحوائط المماثلة.,True,False
33,955,13506,PAINT TRAY ناهد مقط,صينية بلاستيكية لتحضير وتوزيع الدهان أثناء الطلاء بالرولة.,20.0,EA,35.0,700.0,DRAPER,UNKNOWN(=BRAND PLACEHOLDER),30,متوسط,estimated from category benchmark (paint trays),https://www.drapertools.com/,صينية دهان بلاستيكية من دريبر ضمن نطاق أسعار أدوات الدهان الرخيصة.,True,False
33,956,43602,"MASONARY DRILL BIT+SDS,12MM سا رادج ةشير سا ىد",ريشة ثقب حوائط بسنّ SDS مقاس 12مم من دريبر.,21.0,EA,35.0,735.0,DRAPER,UNKNOWN(=BRAND PLACEHOLDER),20,متوسط,Amazon.sa – Draper tools category,"https://www.amazon.sa/-/en/DIY-Tools-Draper/s?rh=n:12463390031,p_89:Draper",سعر تقديري لريشة ثقب حوائط بسنّ SDS مقاس 12مم من دريبر بناءً على أسعار ريش الحوائط المماثلة.,True,False
33,957,43583,"MASONARY DRILL BIT+SDS,12MM سا رادج ةشير سا ىد",ريشة ثقب حوائط بسنّ SDS مقاس 12مم من دريبر.,1.0,EA,35.0,35.0,DRAPER,UNKNOWN(=BRAND PLACEHOLDER),20,متوسط,Amazon.sa – Draper tools category,"https://www.amazon.sa/-/en/DIY-Tools-Draper/s?rh=n:12463390031,p_89:Draper",سعر تقديري لريشة ثقب حوائط بسنّ SDS مقاس 12مم من دريبر بناءً على أسعار ريش الحوائط المماثلة.,True,False
33,958,43581,"MASONARY DRILL BIT+SDS,10MMسا رادج ةشير سا ىد",ريشة حفر للحوائط بنظام تثبيت SDS بقطر 10 مم.,44.0,EA,33.0,1452.0,DRAPER,UNKNOWN(=BRAND PLACEHOLDER),25,متوسط,نمط أسعار ريش الحفر SDS,https://www.drapertools.com,ريشة حفر SDS مفردة، وسعرها أعلى قليلاً من الريشة العادية بسبب نظام التثبيت الخاص.,True,False
33,959,43583,"MASONARY DRILL BIT,12MMرادج ةشير",ريشة ثقب حوائط ومباني (Masonry Drill Bit) مقاس 12مم من دريبر.,30.0,EA,18.0,540.0,DRAPER,UNKNOWN(=BRAND PLACEHOLDER),14,متوسط,Amazon.sa – Draper tools category,"https://www.amazon.sa/-/en/DIY-Tools-Draper/s?rh=n:12463390031,p_89:Draper",سعر تقديري لريشة ثقب حوائط (مسمار) مقاس 12مم بناءً على أسعار ريش الثقب المماثلة.,True,False
33,960,76024,"MASONARY DRILL BIT,19MMرادج ةشير",ريشة ثقب حوائط ومباني (Masonry Drill Bit) مقاس 12مم من دريبر.,12.0,EA,35.0,420.0,DRAPER,UNKNOWN(=BRAND PLACEHOLDER),14,متوسط,Amazon.sa – Draper tools category,"https://www.amazon.sa/-/en/DIY-Tools-Draper/s?rh=n:12463390031,p_89:Draper",سعر تقديري لريشة ثقب حوائط (مسمار) مقاس 12مم بناءً على أسعار ريش الثقب المماثلة.,True,False
33,961,42604,MASONARY DRILL BIT 19MMرادج ةشير,ريشة ثقب خرسانة (حائط) مقاس 19 مم.,8.0,EA,55.0,440.0,DRAPER,UNKNOWN(=BRAND PLACEHOLDER),25,متوسط,أسعار ريش ثقب الخرسانة في أمازون السعودية,https://www.amazon.sa/-/en/b?ie=UTF8&node=16621040031,ريشة ثقب خرسانة مقاس 19مم من الفئة المتوسطة السعر.,True,False
33,962,60698,ر PLUMB BOB ءانب ناترم,شاقول (ميزان رصاصي) لأعمال البناء.,39.0,EA,30.0,1170.0,DRAPER,UNKNOWN(=BRAND PLACEHOLDER),20,متوسط,تقدير عام لأدوات الشاقول,"https://www.amazon.sa/-/en/DIY-Tools-Draper/s?rh=n:12463390031,p_89:Draper",الشاقول أداة بناء بسيطة رخيصة الثمن.,True,False
33,963,35108,LIGHTER ماحل ةعلاو,ولاعة (قداحة) إشعال شعلة اللحام من دريبر.,34.0,EA,25.0,850.0,DRAPER,UNKNOWN(=BRAND PLACEHOLDER),20,متوسط,Amazon.sa – Draper tools category,"https://www.amazon.sa/-/en/DIY-Tools-Draper/s?rh=n:12463390031,p_89:Draper",سعر تقديري لولاعة إشعال شعلة اللحام من دريبر بناءً على أسعار ملحقات اللحام المماثلة.,True,False
33,964,35105,TIP CLEANER ماحل تاينوف فضنم,أداة تنظيف فوهات (تيبس) شعلة اللحام بالغاز من دريبر.,39.0,EA,25.0,975.0,DRAPER,UNKNOWN(=BRAND PLACEHOLDER),28,متوسط,Amazon.sa – Draper tools category,"https://www.amazon.sa/-/en/DIY-Tools-Draper/s?rh=n:12463390031,p_89:Draper",سعر تقديري لأداة تنظيف فتحات شعلة اللحام بناءً على أسعار ملحقات اللحام من دريبر.,True,False
33,965,35036,WELDING NOZZLE ماحل لزون,فوهة (نازل) لمعدات اللحام بالغاز.,30.0,EA,22.0,660.0,DRAPER,UNKNOWN(=BRAND PLACEHOLDER),25,متوسط,تقدير عام لملحقات اللحام,"https://www.amazon.sa/-/en/DIY-Tools-Draper/s?rh=n:12463390031,p_89:Draper",فوهات اللحام قطعة استهلاكية رخيصة نسبياً في سوق أدوات اللحام.,True,False
33,966,35035,WELDING NOZZLE ماحل لزون,فوهة (نازل) لمعدات اللحام بالغاز.,9.0,EA,22.0,198.0,DRAPER,UNKNOWN(=BRAND PLACEHOLDER),25,متوسط,تقدير عام لملحقات اللحام,"https://www.amazon.sa/-/en/DIY-Tools-Draper/s?rh=n:12463390031,p_89:Draper",فوهات اللحام قطعة استهلاكية رخيصة نسبياً في سوق أدوات اللحام.,True,False
33,967,35037,WELDING NOZZLE ماحل لزون,فوهة (نازل) لمعدات اللحام بالغاز.,18.0,EA,22.0,396.0,DRAPER,UNKNOWN(=BRAND PLACEHOLDER),25,متوسط,تقدير عام لملحقات اللحام,"https://www.amazon.sa/-/en/DIY-Tools-Draper/s?rh=n:12463390031,p_89:Draper",فوهات اللحام قطعة استهلاكية رخيصة نسبياً في سوق أدوات اللحام.,True,False
33,968,13412,FLOAT ضيبم ةحاسم,أداة مسطحة (فلوت) تستخدم لتسوية وتنعيم الجبس أو المعجون.,20.0,EA,35.0,700.0,DRAPER,UNKNOWN(=BRAND PLACEHOLDER),55,متوسط,estimated from category benchmark (plasterer floats),https://www.drapertools.com/,مسطرة (ممسحة) تجصيص من دريبر ضمن نطاق أسعار أدوات التجصيص اليدوية.,True,False
33,969,66082,ر SANDING BLOCK ةرفنصلل -يرلف-كروك,كتلة تنعيم (سنفرة) يدوية بغطاء فيلكرو من دريبر.,90.0,EA,25.0,2250.0,DRAPER,UNKNOWN(=BRAND PLACEHOLDER),45,منخفض,تقدير حسب فئة المنتج,"https://www.amazon.sa/-/en/DIY-Tools-Draper/s?rh=n:12463390031,p_89:Draper",لم يتم إيجاد قائمة مباشرة لهذا الطراز بالتحديد، والسعر المقترح يعكس متوسط سعر كتل التنعيم اليدوية من دريبر المتوفرة في الأسواق الخليجية.,True,False
34,970,30959,RIVETER ماشرب ةدارز,مسدس برشام يدوي من دريبر.,43.0,EA,49.0,2107.0,DRAPER,UNKNOWN(=BRAND PLACEHOLDER),100,منخفض,تقدير حسب فئة المنتج,"https://www.amazon.sa/-/en/DIY-Tools-Draper/s?rh=n:12463390031,p_89:Draper",مسدسات البرشام اليدوية من دريبر تباع عادة في هذا النطاق السعري.,True,False
34,971,68872,PIPE/SINK CLEANER ترساوم فيظنت ةتسوس,سوستة يدوية لتسليك المواسير والأحواض.,14.0,EA,75.0,1050.0,DRAPER,UNKNOWN(=BRAND PLACEHOLDER),90,متوسط,تقدير عام لأدوات تسليك المواسير والأحواض,"https://www.amazon.sa/-/en/DIY-Tools-Draper/s?rh=n:12463390031,p_89:Draper",سوستة تسليك المواسير والأحواض أداة سباكة متوسطة السعر.,True,False
34,972,68574,"HALOGEN LAMP,12VDC كىيناكيم ةبمل",لمبة إضاءة هالوجين محمولة بجهد 12 فولت تستخدم في فحص المركبات.,20.0,EA,30.0,600.0,DRAPER,UNKNOWN(=BRAND PLACEHOLDER),70,متوسط,estimated from category benchmark (inspection lamps),https://www.drapertools.com/,لمبة إضاءة هالوجين بجهد 12 فولت من دريبر ضمن نطاق أسعار لمبات الفحص الميكانيكية.,True,False
34,973,49294,GRINDING POINT SET خلج راجحا مقط,طقم رؤوس جلخ (حجر تجليخ) صغيرة من دريبر.,53.0,EA,15.0,795.0,DRAPER,UNKNOWN(=BRAND PLACEHOLDER),55,منخفض,تقدير حسب فئة المنتج,"https://www.amazon.sa/-/en/DIY-Tools-Draper/s?rh=n:12463390031,p_89:Draper",أطقم رؤوس الجلخ الصغيرة من دريبر منتج اقتصادي، والسعر يمثل عائلة من 3 مقاسات.,True,False
34,974,43574,"8MM,MASONARY رادج ةشير",ريشة حفر خاصة بالمباني (الطوب والخرسانة) بقياس 10 مليمتر.,14.0,EA,8.0,112.0,DRAPER,UNKNOWN(=BRAND PLACEHOLDER),15,متوسط,estimated from category benchmark (masonry drill bits),https://www.drapertools.com/,ريشة حفر مباني بقياس 10مم من دريبر، وهي من ريش الحفر الاقتصادية صغيرة المقاس.,True,False
34,975,43580,"13MM,MASONARY BIT,13MM رادج ةشير",ريشة حفر الحوائط (المسامير الخرسانية) مقاس 13 مم.,11.0,EA,18.0,198.0,DRAPER,UNKNOWN(=BRAND PLACEHOLDER),12,متوسط,PS Trading Company - Drill Bits (Saudi Arabia),https://www.pstradingksa.com/collections/drill-bits,ريشة حفر جدران (مسمارية) مقاس 13مم منخفضة الثمن ضمن الريش القياسية.,True,False
34,976,79527,BINOCULAR ايؤز راظنم,منظار زاوي مزدوج العدسات للرؤية عن بعد.,2.0,EA,170.0,340.0,DRAPER,UNKNOWN(=BRAND PLACEHOLDER),180,منخفض,استدلال من فئة المناظير الزاوية,https://www.drapertools.com/,منظار زاوي من دريبر يقدر بنفس نطاق أسعار المناظير القياسية المماثلة.,True,False
34,977,19154,ر EAR MUFF ناذا قاو,واقي أذن للحماية من الضوضاء العالية في بيئات العمل.,12.0,EA,35.0,420.0,DRAPER,UNKNOWN(=BRAND PLACEHOLDER),55,متوسط,معيار فئة معدات الوقاية الشخصية,https://www.drapertools.com/,واقي أذن (ear muff) صناعي يقدر بناءً على أسعار معدات السلامة المماثلة.,True,False
34,978,54868,"HELMET,YELLOW ءارفص ةذوخ",خوذة سلامة صفراء من دريبر.,71.0,EA,25.0,1775.0,DRAPER,UNKNOWN(=BRAND PLACEHOLDER),40,منخفض,تقدير حسب فئة المنتج,"https://www.amazon.sa/-/en/DIY-Tools-Draper/s?rh=n:12463390031,p_89:Draper",خوذات السلامة الأساسية من دريبر منتج اقتصادي شائع.,True,False
34,979,63308,"HELMET,BLUE ءاقرز ةذوخ",خوذة سلامة (كاسك) زرقاء تستخدم للحماية في مواقع العمل.,24.0,EA,25.0,600.0,DRAPER,UNKNOWN(=BRAND PLACEHOLDER),55,متوسط,estimated from category benchmark (safety helmets),https://www.amazon.sa/,خوذة سلامة زرقاء من دريبر مشابهة للصنف 240 وبنفس الفئة السعرية.,True,False
34,980,63307,HEMETMWHITE ءاضيب ةذوخ,خوذة سلامة (كاسك) بيضاء اللون للحماية المهنية من دريبر.,8.0,EA,25.0,200.0,DRAPER,UNKNOWN(=BRAND PLACEHOLDER),35,منخفض,Amazon.sa - Safety Helmets category,https://www.amazon.sa/-/en/Safety-Helmets/b?ie=UTF8&node=16621112031,خوذة سلامة بيضاء اقتصادية من دريبر، صنف مكرر مشابه للعنصر رقم 590.,True,False
34,981,21858,SPOON ةعرزم ةقعلم,ملعقة معدنية صغيرة للاستخدام الورشي.,14.0,EA,16.0,224.0,DRAPER,UNKNOWN(=BRAND PLACEHOLDER),10,منخفض,estimated from category benchmark,https://www.amazon.sa/-/en/b?ie=UTF8&node=16620587031,ملعقة (سبون) صغيرة أداة بسيطة منخفضة الثمن.,True,False
34,982,19704,"SPOON,ST.ST ةعرزم ةقعلم",ملعقة من الستانلس ستيل.,4.0,EA,25.0,100.0,DRAPER,UNKNOWN(=BRAND PLACEHOLDER),15,منخفض,estimated from category benchmark,https://www.amazon.sa/-/en/b?ie=UTF8&node=16620567031,ملعقة من الستانلس ستيل، سلعة استهلاكية بسيطة منخفضة السعر.,True,False
34,983,21857,FORK ةعرزم ةكوش,شوكة يدوية لأعمال الزراعة والحدائق.,28.0,EA,15.0,420.0,DRAPER,UNKNOWN(=BRAND PLACEHOLDER),90,منخفض,استدلال من فئة أدوات الحدائق,https://www.drapertools.com/,شوكة زراعية يدوية تقدر وفق أسعار أدوات الحدائق العامة.,True,False
34,984,19712,"FORK,ST.ST سلناتس ةغرزم ةكوس",شوكة من الستانلس ستيل.,7.0,EA,25.0,175.0,DRAPER,UNKNOWN(=BRAND PLACEHOLDER),15,منخفض,estimated from category benchmark,https://www.amazon.sa/-/en/b?ie=UTF8&node=16620567031,شوكة مطبخ من الستانلس ستيل، سلعة استهلاكية بسيطة منخفضة السعر.,True,False
34,985,49294,GRINDING POINT SET خلج راجحا مقط,طقم رؤوس جلخ (حجر تجليخ) صغيرة من دريبر.,82.0,SET,15.0,1230.0,DRAPER,UNKNOWN(=BRAND PLACEHOLDER),55,منخفض,تقدير حسب فئة المنتج,"https://www.amazon.sa/-/en/DIY-Tools-Draper/s?rh=n:12463390031,p_89:Draper",أطقم رؤوس الجلخ الصغيرة من دريبر منتج اقتصادي، والسعر يمثل عائلة من 3 مقاسات.,True,False
34,986,49301,GRINDING POINT SET خلج راجحا مقط,طقم رؤوس جلخ (حجر تجليخ) صغيرة من دريبر.,6.0,SET,15.0,90.0,DRAPER,UNKNOWN(=BRAND PLACEHOLDER),55,منخفض,تقدير حسب فئة المنتج,"https://www.amazon.sa/-/en/DIY-Tools-Draper/s?rh=n:12463390031,p_89:Draper",أطقم رؤوس الجلخ الصغيرة من دريبر منتج اقتصادي، والسعر يمثل عائلة من 3 مقاسات.,True,False
34,987,50621,TILE CUTTER طلاب ةعاطق,قاطعة بلاط يدوية (سكور وسناب) بعرض قطع 160مم للبلاط الصغير.,12.0,EA,12.0,144.0,DRAPER,UNKNOWN(=BRAND PLACEHOLDER),110,متوسط,estimated from category benchmark (Draper tile cutters),https://www.drapertools.com/,قاطعة بلاط يدوية بمقاس 160مم من دريبر ضمن نطاق أسعار قواطع البلاط الصغيرة.,True,True
34,988,34704,"ر SQUARE,COMB ةكتشم ةيواز",زاوية قياس مشتركة (كومب سكوير) متعددة الاستخدامات.,50.0,EA,125.0,6250.0,DRAPER,UNKNOWN(=BRAND PLACEHOLDER),100,منخفض,تقدير فئوي لزوايا القياس المشتركة (كومب سكوير),https://www.drapertools.com/,زاوية قياس مشتركة (كومب سكوير) من دريبر، وهي أداة أكثر تعددًا للوظائف من الزاوية البسيطة في بند 348 لذا سعرها أعلى قليلاً.,True,False
34,989,36431,رر WATER.PUMP.PLIER ةقلتم ةدارز,زردية مواسير قابلة للتمدد (ووتر بمب) من ماركة DRAPER.,1.0,EA,30.0,30.0,DRAPER,UNKNOWN(=BRAND PLACEHOLDER),50,منخفض,Amazon.sa (Draper tools category),https://www.amazon.sa/-/en/b?ie=UTF8&node=16620999031,سعر تقديري لزردية مواسير قابلة للتمدد بناءً على أسعار الزراديق المماثلة.,True,False
34,990,80017,"10MM,MASONARY رادج ةشير",ريشة حفر خاصة بالمباني (الطوب والخرسانة) بقياس 10 مليمتر.,32.0,EA,16.0,512.0,DRAPER,UNKNOWN(=BRAND PLACEHOLDER),15,متوسط,estimated from category benchmark (masonry drill bits),https://www.drapertools.com/,ريشة حفر مباني بقياس 10مم من دريبر، وهي من ريش الحفر الاقتصادية صغيرة المقاس.,True,False
34,991,88636,PRY BAR SETتاراويل مقط,طقم عتلات (روافع) متعددة الأحجام.,1.0,SET,160.0,160.0,DRAPER,UNKNOWN(=BRAND PLACEHOLDER),80,منخفض,estimated from category benchmark,https://www.amazon.sa/-/en/b?ie=UTF8&node=16620567031,طقم عتلات (روافع) متعددة الأحجام، سعر تقديري لأطقم العتلات اليدوية.,True,False
34,992,13501,ر FILTER سفنت تلف,فلتر تنفس (استبدال) لوحدة معالجة هواء ضاغط.,28.0,EA,55.0,1540.0,DRAPER,UNKNOWN(=BRAND PLACEHOLDER),35,منخفض,تقدير حسب فئة فلاتر التنفس درابر,https://www.drapertools.com,عنصر استهلاكي رخيص نسبياً ضمن أنظمة فلاتر الهواء المضغوط لدى درابر.,True,False
34,993,40418,SPONGE ناهد ةجنفس,إسفنجة دهان من ماركة DRAPER.,5.0,EA,8.0,40.0,DRAPER,UNKNOWN(=BRAND PLACEHOLDER),12,منخفض,Amazon.sa (Draper tools category),https://www.amazon.sa/-/en/b?ie=UTF8&node=16620999031,سعر تقديري لإسفنجة دهان بناءً على معيار أسعار مستلزمات الدهان الرخيصة.,True,False
34,994,22171,DRAIN CLEARANCE 4.7M,سلك تسليك مجاري (Drain Clearance / Auger) طوله 4.7 متر من دريبر.,13.0,EA,60.0,780.0,DRAPER,UNKNOWN(=BRAND PLACEHOLDER),130,منخفض,estimated from category benchmark,https://mdttools.com/shop/,سعر تقديري لسلك تسليك مجاري (أفعى) طول 4.7م من دريبر بناءً على أسعار أدوات تسليك المجاري المماثلة.,True,False
34,995,44238,MEASURING WHEEL تافاسم سايق ةلجع,عجلة قياس المسافات الطويلة تستخدم للمساحة والقياسات الميدانية.,8.0,EA,350.0,2800.0,DRAPER,UNKNOWN(=BRAND PLACEHOLDER),250,منخفض,Draper Tools (مرجع عام للماركة),https://www.drapertools.com/,عجلة قياس المسافات هي أداة قياس ميكانيكية متخصصة، والسعر يعكس متوسط أدوات القياس المماثلة من نفس الماركة.,True,False
34,996,46796,"SPRAY PUMP,GARDENقئاتدح شر راهج",مضخة رش يدوية للحدائق من دريبر.,11.0,EA,388.0,4268.0,DRAPER,UNKNOWN(=BRAND PLACEHOLDER),120,متوسط,Draper Tools - garden sprayers category,https://www.drapertools.com/,مضخات الرش اليدوية المماثلة من دريبر تُباع عادة بين 20-35 جنيهاً إسترلينياً.,True,False
34,997,19MM,"3/4DR.6PT,SHORT-IMPACT SKT19MM6PT,ةبح ءادوس",مقبس هوائي قصير مقاس 3/4 بوصة 19مم من ماركة DRAPER.,1.0,EA,30.0,30.0,DRAPER,UNKNOWN(=BRAND PLACEHOLDER),55,منخفض,Amazon.sa (Draper tools category),https://www.amazon.sa/-/en/b?ie=UTF8&node=16620587031,سعر تقديري لمقبس صدم قصير 3/4 بوصة بناءً على أسعار مقابس درابر المماثلة.,True,False
34,998,"15/16""","1/2dr.IMPACTM12PT,SHORT15/16""6PT,ةبح ءادوس",مقبس هوائي قصير مقاس 1/2 بوصة 15/16 بوصة من ماركة DRAPER.,1.0,EA,25.0,25.0,DRAPER,UNKNOWN(=BRAND PLACEHOLDER),50,منخفض,Amazon.sa (Draper tools category),https://www.amazon.sa/-/en/b?ie=UTF8&node=16620587031,سعر تقديري لمقبس صدم قصير 1/2 بوصة بناءً على أسعار مقابس درابر المماثلة.,True,False
34,999,28470,"1/2DR,SHORT,IMPACT,6PT,6PT,ءادوس ةبح",مقبس هوائي قصير مقاس 1/2 بوصة 6 سن من ماركة DRAPER.,3.0,EA,25.0,75.0,DRAPER,UNKNOWN(=BRAND PLACEHOLDER),30,منخفض,Amazon.sa (Draper tools category),https://www.amazon.sa/-/en/b?ie=UTF8&node=16620587031,سعر تقديري لمقبس هوائي قصير بناءً على أسعار مقابس درابر المماثلة.,True,False
34,1000,28611,"1/2DR,SHORT,IMPACT,6PT,ءادوس ةبح",مقبس هوائي قصير مقاس 1/2 بوصة من ماركة DRAPER.,1.0,EA,25.0,25.0,DRAPER,UNKNOWN(=BRAND PLACEHOLDER),35,منخفض,Amazon.sa (Draper tools category),https://www.amazon.sa/-/en/b?ie=UTF8&node=16620587031,سعر تقديري لمقبس صدم قصير بناءً على أسعار مقابس درابر المماثلة.,True,False
35,1001,73042,"BALL,HEX KEY ةروك كى نلا",مفتاح ألن سداسي الشكل برأس كروي مفرد المقاس.,9.0,SET,70.0,630.0,DRAPER,UNKNOWN(=BRAND PLACEHOLDER),15,متوسط,estimated from category benchmark (hex keys),https://www.drapertools.com/,مفتاح ألن (سداسي) مفرد برأس كروي من دريبر، وهو من أرخص الأدوات اليدوية سعراً.,True,False
35,1002,13778,"cordless soldering gun,iron ةيواك",مكواة (سدسم) لحام قصدير لاسلكية تعمل بالبطارية.,2.0,EA,110.0,220.0,DRAPER,UNKNOWN(=BRAND PLACEHOLDER),50,منخفض,estimated from category benchmark,https://www.amazon.sa/-/en/b?ie=UTF8&node=16620587031,مكواة لحام لاسلكية تعمل بالبطارية سعرها متوسط ضمن فئة أدوات اللحام الصغيرة.,True,False
35,1003,2578,"3/4DR,17PC/SET 3/4 بوبح مقط",طقم دقشات (سوكيت) مقاس 3/4 بوصة مكون من 17 قطعة من دريبر.,1.0,SET,1700.0,1700.0,DRAPER,UNKNOWN(=BRAND PLACEHOLDER),1400,منخفض,تقدير حسب فئة المنتج,"https://www.amazon.sa/-/en/DIY-Tools-Draper/s?rh=n:12463390031,p_89:Draper",أطقم الدقشات الكبيرة مقاس 3/4 بوصة المكونة من 17 قطعة معدات ورشة ثقيلة أعلى سعرًا بكثير من الأطقم الصغيرة.,True,False
35,1004,66203,PAINT ROLLER ناهد ةلوز,رول (بكرة) دهان بديل للاستخدام مع أدوات الطلاء.,56.0,EA,22.0,1232.0,DRAPER,UNKNOWN(=BRAND PLACEHOLDER),15,متوسط,تقدير عام لأدوات الدهان الاستهلاكية,"https://www.amazon.sa/-/en/DIY-Tools-Draper/s?rh=n:12463390031,p_89:Draper",رول الدهان قطعة استهلاكية رخيصة تُستبدل بشكل متكرر.,True,False
35,1005,40754,TOOL BAG ةبيقح,حقيبة قماشية لحمل الأدوات.,2.0,EA,235.0,470.0,DRAPER,UNKNOWN(=BRAND PLACEHOLDER),90,متوسط,تقدير عام لحقائب الأدوات القماشية,https://www.drapertools.com/,حقيبة أدوات قماشية متوسطة الحجم من درابر ضمن الفئة السعرية المتوسطة.,True,False
35,1006,24867,THREAD REPAIR نس للاصا ةادا,أداة إصلاح اللولبة (السن) التالفة.,3.0,EA,55.0,165.0,DRAPER,UNKNOWN(=BRAND PLACEHOLDER),60,منخفض,Amazon.sa - Thread Repair Kit,https://www.amazon.sa/-/en/Helicoil-5621-Thread-Repair-Kit/dp/B005EB7SSM,أداة إصلاح لولبة (تسنين) واحدة، أرخص من طقم الإصلاح الكامل.,True,False
35,1007,57659,ر V.TESTER-INSUL لوزعم تلوف تست,جهاز اختبار جهد كهربائي معزول (تستر فولت).,3.0,EA,45.0,135.0,DRAPER,UNKNOWN(=BRAND PLACEHOLDER),55,منخفض,Anaum Trading - Voltage Detectors,https://anaum.sa.com/collections/voltage-detector,جهاز اختبار فولطية معزول، سعر مقارب لأجهزة اختبار الجهد الكهربائي البسيطة.,True,False
35,1008,22333,PLASTIC FLOAT كتسلاب ةحاسم,مسطرين (ممسحة) بلاستيكي للتشطيبات والمحارة.,10.0,EA,22.0,220.0,DRAPER,UNKNOWN(=BRAND PLACEHOLDER),20,منخفض,estimated from category benchmark,https://www.amazon.sa/-/en/b?ie=UTF8&node=16620587031,مسطرين بلاستيكي للتشطيب منخفض الثمن ضمن أدوات البناء اليدوية.,True,False
35,1009,19628,FIBER FLOAT تريف ةحاسم,مسطرة (مسّاحة) من الألياف تستخدم في أعمال التلييس.,16.0,EA,22.0,352.0,DRAPER,UNKNOWN(=BRAND PLACEHOLDER),50,منخفض,استدلال من فئة مساحات التلييس,https://www.drapertools.com/,مسطرة تلييس من الألياف تقدر وفق أسعار أدوات التشطيب الرخيصة.,True,False
35,1010,66201,ر INSUL.TESTER لوزغم تست,جهاز اختبار كهربائي متعدد الوظائف للتحقق من الأسلاك والمصابيح والمقابس.,62.0,EA,25.0,1550.0,DRAPER,UNKNOWN(=BRAND PLACEHOLDER),35,متوسط,Garden Mall / DIY Tools listing,https://www.gardenmall.co.uk,وُجد سعر فعلي منخفض نسبياً (5.29 جنيه إسترليني) لنفس كود درابر 66201 كجهاز اختبار متعدد الوظائف بسيط.,True,False
35,1011,4096A,FLEX.HEEAD HANDLE 3/8,مقبض مفصلي (فلكس هيد) مقاس 3/8 بوصة من دريبر.,4.0,EA,180.0,720.0,DRAPER,UNKNOWN(=BRAND PLACEHOLDER),75,منخفض,تقدير حسب فئة المنتج,"https://www.amazon.sa/-/en/DIY-Tools-Draper/s?rh=n:12463390031,p_89:Draper",المقابض المفصلية (فلكس هيد) من دريبر منتج متوسط السعر ضمن عائلة من مقاسين.,True,False
35,1012,14160,FLEX.HEEAD HANDLE 3/8,مقبض مفصلي (فلكس هيد) مقاس 3/8 بوصة من دريبر.,6.0,EA,180.0,1080.0,DRAPER,UNKNOWN(=BRAND PLACEHOLDER),75,منخفض,تقدير حسب فئة المنتج,"https://www.amazon.sa/-/en/DIY-Tools-Draper/s?rh=n:12463390031,p_89:Draper",المقابض المفصلية (فلكس هيد) من دريبر منتج متوسط السعر ضمن عائلة من مقاسين.,True,False
35,1013,67751,EXT.3/8X150MM ةليصوت,ذراع تطويل (إكستنشن) مقاس 3/8 بوصة بطول 150 مم من دريبر.,45.0,EA,55.0,2475.0,DRAPER,UNKNOWN(=BRAND PLACEHOLDER),30,متوسط,Draper Tools - 3/8 extension bars category,https://www.drapertools.com/hand-tools/socketry/3-8-socketry/,أذرع التطويل الأساسية بهذا المقاس من دريبر تُباع عادة بأقل من 8 جنيهات إسترلينية.,True,False
35,1014,67769,EXT.3/8X75MM ةليصوت,ذراع تطويل (إكستنشن) مقاس 3/8 بوصة بطول 150 مم من دريبر.,37.0,EA,55.0,2035.0,DRAPER,UNKNOWN(=BRAND PLACEHOLDER),30,متوسط,Draper Tools - 3/8 extension bars category,https://www.drapertools.com/hand-tools/socketry/3-8-socketry/,أذرع التطويل الأساسية بهذا المقاس من دريبر تُباع عادة بأقل من 8 جنيهات إسترلينية.,True,False
35,1015,13924,EXT 1/2X125MM ةليصوت,قطعة توصيل (إكستنشن) مقاس 1/2 بوصة طول 125 مم من دريبر.,18.0,EA,65.0,1170.0,DRAPER,UNKNOWN(=BRAND PLACEHOLDER),42,منخفض,تقدير حسب فئة المنتج,"https://www.amazon.sa/-/en/DIY-Tools-Draper/s?rh=n:12463390031,p_89:Draper",قطع التوصيل (إكستنشن) لمفاتيح الربط منخفضة التكلفة نسبيًا في هذا المقاس.,True,False
35,1016,13924,EXT 1/2X125MM ةليصوت,قطعة توصيل (إكستنشن) مقاس 1/2 بوصة طول 125 مم من دريبر.,14.0,EA,65.0,910.0,DRAPER,UNKNOWN(=BRAND PLACEHOLDER),42,منخفض,تقدير حسب فئة المنتج,"https://www.amazon.sa/-/en/DIY-Tools-Draper/s?rh=n:12463390031,p_89:Draper",قطع التوصيل (إكستنشن) لمفاتيح الربط منخفضة التكلفة نسبيًا في هذا المقاس.,True,False
35,1017,9927,WHOBLE BAR.1/2DR ةليصوت,ذراع تمديد مفصلي (وابل بار) بعيار محرك 1/2 إنش.,38.0,EA,55.0,2090.0,DRAPER,UNKNOWN(=BRAND PLACEHOLDER),45,منخفض,تقدير فئوي لأذرع التمديد المفصلية من دريبر,https://www.drapertools.com/,ذراع تمديد مفصلي (وابل بار) بعيار 1/2 إنش من دريبر، وهو ملحق بوكسات بسيط معتدل السعر.,True,False
35,1018,16790,SLIDING T-HANDLE250MM ةقلونم ةليصوت,توصيلة رنج بمقبض منزلق على شكل T مقاس 250مم.,3.0,EA,145.0,435.0,DRAPER,UNKNOWN(=BRAND PLACEHOLDER),55,متوسط,تقدير عام لتوصيلات المقبض المنزلق T,https://www.drapertools.com/,توصيلة بمقبض منزلق على شكل T مقاس 250مم من ملحقات المقابس المتوسطة السعر.,True,False
35,1019,67743,"EXT.3/8DR,200MM ةليصوت",توصيلة تمديد 3/8 بوصة طول 200مم.,5.0,EA,110.0,550.0,DRAPER,UNKNOWN(=BRAND PLACEHOLDER),25,مرتفع,تقدير عام لتوصيلات الرنج 3/8 درابر,"https://www.amazon.sa/-/en/DIY-Tools-Draper/s?rh=n:12463390031,p_89:Draper",توصيلة تمديد قياسية 3/8 بوصة طول 200مم من ملحقات المقابس الرخيصة الشائعة.,True,False
35,1020,9926,WHOBLE BAR.1/2DR ةليصوت,ذراع تمديد مفصلي (وابل بار) بعيار محرك 1/2 إنش.,39.0,EA,95.0,3705.0,DRAPER,UNKNOWN(=BRAND PLACEHOLDER),45,منخفض,تقدير فئوي لأذرع التمديد المفصلية من دريبر,https://www.drapertools.com/,ذراع تمديد مفصلي (وابل بار) بعيار 1/2 إنش من دريبر، وهو ملحق بوكسات بسيط معتدل السعر.,True,False
35,1021,71544,"450MM,ADJ. ةنابس",مفتاح إنجليزي (ضبط) قابل للتعديل بطول 450 مم من دريبر.,18.0,EA,275.0,4950.0,DRAPER,UNKNOWN(=BRAND PLACEHOLDER),192,متوسط,Draper Tools - adjustable wrenches category,https://www.drapertools.com/hand-tools/wrenches-spanners/adjustable-wrenches/,المفاتيح الإنجليزية الكبيرة المماثلة من دريبر بنفس الطول تُباع عادة بين 35-45 جنيهاً إسترلينياً.,True,False
35,1022,71552,"375MM,ADJ.ةنابس",مفتاح إنجليزي قابل للتعديل بطول 375 مم من دريبر.,14.0,EA,250.0,3500.0,DRAPER,UNKNOWN(=BRAND PLACEHOLDER),145,متوسط,Draper Tools - adjustable wrenches category,https://www.drapertools.com/hand-tools/wrenches-spanners/adjustable-wrenches/,المفاتيح الإنجليزية متوسطة الحجم (375مم) من دريبر تُباع عادة بين 25-35 جنيهاً إسترلينياً.,True,False
35,1023,52680,"200MM,ADJ-BLACK دوسا ةنابس",مفتاح فرنساوي (قابل للتعديل) بطول 200 مم بلون أسود.,40.0,EA,80.0,3200.0,DRAPER,UNKNOWN(=BRAND PLACEHOLDER),60,متوسط,فئة المفاتيح الفرنساوية 200 مم من دريبر,https://www.drapertools.com/,مفتاح فرنساوي (قابل للتعديل) بطول 200 مم بطلاء أسود، وهذا الحجم من المفاتيح القابلة للتعديل من دريبر يقع عادة في نطاق سعري معتدل.,True,False
35,1024,52681,"250MM,ADJ.BLACK دوسا ةنابس",مفتاح فرنساوي (قابل للتعديل) بطول 200 مم بلون أسود.,13.0,EA,90.0,1170.0,DRAPER,UNKNOWN(=BRAND PLACEHOLDER),60,متوسط,فئة المفاتيح الفرنساوية 200 مم من دريبر,https://www.drapertools.com/,مفتاح فرنساوي (قابل للتعديل) بطول 200 مم بطلاء أسود، وهذا الحجم من المفاتيح القابلة للتعديل من دريبر يقع عادة في نطاق سعري معتدل.,True,False
35,1025,52682,"300MM,ADJ.BLACK دوسا ةنابس",مفتاح فرنساوي (قابل للتعديل) بطول 200 مم بلون أسود.,28.0,EA,110.0,3080.0,DRAPER,UNKNOWN(=BRAND PLACEHOLDER),60,متوسط,فئة المفاتيح الفرنساوية 200 مم من دريبر,https://www.drapertools.com/,مفتاح فرنساوي (قابل للتعديل) بطول 200 مم بطلاء أسود، وهذا الحجم من المفاتيح القابلة للتعديل من دريبر يقع عادة في نطاق سعري معتدل.,True,False
35,1026,52679,"150MM,ADJ,BLACK دوسا ةنابس",مفتاح إنجليزي (قابل للتعديل) مقاس 150 مم لون أسود من دريبر.,29.0,EA,65.0,1885.0,DRAPER,UNKNOWN(=BRAND PLACEHOLDER),50,منخفض,تقدير حسب فئة المنتج,"https://www.amazon.sa/-/en/DIY-Tools-Draper/s?rh=n:12463390031,p_89:Draper",المفاتيح الإنجليزية القابلة للتعديل بمقاس 150 مم من دريبر منتج اقتصادي شائع.,True,False
35,1027,88603,"250MM,ISOLATED ةسبلم ةنابس",مفتاح فرنساوي (قابل للتعديل) معزول كهربائيًا بطول 250 مم.,21.0,EA,90.0,1890.0,DRAPER,UNKNOWN(=BRAND PLACEHOLDER),110,منخفض,تقدير فئوي للمفاتيح الفرنساوية المعزولة 250 مم,https://www.drapertools.com/,مفتاح فرنساوي معزول كهربائيًا بطول 250 مم من دريبر، والعزل الكهربائي يرفع سعره قليلاً عن المفتاح العادي غير المعزول.,True,False
35,1028,88604,"250MM,ISOLATED ةسبلم ةنابس",مفتاح فرنساوي (قابل للتعديل) معزول كهربائيًا بطول 250 مم.,22.0,EA,110.0,2420.0,DRAPER,UNKNOWN(=BRAND PLACEHOLDER),110,منخفض,تقدير فئوي للمفاتيح الفرنساوية المعزولة 250 مم,https://www.drapertools.com/,مفتاح فرنساوي معزول كهربائيًا بطول 250 مم من دريبر، والعزل الكهربائي يرفع سعره قليلاً عن المفتاح العادي غير المعزول.,True,False
35,1029,30071,"300MM,CHROMEةنابس",مفتاح إنجليزي قابل للتعديل مطلي بالكروم بطول 300 مم من دريبر.,40.0,EA,100.0,4000.0,DRAPER,UNKNOWN(=BRAND PLACEHOLDER),70,متوسط,Draper Tools - adjustable wrenches category,https://www.drapertools.com/hand-tools/wrenches-spanners/adjustable-wrenches/,المفاتيح الإنجليزية الأساسية بهذا الطول (300مم) من دريبر تُباع عادة بين 10-18 جنيهاً إسترلينياً.,True,False
35,1030,88601,"150MM,ISOLATED ةسبلم ةنابس",مفتاح فرنساوي (قابل للتعديل) معزول كهربائيًا بطول 250 مم.,26.0,EA,65.0,1690.0,DRAPER,UNKNOWN(=BRAND PLACEHOLDER),110,منخفض,تقدير فئوي للمفاتيح الفرنساوية المعزولة 250 مم,https://www.drapertools.com/,مفتاح فرنساوي معزول كهربائيًا بطول 250 مم من دريبر، والعزل الكهربائي يرفع سعره قليلاً عن المفتاح العادي غير المعزول.,True,False
35,1031,30063,250MM.CHROME ةنايس,أداة يدوية مطلية بالكروم بطول 250 مم.,16.0,EA,90.0,1440.0,DRAPER,UNKNOWN(=BRAND PLACEHOLDER),35,منخفض,تقدير عام لأداة يدوية كروم 250مم,https://www.drapertools.com,وصف المنتج غير واضح تماماً، والتقدير مبني على متوسط أسعار الأدوات اليدوية الصغيرة المطلية بالكروم من نفس الطول.,True,False
35,1032,10164,"3/4DR,SKT,12PT,50MM ةبح",قطعة سوكيت مقاس 50 مم اثنا عشر ضلعاً بمحرك 3/4 بوصة.,3.0,EA,420.0,1260.0,DRAPER,UNKNOWN(=BRAND PLACEHOLDER),90,متوسط,تقدير حسب فئة قطع السوكيت الكبيرة 3/4 درايف,https://www.fyind.com/ksa/en/tool-attachments-and-accessories/impact-socket,قطع السوكيت الكبيرة مقاس 50مم بمحرك 3/4 بوصة أغلى من المقاسات الصغيرة الشائعة.,True,False
35,1033,43589,"DRILL BIT,MASONARY 20MM",ريشة حفر خاصة بالمباني (الطوب والخرسانة) بقياس 20 مليمتر.,27.0,EA,25.0,675.0,DRAPER,UNKNOWN(=BRAND PLACEHOLDER),35,متوسط,estimated from category benchmark (masonry drill bits),https://www.drapertools.com/,ريشة حفر مباني بقياس 20مم من دريبر ضمن نطاق أسعار ريش حفر الطوب والخرسانة الكبيرة.,True,False
36,1034,64591,BALL PEIN HAMMER ةروك شوكاش,شاكوش كروي الرأس (بول بين) من ماركة DRAPER.,1.0,EA,50.0,50.0,DRAPER,UNKNOWN(=BRAND PLACEHOLDER),55,منخفض,Amazon.sa (Draper tools category),https://www.amazon.sa/-/en/b?ie=UTF8&node=16620999031,سعر تقديري لشاكوش كروي الرأس بناءً على أسعار مطارق درابر المماثلة.,True,False
36,1035,64592,SEAL PULLER فوص ةعازن,أداة خطافية لسحب حلقات وأختام الزيت (السيل) من المحركات.,15.0,EA,55.0,825.0,DRAPER,UNKNOWN(=BRAND PLACEHOLDER),100,منخفض,Draper Tools (مرجع عام للماركة),https://www.drapertools.com/,أداة سحب حلقات الزيت (Seal Puller) بسيطة التصميم، والسعر يعكس متوسط أدوات دريبر اليدوية الصغيرة المشابهة.,True,False
36,1036,64592,SEAL PULLER فوص ةعازن,أداة خطافية لسحب حلقات وأختام الزيت (السيل) من المحركات.,23.0,EA,55.0,1265.0,DRAPER,UNKNOWN(=BRAND PLACEHOLDER),100,منخفض,Draper Tools (مرجع عام للماركة),https://www.drapertools.com/,أداة سحب حلقات الزيت (Seal Puller) بسيطة التصميم، والسعر يعكس متوسط أدوات دريبر اليدوية الصغيرة المشابهة.,True,False
36,1037,64589,SEAL PULLER فوص ةعازن,أداة خطافية لسحب حلقات وأختام الزيت (السيل) من المحركات.,1.0,EA,45.0,45.0,DRAPER,UNKNOWN(=BRAND PLACEHOLDER),100,منخفض,Draper Tools (مرجع عام للماركة),https://www.drapertools.com/,أداة سحب حلقات الزيت (Seal Puller) بسيطة التصميم، والسعر يعكس متوسط أدوات دريبر اليدوية الصغيرة المشابهة.,True,False
36,1038,37439,SEAL PULLER فوص ةعازن,أداة خطافية لسحب حلقات وأختام الزيت (السيل) من المحركات.,23.0,EA,45.0,1035.0,DRAPER,UNKNOWN(=BRAND PLACEHOLDER),100,منخفض,Draper Tools (مرجع عام للماركة),https://www.drapertools.com/,أداة سحب حلقات الزيت (Seal Puller) بسيطة التصميم، والسعر يعكس متوسط أدوات دريبر اليدوية الصغيرة المشابهة.,True,False
36,1039,54503,STETHOSCOPE كىيناكيم ةعامس,سماعة ميكانيكي لتشخيص أعطال المحرك من دريبر.,47.0,EA,55.0,2585.0,DRAPER,UNKNOWN(=BRAND PLACEHOLDER),50,متوسط,Draper Tools - mechanic's tools category,https://www.drapertools.com/,سماعات الميكانيكي الأساسية من دريبر تُباع عادة بأقل من 15 جنيهاً إسترلينياً.,True,False
36,1040,33438,RATCHET 1/2DR كيتاموتا دي,مفتاح ترس (راتشيت) يدوي مقاس 3/8 بوصة من دريبر.,28.0,EA,45.0,1260.0,DRAPER,UNKNOWN(=BRAND PLACEHOLDER),96,متوسط,Draper Tools - 3/8 ratchets category,https://www.drapertools.com/hand-tools/socketry/3-8-socketry/3-8-ratchets/,مفاتيح الراتشيت الأساسية 3/8 بوصة من دريبر تُباع عادة بين 15-25 جنيهاً إسترلينياً.,True,False
36,1041,34606,"RATCHET 3/8""DR كيتاموتا دي",مفتاح ترس (راتشيت) يدوي مقاس 3/8 بوصة من دريبر.,73.0,EA,35.0,2555.0,DRAPER,UNKNOWN(=BRAND PLACEHOLDER),96,متوسط,Draper Tools - 3/8 ratchets category,https://www.drapertools.com/hand-tools/socketry/3-8-socketry/3-8-ratchets/,مفاتيح الراتشيت الأساسية 3/8 بوصة من دريبر تُباع عادة بين 15-25 جنيهاً إسترلينياً.,True,False
36,1042,34357,RATCHET 1/4DR كيتاموتا دي,مفتاح ترس (راتشيت) يدوي مقاس 3/8 بوصة من دريبر.,32.0,EA,30.0,960.0,DRAPER,UNKNOWN(=BRAND PLACEHOLDER),96,متوسط,Draper Tools - 3/8 ratchets category,https://www.drapertools.com/hand-tools/socketry/3-8-socketry/3-8-ratchets/,مفاتيح الراتشيت الأساسية 3/8 بوصة من دريبر تُباع عادة بين 15-25 جنيهاً إسترلينياً.,True,False
36,1043,9215,VISE CURVED ةبلاك,ملزمة (زردية تثبيت) منحنية الشكل لتثبيت القطع أثناء العمل.,55.0,EA,25.0,1375.0,DRAPER,UNKNOWN(=BRAND PLACEHOLDER),150,منخفض,تقدير حسب فئة ملازم الطاولة المنحنية,https://www.drapertools.com,ملزمة منحنية (ربما لتثبيت المواسير) بحجم متوسط، والتقدير مبني على أسعار ملازم درابر المشابهة.,True,False
36,1044,35371,VISE ةبلاك,منجلة (كلابة) ورشة تُثبت على منضدة العمل من دريبر.,1.0,EA,30.0,30.0,DRAPER,UNKNOWN(=BRAND PLACEHOLDER),280,منخفض,تقدير حسب فئة المنتج,"https://www.amazon.sa/-/en/DIY-Tools-Draper/s?rh=n:12463390031,p_89:Draper",يمثل هذا السعر منجلة متوسطة الحجم من دريبر كنموذج تمثيلي لعائلة تضم 5 مقاسات مختلفة، مع توقع اختلاف السعر حسب حجم الفك.,True,True
36,1045,35370,VISE ةبلاك,منجلة (كلابة) ورشة تُثبت على منضدة العمل من دريبر.,37.0,EA,25.0,925.0,DRAPER,UNKNOWN(=BRAND PLACEHOLDER),280,منخفض,تقدير حسب فئة المنتج,"https://www.amazon.sa/-/en/DIY-Tools-Draper/s?rh=n:12463390031,p_89:Draper",يمثل هذا السعر منجلة متوسطة الحجم من دريبر كنموذج تمثيلي لعائلة تضم 5 مقاسات مختلفة، مع توقع اختلاف السعر حسب حجم الفك.,True,True
36,1046,35372,VISE ةبلاك,منجلة (كلابة) ورشة تُثبت على منضدة العمل من دريبر.,15.0,EA,30.0,450.0,DRAPER,UNKNOWN(=BRAND PLACEHOLDER),280,منخفض,تقدير حسب فئة المنتج,"https://www.amazon.sa/-/en/DIY-Tools-Draper/s?rh=n:12463390031,p_89:Draper",يمثل هذا السعر منجلة متوسطة الحجم من دريبر كنموذج تمثيلي لعائلة تضم 5 مقاسات مختلفة، مع توقع اختلاف السعر حسب حجم الفك.,True,True
36,1047,9215,VISE ةبلاك,منجلة (كلابة) ورشة تُثبت على منضدة العمل من دريبر.,26.0,EA,25.0,650.0,DRAPER,UNKNOWN(=BRAND PLACEHOLDER),280,منخفض,تقدير حسب فئة المنتج,"https://www.amazon.sa/-/en/DIY-Tools-Draper/s?rh=n:12463390031,p_89:Draper",يمثل هذا السعر منجلة متوسطة الحجم من دريبر كنموذج تمثيلي لعائلة تضم 5 مقاسات مختلفة، مع توقع اختلاف السعر حسب حجم الفك.,True,True
36,1048,9216,VISE ةبلاك,منجلة (كلابة) ورشة تُثبت على منضدة العمل من دريبر.,7.0,EA,26.0,182.0,DRAPER,UNKNOWN(=BRAND PLACEHOLDER),280,منخفض,تقدير حسب فئة المنتج,"https://www.amazon.sa/-/en/DIY-Tools-Draper/s?rh=n:12463390031,p_89:Draper",يمثل هذا السعر منجلة متوسطة الحجم من دريبر كنموذج تمثيلي لعائلة تضم 5 مقاسات مختلفة، مع توقع اختلاف السعر حسب حجم الفك.,True,True
36,1049,69618,WOOD CHISEL SET بشخ ليمزا مقط,طقم إزميل خشب من ماركة DRAPER.,2.0,SET,45.0,90.0,DRAPER,UNKNOWN(=BRAND PLACEHOLDER),110,منخفض,Amazon.sa (Draper tools category),https://www.amazon.sa/-/en/b?ie=UTF8&node=16620587031,سعر تقديري لطقم إزميل خشب بناءً على أسعار أطقم الأزاميل المماثلة.,True,False
36,1050,39006,paint mixwr هيوب طلاخ,ملحق خلاط دهان يركب على آلة الدريل لتحريك ومزج الدهانات.,18.0,EA,35.0,630.0,DRAPER,UNKNOWN(=BRAND PLACEHOLDER),30,متوسط,estimated from category benchmark (Draper paint mixers),https://www.drapertools.com/,خلاط دهان يركب على الدريل من دريبر ضمن نطاق أسعار ملحقات الدهان الرخيصة.,True,False
36,1051,65865,spray gun ناهد سدسم,مسدس رش دهان يدوي يعمل بالهواء المضغوط.,6.0,EA,180.0,1080.0,DRAPER,UNKNOWN(=BRAND PLACEHOLDER),130,متوسط,تقدير عام لمسدسات رش الدهان,"https://www.amazon.sa/-/en/DIY-Tools-Draper/s?rh=n:12463390031,p_89:Draper",مسدس رش الدهان اليدوي من أدوات الطلاء متوسطة السعر.,True,False
36,1052,43846,SUCTION 3 EYE جاجز لمح ةخضم,مضخة شفط (كبس) بثلاث عيون لحمل ورفع ألواح الزجاج من دريبر.,32.0,EA,38.0,1216.0,DRAPER,UNKNOWN(=BRAND PLACEHOLDER),100,منخفض,تقدير حسب فئة المنتج,"https://www.amazon.sa/-/en/DIY-Tools-Draper/s?rh=n:12463390031,p_89:Draper",مضخات شفط الزجاج بثلاث عيون من دريبر متوسطة السعر، ويمثل عائلة من مقاسين.,True,False
36,1053,71172,SUCTION 2 EYEجاجز لمح ةخضم,أداة شفط (كبسات ماصة) بكأسين لحمل ونقل ألواح الزجاج.,133.0,EA,25.0,3325.0,DRAPER,UNKNOWN(=BRAND PLACEHOLDER),140,منخفض,Draper Tools (مرجع عام للماركة),https://www.drapertools.com/,أداة رفع بالشفط ذات كأسين تستخدم لحمل الزجاج، والسعر يعكس متوسط أدوات الشفط اليدوية المماثلة من نفس الماركة.,True,False
36,1054,69187,SUCTION 1EYE جاجز لمح ةخضم,مضخة شفط (كبس) بثلاث عيون لحمل ورفع ألواح الزجاج من دريبر.,20.0,EA,25.0,500.0,DRAPER,UNKNOWN(=BRAND PLACEHOLDER),100,منخفض,تقدير حسب فئة المنتج,"https://www.amazon.sa/-/en/DIY-Tools-Draper/s?rh=n:12463390031,p_89:Draper",مضخات شفط الزجاج بثلاث عيون من دريبر متوسطة السعر، ويمثل عائلة من مقاسين.,True,False
36,1055,KIST,"ر CHISEL/PUNCH SET,DRIFT كبنسو لترش مقط",طقم أزاميل وعصي دفع (درفت) معدنية لأعمال التفكيك الميكانيكي.,24.0,EA,68.0,1632.0,DRAPER,UNKNOWN(=BRAND PLACEHOLDER),110,منخفض,تقدير حسب فئة أطقم دريفر/إزميل درابر,https://www.drapertools.com,لم يُعثر على صفحة منتج مطابقة بدقة، والتقدير مبني على أسعار أطقم مشابهة من نفس الفئة والعلامة.,True,False
36,1056,13701,lazy tongue ةتسوس ماشرب ةيدارز,كماشة برشام بآلية مقص متعدد المفاصل (لازي تونغ) لتثبيت البراشيم في أماكن بعيدة.,8.0,ea,175.0,1400.0,DRAPER,UNKNOWN(=BRAND PLACEHOLDER),170,منخفض,Draper Tools (مرجع عام للماركة),https://www.drapertools.com/,كماشة برشام كسالى (Lazy Tongs) أداة متخصصة نسبياً، والسعر يقارب متوسط أسعار كماشات دريبر متعددة الاستخدامات.,True,False
36,1057,27839,lazy tongue ةتسوس ماشرب ةيدارز,كماشة برشام بآلية مقص متعدد المفاصل (لازي تونغ) لتثبيت البراشيم في أماكن بعيدة.,11.0,ea,175.0,1925.0,DRAPER,UNKNOWN(=BRAND PLACEHOLDER),170,منخفض,Draper Tools (مرجع عام للماركة),https://www.drapertools.com/,كماشة برشام كسالى (Lazy Tongs) أداة متخصصة نسبياً، والسعر يقارب متوسط أسعار كماشات دريبر متعددة الاستخدامات.,True,False
36,1058,68145,PLASTIC CUTTER كيتسلاي صقم,أداة قص للألواح والأنابيب البلاستيكية.,28.0,EA,110.0,3080.0,DRAPER,UNKNOWN(=BRAND PLACEHOLDER),90,منخفض,Draper Tools (مرجع عام للماركة),https://www.drapertools.com/,أداة قص بلاستيكية بسيطة، والسعر يعكس متوسط أدوات القطع اليدوية الصغيرة المشابهة من نفس الماركة.,True,False
36,1059,57555,AIR STAPLER ءاوهلا لىع ماشرب ةدترز مقط,دباسة عاملة بالهواء المضغوط من دريبر.,2.0,KIT,950.0,1900.0,DRAPER,UNKNOWN(=BRAND PLACEHOLDER),200,منخفض,تقدير حسب فئة المنتج,"https://www.amazon.sa/-/en/DIY-Tools-Draper/s?rh=n:12463390031,p_89:Draper",الدبابات الهوائية (الباتيك المضغوط) أعلى سعرًا من الدبابات اليدوية العادية.,True,False
36,1060,43974,SPREADING TROWEL نيرطسم,مسطرين لفرد المعجون أو مونة البناء.,30.0,EA,35.0,1050.0,DRAPER,UNKNOWN(=BRAND PLACEHOLDER),25,متوسط,تقدير عام لأدوات فرد المعجون والمونة,"https://www.amazon.sa/-/en/DIY-Tools-Draper/s?rh=n:12463390031,p_89:Draper",مسطرين فرد المعجون أداة بسيطة رخيصة الثمن.,True,False
36,1061,36326,FILE SET درابم مقط,مجموعة مبارد يدوية عامة الاستخدام من دريبر.,36.0,SET,130.0,4680.0,DRAPER,UNKNOWN(=BRAND PLACEHOLDER),60,متوسط,Draper Tools - files category,https://www.drapertools.com/,مجموعات المبارد الأساسية من دريبر تُباع عادة بين 10-15 جنيهاً إسترلينياً.,True,False
36,1062,78999,ر ر DMM تم بلم,جهاز قياس كهربائي رقمي متعدد الوظائف (ملتيميتر).,10.0,EA,230.0,2300.0,DRAPER,UNKNOWN(=BRAND PLACEHOLDER),190,منخفض,Draper Tools (مرجع عام للماركة),https://www.drapertools.com/,جهاز ملتيميتر رقمي (DMM) أساسي من دريبر، وهذه الفئة من الأجهزة العامة غير الاحترافية متوسطة التكلفة.,True,False
36,1063,46605,ر MICROMETER 50-75MM تموركيم,ميكرومتر خارجي مقاس 50-75مم من ماركة DRAPER.,0.0,EA,0.0,0.0,DRAPER,UNKNOWN(=BRAND PLACEHOLDER),200,منخفض,Amazon.sa (Draper tools category),https://www.amazon.sa/-/en/b?ie=UTF8&node=16620999031,سعر تقديري لميكرومتر خارجي بناءً على أسعار أدوات القياس الدقيقة المماثلة.,True,False
36,1064,46606,ر MICROMETER 75-100MM تموركيم,ميكرومتر خارجي مقاس 50-75مم من ماركة DRAPER.,0.0,EA,0.0,0.0,DRAPER,UNKNOWN(=BRAND PLACEHOLDER),200,منخفض,Amazon.sa (Draper tools category),https://www.amazon.sa/-/en/b?ie=UTF8&node=16620999031,سعر تقديري لميكرومتر خارجي بناءً على أسعار أدوات القياس الدقيقة المماثلة.,True,False
36,1065,49415,TILING DRIL طلاب لرد,ريشة حفر بلاط من ماركة DRAPER.,0.0,,0.0,0.0,DRAPER,UNKNOWN(=BRAND PLACEHOLDER),25,منخفض,Amazon.sa (Draper tools category),https://www.amazon.sa/-/en/b?ie=UTF8&node=16620587031,سعر تقديري لريشة حفر بلاط بناءً على أسعار ريش حفر البلاط المماثلة.,True,False
36,1066,27328,RIVETER ماشرب ةيدترز,مسدس برشام يدوي لتثبيت البراشيم المعدنية.,27.0,EA,55.0,1485.0,DRAPER,UNKNOWN(=BRAND PLACEHOLDER),55,منخفض,تقدير حسب فئة مسدسات البرشام اليدوية,https://www.drapertools.com,أداة برشمة يدوية قياسية، والتقدير مبني على أسعار مسدسات البرشام المشابهة من نفس العلامة.,True,False
37,1067,35267,"3PC,WELDING GLAS ماحل جاجز",طقم 3 قطع من زجاج نظارات اللحام.,85.0,SET,12.0,1020.0,DRAPER,UNKNOWN(=BRAND PLACEHOLDER),25,متوسط,تقدير عام لعدسات نظارات اللحام,"https://www.amazon.sa/-/en/DIY-Tools-Draper/s?rh=n:12463390031,p_89:Draper",عدسات (زجاج) نظارات اللحام قطع غيار رخيصة الثمن.,True,False
37,1068,59075,Draper 59075 Vacuum and Fuel Pump Tester,جهاز لاختبار الفاكيوم وضغط مضخة الوقود في محركات السيارات.,25.0,EA,55.0,1375.0,DRAPER,UNKNOWN(=BRAND PLACEHOLDER),150,منخفض,وصف المنتج المطابق من درابر (59075),https://www.drapertools.com/product/59075/,اسم المنتج مطابق تماماً لكود درابر 59075، والتقدير مبني على أسعار أجهزة اختبار الفاكيوم ومضخة الوقود المماثلة من نفس العلامة.,True,False
37,1069,63308,HELMET-BLUE,خوذة سلامة زرقاء (Safety Helmet) من دريبر.,31.0,EA,25.0,775.0,DRAPER,UNKNOWN(=BRAND PLACEHOLDER),45,منخفض,estimated from category benchmark,https://mdttools.com/shop/,سعر تقديري لخوذة سلامة زرقاء من دريبر بناءً على أسعار خوذ السلامة المماثلة.,True,False
37,1070,41084,HOLE SAW 60MM-شيوخت ةشير,منشار دائري لعمل ثقوب بقطر 60 ملم في الخشب أو المعدن.,7.0,EA,57.0,399.0,DRAPER,UNKNOWN(=BRAND PLACEHOLDER),55,متوسط,معيار فئة مناشير الثقب الدائري,https://www.drapertools.com/,منشار ثقب دائري (هول سو) مقاس 60مم يقدر وفق أسعار دريبر المماثلة.,True,False
37,1071,41085,64MMشيوخت ةشير,ريشة تخشيب كبيرة (Boring Bit) مقاس 64مم من دريبر.,5.0,EA,58.0,290.0,DRAPER,UNKNOWN(=BRAND PLACEHOLDER),45,منخفض,estimated from category benchmark,"https://www.amazon.sa/-/en/DIY-Tools-Draper/s?rh=n:12463390031,p_89:Draper",سعر تقديري لريشة تخشيب/تشطيب كبيرة مقاس 64مم من دريبر بناءً على أسعار ريش الخشب الكبيرة المماثلة.,True,False
37,1072,41083,57MMشيوخت ةشير,ريشة تخشيب كبيرة (Boring Bit) مقاس 64مم من دريبر.,1.0,EA,54.0,54.0,DRAPER,UNKNOWN(=BRAND PLACEHOLDER),45,منخفض,estimated from category benchmark,"https://www.amazon.sa/-/en/DIY-Tools-Draper/s?rh=n:12463390031,p_89:Draper",سعر تقديري لريشة تخشيب/تشطيب كبيرة مقاس 64مم من دريبر بناءً على أسعار ريش الخشب الكبيرة المماثلة.,True,False
37,1073,56409,89MMشيوخت ةشسر,منشار كور مقاس 89مم من ماركة DRAPER.,1.0,EA,60.0,60.0,DRAPER,UNKNOWN(=BRAND PLACEHOLDER),60,منخفض,Amazon.sa (Draper tools category),https://www.amazon.sa/-/en/b?ie=UTF8&node=16620587031,سعر تقديري لمنشار كور بناءً على أسعار مناشير درابر المماثلة.,True,False
37,1074,41079,32MMشيوخت ةشير,ريشة تخشيب كبيرة (Boring Bit) مقاس 64مم من دريبر.,1.0,EA,27.0,27.0,DRAPER,UNKNOWN(=BRAND PLACEHOLDER),45,منخفض,estimated from category benchmark,"https://www.amazon.sa/-/en/DIY-Tools-Draper/s?rh=n:12463390031,p_89:Draper",سعر تقديري لريشة تخشيب/تشطيب كبيرة مقاس 64مم من دريبر بناءً على أسعار ريش الخشب الكبيرة المماثلة.,True,False
37,1075,41074,32MMشيوخت ةشير,ريشة تخشيب كبيرة (Boring Bit) مقاس 64مم من دريبر.,9.0,EA,21.0,189.0,DRAPER,UNKNOWN(=BRAND PLACEHOLDER),45,منخفض,estimated from category benchmark,"https://www.amazon.sa/-/en/DIY-Tools-Draper/s?rh=n:12463390031,p_89:Draper",سعر تقديري لريشة تخشيب/تشطيب كبيرة مقاس 64مم من دريبر بناءً على أسعار ريش الخشب الكبيرة المماثلة.,True,False
37,1076,41080,48MMشيوخت ةشير,ريشة تخشيب كبيرة (Boring Bit) مقاس 64مم من دريبر.,3.0,EA,29.0,87.0,DRAPER,UNKNOWN(=BRAND PLACEHOLDER),45,منخفض,estimated from category benchmark,"https://www.amazon.sa/-/en/DIY-Tools-Draper/s?rh=n:12463390031,p_89:Draper",سعر تقديري لريشة تخشيب/تشطيب كبيرة مقاس 64مم من دريبر بناءً على أسعار ريش الخشب الكبيرة المماثلة.,True,False
37,1077,41076,38MM شيوخت ةشير,شفرة أو مثقب توسيع كبير القطر (95 مم) من دريبر، يمثل أحد مقاسات عائلة كبيرة من المنتج.,3.0,EA,25.0,75.0,DRAPER,UNKNOWN(=BRAND PLACEHOLDER),150,منخفض,تقدير فئوي لمثاقب/شفرات كبيرة القطر من دريبر,https://www.drapertools.com/,القطعة الممثلة بقطر 95 مم كبيرة نسبيًا ضمن عائلة من 56 مقاسًا مختلفًا، وكلما كبر القطر ارتفع السعر عن المقاسات الصغيرة في نفس السلسلة.,True,False
37,1078,41071,22MM شيوخت ةشير,شفرة أو مثقب توسيع كبير القطر (95 مم) من دريبر، يمثل أحد مقاسات عائلة كبيرة من المنتج.,3.0,EA,17.0,51.0,DRAPER,UNKNOWN(=BRAND PLACEHOLDER),150,منخفض,تقدير فئوي لمثاقب/شفرات كبيرة القطر من دريبر,https://www.drapertools.com/,القطعة الممثلة بقطر 95 مم كبيرة نسبيًا ضمن عائلة من 56 مقاسًا مختلفًا، وكلما كبر القطر ارتفع السعر عن المقاسات الصغيرة في نفس السلسلة.,True,True
37,1079,54414,114MM شيوخت ةشير,شفرة أو مثقب توسيع كبير القطر (95 مم) من دريبر، يمثل أحد مقاسات عائلة كبيرة من المنتج.,18.0,EA,65.0,1170.0,DRAPER,UNKNOWN(=BRAND PLACEHOLDER),150,منخفض,تقدير فئوي لمثاقب/شفرات كبيرة القطر من دريبر,https://www.drapertools.com/,القطعة الممثلة بقطر 95 مم كبيرة نسبيًا ضمن عائلة من 56 مقاسًا مختلفًا، وكلما كبر القطر ارتفع السعر عن المقاسات الصغيرة في نفس السلسلة.,True,False
37,1080,41072,25MM شيوخت ةشير,شفرة أو مثقب توسيع كبير القطر (95 مم) من دريبر، يمثل أحد مقاسات عائلة كبيرة من المنتج.,19.0,EA,18.0,342.0,DRAPER,UNKNOWN(=BRAND PLACEHOLDER),150,منخفض,تقدير فئوي لمثاقب/شفرات كبيرة القطر من دريبر,https://www.drapertools.com/,القطعة الممثلة بقطر 95 مم كبيرة نسبيًا ضمن عائلة من 56 مقاسًا مختلفًا، وكلما كبر القطر ارتفع السعر عن المقاسات الصغيرة في نفس السلسلة.,True,True
37,1081,41080,48MM شيوخت ةشير,شفرة أو مثقب توسيع كبير القطر (95 مم) من دريبر، يمثل أحد مقاسات عائلة كبيرة من المنتج.,10.0,EA,29.0,290.0,DRAPER,UNKNOWN(=BRAND PLACEHOLDER),150,منخفض,تقدير فئوي لمثاقب/شفرات كبيرة القطر من دريبر,https://www.drapertools.com/,القطعة الممثلة بقطر 95 مم كبيرة نسبيًا ضمن عائلة من 56 مقاسًا مختلفًا، وكلما كبر القطر ارتفع السعر عن المقاسات الصغيرة في نفس السلسلة.,True,False
37,1082,56406,54MM ةشيوخت ةشير,ريشة حفر/تخويش كبيرة القطر مقاس 54 مم.,4.0,EA,38.0,152.0,DRAPER,UNKNOWN(=BRAND PLACEHOLDER),40,منخفض,PS Trading Company - Drill Bits (Saudi Arabia),https://www.pstradingksa.com/collections/drill-bits,ريشة تخويش/حفر مقاس 54مم كبيرة الحجم فسعرها أعلى من الريش الصغيرة.,True,False
37,1083,41088,76MM شيوخت ةشير,شفرة أو مثقب توسيع كبير القطر (95 مم) من دريبر، يمثل أحد مقاسات عائلة كبيرة من المنتج.,9.0,EA,42.0,378.0,DRAPER,UNKNOWN(=BRAND PLACEHOLDER),150,منخفض,تقدير فئوي لمثاقب/شفرات كبيرة القطر من دريبر,https://www.drapertools.com/,القطعة الممثلة بقطر 95 مم كبيرة نسبيًا ضمن عائلة من 56 مقاسًا مختلفًا، وكلما كبر القطر ارتفع السعر عن المقاسات الصغيرة في نفس السلسلة.,True,False
37,1084,41090,89MM شيوخت ةشير,شفرة أو مثقب توسيع كبير القطر (95 مم) من دريبر، يمثل أحد مقاسات عائلة كبيرة من المنتج.,3.0,EA,60.0,180.0,DRAPER,UNKNOWN(=BRAND PLACEHOLDER),150,منخفض,تقدير فئوي لمثاقب/شفرات كبيرة القطر من دريبر,https://www.drapertools.com/,القطعة الممثلة بقطر 95 مم كبيرة نسبيًا ضمن عائلة من 56 مقاسًا مختلفًا، وكلما كبر القطر ارتفع السعر عن المقاسات الصغيرة في نفس السلسلة.,True,False
37,1085,52964,17MM شيوخت ةشير,شفرة أو مثقب توسيع كبير القطر (95 مم) من دريبر، يمثل أحد مقاسات عائلة كبيرة من المنتج.,51.0,EA,20.0,1020.0,DRAPER,UNKNOWN(=BRAND PLACEHOLDER),150,منخفض,تقدير فئوي لمثاقب/شفرات كبيرة القطر من دريبر,https://www.drapertools.com/,القطعة الممثلة بقطر 95 مم كبيرة نسبيًا ضمن عائلة من 56 مقاسًا مختلفًا، وكلما كبر القطر ارتفع السعر عن المقاسات الصغيرة في نفس السلسلة.,True,False
37,1086,41075,35MM شيوخت ةشير,شفرة أو مثقب توسيع كبير القطر (95 مم) من دريبر، يمثل أحد مقاسات عائلة كبيرة من المنتج.,9.0,EA,28.0,252.0,DRAPER,UNKNOWN(=BRAND PLACEHOLDER),150,منخفض,تقدير فئوي لمثاقب/شفرات كبيرة القطر من دريبر,https://www.drapertools.com/,القطعة الممثلة بقطر 95 مم كبيرة نسبيًا ضمن عائلة من 56 مقاسًا مختلفًا، وكلما كبر القطر ارتفع السعر عن المقاسات الصغيرة في نفس السلسلة.,True,False
37,1087,52970,38MM شيوخت ةشير,شفرة أو مثقب توسيع كبير القطر (95 مم) من دريبر، يمثل أحد مقاسات عائلة كبيرة من المنتج.,15.0,EA,48.0,720.0,DRAPER,UNKNOWN(=BRAND PLACEHOLDER),150,منخفض,تقدير فئوي لمثاقب/شفرات كبيرة القطر من دريبر,https://www.drapertools.com/,القطعة الممثلة بقطر 95 مم كبيرة نسبيًا ضمن عائلة من 56 مقاسًا مختلفًا، وكلما كبر القطر ارتفع السعر عن المقاسات الصغيرة في نفس السلسلة.,True,False
37,1088,41079,44MM شيوخت ةشير,شفرة أو مثقب توسيع كبير القطر (95 مم) من دريبر، يمثل أحد مقاسات عائلة كبيرة من المنتج.,9.0,EA,52.0,468.0,DRAPER,UNKNOWN(=BRAND PLACEHOLDER),150,منخفض,تقدير فئوي لمثاقب/شفرات كبيرة القطر من دريبر,https://www.drapertools.com/,القطعة الممثلة بقطر 95 مم كبيرة نسبيًا ضمن عائلة من 56 مقاسًا مختلفًا، وكلما كبر القطر ارتفع السعر عن المقاسات الصغيرة في نفس السلسلة.,True,False
37,1089,41078,43MM شيوخت ةشير,شفرة أو مثقب توسيع كبير القطر (95 مم) من دريبر، يمثل أحد مقاسات عائلة كبيرة من المنتج.,1.0,EA,40.0,40.0,DRAPER,UNKNOWN(=BRAND PLACEHOLDER),150,منخفض,تقدير فئوي لمثاقب/شفرات كبيرة القطر من دريبر,https://www.drapertools.com/,القطعة الممثلة بقطر 95 مم كبيرة نسبيًا ضمن عائلة من 56 مقاسًا مختلفًا، وكلما كبر القطر ارتفع السعر عن المقاسات الصغيرة في نفس السلسلة.,True,False
37,1090,52968,29MM شيوخت ةشير,شفرة أو مثقب توسيع كبير القطر (95 مم) من دريبر، يمثل أحد مقاسات عائلة كبيرة من المنتج.,7.0,EA,27.0,189.0,DRAPER,UNKNOWN(=BRAND PLACEHOLDER),150,منخفض,تقدير فئوي لمثاقب/شفرات كبيرة القطر من دريبر,https://www.drapertools.com/,القطعة الممثلة بقطر 95 مم كبيرة نسبيًا ضمن عائلة من 56 مقاسًا مختلفًا، وكلما كبر القطر ارتفع السعر عن المقاسات الصغيرة في نفس السلسلة.,True,False
37,1091,52971,41MM شيوخت ةشير,شفرة أو مثقب توسيع كبير القطر (95 مم) من دريبر، يمثل أحد مقاسات عائلة كبيرة من المنتج.,13.0,EA,38.0,494.0,DRAPER,UNKNOWN(=BRAND PLACEHOLDER),150,منخفض,تقدير فئوي لمثاقب/شفرات كبيرة القطر من دريبر,https://www.drapertools.com/,القطعة الممثلة بقطر 95 مم كبيرة نسبيًا ضمن عائلة من 56 مقاسًا مختلفًا، وكلما كبر القطر ارتفع السعر عن المقاسات الصغيرة في نفس السلسلة.,True,False
37,1092,56406,54MM شيوخت ةشير,شفرة أو مثقب توسيع كبير القطر (95 مم) من دريبر، يمثل أحد مقاسات عائلة كبيرة من المنتج.,13.0,EA,44.0,572.0,DRAPER,UNKNOWN(=BRAND PLACEHOLDER),150,منخفض,تقدير فئوي لمثاقب/شفرات كبيرة القطر من دريبر,https://www.drapertools.com/,القطعة الممثلة بقطر 95 مم كبيرة نسبيًا ضمن عائلة من 56 مقاسًا مختلفًا، وكلما كبر القطر ارتفع السعر عن المقاسات الصغيرة في نفس السلسلة.,True,False
37,1093,52976,51MM شيوخت ةشير,شفرة أو مثقب توسيع كبير القطر (95 مم) من دريبر، يمثل أحد مقاسات عائلة كبيرة من المنتج.,5.0,EA,50.0,250.0,DRAPER,UNKNOWN(=BRAND PLACEHOLDER),150,منخفض,تقدير فئوي لمثاقب/شفرات كبيرة القطر من دريبر,https://www.drapertools.com/,القطعة الممثلة بقطر 95 مم كبيرة نسبيًا ضمن عائلة من 56 مقاسًا مختلفًا، وكلما كبر القطر ارتفع السعر عن المقاسات الصغيرة في نفس السلسلة.,True,False
37,1094,41082,54MM شيوخت ةشير,شفرة أو مثقب توسيع كبير القطر (95 مم) من دريبر، يمثل أحد مقاسات عائلة كبيرة من المنتج.,4.0,EA,54.0,216.0,DRAPER,UNKNOWN(=BRAND PLACEHOLDER),150,منخفض,تقدير فئوي لمثاقب/شفرات كبيرة القطر من دريبر,https://www.drapertools.com/,القطعة الممثلة بقطر 95 مم كبيرة نسبيًا ضمن عائلة من 56 مقاسًا مختلفًا، وكلما كبر القطر ارتفع السعر عن المقاسات الصغيرة في نفس السلسلة.,True,False
37,1095,52973,51MM شيوخت ةشير,شفرة أو مثقب توسيع كبير القطر (95 مم) من دريبر، يمثل أحد مقاسات عائلة كبيرة من المنتج.,5.0,EA,44.0,220.0,DRAPER,UNKNOWN(=BRAND PLACEHOLDER),150,منخفض,تقدير فئوي لمثاقب/شفرات كبيرة القطر من دريبر,https://www.drapertools.com/,القطعة الممثلة بقطر 95 مم كبيرة نسبيًا ضمن عائلة من 56 مقاسًا مختلفًا، وكلما كبر القطر ارتفع السعر عن المقاسات الصغيرة في نفس السلسلة.,True,False
37,1096,52963,35MM شيوخت ةشير,شفرة أو مثقب توسيع كبير القطر (95 مم) من دريبر، يمثل أحد مقاسات عائلة كبيرة من المنتج.,21.0,EA,30.0,630.0,DRAPER,UNKNOWN(=BRAND PLACEHOLDER),150,منخفض,تقدير فئوي لمثاقب/شفرات كبيرة القطر من دريبر,https://www.drapertools.com/,القطعة الممثلة بقطر 95 مم كبيرة نسبيًا ضمن عائلة من 56 مقاسًا مختلفًا، وكلما كبر القطر ارتفع السعر عن المقاسات الصغيرة في نفس السلسلة.,True,False
37,1097,41083,57MM شيوخت ةشير,شفرة أو مثقب توسيع كبير القطر (95 مم) من دريبر، يمثل أحد مقاسات عائلة كبيرة من المنتج.,6.0,EA,35.0,210.0,DRAPER,UNKNOWN(=BRAND PLACEHOLDER),150,منخفض,تقدير فئوي لمثاقب/شفرات كبيرة القطر من دريبر,https://www.drapertools.com/,القطعة الممثلة بقطر 95 مم كبيرة نسبيًا ضمن عائلة من 56 مقاسًا مختلفًا، وكلما كبر القطر ارتفع السعر عن المقاسات الصغيرة في نفس السلسلة.,True,False
37,1098,41071,22MM شيوخت ةشير,شفرة أو مثقب توسيع كبير القطر (95 مم) من دريبر، يمثل أحد مقاسات عائلة كبيرة من المنتج.,18.0,EA,25.0,450.0,DRAPER,UNKNOWN(=BRAND PLACEHOLDER),150,منخفض,تقدير فئوي لمثاقب/شفرات كبيرة القطر من دريبر,https://www.drapertools.com/,القطعة الممثلة بقطر 95 مم كبيرة نسبيًا ضمن عائلة من 56 مقاسًا مختلفًا، وكلما كبر القطر ارتفع السعر عن المقاسات الصغيرة في نفس السلسلة.,True,False
38,1099,56403,19MM شيوخت ةشير,شفرة أو مثقب توسيع كبير القطر (95 مم) من دريبر، يمثل أحد مقاسات عائلة كبيرة من المنتج.,18.0,EA,21.0,378.0,DRAPER,UNKNOWN(=BRAND PLACEHOLDER),150,منخفض,تقدير فئوي لمثاقب/شفرات كبيرة القطر من دريبر,https://www.drapertools.com/,القطعة الممثلة بقطر 95 مم كبيرة نسبيًا ضمن عائلة من 56 مقاسًا مختلفًا، وكلما كبر القطر ارتفع السعر عن المقاسات الصغيرة في نفس السلسلة.,True,False
38,1100,41090,80MM شيوخت ةشير,شفرة أو مثقب توسيع كبير القطر (95 مم) من دريبر، يمثل أحد مقاسات عائلة كبيرة من المنتج.,21.0,EA,44.0,924.0,DRAPER,UNKNOWN(=BRAND PLACEHOLDER),150,منخفض,تقدير فئوي لمثاقب/شفرات كبيرة القطر من دريبر,https://www.drapertools.com/,القطعة الممثلة بقطر 95 مم كبيرة نسبيًا ضمن عائلة من 56 مقاسًا مختلفًا، وكلما كبر القطر ارتفع السعر عن المقاسات الصغيرة في نفس السلسلة.,True,False
38,1101,56411,95MM شيوخت ةشير,شفرة أو مثقب توسيع كبير القطر (95 مم) من دريبر، يمثل أحد مقاسات عائلة كبيرة من المنتج.,37.0,EA,48.0,1776.0,DRAPER,UNKNOWN(=BRAND PLACEHOLDER),150,منخفض,تقدير فئوي لمثاقب/شفرات كبيرة القطر من دريبر,https://www.drapertools.com/,القطعة الممثلة بقطر 95 مم كبيرة نسبيًا ضمن عائلة من 56 مقاسًا مختلفًا، وكلما كبر القطر ارتفع السعر عن المقاسات الصغيرة في نفس السلسلة.,True,False
38,1102,41077,41MM شيوخت ةشير,شفرة أو مثقب توسيع كبير القطر (95 مم) من دريبر، يمثل أحد مقاسات عائلة كبيرة من المنتج.,18.0,EA,32.0,576.0,DRAPER,UNKNOWN(=BRAND PLACEHOLDER),150,منخفض,تقدير فئوي لمثاقب/شفرات كبيرة القطر من دريبر,https://www.drapertools.com/,القطعة الممثلة بقطر 95 مم كبيرة نسبيًا ضمن عائلة من 56 مقاسًا مختلفًا، وكلما كبر القطر ارتفع السعر عن المقاسات الصغيرة في نفس السلسلة.,True,False
38,1103,56410,92MM شيوخت ةشير,شفرة أو مثقب توسيع كبير القطر (95 مم) من دريبر، يمثل أحد مقاسات عائلة كبيرة من المنتج.,11.0,EA,45.0,495.0,DRAPER,UNKNOWN(=BRAND PLACEHOLDER),150,منخفض,تقدير فئوي لمثاقب/شفرات كبيرة القطر من دريبر,https://www.drapertools.com/,القطعة الممثلة بقطر 95 مم كبيرة نسبيًا ضمن عائلة من 56 مقاسًا مختلفًا، وكلما كبر القطر ارتفع السعر عن المقاسات الصغيرة في نفس السلسلة.,True,False
38,1104,56411,95MM شيوخت ةشير,شفرة أو مثقب توسيع كبير القطر (95 مم) من دريبر، يمثل أحد مقاسات عائلة كبيرة من المنتج.,11.0,EA,65.0,715.0,DRAPER,UNKNOWN(=BRAND PLACEHOLDER),150,منخفض,تقدير فئوي لمثاقب/شفرات كبيرة القطر من دريبر,https://www.drapertools.com/,القطعة الممثلة بقطر 95 مم كبيرة نسبيًا ضمن عائلة من 56 مقاسًا مختلفًا، وكلما كبر القطر ارتفع السعر عن المقاسات الصغيرة في نفس السلسلة.,True,False
38,1105,41087,70MM شيوخت ةشير,شفرة أو مثقب توسيع كبير القطر (95 مم) من دريبر، يمثل أحد مقاسات عائلة كبيرة من المنتج.,3.0,EA,50.0,150.0,DRAPER,UNKNOWN(=BRAND PLACEHOLDER),150,منخفض,تقدير فئوي لمثاقب/شفرات كبيرة القطر من دريبر,https://www.drapertools.com/,القطعة الممثلة بقطر 95 مم كبيرة نسبيًا ضمن عائلة من 56 مقاسًا مختلفًا، وكلما كبر القطر ارتفع السعر عن المقاسات الصغيرة في نفس السلسلة.,True,False
38,1106,41082,54MM شيوخت ةشير,شفرة أو مثقب توسيع كبير القطر (95 مم) من دريبر، يمثل أحد مقاسات عائلة كبيرة من المنتج.,1.0,EA,48.0,48.0,DRAPER,UNKNOWN(=BRAND PLACEHOLDER),150,منخفض,تقدير فئوي لمثاقب/شفرات كبيرة القطر من دريبر,https://www.drapertools.com/,القطعة الممثلة بقطر 95 مم كبيرة نسبيًا ضمن عائلة من 56 مقاسًا مختلفًا، وكلما كبر القطر ارتفع السعر عن المقاسات الصغيرة في نفس السلسلة.,True,False
38,1107,56412,102MM شيوخت ةشير,شفرة أو مثقب توسيع كبير القطر (95 مم) من دريبر، يمثل أحد مقاسات عائلة كبيرة من المنتج.,1.0,EA,70.0,70.0,DRAPER,UNKNOWN(=BRAND PLACEHOLDER),150,منخفض,تقدير فئوي لمثاقب/شفرات كبيرة القطر من دريبر,https://www.drapertools.com/,القطعة الممثلة بقطر 95 مم كبيرة نسبيًا ضمن عائلة من 56 مقاسًا مختلفًا، وكلما كبر القطر ارتفع السعر عن المقاسات الصغيرة في نفس السلسلة.,True,False
38,1108,56413,105MM شيوخت ةشير,شفرة أو مثقب توسيع كبير القطر (95 مم) من دريبر، يمثل أحد مقاسات عائلة كبيرة من المنتج.,4.0,EA,85.0,340.0,DRAPER,UNKNOWN(=BRAND PLACEHOLDER),150,منخفض,تقدير فئوي لمثاقب/شفرات كبيرة القطر من دريبر,https://www.drapertools.com/,القطعة الممثلة بقطر 95 مم كبيرة نسبيًا ضمن عائلة من 56 مقاسًا مختلفًا، وكلما كبر القطر ارتفع السعر عن المقاسات الصغيرة في نفس السلسلة.,True,False
38,1109,56411,95MM شيوخت ةشير,شفرة أو مثقب توسيع كبير القطر (95 مم) من دريبر، يمثل أحد مقاسات عائلة كبيرة من المنتج.,1.0,EA,75.0,75.0,DRAPER,UNKNOWN(=BRAND PLACEHOLDER),150,منخفض,تقدير فئوي لمثاقب/شفرات كبيرة القطر من دريبر,https://www.drapertools.com/,القطعة الممثلة بقطر 95 مم كبيرة نسبيًا ضمن عائلة من 56 مقاسًا مختلفًا، وكلما كبر القطر ارتفع السعر عن المقاسات الصغيرة في نفس السلسلة.,True,False
38,1110,41087,67MM شيوخت ةشير,شفرة أو مثقب توسيع كبير القطر (95 مم) من دريبر، يمثل أحد مقاسات عائلة كبيرة من المنتج.,2.0,EA,45.0,90.0,DRAPER,UNKNOWN(=BRAND PLACEHOLDER),150,منخفض,تقدير فئوي لمثاقب/شفرات كبيرة القطر من دريبر,https://www.drapertools.com/,القطعة الممثلة بقطر 95 مم كبيرة نسبيًا ضمن عائلة من 56 مقاسًا مختلفًا، وكلما كبر القطر ارتفع السعر عن المقاسات الصغيرة في نفس السلسلة.,True,False
38,1111,56410,92MM شيوخت ةشير,شفرة أو مثقب توسيع كبير القطر (95 مم) من دريبر، يمثل أحد مقاسات عائلة كبيرة من المنتج.,13.0,EA,80.0,1040.0,DRAPER,UNKNOWN(=BRAND PLACEHOLDER),150,منخفض,تقدير فئوي لمثاقب/شفرات كبيرة القطر من دريبر,https://www.drapertools.com/,القطعة الممثلة بقطر 95 مم كبيرة نسبيًا ضمن عائلة من 56 مقاسًا مختلفًا، وكلما كبر القطر ارتفع السعر عن المقاسات الصغيرة في نفس السلسلة.,True,False
38,1112,88216,ر MEASURING TAPE 30M م30 سايق تم,شريط قياس (متر) طول 30 مترًا من دريبر.,27.0,EA,65.0,1755.0,DRAPER,UNKNOWN(=BRAND PLACEHOLDER),100,منخفض,تقدير حسب فئة المنتج,"https://www.amazon.sa/-/en/DIY-Tools-Draper/s?rh=n:12463390031,p_89:Draper",أشرطة القياس الطويلة (30 مترًا) أعلى سعرًا من الأشرطة القصيرة الشائعة.,True,False
38,1113,57680,AUTO MOTIVIE METER تارايسلا ةبرهك سايق,جهاز قياس كهرباء وأنظمة السيارات (Automotive Meter) من دريبر.,24.0,EA,40.0,960.0,DRAPER,UNKNOWN(=BRAND PLACEHOLDER),140,منخفض,estimated from category benchmark,https://mdttools.com/shop/,سعر تقديري لجهاز قياس كهرباء السيارات (بطارية/دينامو) بمقارنته بأجهزة قياس السيارات المماثلة.,True,False
38,1114,74697,SHARPENING STONE نس رجح,حجر لشحذ وسن الأدوات القاطعة.,10.0,,25.0,250.0,DRAPER,UNKNOWN(=BRAND PLACEHOLDER),20,منخفض,estimated from category benchmark,https://www.amazon.sa/-/en/b?ie=UTF8&node=16620587031,حجر شحذ (سن) عادي منخفض الثمن ضمن فئة عدد الصيانة اليدوية.,True,False
38,1115,12579,AUTO -CIRCUIT TEST 6-24Vةيراطبلا رابتحا,قلم اختبار الدارة الكهربائية للسيارات بجهد 6-24 فولت من دريبر.,42.0,EA,40.0,1680.0,DRAPER,UNKNOWN(=BRAND PLACEHOLDER),40,منخفض,تقدير حسب فئة المنتج,"https://www.amazon.sa/-/en/DIY-Tools-Draper/s?rh=n:12463390031,p_89:Draper",أقلام اختبار الدارة الكهربائية للسيارات أدوات بسيطة ومنخفضة التكلفة.,True,False
38,1116,13612,AUTOMATIC CENTER PUNCHكىيتاموتا كبمس,سنبك أوتوماتيكي لعمل علامات مركزية قبل الثقب.,28.0,EA,45.0,1260.0,DRAPER,UNKNOWN(=BRAND PLACEHOLDER),35,متوسط,تقدير عام لأدوات الثقب اليدوية (سنبك),"https://www.amazon.sa/-/en/DIY-Tools-Draper/s?rh=n:12463390031,p_89:Draper",أداة السنبك الأوتوماتيكي أداة يدوية بسيطة رخيصة نسبياً.,True,False
38,1117,12578,AUTOMOTIVE TESTER 6-24Vةيراطبلا رابتخا,جهاز اختبار بطارية السيارة بمدى جهد 6-24 فولت.,174.0,EA,40.0,6960.0,DRAPER,UNKNOWN(=BRAND PLACEHOLDER),110,منخفض,تقدير فئوي لأجهزة اختبار البطارية 6-24 فولت,https://www.drapertools.com/,جهاز اختبار بطارية/شحن بسيط بمدى 6-24 فولت من دريبر، وهذه الأجهزة اليدوية البسيطة معتدلة السعر.,True,False
38,1118,9512,"ر MAG.LEVEL,230MMطنفمم ناترم",ميزان بناء مغناطيسي صغير (Magnetic Level) طوله 230مم من دريبر.,24.0,EA,35.0,840.0,DRAPER,UNKNOWN(=BRAND PLACEHOLDER),55,متوسط,Amazon.sa – Draper tools category,"https://www.amazon.sa/-/en/DIY-Tools-Draper/s?rh=n:12463390031,p_89:Draper",سعر تقديري لميزان مغناطيسي طول 230مم من دريبر بناءً على أسعار الموازين المماثلة.,True,False
38,1119,14180,150MM VISE JAWةمزلملل طنغمم كف,غطاء فك ملزمة مغناطيسي بمقاس 150 مم لحماية القطع أثناء التثبيت.,11.0,EA,120.0,1320.0,DRAPER,UNKNOWN(=BRAND PLACEHOLDER),35,منخفض,تقدير حسب فئة أغطية فكوك الملزمة المغناطيسية,https://www.drapertools.com,غطاء فك ملزمة مغناطيسي صغير الحجم، وهو ملحق رخيص الثمن نسبياً.,True,False
38,1120,14178,"100MM,VISE JAW ةمزلملل طنغمم كق",غطاء فك مغناطيسي يركب على فكي الملزمة لحماية القطع أثناء التثبيت.,12.0,EA,58.0,696.0,DRAPER,UNKNOWN(=BRAND PLACEHOLDER),55,متوسط,estimated from category benchmark (magnetic vise jaws),https://www.drapertools.com/,فك مغناطيسي واقٍ لملزمة بمقاس 100مم من دريبر ضمن نطاق أسعار ملحقات الملزمة.,True,False
38,1121,65779,STONEنس رجح,حجر سنّ (شحذ) من ماركة DRAPER.,1.0,EA,18.0,18.0,DRAPER,UNKNOWN(=BRAND PLACEHOLDER),28,منخفض,Amazon.sa (Draper tools category),https://www.amazon.sa/-/en/b?ie=UTF8&node=16620999031,سعر تقديري لحجر سنّ صغير بناءً على معيار أسعار أحجار الشحذ العامة.,True,False
38,1122,24868,THREAD REPAIRE 12X1.2MM نونسلا خلاصلا,أداة إصلاح اللولبة التالفة مقاس 12×1.2مم.,3.0,EA,45.0,135.0,DRAPER,UNKNOWN(=BRAND PLACEHOLDER),60,منخفض,Amazon.sa - Thread Repair Kit,https://www.amazon.sa/-/en/Helicoil-5621-Thread-Repair-Kit/dp/B005EB7SSM,أداة إصلاح لولبة مقاس 12×1.2مم، مشابهة لسجل إصلاح اللولبة السابق.,True,False
38,1123,71391,"NON-CONTACT METAL,VOLTAGE DETECTOR",كاشف جهد كهربائي بدون تلامس على الأسطح المعدنية.,2.0,EA,55.0,110.0,DRAPER,UNKNOWN(=BRAND PLACEHOLDER),60,متوسط,Anaum Trading - Voltage Detectors,https://anaum.sa.com/collections/voltage-detector,كاشف جهد كهربائي بدون تلامس على المعادن، ضمن نطاق أسعار كاشفات الفولطية.,True,False
38,1124,76076,5.5MM COBALTتلابوك ةشير,ريشة تثقيب كوبالت مقاس 8.3 مم من دريبر.,19.0,EA,15.0,285.0,DRAPER,UNKNOWN(=BRAND PLACEHOLDER),50,متوسط,Draper Tools - HSS cobalt drill bits category,https://www.drapertools.com/power-tools/accessories/drilling/drill-bits/hss-cobalt-drill-bits/,ريش التثقيب الكوبالتية الأصغر حجماً (8.3مم) من دريبر تُباع عادة بأقل من 10 جنيهات إسترلينية.,True,False
38,1125,76096,7.2MM COBALTتلابوك ةشير,ريشة تثقيب كوبالت مقاس 8.3 مم من دريبر.,2.0,EA,18.0,36.0,DRAPER,UNKNOWN(=BRAND PLACEHOLDER),50,متوسط,Draper Tools - HSS cobalt drill bits category,https://www.drapertools.com/power-tools/accessories/drilling/drill-bits/hss-cobalt-drill-bits/,ريش التثقيب الكوبالتية الأصغر حجماً (8.3مم) من دريبر تُباع عادة بأقل من 10 جنيهات إسترلينية.,True,False
38,1126,76097,8.3MM COBALTتلابوك ةشير,ريشة تثقيب كوبالت مقاس 8.3 مم من دريبر.,39.0,EA,22.0,858.0,DRAPER,UNKNOWN(=BRAND PLACEHOLDER),50,متوسط,Draper Tools - HSS cobalt drill bits category,https://www.drapertools.com/power-tools/accessories/drilling/drill-bits/hss-cobalt-drill-bits/,ريش التثقيب الكوبالتية الأصغر حجماً (8.3مم) من دريبر تُباع عادة بأقل من 10 جنيهات إسترلينية.,True,False
38,1127,76090,"12MM,COBALTتلابوك ةشير",ريشة حفر كوبالت مقاس 12 مم للمعادن الصلبة.,6.0,EA,41.0,246.0,DRAPER,UNKNOWN(=BRAND PLACEHOLDER),25,متوسط,PS Trading Company - Drill Bits (Saudi Arabia),https://www.pstradingksa.com/collections/drill-bits,ريشة حفر كوبالت مقاس 12مم أعلى ثمناً من ريش HSS العادية لصلابتها.,True,False
38,1128,76064,1.0MM COBALTتلابوك ةشير,ريشة تثقيب كوبالت مقاس 8.3 مم من دريبر.,11.0,EA,3.0,33.0,DRAPER,UNKNOWN(=BRAND PLACEHOLDER),50,متوسط,Draper Tools - HSS cobalt drill bits category,https://www.drapertools.com/power-tools/accessories/drilling/drill-bits/hss-cobalt-drill-bits/,ريش التثقيب الكوبالتية الأصغر حجماً (8.3مم) من دريبر تُباع عادة بأقل من 10 جنيهات إسترلينية.,True,True
38,1129,76091,12.5MM CPBALTتلابوك ةشير,لقمة حفر معادن مصنوعة من الكوبالت مقاس 12.5 ملم.,26.0,EA,41.0,1066.0,DRAPER,UNKNOWN(=BRAND PLACEHOLDER),75,متوسط,Draper Tools (مرجع عام للماركة),https://www.drapertools.com/,لقمة حفر كوبالت مقاس 12.5 ملم للمعادن، وهي أعلى تكلفة من لقم الجدران العادية بسبب خامة الكوبالت المقاومة.,True,False
38,1130,76087,10.5MM COBALTتلابوك ةشير,ريشة تثقيب كوبالت مقاس 8.3 مم من دريبر.,11.0,EA,31.0,341.0,DRAPER,UNKNOWN(=BRAND PLACEHOLDER),50,متوسط,Draper Tools - HSS cobalt drill bits category,https://www.drapertools.com/power-tools/accessories/drilling/drill-bits/hss-cobalt-drill-bits/,ريش التثقيب الكوبالتية الأصغر حجماً (8.3مم) من دريبر تُباع عادة بأقل من 10 جنيهات إسترلينية.,True,False
39,1131,76098,9.3MM COBALTتلابوك ةشير,ريشة تثقيب كوبالت مقاس 8.3 مم من دريبر.,12.0,EA,30.0,360.0,DRAPER,UNKNOWN(=BRAND PLACEHOLDER),50,متوسط,Draper Tools - HSS cobalt drill bits category,https://www.drapertools.com/power-tools/accessories/drilling/drill-bits/hss-cobalt-drill-bits/,ريش التثقيب الكوبالتية الأصغر حجماً (8.3مم) من دريبر تُباع عادة بأقل من 10 جنيهات إسترلينية.,True,False
39,1132,76085,9.5MM COBALTتلابوك ةشير,ريشة تثقيب كوبالت مقاس 8.3 مم من دريبر.,18.0,EA,26.0,468.0,DRAPER,UNKNOWN(=BRAND PLACEHOLDER),50,متوسط,Draper Tools - HSS cobalt drill bits category,https://www.drapertools.com/power-tools/accessories/drilling/drill-bits/hss-cobalt-drill-bits/,ريش التثقيب الكوبالتية الأصغر حجماً (8.3مم) من دريبر تُباع عادة بأقل من 10 جنيهات إسترلينية.,True,False
39,1133,76094,5.2MM COBALTتلابوك ةشير,ريشة تثقيب كوبالت مقاس 8.3 مم من دريبر.,37.0,EA,15.0,555.0,DRAPER,UNKNOWN(=BRAND PLACEHOLDER),50,متوسط,Draper Tools - HSS cobalt drill bits category,https://www.drapertools.com/power-tools/accessories/drilling/drill-bits/hss-cobalt-drill-bits/,ريش التثقيب الكوبالتية الأصغر حجماً (8.3مم) من دريبر تُباع عادة بأقل من 10 جنيهات إسترلينية.,True,False
39,1134,76075,5MM.COBALTتلابوك ةشير,ريشة تكب (مثقاب) من الكوبالت مقاس 5مم.,13.0,EA,13.0,169.0,DRAPER,UNKNOWN(=BRAND PLACEHOLDER),9,متوسط,Kasweld - HSS Cobalt Drill Bits Saudi Arabia,https://www.kasweld.sa/products/hss-drill-bit-cobalt-20mm-in-saudi-arabia,ريشة كوبالت مقاس 5مم، وأسعار ريش الكوبالت في السوق السعودي تتراوح بين ريال واحد وعدة ريالات للقطعة الصغيرة.,True,False
39,1135,76082,8.5MM COBALTتلابوك ةشير,ريشة تثقيب كوبالت مقاس 8.3 مم من دريبر.,1.0,EA,21.0,21.0,DRAPER,UNKNOWN(=BRAND PLACEHOLDER),50,متوسط,Draper Tools - HSS cobalt drill bits category,https://www.drapertools.com/power-tools/accessories/drilling/drill-bits/hss-cobalt-drill-bits/,ريش التثقيب الكوبالتية الأصغر حجماً (8.3مم) من دريبر تُباع عادة بأقل من 10 جنيهات إسترلينية.,True,False
39,1136,76089,"11.5MM,COBALTتلابوك ةشر",ريشة ثقب معدن مطلية بالكوبالت مقاس 11.5 مم من دريبر.,1.0,EA,41.0,41.0,DRAPER,UNKNOWN(=BRAND PLACEHOLDER),30,متوسط,Amazon.sa – Draper tools category,"https://www.amazon.sa/-/en/DIY-Tools-Draper/s?rh=n:12463390031,p_89:Draper",سعر تقديري لريشة ثقب كوبالت مقاس 11.5مم بناءً على أسعار أدوات دريبر في السوق السعودي.,True,False
39,1137,76075,5MM.COBALTتلابوك ةشير,ريشة تكب (مثقاب) من الكوبالت مقاس 5مم.,1.0,EA,13.0,13.0,DRAPER,UNKNOWN(=BRAND PLACEHOLDER),9,متوسط,Kasweld - HSS Cobalt Drill Bits Saudi Arabia,https://www.kasweld.sa/products/hss-drill-bit-cobalt-20mm-in-saudi-arabia,ريشة كوبالت مقاس 5مم، وأسعار ريش الكوبالت في السوق السعودي تتراوح بين ريال واحد وعدة ريالات للقطعة الصغيرة.,True,False
39,1138,43577,"8MM,MASONARYرادج ةشر",ريشة حفر جدران (مسمار) مقاس 8مم من ماركة DRAPER.,10.0,EA,8.0,80.0,DRAPER,UNKNOWN(=BRAND PLACEHOLDER),12,منخفض,Amazon.sa (Draper tools category),https://www.amazon.sa/-/en/b?ie=UTF8&node=16620587031,سعر تقديري لريشة حفر جدران صغيرة بناءً على أسعار ريش الحفر العامة.,True,False
39,1139,43573,"5.5MM,NASONARYرادج ةشير",ريشة حفر جدران (خرسانة) مقاس 5.5مم.,27.0,EA,6.0,162.0,DRAPER,UNKNOWN(=BRAND PLACEHOLDER),10,متوسط,Amazon.sa - Masonry Bits,https://www.amazon.sa/-/en/b?ie=UTF8&node=16621040031,ريشة حفر خرسانة صغيرة مقاس 5.5مم، ضمن نطاق الأسعار الاقتصادية للريش الصغيرة.,True,False
39,1140,76118,"1/8""COBALTتلابوك ةشر",ريشة حفر كوبالت مقاس 1/8 بوصة.,21.0,EA,10.0,210.0,DRAPER,UNKNOWN(=BRAND PLACEHOLDER),8,متوسط,PS Trading Company - Drill Bits (Saudi Arabia),https://www.pstradingksa.com/collections/drill-bits,ريشة كوبالت صغيرة جداً مقاس 1/8 بوصة منخفضة الثمن ضمن ريش الحفر الصغيرة.,True,False
39,1141,76099,"10.3MM,COBALTتلابوك ةشسر",ريشة حفر كوبالت للمعادن مقاس 10.3مم.,8.0,EA,27.0,216.0,DRAPER,UNKNOWN(=BRAND PLACEHOLDER),18,مرتفع,تقدير عام لريش الكوبالت للمعادن,"https://www.amazon.sa/-/en/DIY-Tools-Draper/s?rh=n:12463390031,p_89:Draper",ريشة حفر كوبالت مقاس 10.3مم للمعادن الصلبة ضمن الأدوات الاستهلاكية الرخيصة.,True,False
39,1142,76079,7.0mm تلابوك ةشير,ريشة تثقيب كوبالت مقاس 13.0 مم من دريبر تمثل أسعار السلسلة الكاملة بمختلف المقاسات.,1.0,ea,15.0,15.0,DRAPER,UNKNOWN(=BRAND PLACEHOLDER),85,متوسط,Draper Tools - HSS cobalt drill bits category,https://www.drapertools.com/power-tools/accessories/drilling/drill-bits/hss-cobalt-drill-bits/,ريش التثقيب الكوبالتية المفردة بهذا القطر (13مم) من دريبر تُباع عادة بين 15-20 جنيهاً إسترلينياً.,True,False
39,1143,76099,"10.3MM,COBALTتلابوك ةشسر",ريشة حفر كوبالت للمعادن مقاس 10.3مم.,3.0,ea,27.0,81.0,DRAPER,UNKNOWN(=BRAND PLACEHOLDER),18,مرتفع,تقدير عام لريش الكوبالت للمعادن,"https://www.amazon.sa/-/en/DIY-Tools-Draper/s?rh=n:12463390031,p_89:Draper",ريشة حفر كوبالت مقاس 10.3مم للمعادن الصلبة ضمن الأدوات الاستهلاكية الرخيصة.,True,False
39,1144,76072,4.0mm تلابوك ةشير,ريشة تثقيب كوبالت مقاس 13.0 مم من دريبر تمثل أسعار السلسلة الكاملة بمختلف المقاسات.,7.0,ea,6.0,42.0,DRAPER,UNKNOWN(=BRAND PLACEHOLDER),85,متوسط,Draper Tools - HSS cobalt drill bits category,https://www.drapertools.com/power-tools/accessories/drilling/drill-bits/hss-cobalt-drill-bits/,ريش التثقيب الكوبالتية المفردة بهذا القطر (13مم) من دريبر تُباع عادة بين 15-20 جنيهاً إسترلينياً.,True,True
39,1145,76100,11.3mm تللابوك ةشير,ريشة ثقب معدن مطلية بالكوبالت مقاس 11.3 مم من دريبر.,13.0,EA,33.0,429.0,DRAPER,UNKNOWN(=BRAND PLACEHOLDER),30,متوسط,Amazon.sa – Draper tools category,"https://www.amazon.sa/-/en/DIY-Tools-Draper/s?rh=n:12463390031,p_89:Draper",سعر تقديري لريشة ثقب كوبالت مقاس 11.3مم مطابق تقريبًا لسعر ريشة 11.5مم المماثلة.,True,False
39,1146,43573,5.5mm تلابوك ةشير,ريشة تثقيب كوبالت مقاس 13.0 مم من دريبر تمثل أسعار السلسلة الكاملة بمختلف المقاسات.,17.0,ea,5.0,85.0,DRAPER,UNKNOWN(=BRAND PLACEHOLDER),85,متوسط,Draper Tools - HSS cobalt drill bits category,https://www.drapertools.com/power-tools/accessories/drilling/drill-bits/hss-cobalt-drill-bits/,ريش التثقيب الكوبالتية المفردة بهذا القطر (13مم) من دريبر تُباع عادة بين 15-20 جنيهاً إسترلينياً.,True,True
39,1147,76080,7.5MM تلابوك ةشير,ريشة تثقيب كوبالت مقاس 13.0 مم من دريبر تمثل أسعار السلسلة الكاملة بمختلف المقاسات.,10.0,EA,15.0,150.0,DRAPER,UNKNOWN(=BRAND PLACEHOLDER),85,متوسط,Draper Tools - HSS cobalt drill bits category,https://www.drapertools.com/power-tools/accessories/drilling/drill-bits/hss-cobalt-drill-bits/,ريش التثقيب الكوبالتية المفردة بهذا القطر (13مم) من دريبر تُباع عادة بين 15-20 جنيهاً إسترلينياً.,True,False
39,1148,76095,6.2MM تلابوك ةشير,ريشة تثقيب كوبالت مقاس 13.0 مم من دريبر تمثل أسعار السلسلة الكاملة بمختلف المقاسات.,37.0,EA,12.0,444.0,DRAPER,UNKNOWN(=BRAND PLACEHOLDER),85,متوسط,Draper Tools - HSS cobalt drill bits category,https://www.drapertools.com/power-tools/accessories/drilling/drill-bits/hss-cobalt-drill-bits/,ريش التثقيب الكوبالتية المفردة بهذا القطر (13مم) من دريبر تُباع عادة بين 15-20 جنيهاً إسترلينياً.,True,False
39,1149,76069,3.0MM تلابوك ةشير,ريشة تثقيب كوبالت مقاس 13.0 مم من دريبر تمثل أسعار السلسلة الكاملة بمختلف المقاسات.,5.0,EA,5.0,25.0,DRAPER,UNKNOWN(=BRAND PLACEHOLDER),85,متوسط,Draper Tools - HSS cobalt drill bits category,https://www.drapertools.com/power-tools/accessories/drilling/drill-bits/hss-cobalt-drill-bits/,ريش التثقيب الكوبالتية المفردة بهذا القطر (13مم) من دريبر تُباع عادة بين 15-20 جنيهاً إسترلينياً.,True,True
39,1150,76119,"1/4"" تلابوك ةشير",ريشة حفر كوبالت مقاس 1/4 بوصة.,11.0,EA,10.0,110.0,DRAPER,UNKNOWN(=BRAND PLACEHOLDER),12,مرتفع,تقدير عام لريش الكوبالت للمعادن,"https://www.amazon.sa/-/en/DIY-Tools-Draper/s?rh=n:12463390031,p_89:Draper",ريشة حفر كوبالت صغيرة مقاس 1/4 بوصة ضمن الأدوات الاستهلاكية الرخيصة جداً.,True,False
39,1151,76066,1.5MM تلابوك ةشير,ريشة تثقيب كوبالت مقاس 13.0 مم من دريبر تمثل أسعار السلسلة الكاملة بمختلف المقاسات.,6.0,EA,5.0,30.0,DRAPER,UNKNOWN(=BRAND PLACEHOLDER),85,متوسط,Draper Tools - HSS cobalt drill bits category,https://www.drapertools.com/power-tools/accessories/drilling/drill-bits/hss-cobalt-drill-bits/,ريش التثقيب الكوبالتية المفردة بهذا القطر (13مم) من دريبر تُباع عادة بين 15-20 جنيهاً إسترلينياً.,True,True
39,1152,76096,7.2MM COBALTتلابوك ةشير,ريشة تثقيب كوبالت مقاس 8.3 مم من دريبر.,10.0,EA,15.0,150.0,DRAPER,UNKNOWN(=BRAND PLACEHOLDER),50,متوسط,Draper Tools - HSS cobalt drill bits category,https://www.drapertools.com/power-tools/accessories/drilling/drill-bits/hss-cobalt-drill-bits/,ريش التثقيب الكوبالتية الأصغر حجماً (8.3مم) من دريبر تُباع عادة بأقل من 10 جنيهات إسترلينية.,True,False
39,1153,76098,9.3MM COBALTتلابوك ةشير,ريشة تثقيب كوبالت مقاس 8.3 مم من دريبر.,7.0,EA,24.0,168.0,DRAPER,UNKNOWN(=BRAND PLACEHOLDER),50,متوسط,Draper Tools - HSS cobalt drill bits category,https://www.drapertools.com/power-tools/accessories/drilling/drill-bits/hss-cobalt-drill-bits/,ريش التثقيب الكوبالتية الأصغر حجماً (8.3مم) من دريبر تُباع عادة بأقل من 10 جنيهات إسترلينية.,True,False
39,1154,76076,5.5MM تلابوك ةشير,ريشة تثقيب كوبالت مقاس 13.0 مم من دريبر تمثل أسعار السلسلة الكاملة بمختلف المقاسات.,17.0,EA,11.0,187.0,DRAPER,UNKNOWN(=BRAND PLACEHOLDER),85,متوسط,Draper Tools - HSS cobalt drill bits category,https://www.drapertools.com/power-tools/accessories/drilling/drill-bits/hss-cobalt-drill-bits/,ريش التثقيب الكوبالتية المفردة بهذا القطر (13مم) من دريبر تُباع عادة بين 15-20 جنيهاً إسترلينياً.,True,False
39,1155,76088,11.0MM تلابوك ةشير,ريشة تثقيب كوبالت مقاس 13.0 مم من دريبر تمثل أسعار السلسلة الكاملة بمختلف المقاسات.,19.0,EA,30.0,570.0,DRAPER,UNKNOWN(=BRAND PLACEHOLDER),85,متوسط,Draper Tools - HSS cobalt drill bits category,https://www.drapertools.com/power-tools/accessories/drilling/drill-bits/hss-cobalt-drill-bits/,ريش التثقيب الكوبالتية المفردة بهذا القطر (13مم) من دريبر تُباع عادة بين 15-20 جنيهاً إسترلينياً.,True,False
39,1156,76092,13.0MM تلابوك ةشير,ريشة تثقيب كوبالت مقاس 13.0 مم من دريبر تمثل أسعار السلسلة الكاملة بمختلف المقاسات.,19.0,EA,54.0,1026.0,DRAPER,UNKNOWN(=BRAND PLACEHOLDER),85,متوسط,Draper Tools - HSS cobalt drill bits category,https://www.drapertools.com/power-tools/accessories/drilling/drill-bits/hss-cobalt-drill-bits/,ريش التثقيب الكوبالتية المفردة بهذا القطر (13مم) من دريبر تُباع عادة بين 15-20 جنيهاً إسترلينياً.,True,False
39,1157,76083,9.0MM تلابوك ةشير,ريشة تثقيب كوبالت مقاس 13.0 مم من دريبر تمثل أسعار السلسلة الكاملة بمختلف المقاسات.,5.0,EA,20.0,100.0,DRAPER,UNKNOWN(=BRAND PLACEHOLDER),85,متوسط,Draper Tools - HSS cobalt drill bits category,https://www.drapertools.com/power-tools/accessories/drilling/drill-bits/hss-cobalt-drill-bits/,ريش التثقيب الكوبالتية المفردة بهذا القطر (13مم) من دريبر تُباع عادة بين 15-20 جنيهاً إسترلينياً.,True,False
39,1158,76085,9.5MM COBALTتلابوك ةشير,ريشة تثقيب كوبالت مقاس 8.3 مم من دريبر.,18.0,EA,25.0,450.0,DRAPER,UNKNOWN(=BRAND PLACEHOLDER),50,متوسط,Draper Tools - HSS cobalt drill bits category,https://www.drapertools.com/power-tools/accessories/drilling/drill-bits/hss-cobalt-drill-bits/,ريش التثقيب الكوبالتية الأصغر حجماً (8.3مم) من دريبر تُباع عادة بأقل من 10 جنيهات إسترلينية.,True,False
39,1159,76081,8.0MM تلابوك ةشير,ريشة تثقيب كوبالت مقاس 13.0 مم من دريبر تمثل أسعار السلسلة الكاملة بمختلف المقاسات.,36.0,EA,20.0,720.0,DRAPER,UNKNOWN(=BRAND PLACEHOLDER),85,متوسط,Draper Tools - HSS cobalt drill bits category,https://www.drapertools.com/power-tools/accessories/drilling/drill-bits/hss-cobalt-drill-bits/,ريش التثقيب الكوبالتية المفردة بهذا القطر (13مم) من دريبر تُباع عادة بين 15-20 جنيهاً إسترلينياً.,True,False
39,1160,76091,12.5MM CPBALTتلابوك ةشير,لقمة حفر معادن مصنوعة من الكوبالت مقاس 12.5 ملم.,14.0,EA,42.0,588.0,DRAPER,UNKNOWN(=BRAND PLACEHOLDER),75,متوسط,Draper Tools (مرجع عام للماركة),https://www.drapertools.com/,لقمة حفر كوبالت مقاس 12.5 ملم للمعادن، وهي أعلى تكلفة من لقم الجدران العادية بسبب خامة الكوبالت المقاومة.,True,False
39,1161,76078,6.5MM تلابوك ةشير,ريشة تثقيب كوبالت مقاس 13.0 مم من دريبر تمثل أسعار السلسلة الكاملة بمختلف المقاسات.,18.0,EA,13.0,234.0,DRAPER,UNKNOWN(=BRAND PLACEHOLDER),85,متوسط,Draper Tools - HSS cobalt drill bits category,https://www.drapertools.com/power-tools/accessories/drilling/drill-bits/hss-cobalt-drill-bits/,ريش التثقيب الكوبالتية المفردة بهذا القطر (13مم) من دريبر تُباع عادة بين 15-20 جنيهاً إسترلينياً.,True,False
39,1162,76072,4.0MM تلابوك ةشير,ريشة تثقيب كوبالت مقاس 13.0 مم من دريبر تمثل أسعار السلسلة الكاملة بمختلف المقاسات.,3.0,EA,8.0,24.0,DRAPER,UNKNOWN(=BRAND PLACEHOLDER),85,متوسط,Draper Tools - HSS cobalt drill bits category,https://www.drapertools.com/power-tools/accessories/drilling/drill-bits/hss-cobalt-drill-bits/,ريش التثقيب الكوبالتية المفردة بهذا القطر (13مم) من دريبر تُباع عادة بين 15-20 جنيهاً إسترلينياً.,True,True
39,1163,76080,7.5MM تلابوك ةشير,ريشة تثقيب كوبالت مقاس 13.0 مم من دريبر تمثل أسعار السلسلة الكاملة بمختلف المقاسات.,21.0,EA,18.0,378.0,DRAPER,UNKNOWN(=BRAND PLACEHOLDER),85,متوسط,Draper Tools - HSS cobalt drill bits category,https://www.drapertools.com/power-tools/accessories/drilling/drill-bits/hss-cobalt-drill-bits/,ريش التثقيب الكوبالتية المفردة بهذا القطر (13مم) من دريبر تُباع عادة بين 15-20 جنيهاً إسترلينياً.,True,False
40,1164,76119,"1/4"" تلابوك ةشير",ريشة حفر كوبالت مقاس 1/4 بوصة.,35.0,EA,11.0,385.0,DRAPER,UNKNOWN(=BRAND PLACEHOLDER),12,مرتفع,تقدير عام لريش الكوبالت للمعادن,"https://www.amazon.sa/-/en/DIY-Tools-Draper/s?rh=n:12463390031,p_89:Draper",ريشة حفر كوبالت صغيرة مقاس 1/4 بوصة ضمن الأدوات الاستهلاكية الرخيصة جداً.,True,False
40,1165,76089,"11.5MM,COBALTتلابوك ةشر",ريشة ثقب معدن مطلية بالكوبالت مقاس 11.5 مم من دريبر.,15.0,EA,32.0,480.0,DRAPER,UNKNOWN(=BRAND PLACEHOLDER),30,متوسط,Amazon.sa – Draper tools category,"https://www.amazon.sa/-/en/DIY-Tools-Draper/s?rh=n:12463390031,p_89:Draper",سعر تقديري لريشة ثقب كوبالت مقاس 11.5مم بناءً على أسعار أدوات دريبر في السوق السعودي.,True,False
40,1166,41084,"60MM,HOLE SAW شيوخت ةشير",منشار كور (هول سو) مقاس 60مم من ماركة DRAPER.,1.0,EA,35.0,35.0,DRAPER,UNKNOWN(=BRAND PLACEHOLDER),55,منخفض,Amazon.sa (Draper tools category),https://www.amazon.sa/-/en/b?ie=UTF8&node=16620587031,سعر تقديري لمنشار كور متوسط الحجم بناءً على أسعار مناشير درابر المماثلة.,True,False
40,1167,41079,44MMشيوخت ةشير,ريشة تخشيب كبيرة (Boring Bit) مقاس 64مم من دريبر.,2.0,EA,27.0,54.0,DRAPER,UNKNOWN(=BRAND PLACEHOLDER),45,منخفض,estimated from category benchmark,"https://www.amazon.sa/-/en/DIY-Tools-Draper/s?rh=n:12463390031,p_89:Draper",سعر تقديري لريشة تخشيب/تشطيب كبيرة مقاس 64مم من دريبر بناءً على أسعار ريش الخشب الكبيرة المماثلة.,True,False
40,1168,41090,89MM شيوخت ةشير,شفرة أو مثقب توسيع كبير القطر (95 مم) من دريبر، يمثل أحد مقاسات عائلة كبيرة من المنتج.,1.0,EA,47.0,47.0,DRAPER,UNKNOWN(=BRAND PLACEHOLDER),150,منخفض,تقدير فئوي لمثاقب/شفرات كبيرة القطر من دريبر,https://www.drapertools.com/,القطعة الممثلة بقطر 95 مم كبيرة نسبيًا ضمن عائلة من 56 مقاسًا مختلفًا، وكلما كبر القطر ارتفع السعر عن المقاسات الصغيرة في نفس السلسلة.,True,False
40,1169,41085,64MMشيوخت ةشير,ريشة تخشيب كبيرة (Boring Bit) مقاس 64مم من دريبر.,5.0,EA,35.0,175.0,DRAPER,UNKNOWN(=BRAND PLACEHOLDER),45,منخفض,estimated from category benchmark,"https://www.amazon.sa/-/en/DIY-Tools-Draper/s?rh=n:12463390031,p_89:Draper",سعر تقديري لريشة تخشيب/تشطيب كبيرة مقاس 64مم من دريبر بناءً على أسعار ريش الخشب الكبيرة المماثلة.,True,False
40,1170,41078,43MM شيوخت ةشير,شفرة أو مثقب توسيع كبير القطر (95 مم) من دريبر، يمثل أحد مقاسات عائلة كبيرة من المنتج.,4.0,EA,27.0,108.0,DRAPER,UNKNOWN(=BRAND PLACEHOLDER),150,منخفض,تقدير فئوي لمثاقب/شفرات كبيرة القطر من دريبر,https://www.drapertools.com/,القطعة الممثلة بقطر 95 مم كبيرة نسبيًا ضمن عائلة من 56 مقاسًا مختلفًا، وكلما كبر القطر ارتفع السعر عن المقاسات الصغيرة في نفس السلسلة.,True,False
40,1171,41088,64MMشيوخت ةشير,ريشة تخشيب كبيرة (Boring Bit) مقاس 64مم من دريبر.,1.0,EA,43.0,43.0,DRAPER,UNKNOWN(=BRAND PLACEHOLDER),45,منخفض,estimated from category benchmark,"https://www.amazon.sa/-/en/DIY-Tools-Draper/s?rh=n:12463390031,p_89:Draper",سعر تقديري لريشة تخشيب/تشطيب كبيرة مقاس 64مم من دريبر بناءً على أسعار ريش الخشب الكبيرة المماثلة.,True,False
40,1172,41089,70MM شيوخت ةشير,شفرة أو مثقب توسيع كبير القطر (95 مم) من دريبر، يمثل أحد مقاسات عائلة كبيرة من المنتج.,2.0,EA,37.0,74.0,DRAPER,UNKNOWN(=BRAND PLACEHOLDER),150,منخفض,تقدير فئوي لمثاقب/شفرات كبيرة القطر من دريبر,https://www.drapertools.com/,القطعة الممثلة بقطر 95 مم كبيرة نسبيًا ضمن عائلة من 56 مقاسًا مختلفًا، وكلما كبر القطر ارتفع السعر عن المقاسات الصغيرة في نفس السلسلة.,True,False
40,1173,41083,57MM شيوخت ةشير,شفرة أو مثقب توسيع كبير القطر (95 مم) من دريبر، يمثل أحد مقاسات عائلة كبيرة من المنتج.,3.0,EA,33.0,99.0,DRAPER,UNKNOWN(=BRAND PLACEHOLDER),150,منخفض,تقدير فئوي لمثاقب/شفرات كبيرة القطر من دريبر,https://www.drapertools.com/,القطعة الممثلة بقطر 95 مم كبيرة نسبيًا ضمن عائلة من 56 مقاسًا مختلفًا، وكلما كبر القطر ارتفع السعر عن المقاسات الصغيرة في نفس السلسلة.,True,False
40,1174,41076,38MM شيوخت ةشير,شفرة أو مثقب توسيع كبير القطر (95 مم) من دريبر، يمثل أحد مقاسات عائلة كبيرة من المنتج.,4.0,EA,25.0,100.0,DRAPER,UNKNOWN(=BRAND PLACEHOLDER),150,منخفض,تقدير فئوي لمثاقب/شفرات كبيرة القطر من دريبر,https://www.drapertools.com/,القطعة الممثلة بقطر 95 مم كبيرة نسبيًا ضمن عائلة من 56 مقاسًا مختلفًا، وكلما كبر القطر ارتفع السعر عن المقاسات الصغيرة في نفس السلسلة.,True,False
40,1175,41082,51MM شيوخت ةشير,شفرة أو مثقب توسيع كبير القطر (95 مم) من دريبر، يمثل أحد مقاسات عائلة كبيرة من المنتج.,10.0,EA,30.0,300.0,DRAPER,UNKNOWN(=BRAND PLACEHOLDER),150,منخفض,تقدير فئوي لمثاقب/شفرات كبيرة القطر من دريبر,https://www.drapertools.com/,القطعة الممثلة بقطر 95 مم كبيرة نسبيًا ضمن عائلة من 56 مقاسًا مختلفًا، وكلما كبر القطر ارتفع السعر عن المقاسات الصغيرة في نفس السلسلة.,True,False
40,1176,41077,41MM شيوخت ةشير,شفرة أو مثقب توسيع كبير القطر (95 مم) من دريبر، يمثل أحد مقاسات عائلة كبيرة من المنتج.,3.0,EA,26.0,78.0,DRAPER,UNKNOWN(=BRAND PLACEHOLDER),150,منخفض,تقدير فئوي لمثاقب/شفرات كبيرة القطر من دريبر,https://www.drapertools.com/,القطعة الممثلة بقطر 95 مم كبيرة نسبيًا ضمن عائلة من 56 مقاسًا مختلفًا، وكلما كبر القطر ارتفع السعر عن المقاسات الصغيرة في نفس السلسلة.,True,False
40,1177,41088,76MM شيوخت ةشير,شفرة أو مثقب توسيع كبير القطر (95 مم) من دريبر، يمثل أحد مقاسات عائلة كبيرة من المنتج.,1.0,EA,42.0,42.0,DRAPER,UNKNOWN(=BRAND PLACEHOLDER),150,منخفض,تقدير فئوي لمثاقب/شفرات كبيرة القطر من دريبر,https://www.drapertools.com/,القطعة الممثلة بقطر 95 مم كبيرة نسبيًا ضمن عائلة من 56 مقاسًا مختلفًا، وكلما كبر القطر ارتفع السعر عن المقاسات الصغيرة في نفس السلسلة.,True,False
40,1178,41080,48MM شيوخت ةشير,شفرة أو مثقب توسيع كبير القطر (95 مم) من دريبر، يمثل أحد مقاسات عائلة كبيرة من المنتج.,2.0,EA,30.0,60.0,DRAPER,UNKNOWN(=BRAND PLACEHOLDER),150,منخفض,تقدير فئوي لمثاقب/شفرات كبيرة القطر من دريبر,https://www.drapertools.com/,القطعة الممثلة بقطر 95 مم كبيرة نسبيًا ضمن عائلة من 56 مقاسًا مختلفًا، وكلما كبر القطر ارتفع السعر عن المقاسات الصغيرة في نفس السلسلة.,True,False
40,1179,41084,"60MM,HOLE SAW شيوخت ةشير",منشار كور (هول سو) مقاس 60مم من ماركة DRAPER.,1.0,EA,35.0,35.0,DRAPER,UNKNOWN(=BRAND PLACEHOLDER),55,منخفض,Amazon.sa (Draper tools category),https://www.amazon.sa/-/en/b?ie=UTF8&node=16620587031,سعر تقديري لمنشار كور متوسط الحجم بناءً على أسعار مناشير درابر المماثلة.,True,False
40,1180,41076,38MM ةشيوخت ةشير,ريشة حفر/تخويش كبيرة القطر مقاس 54 مم.,3.0,EA,25.0,75.0,DRAPER,UNKNOWN(=BRAND PLACEHOLDER),40,منخفض,PS Trading Company - Drill Bits (Saudi Arabia),https://www.pstradingksa.com/collections/drill-bits,ريشة تخويش/حفر مقاس 54مم كبيرة الحجم فسعرها أعلى من الريش الصغيرة.,True,False
40,1181,41070,20MM شيوخت ةشير,شفرة أو مثقب توسيع كبير القطر (95 مم) من دريبر، يمثل أحد مقاسات عائلة كبيرة من المنتج.,2.0,EA,17.0,34.0,DRAPER,UNKNOWN(=BRAND PLACEHOLDER),150,منخفض,تقدير فئوي لمثاقب/شفرات كبيرة القطر من دريبر,https://www.drapertools.com/,القطعة الممثلة بقطر 95 مم كبيرة نسبيًا ضمن عائلة من 56 مقاسًا مختلفًا، وكلما كبر القطر ارتفع السعر عن المقاسات الصغيرة في نفس السلسلة.,True,True
40,1182,41075,35MM شيوخت ةشير,شفرة أو مثقب توسيع كبير القطر (95 مم) من دريبر، يمثل أحد مقاسات عائلة كبيرة من المنتج.,4.0,EA,24.0,96.0,DRAPER,UNKNOWN(=BRAND PLACEHOLDER),150,منخفض,تقدير فئوي لمثاقب/شفرات كبيرة القطر من دريبر,https://www.drapertools.com/,القطعة الممثلة بقطر 95 مم كبيرة نسبيًا ضمن عائلة من 56 مقاسًا مختلفًا، وكلما كبر القطر ارتفع السعر عن المقاسات الصغيرة في نفس السلسلة.,True,False
40,1183,56412,102MM شيوخت ةشير,شفرة أو مثقب توسيع كبير القطر (95 مم) من دريبر، يمثل أحد مقاسات عائلة كبيرة من المنتج.,1.0,EA,43.0,43.0,DRAPER,UNKNOWN(=BRAND PLACEHOLDER),150,منخفض,تقدير فئوي لمثاقب/شفرات كبيرة القطر من دريبر,https://www.drapertools.com/,القطعة الممثلة بقطر 95 مم كبيرة نسبيًا ضمن عائلة من 56 مقاسًا مختلفًا، وكلما كبر القطر ارتفع السعر عن المقاسات الصغيرة في نفس السلسلة.,True,False
40,1184,56411,95MM شيوخت ةشير,شفرة أو مثقب توسيع كبير القطر (95 مم) من دريبر، يمثل أحد مقاسات عائلة كبيرة من المنتج.,1.0,EA,37.0,37.0,DRAPER,UNKNOWN(=BRAND PLACEHOLDER),150,منخفض,تقدير فئوي لمثاقب/شفرات كبيرة القطر من دريبر,https://www.drapertools.com/,القطعة الممثلة بقطر 95 مم كبيرة نسبيًا ضمن عائلة من 56 مقاسًا مختلفًا، وكلما كبر القطر ارتفع السعر عن المقاسات الصغيرة في نفس السلسلة.,True,False
40,1185,56409,89MM شيوخت ةشير,شفرة أو مثقب توسيع كبير القطر (95 مم) من دريبر، يمثل أحد مقاسات عائلة كبيرة من المنتج.,1.0,EA,33.0,33.0,DRAPER,UNKNOWN(=BRAND PLACEHOLDER),150,منخفض,تقدير فئوي لمثاقب/شفرات كبيرة القطر من دريبر,https://www.drapertools.com/,القطعة الممثلة بقطر 95 مم كبيرة نسبيًا ضمن عائلة من 56 مقاسًا مختلفًا، وكلما كبر القطر ارتفع السعر عن المقاسات الصغيرة في نفس السلسلة.,True,False
40,1186,56413,105MM شيوخت ةشير,شفرة أو مثقب توسيع كبير القطر (95 مم) من دريبر، يمثل أحد مقاسات عائلة كبيرة من المنتج.,1.0,EA,45.0,45.0,DRAPER,UNKNOWN(=BRAND PLACEHOLDER),150,منخفض,تقدير فئوي لمثاقب/شفرات كبيرة القطر من دريبر,https://www.drapertools.com/,القطعة الممثلة بقطر 95 مم كبيرة نسبيًا ضمن عائلة من 56 مقاسًا مختلفًا، وكلما كبر القطر ارتفع السعر عن المقاسات الصغيرة في نفس السلسلة.,True,False
40,1187,56414,114MM شيوخت ةشير,شفرة أو مثقب توسيع كبير القطر (95 مم) من دريبر، يمثل أحد مقاسات عائلة كبيرة من المنتج.,1.0,EA,47.0,47.0,DRAPER,UNKNOWN(=BRAND PLACEHOLDER),150,منخفض,تقدير فئوي لمثاقب/شفرات كبيرة القطر من دريبر,https://www.drapertools.com/,القطعة الممثلة بقطر 95 مم كبيرة نسبيًا ضمن عائلة من 56 مقاسًا مختلفًا، وكلما كبر القطر ارتفع السعر عن المقاسات الصغيرة في نفس السلسلة.,True,False
40,1188,56410,92MM شيوخت ةشير,شفرة أو مثقب توسيع كبير القطر (95 مم) من دريبر، يمثل أحد مقاسات عائلة كبيرة من المنتج.,1.0,EA,35.0,35.0,DRAPER,UNKNOWN(=BRAND PLACEHOLDER),150,منخفض,تقدير فئوي لمثاقب/شفرات كبيرة القطر من دريبر,https://www.drapertools.com/,القطعة الممثلة بقطر 95 مم كبيرة نسبيًا ضمن عائلة من 56 مقاسًا مختلفًا، وكلما كبر القطر ارتفع السعر عن المقاسات الصغيرة في نفس السلسلة.,True,False
40,1189,52964,17MM شيوخت ةشير,شفرة أو مثقب توسيع كبير القطر (95 مم) من دريبر، يمثل أحد مقاسات عائلة كبيرة من المنتج.,10.0,EA,15.0,150.0,DRAPER,UNKNOWN(=BRAND PLACEHOLDER),150,منخفض,تقدير فئوي لمثاقب/شفرات كبيرة القطر من دريبر,https://www.drapertools.com/,القطعة الممثلة بقطر 95 مم كبيرة نسبيًا ضمن عائلة من 56 مقاسًا مختلفًا، وكلما كبر القطر ارتفع السعر عن المقاسات الصغيرة في نفس السلسلة.,True,True
40,1190,52863,16MM شيوخت ةشير,شفرة أو مثقب توسيع كبير القطر (95 مم) من دريبر، يمثل أحد مقاسات عائلة كبيرة من المنتج.,6.0,EA,15.0,90.0,DRAPER,UNKNOWN(=BRAND PLACEHOLDER),150,منخفض,تقدير فئوي لمثاقب/شفرات كبيرة القطر من دريبر,https://www.drapertools.com/,القطعة الممثلة بقطر 95 مم كبيرة نسبيًا ضمن عائلة من 56 مقاسًا مختلفًا، وكلما كبر القطر ارتفع السعر عن المقاسات الصغيرة في نفس السلسلة.,True,True
40,1191,52970,38MM شيوخت ةشير,شفرة أو مثقب توسيع كبير القطر (95 مم) من دريبر، يمثل أحد مقاسات عائلة كبيرة من المنتج.,1.0,EA,25.0,25.0,DRAPER,UNKNOWN(=BRAND PLACEHOLDER),150,منخفض,تقدير فئوي لمثاقب/شفرات كبيرة القطر من دريبر,https://www.drapertools.com/,القطعة الممثلة بقطر 95 مم كبيرة نسبيًا ضمن عائلة من 56 مقاسًا مختلفًا، وكلما كبر القطر ارتفع السعر عن المقاسات الصغيرة في نفس السلسلة.,True,False
40,1192,52971,41MM شيوخت ةشير,شفرة أو مثقب توسيع كبير القطر (95 مم) من دريبر، يمثل أحد مقاسات عائلة كبيرة من المنتج.,1.0,EA,27.0,27.0,DRAPER,UNKNOWN(=BRAND PLACEHOLDER),150,منخفض,تقدير فئوي لمثاقب/شفرات كبيرة القطر من دريبر,https://www.drapertools.com/,القطعة الممثلة بقطر 95 مم كبيرة نسبيًا ضمن عائلة من 56 مقاسًا مختلفًا، وكلما كبر القطر ارتفع السعر عن المقاسات الصغيرة في نفس السلسلة.,True,False
40,1193,56405,48MM شيوخت ةشير,شفرة أو مثقب توسيع كبير القطر (95 مم) من دريبر، يمثل أحد مقاسات عائلة كبيرة من المنتج.,1.0,EA,21.0,21.0,DRAPER,UNKNOWN(=BRAND PLACEHOLDER),150,منخفض,تقدير فئوي لمثاقب/شفرات كبيرة القطر من دريبر,https://www.drapertools.com/,القطعة الممثلة بقطر 95 مم كبيرة نسبيًا ضمن عائلة من 56 مقاسًا مختلفًا، وكلما كبر القطر ارتفع السعر عن المقاسات الصغيرة في نفس السلسلة.,True,False
40,1194,43487,8.0MM MASONARY رادج ةشير,لقمة حفر للجدران (مسنري) مقاس 7 ملم.,66.0,EA,12.0,792.0,DRAPER,UNKNOWN(=BRAND PLACEHOLDER),30,متوسط,Draper Tools (مرجع عام للماركة),https://www.drapertools.com/,لقمة حفر جدران (مسنري) صغيرة مقاس 7 ملم، وهي منتج استهلاكي رخيص ضمن نطاق لقم دريبر الصغيرة.,True,False
40,1195,43486,7.0MM MASONARY رادج ةشير,لقمة حفر للجدران (مسنري) مقاس 7 ملم.,100.0,EA,11.0,1100.0,DRAPER,UNKNOWN(=BRAND PLACEHOLDER),30,متوسط,Draper Tools (مرجع عام للماركة),https://www.drapertools.com/,لقمة حفر جدران (مسنري) صغيرة مقاس 7 ملم، وهي منتج استهلاكي رخيص ضمن نطاق لقم دريبر الصغيرة.,True,False
40,1196,76119,"1/4"" COBALT تلابوك ةشير",ريشة حفر من الكوبالت للمعادن الصلبة بمقاس 1/4 بوصة.,44.0,EA,8.0,352.0,DRAPER,UNKNOWN(=BRAND PLACEHOLDER),20,متوسط,estimated from category benchmark (cobalt drill bits),https://www.drapertools.com/,ريشة حفر كوبالت بمقاس 1/4 بوصة من دريبر ضمن نطاق أسعار ريش الحفر المعدنية عالية الجودة الصغيرة.,True,False
41,1197,76067,2.0MM COBALT تلابوك ةشير,ريشة ثقب معدن مطلية بالكوبالت مقاس 2.0مم من دريبر.,45.0,EA,4.0,180.0,DRAPER,UNKNOWN(=BRAND PLACEHOLDER),15,متوسط,Amazon.sa – Draper tools category,"https://www.amazon.sa/-/en/DIY-Tools-Draper/s?rh=n:12463390031,p_89:Draper",سعر تقديري لريشة ثقب كوبالت صغيرة مقاس 2مم بناءً على أسعار الريش الصغيرة المماثلة.,True,False
41,1198,76085,9.5MM COBALTتلابوك ةشير,ريشة تثقيب كوبالت مقاس 8.3 مم من دريبر.,8.0,EA,13.0,104.0,DRAPER,UNKNOWN(=BRAND PLACEHOLDER),50,متوسط,Draper Tools - HSS cobalt drill bits category,https://www.drapertools.com/power-tools/accessories/drilling/drill-bits/hss-cobalt-drill-bits/,ريش التثقيب الكوبالتية الأصغر حجماً (8.3مم) من دريبر تُباع عادة بأقل من 10 جنيهات إسترلينية.,True,False
41,1199,76099,"10.3MM,COBALTتلابوك ةشسر",ريشة حفر كوبالت للمعادن مقاس 10.3مم.,10.0,EA,15.0,150.0,DRAPER,UNKNOWN(=BRAND PLACEHOLDER),18,مرتفع,تقدير عام لريش الكوبالت للمعادن,"https://www.amazon.sa/-/en/DIY-Tools-Draper/s?rh=n:12463390031,p_89:Draper",ريشة حفر كوبالت مقاس 10.3مم للمعادن الصلبة ضمن الأدوات الاستهلاكية الرخيصة.,True,False
41,1200,76080,7.5MM تلابوك ةشير,ريشة تثقيب كوبالت مقاس 13.0 مم من دريبر تمثل أسعار السلسلة الكاملة بمختلف المقاسات.,16.0,EA,12.0,192.0,DRAPER,UNKNOWN(=BRAND PLACEHOLDER),85,متوسط,Draper Tools - HSS cobalt drill bits category,https://www.drapertools.com/power-tools/accessories/drilling/drill-bits/hss-cobalt-drill-bits/,ريش التثقيب الكوبالتية المفردة بهذا القطر (13مم) من دريبر تُباع عادة بين 15-20 جنيهاً إسترلينياً.,True,False
41,1201,76100,11.3mm تللابوك ةشير,ريشة ثقب معدن مطلية بالكوبالت مقاس 11.3 مم من دريبر.,29.0,EA,18.0,522.0,DRAPER,UNKNOWN(=BRAND PLACEHOLDER),30,متوسط,Amazon.sa – Draper tools category,"https://www.amazon.sa/-/en/DIY-Tools-Draper/s?rh=n:12463390031,p_89:Draper",سعر تقديري لريشة ثقب كوبالت مقاس 11.3مم مطابق تقريبًا لسعر ريشة 11.5مم المماثلة.,True,False
41,1202,76097,8.3MM COBALTتلابوك ةشير,ريشة تثقيب كوبالت مقاس 8.3 مم من دريبر.,7.0,EA,12.0,84.0,DRAPER,UNKNOWN(=BRAND PLACEHOLDER),50,متوسط,Draper Tools - HSS cobalt drill bits category,https://www.drapertools.com/power-tools/accessories/drilling/drill-bits/hss-cobalt-drill-bits/,ريش التثقيب الكوبالتية الأصغر حجماً (8.3مم) من دريبر تُباع عادة بأقل من 10 جنيهات إسترلينية.,True,False
41,1203,76089,"11.5MM,COBALTتلابوك ةشر",ريشة ثقب معدن مطلية بالكوبالت مقاس 11.5 مم من دريبر.,14.0,EA,16.0,224.0,DRAPER,UNKNOWN(=BRAND PLACEHOLDER),30,متوسط,Amazon.sa – Draper tools category,"https://www.amazon.sa/-/en/DIY-Tools-Draper/s?rh=n:12463390031,p_89:Draper",سعر تقديري لريشة ثقب كوبالت مقاس 11.5مم بناءً على أسعار أدوات دريبر في السوق السعودي.,True,False
41,1204,76088,11.0MM تلابوك ةشير,ريشة تثقيب كوبالت مقاس 13.0 مم من دريبر تمثل أسعار السلسلة الكاملة بمختلف المقاسات.,14.0,EA,16.0,224.0,DRAPER,UNKNOWN(=BRAND PLACEHOLDER),85,متوسط,Draper Tools - HSS cobalt drill bits category,https://www.drapertools.com/power-tools/accessories/drilling/drill-bits/hss-cobalt-drill-bits/,ريش التثقيب الكوبالتية المفردة بهذا القطر (13مم) من دريبر تُباع عادة بين 15-20 جنيهاً إسترلينياً.,True,False
41,1205,76071,3.5MM COBALT تلابوك ةشير,ريشة ثقب معدن مطلية بالكوبالت مقاس 2.0مم من دريبر.,20.0,EA,5.0,100.0,DRAPER,UNKNOWN(=BRAND PLACEHOLDER),15,متوسط,Amazon.sa – Draper tools category,"https://www.amazon.sa/-/en/DIY-Tools-Draper/s?rh=n:12463390031,p_89:Draper",سعر تقديري لريشة ثقب كوبالت صغيرة مقاس 2مم بناءً على أسعار الريش الصغيرة المماثلة.,True,False
41,1206,76091,12.5MM CPBALTتلابوك ةشير,لقمة حفر معادن مصنوعة من الكوبالت مقاس 12.5 ملم.,32.0,EA,22.0,704.0,DRAPER,UNKNOWN(=BRAND PLACEHOLDER),75,متوسط,Draper Tools (مرجع عام للماركة),https://www.drapertools.com/,لقمة حفر كوبالت مقاس 12.5 ملم للمعادن، وهي أعلى تكلفة من لقم الجدران العادية بسبب خامة الكوبالت المقاومة.,True,False
41,1207,76087,10.5MM COBALTتلابوك ةشير,ريشة تثقيب كوبالت مقاس 8.3 مم من دريبر.,5.0,EA,16.0,80.0,DRAPER,UNKNOWN(=BRAND PLACEHOLDER),50,متوسط,Draper Tools - HSS cobalt drill bits category,https://www.drapertools.com/power-tools/accessories/drilling/drill-bits/hss-cobalt-drill-bits/,ريش التثقيب الكوبالتية الأصغر حجماً (8.3مم) من دريبر تُباع عادة بأقل من 10 جنيهات إسترلينية.,True,False
41,1208,76081,8.0MM COBALT تلابوك ةشير,ريشة ثقب معدن مطلية بالكوبالت مقاس 2.0مم من دريبر.,12.0,EA,12.0,144.0,DRAPER,UNKNOWN(=BRAND PLACEHOLDER),15,متوسط,Amazon.sa – Draper tools category,"https://www.amazon.sa/-/en/DIY-Tools-Draper/s?rh=n:12463390031,p_89:Draper",سعر تقديري لريشة ثقب كوبالت صغيرة مقاس 2مم بناءً على أسعار الريش الصغيرة المماثلة.,True,False
41,1209,76118,"1/8"" COBALT تلابوك ةشير",ريشة حفر من الكوبالت للمعادن الصلبة بمقاس 1/4 بوصة.,52.0,EA,3.0,156.0,DRAPER,UNKNOWN(=BRAND PLACEHOLDER),20,متوسط,estimated from category benchmark (cobalt drill bits),https://www.drapertools.com/,ريشة حفر كوبالت بمقاس 1/4 بوصة من دريبر ضمن نطاق أسعار ريش الحفر المعدنية عالية الجودة الصغيرة.,True,False
41,1210,76098,9.3MM COBALTتلابوك ةشير,ريشة تثقيب كوبالت مقاس 8.3 مم من دريبر.,14.0,EA,14.0,196.0,DRAPER,UNKNOWN(=BRAND PLACEHOLDER),50,متوسط,Draper Tools - HSS cobalt drill bits category,https://www.drapertools.com/power-tools/accessories/drilling/drill-bits/hss-cobalt-drill-bits/,ريش التثقيب الكوبالتية الأصغر حجماً (8.3مم) من دريبر تُباع عادة بأقل من 10 جنيهات إسترلينية.,True,False
41,1211,76096,7.2MM COBALTتلابوك ةشير,ريشة تثقيب كوبالت مقاس 8.3 مم من دريبر.,18.0,EA,12.0,216.0,DRAPER,UNKNOWN(=BRAND PLACEHOLDER),50,متوسط,Draper Tools - HSS cobalt drill bits category,https://www.drapertools.com/power-tools/accessories/drilling/drill-bits/hss-cobalt-drill-bits/,ريش التثقيب الكوبالتية الأصغر حجماً (8.3مم) من دريبر تُباع عادة بأقل من 10 جنيهات إسترلينية.,True,False
41,1212,76078,6.5MM تلابوك ةشير,ريشة تثقيب كوبالت مقاس 13.0 مم من دريبر تمثل أسعار السلسلة الكاملة بمختلف المقاسات.,20.0,EA,11.0,220.0,DRAPER,UNKNOWN(=BRAND PLACEHOLDER),85,متوسط,Draper Tools - HSS cobalt drill bits category,https://www.drapertools.com/power-tools/accessories/drilling/drill-bits/hss-cobalt-drill-bits/,ريش التثقيب الكوبالتية المفردة بهذا القطر (13مم) من دريبر تُباع عادة بين 15-20 جنيهاً إسترلينياً.,True,False
41,1213,76095,6.2MM تلابوك ةشير,ريشة تثقيب كوبالت مقاس 13.0 مم من دريبر تمثل أسعار السلسلة الكاملة بمختلف المقاسات.,2.0,EA,11.0,22.0,DRAPER,UNKNOWN(=BRAND PLACEHOLDER),85,متوسط,Draper Tools - HSS cobalt drill bits category,https://www.drapertools.com/power-tools/accessories/drilling/drill-bits/hss-cobalt-drill-bits/,ريش التثقيب الكوبالتية المفردة بهذا القطر (13مم) من دريبر تُباع عادة بين 15-20 جنيهاً إسترلينياً.,True,False
41,1214,76082,8.5MM COBALTتلابوك ةشير,ريشة تثقيب كوبالت مقاس 8.3 مم من دريبر.,10.0,EA,13.0,130.0,DRAPER,UNKNOWN(=BRAND PLACEHOLDER),50,متوسط,Draper Tools - HSS cobalt drill bits category,https://www.drapertools.com/power-tools/accessories/drilling/drill-bits/hss-cobalt-drill-bits/,ريش التثقيب الكوبالتية الأصغر حجماً (8.3مم) من دريبر تُباع عادة بأقل من 10 جنيهات إسترلينية.,True,False
41,1215,76089,"11.5MM,COBALTتلابوك ةشر",ريشة ثقب معدن مطلية بالكوبالت مقاس 11.5 مم من دريبر.,14.0,EA,18.0,252.0,DRAPER,UNKNOWN(=BRAND PLACEHOLDER),30,متوسط,Amazon.sa – Draper tools category,"https://www.amazon.sa/-/en/DIY-Tools-Draper/s?rh=n:12463390031,p_89:Draper",سعر تقديري لريشة ثقب كوبالت مقاس 11.5مم بناءً على أسعار أدوات دريبر في السوق السعودي.,True,False
41,1216,76064,1.0MM COBALTتلابوك ةشير,ريشة تثقيب كوبالت مقاس 8.3 مم من دريبر.,31.0,EA,3.0,93.0,DRAPER,UNKNOWN(=BRAND PLACEHOLDER),50,متوسط,Draper Tools - HSS cobalt drill bits category,https://www.drapertools.com/power-tools/accessories/drilling/drill-bits/hss-cobalt-drill-bits/,ريش التثقيب الكوبالتية الأصغر حجماً (8.3مم) من دريبر تُباع عادة بأقل من 10 جنيهات إسترلينية.,True,True
41,1217,76066,1.5MM تلابوك ةشير,ريشة تثقيب كوبالت مقاس 13.0 مم من دريبر تمثل أسعار السلسلة الكاملة بمختلف المقاسات.,23.0,EA,3.0,69.0,DRAPER,UNKNOWN(=BRAND PLACEHOLDER),85,متوسط,Draper Tools - HSS cobalt drill bits category,https://www.drapertools.com/power-tools/accessories/drilling/drill-bits/hss-cobalt-drill-bits/,ريش التثقيب الكوبالتية المفردة بهذا القطر (13مم) من دريبر تُباع عادة بين 15-20 جنيهاً إسترلينياً.,True,True
41,1218,76090,12.0MM COBALT تلابوك ةشير,ريشة ثقب معدن مطلية بالكوبالت مقاس 2.0مم من دريبر.,10.0,EA,18.0,180.0,DRAPER,UNKNOWN(=BRAND PLACEHOLDER),15,متوسط,Amazon.sa – Draper tools category,"https://www.amazon.sa/-/en/DIY-Tools-Draper/s?rh=n:12463390031,p_89:Draper",سعر تقديري لريشة ثقب كوبالت صغيرة مقاس 2مم بناءً على أسعار الريش الصغيرة المماثلة.,True,False
41,1219,76079,7.0MM COBALTتلابوك ةشبر,ريشة حفر كوبالت للمعادن مقاس 7.0مم.,43.0,EA,12.0,516.0,DRAPER,UNKNOWN(=BRAND PLACEHOLDER),15,مرتفع,تقدير عام لريش الكوبالت للمعادن,"https://www.amazon.sa/-/en/DIY-Tools-Draper/s?rh=n:12463390031,p_89:Draper",ريشة حفر كوبالت مقاس 7مم للمعادن الصلبة ضمن الأدوات الاستهلاكية.,True,False
41,1220,43577,8.0MM COBALT تلابوك ةشير,ريشة ثقب معدن مطلية بالكوبالت مقاس 2.0مم من دريبر.,10.0,EA,13.0,130.0,DRAPER,UNKNOWN(=BRAND PLACEHOLDER),15,متوسط,Amazon.sa – Draper tools category,"https://www.amazon.sa/-/en/DIY-Tools-Draper/s?rh=n:12463390031,p_89:Draper",سعر تقديري لريشة ثقب كوبالت صغيرة مقاس 2مم بناءً على أسعار الريش الصغيرة المماثلة.,True,False
41,1221,76118,"1/4"" COBALT تلابوك ةشير",ريشة حفر من الكوبالت للمعادن الصلبة بمقاس 1/4 بوصة.,21.0,EA,5.0,105.0,DRAPER,UNKNOWN(=BRAND PLACEHOLDER),20,متوسط,estimated from category benchmark (cobalt drill bits),https://www.drapertools.com/,ريشة حفر كوبالت بمقاس 1/4 بوصة من دريبر ضمن نطاق أسعار ريش الحفر المعدنية عالية الجودة الصغيرة.,True,False
41,1222,43575,6.5MM تلابوك ةشير,ريشة تثقيب كوبالت مقاس 13.0 مم من دريبر تمثل أسعار السلسلة الكاملة بمختلف المقاسات.,13.0,EA,9.0,117.0,DRAPER,UNKNOWN(=BRAND PLACEHOLDER),85,متوسط,Draper Tools - HSS cobalt drill bits category,https://www.drapertools.com/power-tools/accessories/drilling/drill-bits/hss-cobalt-drill-bits/,ريش التثقيب الكوبالتية المفردة بهذا القطر (13مم) من دريبر تُباع عادة بين 15-20 جنيهاً إسترلينياً.,True,True
41,1223,37152,SNIP 250MM جاص صقم,مقص صاج (جلفنة) بطول 250 مم من دريبر.,55.0,EA,55.0,3025.0,DRAPER,UNKNOWN(=BRAND PLACEHOLDER),70,متوسط,Draper Tools - tin snips category,https://www.drapertools.com/,مقصات الصاج المماثلة من دريبر تُباع عادة بين 12-18 جنيهاً إسترلينياً.,True,False
41,1224,35657,SNIP 300MM جاص صقم,مقص صاج (جلفنة) بطول 250 مم من دريبر.,24.0,EA,65.0,1560.0,DRAPER,UNKNOWN(=BRAND PLACEHOLDER),70,متوسط,Draper Tools - tin snips category,https://www.drapertools.com/,مقصات الصاج المماثلة من دريبر تُباع عادة بين 12-18 جنيهاً إسترلينياً.,True,False
41,1225,35631,SNIP 200MMجاص صقم,مقص لقص الصفائح المعدنية الرقيقة مقاس 200 مم من دريبر.,50.0,EA,45.0,2250.0,DRAPER,UNKNOWN(=BRAND PLACEHOLDER),75,منخفض,تقدير حسب فئة المنتج,"https://www.amazon.sa/-/en/DIY-Tools-Draper/s?rh=n:12463390031,p_89:Draper",مقصات الصفائح المعدنية من دريبر بهذا المقاس تباع عادة في هذا النطاق السعري في المتاجر الخليجية.,True,False
41,1226,21853,AGRICULTURE ةعارز تاودا,عائلة أدوات زراعة يدوية بسيطة من ماركة درابر تمثل عدة مقاسات.,15.0,EA,25.0,375.0,DRAPER,UNKNOWN(=BRAND PLACEHOLDER),45,منخفض,تقدير حسب فئة أدوات الحدائق درابر,"https://www.amazon.sa/-/en/DIY-Tools-Draper/s?rh=n:12463390031,p_89:Draper",سعر تقديري بالاستناد إلى أسعار أدوات درابر اليدوية العامة المعروضة في السوق السعودي إذ لا يوجد تفصيل دقيق للصنف.,True,False
41,1227,19654,AGRICULTURE ةعارز تاودا,عائلة أدوات زراعة يدوية بسيطة من ماركة درابر تمثل عدة مقاسات.,10.0,EA,36.0,360.0,DRAPER,UNKNOWN(=BRAND PLACEHOLDER),45,منخفض,تقدير حسب فئة أدوات الحدائق درابر,"https://www.amazon.sa/-/en/DIY-Tools-Draper/s?rh=n:12463390031,p_89:Draper",سعر تقديري بالاستناد إلى أسعار أدوات درابر اليدوية العامة المعروضة في السوق السعودي إذ لا يوجد تفصيل دقيق للصنف.,True,False
41,1228,19652,AGRICULTURE ةعارز تاودا,عائلة أدوات زراعة يدوية بسيطة من ماركة درابر تمثل عدة مقاسات.,2.0,EA,20.0,40.0,DRAPER,UNKNOWN(=BRAND PLACEHOLDER),45,منخفض,تقدير حسب فئة أدوات الحدائق درابر,"https://www.amazon.sa/-/en/DIY-Tools-Draper/s?rh=n:12463390031,p_89:Draper",سعر تقديري بالاستناد إلى أسعار أدوات درابر اليدوية العامة المعروضة في السوق السعودي إذ لا يوجد تفصيل دقيق للصنف.,True,False
41,1229,21851,AGRICULTURE ةعارز تاودا,عائلة أدوات زراعة يدوية بسيطة من ماركة درابر تمثل عدة مقاسات.,7.0,EA,25.0,175.0,DRAPER,UNKNOWN(=BRAND PLACEHOLDER),45,منخفض,تقدير حسب فئة أدوات الحدائق درابر,"https://www.amazon.sa/-/en/DIY-Tools-Draper/s?rh=n:12463390031,p_89:Draper",سعر تقديري بالاستناد إلى أسعار أدوات درابر اليدوية العامة المعروضة في السوق السعودي إذ لا يوجد تفصيل دقيق للصنف.,True,False
42,1230,88792,AGRICULTURE ةعارز تاودا,عائلة أدوات زراعة يدوية بسيطة من ماركة درابر تمثل عدة مقاسات.,2.0,EA,35.0,70.0,DRAPER,UNKNOWN(=BRAND PLACEHOLDER),45,منخفض,تقدير حسب فئة أدوات الحدائق درابر,"https://www.amazon.sa/-/en/DIY-Tools-Draper/s?rh=n:12463390031,p_89:Draper",سعر تقديري بالاستناد إلى أسعار أدوات درابر اليدوية العامة المعروضة في السوق السعودي إذ لا يوجد تفصيل دقيق للصنف.,True,False
42,1231,21853,AGRICULTURE ةعارز تاودا,عائلة أدوات زراعة يدوية بسيطة من ماركة درابر تمثل عدة مقاسات.,10.0,EA,25.0,250.0,DRAPER,UNKNOWN(=BRAND PLACEHOLDER),45,منخفض,تقدير حسب فئة أدوات الحدائق درابر,"https://www.amazon.sa/-/en/DIY-Tools-Draper/s?rh=n:12463390031,p_89:Draper",سعر تقديري بالاستناد إلى أسعار أدوات درابر اليدوية العامة المعروضة في السوق السعودي إذ لا يوجد تفصيل دقيق للصنف.,True,False
42,1232,21854,AGRICULTURE ةعارز تاودا,عائلة أدوات زراعة يدوية بسيطة من ماركة درابر تمثل عدة مقاسات.,1.0,EA,15.0,15.0,DRAPER,UNKNOWN(=BRAND PLACEHOLDER),45,منخفض,تقدير حسب فئة أدوات الحدائق درابر,"https://www.amazon.sa/-/en/DIY-Tools-Draper/s?rh=n:12463390031,p_89:Draper",سعر تقديري بالاستناد إلى أسعار أدوات درابر اليدوية العامة المعروضة في السوق السعودي إذ لا يوجد تفصيل دقيق للصنف.,True,False
42,1233,43591,MASONARY DRILL BIT 25MM,ريشة ثقب خرسانة (حائط) مقاس 25 مم.,25.0,EA,45.0,1125.0,DRAPER,UNKNOWN(=BRAND PLACEHOLDER),30,متوسط,أسعار ريش ثقب الخرسانة في أمازون السعودية,https://www.amazon.sa/-/en/b?ie=UTF8&node=16621040031,ريشة ثقب خرسانة كبيرة نسبياً مقاس 25مم أغلى من المقاسات الصغيرة.,True,False
42,1234,42503,CLAW HAMMERبلخم شوكاش,مطرقة مخلبية (Claw Hammer) لأعمال النجارة العامة.,11.0,EA,40.0,440.0,DRAPER,UNKNOWN(=BRAND PLACEHOLDER),55,متوسط,أسعار المطارق في تولسن السعودية,https://tolsentools.com.sa/products/claw-hammer,مطرقة مخلبية قياسية من فئة الأسعار المتوسطة للمطارق اليدوية.,True,False
42,1235,52430,BEVEL PROTACTOR ةيواز,منقلة زاوية مائلة (بيفل بروتراكتور) لقياس الزوايا بدقة.,54.0,EA,200.0,10800.0,DRAPER,UNKNOWN(=BRAND PLACEHOLDER),200,منخفض,تقدير فئوي لمنقلات الزاوية المائلة من دريبر,https://www.drapertools.com/,أداة قياس زاوية مائلة (بيفل بروتاكتور) دقيقة من دريبر، وتقع ضمن الفئة السعرية المتوسطة لأدوات القياس اليدوية الدقيقة.,True,False
42,1236,47810,GREASE GUNةمحشم,مسدس شحم يدوي نوع مسدسي بسعة 130 سم مكعب.,25.0,EA,46.0,1150.0,DRAPER,UNKNOWN(=BRAND PLACEHOLDER),100,مرتفع,Power Tools Direct / C&W Berry listings,https://www.powertoolsdirect.com/draper-47810-pistol-type-grease-gun-130cc-each-5010559478101,وُجد سعر فعلي حديث لنفس كود درابر 47810 بين 12-21 جنيه إسترليني من عدة موزعين بريطانيين.,True,False
42,1237,47813,GREASE GUNةمحشم,مسدس شحم يدوي نوع مسدسي بسعة 130 سم مكعب.,5.0,EA,60.0,300.0,DRAPER,UNKNOWN(=BRAND PLACEHOLDER),100,مرتفع,Power Tools Direct / C&W Berry listings,https://www.powertoolsdirect.com/draper-47810-pistol-type-grease-gun-130cc-each-5010559478101,وُجد سعر فعلي حديث لنفس كود درابر 47810 بين 12-21 جنيه إسترليني من عدة موزعين بريطانيين.,True,False
42,1238,34703,SQ. ةيواز,زاوية قياس هندسية (سكوير) للقياسات القائمة.,54.0,EA,125.0,6750.0,DRAPER,UNKNOWN(=BRAND PLACEHOLDER),80,منخفض,تقدير فئوي لزوايا القياس الهندسية من دريبر,https://www.drapertools.com/,زاوية قياس هندسية (سكوير) من دريبر، وهي أداة قياس بسيطة نسبيًا معتدلة السعر.,True,False
42,1239,46690,SQ. ةيواز,زاوية قياس هندسية (سكوير) للقياسات القائمة.,5.0,EA,30.0,150.0,DRAPER,UNKNOWN(=BRAND PLACEHOLDER),80,منخفض,تقدير فئوي لزوايا القياس الهندسية من دريبر,https://www.drapertools.com/,زاوية قياس هندسية (سكوير) من دريبر، وهي أداة قياس بسيطة نسبيًا معتدلة السعر.,True,False
42,1240,7632,"TROLLEY,3TIERS كرحتم ددع لىلورن ي",عربة متحركة ثلاثية الطبقات لتنظيم الأدوات.,1.0,EA,550.0,550.0,DRAPER,UNKNOWN(=BRAND PLACEHOLDER),350,متوسط,تقدير عام لعربات الأدوات ثلاثية الطبقات,https://www.drapertools.com/,عربة أدوات متحركة ثلاثية الطبقات، أعلى سعراً من الأدوات اليدوية الفردية.,True,False
42,1241,43931,"10 DRAWERS 64"" TOPCHEST بلاود تسيش",صندوق أدوات علوي كبير بعشرة أدراج بطول 64 بوصة من دريبر.,1.0,EA,3100.0,4340.0,DRAPER,UNKNOWN(=BRAND PLACEHOLDER),1825,منخفض,Amazon.co.uk - Draper 43931 listing (بدون سعر ظاهر),https://www.amazon.co.uk/Draper-43931-Drawers-Multi-Colour-64-Inch/dp/B015GVYF62,لم يُعثر على سعر مباشر؛ التقدير مبني على أسعار صناديق الأدوات الكبيرة ذات العشرة أدراج المماثلة التي تتراوح بين 300-450 جنيهاً إسترلينياً.,True,False
42,1242,43937,"14 DRAWERS,64"" ROLLER CAB كرحتم بلاود",دولاب أدوات متحرك (رول كابينت) بـ14 درجًا وطول 64 إنش من دريبر.,1.0,EA,6992.0,9789.0,DRAPER,UNKNOWN(=BRAND PLACEHOLDER),4500,منخفض,تقدير فئوي لصناديق أدوات متحركة كبيرة من دريبر,https://www.drapertools.com/product/43937/Expert%20Tool%20Cabinet%20with%2014%20Drawers%20and%20Castors%20%2864%20inches%20long%29,صندوق أدوات متحرك احترافي كبير بطول 64 إنش و14 دُرجًا مقفلة من دريبر، وهذا الحجم من صناديق الأدوات المتحركة يعتبر من أغلى فئات المنتج نظرًا لحجمه وتجهيزاته.,True,False
42,1243,78918,"PIPE WRENCH 14"" وبملج وبا",مفتاح أنابيب (جلمبو) قابل للتعديل بطول 18 إنش من دريبر.,7.0,EA,75.0,525.0,DRAPER,UNKNOWN(=BRAND PLACEHOLDER),160,مرتفع,Lawson HIS / Sitebox (Draper 78919 قائمة فعلية),https://www.drapertools.com/product/78919/draper-expert-adjustable-pipe-wrench-450mm-65mm/,تم العثور على المنتج بالضبط برمزه 78919 (مفتاح أنابيب قابل للتعديل 450 مم/18 إنش) بأسعار فعلية بين 28-36 جنيهًا إسترلينيًا في السوق البريطاني.,True,False
42,1244,78919,"PIPE WRENCH 18"" وبملج وبا",مفتاح أنابيب (جلمبو) قابل للتعديل بطول 18 إنش من دريبر.,20.0,EA,110.0,2200.0,DRAPER,UNKNOWN(=BRAND PLACEHOLDER),160,مرتفع,Lawson HIS / Sitebox (Draper 78919 قائمة فعلية),https://www.drapertools.com/product/78919/draper-expert-adjustable-pipe-wrench-450mm-65mm/,تم العثور على المنتج بالضبط برمزه 78919 (مفتاح أنابيب قابل للتعديل 450 مم/18 إنش) بأسعار فعلية بين 28-36 جنيهًا إسترلينيًا في السوق البريطاني.,True,False
42,1245,35100,scraper/remover kit,طقم كاشطات (سكرابر) لإزالة المواد اللاصقة.,5.0,SET,89.0,445.0,DRAPER,UNKNOWN(=BRAND PLACEHOLDER),40,متوسط,تقدير عام لأطقم الكاشطات وأدوات الإزالة,https://www.drapertools.com/,طقم كاشطات لإزالة الغراء أو الطلاء يقارن بأسعار الأدوات اليدوية المتوسطة.,True,False
42,1246,64440,MARKING GAUGE,أداة نجارة لرسم خطوط توازي حافة الخشب قبل القطع.,8.0,EA,80.0,640.0,DRAPER,UNKNOWN(=BRAND PLACEHOLDER),55,متوسط,estimated from category benchmark (marking gauges),https://www.drapertools.com/,مسطرة تحديد (ماركنج جيج) من دريبر ضمن نطاق أسعار أدوات القياس والتحديد للنجارة.,True,False
42,1247,72376,BENDER 8/10/12,أداة ثني أنابيب بمقاسات 8/10/12 مم.,8.0,ea,135.0,1080.0,DRAPER,UNKNOWN(=BRAND PLACEHOLDER),130,متوسط,تقدير عام لأدوات ثني الأنابيب متعددة المقاسات,https://www.amazon.sa/-/en/pliers/s?k=pliers,أداة ثني الأنابيب متعددة المقاسات (8/10/12) أغلى من الأداة أحادية المقاس.,True,False
42,1248,68890,SIDE CUTTER H/D GRIPS 130MM,كماشة قطع جانبي مقاس 130 مم بمقابض قوية من دريبر.,133.0,EA,38.0,5054.0,DRAPER,UNKNOWN(=BRAND PLACEHOLDER),72,متوسط,Draper Tools - pliers category,https://www.drapertools.com/hand-tools/pliers/,الكماشات المماثلة من دريبر بنفس المقاس تُباع عادة بين 12-18 جنيهاً إسترلينياً.,True,False
42,1249,69172,VDE COMBINATION PLIER 200MM,كماشة كومبنيشن معزولة كهربائياً بطول 200 ملم.,7.0,EA,50.0,350.0,DRAPER,UNKNOWN(=BRAND PLACEHOLDER),80,متوسط,معيار فئة كماشات دريبر المعزولة VDE,https://www.drapertools.com/,كماشة كومبنيشن معزولة بمعيار VDE بطول 200مم تقدر وفق أسعار الأدوات الكهربائية المعزولة.,True,False
42,1250,44139,200MM SG COMBINATION PLIERS,زردية مشتركة (Combination Pliers) مقاس 200مم من دريبر.,36.0,EA,27.0,972.0,DRAPER,UNKNOWN(=BRAND PLACEHOLDER),50,متوسط,Amazon.sa – Draper tools category,"https://www.amazon.sa/-/en/DIY-Tools-Draper/s?rh=n:12463390031,p_89:Draper",سعر تقديري لزردية مشتركة مقاس 200مم بناءً على أسعار زرديات دريبر في السوق.,True,False
42,1251,68885,COMBINATION PLIER HD GRIP200MM,زرادية توليفية بمقبض مريح مقاس 200 مم.,23.0,EA,50.0,1150.0,DRAPER,UNKNOWN(=BRAND PLACEHOLDER),45,متوسط,أسعار الزرادية التوليفية في تولسن السعودية,https://tolsentools.com.sa/products/combination-pliers,زرادية توليفية بمقبض مريح مقاس 200مم قريبة من متوسط أسعار الزراديات المماثلة.,True,False
42,1252,68894,WIRE STRIPPER H/D GRIPS 150MM,كماشة تعرية أسلاك بمقابض قوية مقاس 150 ملم.,66.0,EA,43.0,2838.0,DRAPER,UNKNOWN(=BRAND PLACEHOLDER),120,منخفض,Draper Tools (مرجع عام للماركة),https://www.drapertools.com/,كماشة تعرية أسلاك بمقابض متينة (Heavy Duty)، والسعر يتوافق مع نطاق أسعار كماشات دريبر المتوسطة.,True,False
42,1253,59272,SPRAY GUN-AGRI,مسدس رش زراعي يستخدم لرش المبيدات أو السوائل الزراعية.,29.0,EA,31.0,899.0,DRAPER,UNKNOWN(=BRAND PLACEHOLDER),140,منخفض,Draper Tools (مرجع عام للماركة),https://www.drapertools.com/,مسدس رش زراعي (سبراي غان) لأغراض المبيدات أو التسميد، وهو أداة زراعية متوسطة التكلفة.,True,False
42,1254,55190,SPRAY GUN-AGRI,مسدس رش زراعي يستخدم لرش المبيدات أو السوائل الزراعية.,16.0,EA,18.0,288.0,DRAPER,UNKNOWN(=BRAND PLACEHOLDER),140,منخفض,Draper Tools (مرجع عام للماركة),https://www.drapertools.com/,مسدس رش زراعي (سبراي غان) لأغراض المبيدات أو التسميد، وهو أداة زراعية متوسطة التكلفة.,True,False
42,1255,59273,SPRAY GUN-AGRI,مسدس رش زراعي يستخدم لرش المبيدات أو السوائل الزراعية.,20.0,EA,32.0,640.0,DRAPER,UNKNOWN(=BRAND PLACEHOLDER),140,منخفض,Draper Tools (مرجع عام للماركة),https://www.drapertools.com/,مسدس رش زراعي (سبراي غان) لأغراض المبيدات أو التسميد، وهو أداة زراعية متوسطة التكلفة.,True,False
42,1256,40417,PUNCHDOWN TOOL,أداة يدوية لتثبيت أسلاك الاتصالات في لوحات التوزيع.,11.0,EA,35.0,385.0,DRAPER,UNKNOWN(=BRAND PLACEHOLDER),65,متوسط,معيار فئة أدوات الشبكات,https://www.drapertools.com/,أداة تثبيت الأسلاك (بانش داون) لشبكات الاتصالات تقدر وفق أسعار الفئة نفسها.,True,False
42,1257,23553,SUCKER,أداة شفط (ساكر) يدوية لرفع الألواح الزجاجية أو البلاط الملساء.,31.0,EA,27.0,837.0,DRAPER,UNKNOWN(=BRAND PLACEHOLDER),55,منخفض,تقدير حسب فئة أدوات الشفط (ساكر) اليدوية,https://www.drapertools.com,أداة شفط (ساكر) لرفع الألواح الزجاجية أو البلاط، والتقدير مبني على أسعار الأدوات المماثلة.,True,False
42,1258,23554,SUCKER,أداة شفط (ساكر) يدوية لرفع الألواح الزجاجية أو البلاط الملساء.,15.0,EA,30.0,450.0,DRAPER,UNKNOWN(=BRAND PLACEHOLDER),55,منخفض,تقدير حسب فئة أدوات الشفط (ساكر) اليدوية,https://www.drapertools.com,أداة شفط (ساكر) لرفع الألواح الزجاجية أو البلاط، والتقدير مبني على أسعار الأدوات المماثلة.,True,False
42,1259,59270,SPRAY GUN-AGRI,مسدس رش زراعي يستخدم لرش المبيدات أو السوائل الزراعية.,17.0,EA,30.0,510.0,DRAPER,UNKNOWN(=BRAND PLACEHOLDER),140,منخفض,Draper Tools (مرجع عام للماركة),https://www.drapertools.com/,مسدس رش زراعي (سبراي غان) لأغراض المبيدات أو التسميد، وهو أداة زراعية متوسطة التكلفة.,True,False
42,1260,55820,connector for hoses,موصل (كوبلن) للخراطيم من دريبر.,10.0,EA,22.0,220.0,DRAPER,UNKNOWN(=BRAND PLACEHOLDER),15,متوسط,Amazon.sa – Draper tools category,"https://www.amazon.sa/-/en/DIY-Tools-Draper/s?rh=n:12463390031,p_89:Draper",سعر تقديري لموصل خراطيم صغير من دريبر بناءً على أسعار الموصلات المماثلة.,True,False
42,1261,61090,connector for hoses,موصل (كوبلن) للخراطيم من دريبر.,3.0,EA,12.0,36.0,DRAPER,UNKNOWN(=BRAND PLACEHOLDER),15,متوسط,Amazon.sa – Draper tools category,"https://www.amazon.sa/-/en/DIY-Tools-Draper/s?rh=n:12463390031,p_89:Draper",سعر تقديري لموصل خراطيم صغير من دريبر بناءً على أسعار الموصلات المماثلة.,True,False
43,1262,55198,connector for hoses,موصل (كوبلن) للخراطيم من دريبر.,7.0,EA,8.0,56.0,DRAPER,UNKNOWN(=BRAND PLACEHOLDER),15,متوسط,Amazon.sa – Draper tools category,"https://www.amazon.sa/-/en/DIY-Tools-Draper/s?rh=n:12463390031,p_89:Draper",سعر تقديري لموصل خراطيم صغير من دريبر بناءً على أسعار الموصلات المماثلة.,True,False
43,1263,61091,connector for hoses,موصل (كوبلن) للخراطيم من دريبر.,12.0,EA,12.0,144.0,DRAPER,UNKNOWN(=BRAND PLACEHOLDER),15,متوسط,Amazon.sa – Draper tools category,"https://www.amazon.sa/-/en/DIY-Tools-Draper/s?rh=n:12463390031,p_89:Draper",سعر تقديري لموصل خراطيم صغير من دريبر بناءً على أسعار الموصلات المماثلة.,True,False
43,1264,55197,connector for hoses,موصل (كوبلن) للخراطيم من دريبر.,1.0,EA,15.0,15.0,DRAPER,UNKNOWN(=BRAND PLACEHOLDER),15,متوسط,Amazon.sa – Draper tools category,"https://www.amazon.sa/-/en/DIY-Tools-Draper/s?rh=n:12463390031,p_89:Draper",سعر تقديري لموصل خراطيم صغير من دريبر بناءً على أسعار الموصلات المماثلة.,True,False
43,1265,55196,connector for hoses,موصل (كوبلن) للخراطيم من دريبر.,15.0,EA,15.0,225.0,DRAPER,UNKNOWN(=BRAND PLACEHOLDER),15,متوسط,Amazon.sa – Draper tools category,"https://www.amazon.sa/-/en/DIY-Tools-Draper/s?rh=n:12463390031,p_89:Draper",سعر تقديري لموصل خراطيم صغير من دريبر بناءً على أسعار الموصلات المماثلة.,True,False
43,1266,55195,connector for hoses,موصل (كوبلن) للخراطيم من دريبر.,10.0,EA,10.0,100.0,DRAPER,UNKNOWN(=BRAND PLACEHOLDER),15,متوسط,Amazon.sa – Draper tools category,"https://www.amazon.sa/-/en/DIY-Tools-Draper/s?rh=n:12463390031,p_89:Draper",سعر تقديري لموصل خراطيم صغير من دريبر بناءً على أسعار الموصلات المماثلة.,True,False
43,1267,55194,connector for hoses,موصل (كوبلن) للخراطيم من دريبر.,9.0,EA,10.0,90.0,DRAPER,UNKNOWN(=BRAND PLACEHOLDER),15,متوسط,Amazon.sa – Draper tools category,"https://www.amazon.sa/-/en/DIY-Tools-Draper/s?rh=n:12463390031,p_89:Draper",سعر تقديري لموصل خراطيم صغير من دريبر بناءً على أسعار الموصلات المماثلة.,True,False
43,1268,14133,SCISSORS,مقص عام من ماركة DRAPER.,2.0,EA,10.0,20.0,DRAPER,UNKNOWN(=BRAND PLACEHOLDER),25,منخفض,Amazon.sa (Draper tools category),https://www.amazon.sa/-/en/b?ie=UTF8&node=16620999031,سعر تقديري لمقص عام بناءً على معيار أسعار المقصات اليدوية العامة.,True,False
43,1269,11152,CHISEL WITH HANDLE,إزميل معدني بمقبض.,2.0,EA,80.0,160.0,DRAPER,UNKNOWN(=BRAND PLACEHOLDER),25,منخفض,estimated from category benchmark,https://www.amazon.sa/-/en/b?ie=UTF8&node=16620567031,إزميل بمقبض، سعر تقديري لأدوات النجارة والبناء اليدوية الأساسية.,True,False
43,1270,28819,automotive trim removal plier,زردية لفك تشطيبات (ترim) وقشرة السيارات من دريبر.,12.0,EA,176.0,2112.0,DRAPER,UNKNOWN(=BRAND PLACEHOLDER),70,منخفض,تقدير حسب فئة المنتج,"https://www.amazon.sa/-/en/DIY-Tools-Draper/s?rh=n:12463390031,p_89:Draper",زراديات فك تشطيبات السيارات من دريبر منتج متخصص متوسط السعر.,True,False
43,1271,13914,ball joint seperator,أداة فصل مفصل الكرة (بول جوينت) في السيارات.,1.0,EA,176.0,176.0,DRAPER,UNKNOWN(=BRAND PLACEHOLDER),75,منخفض,estimated from category benchmark,https://mdttools.com/,أداة فك مفصل الكرة في نظام التوجيه، أداة صيانة سيارات متخصصة.,True,False
43,1272,13222,"socket 13/16"",12pt,3/8dr",قطعة سوكيت مقاس 13/16 بوصة بمحرك 3/8 بوصة.,48.0,EA,25.0,1200.0,DRAPER,UNKNOWN,20,متوسط,أسعار قطع السوكيت الصغيرة 3/8 درايف,https://www.fyind.com/ksa/en/tool-attachments-and-accessories/impact-socket,قطع السوكيت الصغيرة بمحرك 3/8 بوصة من أرخص فئات السوكيت.,True,False
43,2218,ECLIPSE,PA788/11 GAS PLIER زاج ةيدارز,زردية غاز (قبض أنابيب) مقاس 200 مم من علامة إكليبس.,65.0,EA,95.0,6175.0,ECLIPSE,UK,120,مرتفع,Amazon.com/Amazon.co.uk (Eclipse PA788/11 قائمة فعلية),https://www.amazon.com/Eclipse-Tools-PA788-11-Plier/dp/B004ETD4SI,تم العثور على المنتج بالضبط برمزه PA788/11 بأسعار فعلية 59.58 دولارًا في السوق الأمريكي و21.35 جنيهًا إسترلينيًا في السوق البريطاني، وهذا التقدير يوازن بين السوقين.,True,False
43,1273,40CM,EGAMASTER-40CM,أداة يدوية طولها 40 سم من ماركة EGA (إيجاماستر).,1.0,EA,35.0,35.0,EGA,SPAIN,100,منخفض,estimated from category benchmark,https://www.amazon.sa/-/en/b?ie=UTF8&node=16620999031,سعر تقديري لأداة يدوية طولها 40 سم بالاستناد إلى معيار أسعار عدة إيجاماستر الإسبانية المتوسطة الجودة.,True,False
43,1274,ELORA,"22MM,RING,SLUGG قرط حاتفم",مفتاح قرط حلقي (Ring Slugging Wrench) مقاس 22مم من إلورا.,5.0,EA,140.0,700.0,ELORA,GERMANY,160,متوسط,Bolt Bank – Elora slugging wrench,https://www.boltbank.com/products/elora-27mm-ring-slogging-wrench,سعر تقديري لمفتاح قرط حلقي مقاس 22مم من إلورا بناءً على سعر مفتاح مقاس 27مم المماثل من نفس العلامة.,True,False
43,1275,ELORA,"24MM,RING,SLUGG قرط حاتفم",مفتاح قرط حلقي (Ring Slugging Wrench) مقاس 22مم من إلورا.,1.0,EA,140.0,140.0,ELORA,GERMANY,160,متوسط,Bolt Bank – Elora slugging wrench,https://www.boltbank.com/products/elora-27mm-ring-slogging-wrench,سعر تقديري لمفتاح قرط حلقي مقاس 22مم من إلورا بناءً على سعر مفتاح مقاس 27مم المماثل من نفس العلامة.,True,False
43,1276,"15/16""",ر COMB.WRENCH كتشم حاتفم,مفتاح تركيبي مقاس 15/16 بوصة من ماركة ELORA.,1.0,EA,25.0,25.0,ELORA,GERMANY,75,منخفض,estimated from category benchmark,https://www.amazon.sa/-/en/b?ie=UTF8&node=16621007031,سعر تقديري لمفتاح تركيبي كبير المقاس بالاستناد إلى معيار أسعار مفاتيح إلورا الألمانية المماثلة.,True,False
43,1277,"5/8X3/4""",OPENED WRENCH ىدلب حاتفم,مفتاح بلدي مزدوج المقاس 5/8×3/4 إنش.,5.0,EA,28.0,140.0,ELORA,GERMANY,85,منخفض,estimated from category benchmark,https://www.amazon.sa/-/en/b?ie=UTF8&node=16621003031,مفتاح بلدي من علامة ألمانية معروفة (إيلورا) أعلى جودة وسعرًا من المفاتيح العادية.,True,False
43,1278,MIG270T,"WELDING,MMA,TIG,MIG",ماكينة لحام متعددة الأوضاع (قوس/تيج/ميج) EPS موديل MIG270T.,1.0,EA,7900.0,7900.0,EPS,ITALY,6500,منخفض,تقدير فئة ماكينات لحام متعددة الوظائف,https://www.alibaba.com/showroom/welding-machine-price-saudi-arabia.html,لم يُعثر على سعر محدد لماركة EPS التركية في السوق السعودي؛ ماكينات اللحام متعددة الوظائف (MMA/TIG/MIG) بقدرة مماثلة تتراوح غالباً بين ١٥٠٠-٢٥٠٠ دولار، أقل من التكلفة الداخلية ٧٩٠٠.,True,False
43,1279,220-M,"WELDING,MMA,,MIG,ST.ST.ALU.",ماكينة لحام MIG مخصصة للستانلس ستيل والألمنيوم.,2.0,PC,6700.0,13400.0,EPS,ITALY,5200,منخفض,تقدير فئة ماكينات لحام MIG للستانلس والألمنيوم,https://www.alibaba.com/showroom/welding-machine-price-saudi-arabia.html,لا يوجد سعر محدد؛ ماكينات اللحام لهذه الفئة (ستانلس وألمنيوم) عادة أرخص من التكلفة الداخلية ٦٧٠٠ في السوق الحالي.,True,False
43,1280,T40.60,"PLASMA,CUUTING",ماكينة قص بالبلازما بقدرة ٤٠ أمبير.,1.0,EA,4500.0,4500.0,EPS,ITALY,3200,منخفض,تقدير فئة ماكينات قص بلازما 40 أمبير,https://www.alibaba.com/showroom/welding-machine-price-saudi-arabia.html,ماكينات القص بالبلازما بقدرة ٤٠ أمبير تتراوح عادة بين ٥٠٠-١٠٠٠ دولار، أقل من التكلفة الداخلية ٤٥٠٠.,True,False
43,1281,T60.60,"PLASMA,CUUTING",ماكينة قص بالبلازما بقدرة ٦٠ أمبير.,1.0,EA,5800.0,5800.0,EPS,ITALY,4200,منخفض,تقدير فئة ماكينات قص بلازما 60 أمبير,https://www.alibaba.com/showroom/welding-machine-price-saudi-arabia.html,ماكينات القص بالبلازما بقدرة ٦٠ أمبير أعلى سعراً من فئة ٤٠ أمبير، والتقدير أقل قليلاً من التكلفة الداخلية ٥٨٠٠.,True,False
43,1282,300.6,"BIGTRA,WELDING MACHINE",ماكينة لحام صناعية سلسلة Bigtra من EPS.,2.0,EA,5450.0,10900.0,EPS,ITALY,4500,منخفض,تقدير فئة ماكينات لحام صناعية Bigtra,https://www.alibaba.com/showroom/welding-machine-price-saudi-arabia.html,لا يوجد سعر مباشر؛ التقدير أقل قليلاً من التكلفة الداخلية ٥٤٥٠ بناءً على أسعار ماكينات اللحام الصناعية المماثلة.,True,False
43,1283,TOPTIG220HF,"WELDING MACHINE 220A,TIG,ARC كراو جيت ماحل ةنيكام",ماكينة لحام تيج/قوس كهربائي بقدرة ٢٢٠ أمبير مع تشغيل عالي التردد.,1.0,EA,4880.0,4880.0,EPS,ITALY,4300,منخفض,تقدير فئة ماكينات لحام TIG/ARC 220 أمبير,https://www.alibaba.com/showroom/welding-machine-price-saudi-arabia.html,ماكينات اللحام TIG/ARC بقدرة ٢٢٠ أمبير مع تردد عالٍ (HF) تتراوح بين ١٠٠٠-١٥٠٠ دولار عادة، أقل من التكلفة الداخلية ٤٨٨٠.,True,False
43,2223,ERB,"HELMET,WHITE ءاضيب ةذزخ",خوذة سلامة (كاسك) بيضاء اللون للحماية المهنية من إي آر بي.,9.0,EA,25.0,225.0,ERB,USA,40,منخفض,Amazon.sa - Safety Helmets category,https://www.amazon.sa/-/en/Safety-Helmets/b?ie=UTF8&node=16621112031,خوذة سلامة بيضاء اقتصادية تقارب أسعار الخوذات الأساسية المعروضة في السوق السعودي.,True,False
43,2588,OMEGAII,ORANGE لىاقترب ة1وخ,خوذة سلامة صناعية باللون البرتقالي طراز أوميغا 2.,41.0,EA,25.0,1025.0,ERB,USA,75,متوسط,أسعار خوذات السلامة في السوق السعودي,https://ksa.modern-eastern.com/ppe/head-protection/safety-helmets.html,خوذة سلامة برتقالية من طراز أوميغا 2 قريبة من متوسط أسعار خوذات السلامة الصناعية.,True,False
43,2594,ERB,"HEMET,ORANGEلىافترب ة1وخ",خوذة سلامة صناعية بلون برتقالي.,6.0,EA,25.0,150.0,ERB,USA,45,متوسط,Modern Eastern - Safety Helmets Saudi Arabia,https://ksa.modern-eastern.com/ppe/head-protection/safety-helmets.html,خوذة سلامة برتقالية، ضمن نطاق أسعار خوذات السلامة الصناعية في السوق السعودي.,True,False
43,2596,ERB,"OTANGE,HELLMETلىاقترب ةذوخ",خوذة سلامة صناعية باللون البرتقالي.,50.0,EA,25.0,1250.0,ERB,USA,70,متوسط,أسعار خوذات السلامة في السوق السعودي,https://ksa.modern-eastern.com/ppe/head-protection/safety-helmets.html,خوذات السلامة البرتقالية من ماركات معروفة مثل ERB تباع عادة بين 60-90 ريال.,True,False
43,2597,ERB,"HELMET,YELLOWءارفص ةذوخ",خوذة سلامة (كاسك) صفراء تستخدم للحماية في مواقع العمل.,28.0,EA,25.0,700.0,"ERB,DRA",USA,55,متوسط,estimated from category benchmark (safety helmets),https://www.amazon.sa/,خوذة سلامة صفراء من نوع ERB/دريبر ضمن نطاق أسعار خوذ السلامة القياسية في السوق السعودي.,True,False
43,2314,445706,EXTECH 445703 Big Digit Hygro-Thermometer,جهاز رقمي كبير الشاشة لقياس الرطوبة والحرارة مع ساعة.,7.0,EA,230.0,1610.0,EXTECH,USA,280,منخفض,Extech.com (نفس موديل 445706),https://www.extech.com/products/445706/,نفس موديل 445706 السابق (سطر مكرر)؛ التقدير أعلى من التكلفة الداخلية ١٦٥ بناءً على أسعار السوق العالمية لهذا الجهاز.,True,False
43,2315,39240,Extech 39240: Waterproof Stem Thermometer - FLIR,مقياس حرارة بمجس (ستم) مقاوم للماء من Extech.,9.0,EA,150.0,1350.0,EXTECH,USA,140,منخفض,تقدير فئة موازين حرارة Extech الأساسية,https://www.extech.com/,مقياس حرارة بمجس مقاوم للماء من الفئة الاقتصادية، الأسعار العالمية المماثلة نحو ٣٠-٥٠ دولاراً، قريب من التكلفة الداخلية ١٥٠.,True,False
44,2316,407860,V.METER,جهاز قياس اهتزاز شامل (تسارع/سرعة/إزاحة) من Extech.,1.0,EA,3900.0,3900.0,EXTECH,USA,4000,مرتفع,Test Equipment Depot listing,https://www.testequipmentdepot.com/extech-407860-heavy-duty-digital-vibration-meter-acceleration-200ms2-velocity-200mms.html,عروض فعلية متعددة (٩٧٥-١١٤٩ دولاراً) لنفس الموديل تماماً، وهو متوافق تماماً مع التكلفة الداخلية ٣٩٠٠ مما يؤكد دقة التسعير الداخلي.,True,False
44,2318,EX470,"IR,TRUE RMS MMETER",ملتيميتر بـ١٢ وظيفة قياس من Extech، موديل EX470.,1.0,EA,650.0,650.0,EXTECH,USA,500,متوسط,Test Equipment Depot listing (نفس موديل EX470),https://www.testequipmentdepot.com/extech-ex470-true-rms-professional-multimeter-750vac1000vdc-20a-with-infrared-thermometer.html,نفس موديل EX470 السابق (سطر مكرر)؛ العروض الفعلية بين ١٠٧-١٦٠ دولاراً تجعل التكلفة الداخلية ٦٥٠ أعلى من سعر السوق الحالي.,True,False
44,2319,EX410,TRUE RMS MMETER,ملتيميتر متعدد الوظائف من Extech، موديل EX410.,6.0,EA,190.0,1140.0,EXTECH,USA,320,متوسط,مقارنة مع فئة EX470 (Extech),https://www.testequipmentdepot.com/extech-ex470-true-rms-professional-multimeter-750vac1000vdc-20a-with-infrared-thermometer.html,نفس موديل EX410 السابق (سطر مكرر)؛ التقدير أقل من التكلفة الداخلية ٢٤٠ بناءً على مقارنته مع فئة EX470.,True,False
44,2320,MA120,"AC AMP-200A,CLAMP METER",جهاز كلامب ميتر لقياس التيار المتردد حتى ٢٠٠ أمبير.,2.0,EA,370.0,740.0,EXTECH,USA,220,منخفض,تقدير فئة كلامب ميتر AC من Extech,https://www.extech.com/,أجهزة الكلامب ميتر AC 200 أمبير من Extech تباع عادة بين ٤٠-٧٠ دولاراً، أقل قليلاً من التكلفة الداخلية ٣٧٠.,True,False
44,2324,TG30,TONE GENERATOR,مولد نغمة لتتبع الأسلاك والكابلات.,14.0,EA,225.0,3150.0,EXTECH,USA,260,منخفض,تقدير فئة مولدات النغمة من Extech,https://www.extech.com/,مولدات النغمة لتتبع الأسلاك من Extech تتراوح بين ٦٠-٨٠ دولاراً، قريب من التكلفة الداخلية ٢٢٥.,True,False
44,2327,401014,THERMOMETER,جهاز رقمي بسيط لقياس درجة الحرارة.,32.0,EA,135.0,4320.0,EXTECH,USA,130,منخفض,تقدير فئة موازين حرارة Extech البسيطة,https://www.extech.com/,موازين الحرارة الرقمية الأساسية من Extech رخيصة نسبياً (٢٥-٤٠ دولاراً)، قريب من التكلفة الداخلية ١٣٥.,True,False
44,2328,TP880,TYPE K PENETRATION PROBE,مجس اختراق (بروب) نوع K لقياس حرارة المواد الصلبة.,12.0,EA,210.0,2520.0,EXTECH,USA,150,منخفض,تقدير فئة مجسات ثيرموكابل نوع K,https://www.extech.com/,مجسات الاختراق نوع K تباع عادة كملحق بسعر ٣٠-٥٠ دولاراً، أقل قليلاً من التكلفة الداخلية ٢١٠.,True,False
44,2329,EXT430,"DMM,12FUNCTION",ملتيميتر رقمي بـ١٢ وظيفة قياس من Extech.,1.0,EA,410.0,410.0,EXTECH,USA,400,متوسط,مقارنة مع فئة EX430/EX470 من Extech,https://www.testequipmentdepot.com/extech-ex430a-true-rms-auto-ranging-professional-multimeter-600v-acdc-10a.html,ملتيميتر بـ١٢ وظيفة من نفس الفئة العائلية لـEX430/EX470، بسعر تقديري ١٠٠-١٣٠ دولاراً، أقل قليلاً من التكلفة الداخلية ٤١٠.,True,False
44,2331,STW515,STOP WATCH,ساعة إيقاف رقمية احترافية من Extech.,1.0,EA,190.0,190.0,EXTECH,USA,180,منخفض,تقدير فئة ساعات إيقاف Extech,https://www.extech.com/,ساعات الإيقاف الرقمية الاحترافية من Extech تباع بين ٤٠-٦٠ دولاراً، قريب من التكلفة الداخلية ١٩٠.,True,False
44,2332,365515,STOP WATCH,ساعة إيقاف رقمية بسيطة من Extech.,7.0,EA,120.0,840.0,EXTECH,USA,120,منخفض,تقدير فئة ساعات إيقاف اقتصادية,https://www.extech.com/,موديل أبسط من ساعة الإيقاف السابقة، سعر تقديري ٢٥-٤٠ دولاراً يطابق التكلفة الداخلية ١٢٠ تقريباً.,True,False
44,2333,39272,THERMOMETER FOLDING TYPE,ميزان حرارة رقمي بتصميم قابل للطي.,20.0,EA,150.0,3000.0,EXTECH,USA,150,منخفض,تقدير فئة موازين حرارة قابلة للطي,https://www.extech.com/,موازين الحرارة القابلة للطي من Extech تباع بين ٣٠-٤٥ دولاراً، قريب من التكلفة الداخلية ١٥٠.,True,False
44,2335,392050,EXTECH 392050 Penetration Stem Dial Thermometer,ميزان حرارة بقرص (دايل) ومجس اختراق.,27.0,EA,110.0,2970.0,EXTECH,USA,110,منخفض,تقدير فئة موازين حرارة بعقارب اختراق,https://www.extech.com/,موازين الحرارة ذات القرص والمجس المخترق من Extech رخيصة نسبياً (٢٥-٣٥ دولاراً)، مطابقة تقريباً للتكلفة الداخلية ١١٠.,True,False
44,2345,CA895,VINYL CARRING CASE,حقيبة حمل من الفينيل لأجهزة القياس المحمولة.,9.0,EA,120.0,1080.0,EXTECH,USA,90,منخفض,تقدير فئة حقائب حمل ملحقة (فينيل),https://www.extech.com/,حقيبة حمل فينيل ملحقة بأجهزة القياس، عادة سعرها ١٥-٢٥ دولاراً، قريب من التكلفة الداخلية ١٢٠.,True,False
44,2389,EC501,"PH501,METER حلاملاا سايق زاخج",جهاز قياس درجة الحموضة (PH) والتوصيل الكهربائي من Extech.,8.0,EA,450.0,3600.0,EXTECH,USA,450,منخفض,تقدير فئة أجهزة قياس PH/EC من Extech,https://www.extech.com/,أجهزة قياس PH المكتبية/المحمولة من Extech بهذه الفئة تتراوح بين ١٠٠-١٥٠ دولاراً، تطابق التكلفة الداخلية ٤٥٠ تقريباً.,True,False
44,2390,EC400,"COND,TDS,SALANITY METER نايسر سايق زاهج ر ءاملا ق رايتلا ي",جهاز لقياس التوصيل الكهربائي والأملاح الذائبة (TDS) بالماء.,4.0,EA,55.0,220.0,EXTECH,USA,190,منخفض,تقدير فئة أجهزة قياس TDS/الملوحة,https://www.extech.com/,أجهزة قياس التوصيل والأملاح المذابة البسيطة تباع بين ٤٠-٦٠ دولاراً، مطابقة تقريباً للتكلفة الداخلية ٥٥.,True,False
44,2391,PH110,"EX STIK,PH METER حلاملاا زاهج",جهاز قلمي لقياس درجة الحموضة (EX-Stik).,4.0,EA,655.0,2620.0,EXTECH,USA,380,منخفض,تقدير فئة أجهزة EX Stik PH من Extech,https://www.extech.com/,أجهزة قياس PH بتصميم القلم من Extech تباع عادة بين ٨٠-١٢٠ دولاراً، أقل قليلاً من التكلفة الداخلية ٦٥٥.,True,False
44,2392,PH100,PH METER حلاملاا سايق زاهج,جهاز رقمي لقياس درجة الحموضة (PH) من Extech.,2.0,EA,739.0,1478.0,EXTECH,USA,420,منخفض,تقدير فئة أجهزة قياس PH من Extech,https://www.extech.com/,أجهزة قياس PH بشاشة رقمية من نفس فئة Extech تباع بين ٩٠-١٣٠ دولاراً، أقل من التكلفة الداخلية ٧٣٩.,True,False
44,2393,EC500,"PH,COND,حلاملاا سايق زاهج",جهاز مزدوج لقياس درجة الحموضة والتوصيل الكهربائي.,1.0,EA,450.0,450.0,EXTECH,USA,450,منخفض,تقدير فئة أجهزة PH/التوصيل المزدوجة,https://www.extech.com/,أجهزة تجمع بين قياس PH والتوصيل الكهربائي تباع بين ١٠٠-١٤٠ دولاراً، مطابقة تقريباً للتكلفة الداخلية ٤٥٠.,True,False
44,2395,503,"TDS, TDS503 نابوزلا سايق زاخج",جهاز رقمي متقدم لقياس الأملاح الذائبة الكلية (TDS).,4.0,EA,410.0,1640.0,EXTECH,USA,360,منخفض,تقدير فئة أجهزة قياس TDS المتقدمة,https://www.extech.com/,أجهزة قياس الأملاح الذائبة الكلية بدقة أعلى تباع بين ٨٠-١١٠ دولاراً، أقل قليلاً من التكلفة الداخلية ٤١٠.,True,False
44,2619,EX470,ر ر 12 FUNCTION DMMتيم بلم,ملتيميتر بـ١٢ وظيفة قياس من Extech، موديل EX470.,1.0,EA,650.0,650.0,EXTECH,USA,500,متوسط,Test Equipment Depot listing (نفس موديل EX470),https://www.testequipmentdepot.com/extech-ex470-true-rms-professional-multimeter-750vac1000vdc-20a-with-infrared-thermometer.html,نفس موديل EX470 السابق (سطر مكرر)؛ العروض الفعلية بين ١٠٧-١٦٠ دولاراً تجعل التكلفة الداخلية ٦٥٠ أعلى من سعر السوق الحالي.,True,False
44,2620,EX410,ر ر MULTIFUNCTION DMMددعتم تيم بلم,ملتيميتر متعدد الوظائف من Extech، موديل EX410.,1.0,EA,240.0,240.0,EXTECH,USA,320,متوسط,مقارنة مع فئة EX470 (Extech),https://www.testequipmentdepot.com/extech-ex470-true-rms-professional-multimeter-750vac1000vdc-20a-with-infrared-thermometer.html,نفس موديل EX410 السابق (سطر مكرر)؛ التقدير أقل من التكلفة الداخلية ٢٤٠ بناءً على مقارنته مع فئة EX470.,True,False
44,2621,EX430,ر ر RMS AUTORANG DMMتيم بلم,ملتيميتر True RMS ذاتي المدى من Extech، موديل EX430.,1.0,EA,410.0,410.0,EXTECH,USA,400,متوسط,Test Equipment Depot listing (فئة EX430),https://www.testequipmentdepot.com/extech-ex430a-true-rms-auto-ranging-professional-multimeter-600v-acdc-10a.html,نفس موديل EX430 السابق (سطر مكرر)؛ التقدير أقل قليلاً من التكلفة الداخلية ٤١٠.,True,False
44,2632,445706,HYGR-METER-CLOCK وجلا ةلاح سايق,جهاز رقمي كبير الشاشة لقياس الرطوبة والحرارة مع ساعة.,4.0,EA,165.0,660.0,EXTECH,USA,280,منخفض,Extech.com (نفس موديل 445706),https://www.extech.com/products/445706/,نفس موديل 445706 السابق (سطر مكرر)؛ التقدير أعلى من التكلفة الداخلية ١٦٥ بناءً على أسعار السوق العالمية لهذا الجهاز.,True,False
44,2266,VT-10,vt10-extech,جهاز اختبار جهد كهربائي متعدد الوظائف من إكستك.,2.0,EA,210.0,420.0,EXTTECH,USA,220,متوسط,jjstech.com / globaltestsupply.com,https://www.jjstech.com/ext-vt10.html,جهاز إكستيك VT-10 لفحص الجهد متعدد الوظائف يباع بحوالي 60 دولاراً أمريكياً.,True,False
44,2251,77940,"oil Pump,fieldspACE فيكملا تيز ةخضم",مضخة تفريغ وحقن زيت خاصة بأنظمة التكييف والتبريد.,4.0,ea,760.0,3040.0,FIELDSPA,USA,700,منخفض,تقدير حسب فئة المنتج (مضخات زيت تبريد HVAC),https://www.noon.com/saudi-en/tools-and-home-improvement/power-and-hand-tools/,مضخة زيت تفريغ لأنظمة التكييف من هذه الفئة (مشابهة لمنتجات Fieldpiece/Yellow Jacket) تُباع عادة بين 150-250 دولاراً أمريكياً في السوق العالمي.,True,False
44,2305,SV63,VACUMM GAUGE-,مقياس ضغط تفريغ (فاكيوم غيج) لأنظمة التكييف والتبريد.,3.0,EA,950.0,2850.0,FIELDSPA,USA,220,منخفض,تقدير حسب فئة المنتج (مقاييس تفريغ HVAC),https://www.noon.com/saudi-en/tools-and-home-improvement/power-and-hand-tools/,مقياس تفريغ (فاكيوم) لأنظمة التكييف من هذه الفئة يتراوح سعره عادة بين 40-90 دولاراً أمريكياً في السوق العالمي.,True,False
44,2587,SPDM1,"ر ر dmm,ac/dc,POCKET تيم بلم تكوب",جهاز قياس رقمي جيبي صغير الحجم للتيار المستمر والمتردد.,3.0,EA,120.0,360.0,FIELDSPACE,USA,80,منخفض,استدلال من فئة أجهزة القياس الرقمية الجيبية,https://www.amazon.com/,جهاز قياس رقمي جيبي (ملتيميتر) بسيط يقدر وفق أسعار الأجهزة الاقتصادية المشابهة.,True,False
44,2382,FD/20179,"ر 20M,TAPE تيم",شريط قياس مساحي (فايبر غلاس) طول 20 مترًا من فيسكو البريطانية.,13.0,EA,130.0,1690.0,FISCO,USA,115,متوسط,Bricoinn (Fisco Futura tape),https://www.tradeinn.com/bricoinn/en/fisco-futura-20-m-measuring-tape/139046352/p,العلامة والمقاس (20 مترًا) مطابقان لمنتجات فيسكو الفعلية المتوفرة بأسعار تتراوح بين 20-65 دولارًا حسب الطراز، وتم اعتماد سعر متوسط.,True,False
45,2239,902,ر HVAC CLAMP-TRUE فييكتلل تيمىتلم,كلامب ميتر True RMS لأنظمة التكييف والتبريد من فلوك، موديل 902.,9.0,,1750.0,15750.0,FLUKE,USA,1700,متوسط,sauditesttools.com (موزع فلوك في السعودية),https://sauditesttools.com/fluke-902fc/,الجهاز مدرج فعلياً لدى موزع فلوك المعتمد في السعودية لكن دون سعر ظاهر؛ سعره العالمي المعتاد نحو ٢٥٠-٣٠٠ دولار، قريب من التكلفة الداخلية ١٧٥٠ بعد هامش الاستيراد.,True,False
45,2252,566/568,ر IR THERMOMETER ةرارحلل تيم بملاك,ميزان حرارة بالأشعة تحت الحمراء مع مجس تلامسي من فلوك.,2.0,ea,2100.0,4200.0,FLUKE,USA,2100,مرتفع,Solutions Direct Online listing,https://www.solutionsdirectonline.com/fluke-566-handheld-ir-thermometer-2837799,سعر فعلي معلن ٥٦٨.٩٩ دولاراً لنفس الموديل، وهو مطابق تقريباً للتكلفة الداخلية ٢١٠٠ بعد التحويل للريال.,True,False
45,2311,PRO3000,PROBE,مولد نغمة لتتبع الكابلات، جزء من طقم Fluke Pro3000.,16.0,EA,290.0,4640.0,FLUKE,USA,900,منخفض,تقدير فئة أطقم Fluke Pro3000 الكاملة,https://www.fluke.com/en-us/product/electrical-testing/circuit-tracers/fluke-pro3000,طقم مولد النغمة الكامل Pro3000 من فلوك يباع عادة بحوالي ٢٥٠-٣٥٠ دولاراً، أعلى من التكلفة الداخلية ٤٧٠.,True,False
45,2312,PRO3000,TONE GENERATOR,مولد نغمة لتتبع الكابلات، جزء من طقم Fluke Pro3000.,16.0,kit,470.0,7520.0,FLUKE,USA,900,منخفض,تقدير فئة أطقم Fluke Pro3000 الكاملة,https://www.fluke.com/en-us/product/electrical-testing/circuit-tracers/fluke-pro3000,طقم مولد النغمة الكامل Pro3000 من فلوك يباع عادة بحوالي ٢٥٠-٣٥٠ دولاراً، أعلى من التكلفة الداخلية ٤٧٠.,True,False
45,2317,80PK22,TEMP.PROBE,مجس حرارة ثيرموكابل ملحق بأجهزة فلوك، موديل 80PK-22.,1.0,EA,470.0,470.0,FLUKE,USA,300,منخفض,تقدير فئة مجسات حرارة فلوك (80PK series),https://www.fluke.com/,مجسات الحرارة الملحقة من سلسلة 80PK لدى فلوك تباع بين ٦٠-١٠٠ دولار، أقل قليلاً من التكلفة الداخلية ٤٧٠.,True,False
45,2321,TL71,TEST LEAD SET,طقم أسلاك اختبار (بروبات) لأجهزة القياس من فلوك.,4.0,EA,380.0,1520.0,FLUKE,USA,220,منخفض,تقدير فئة أطقم أسلاك اختبار فلوك (TL series),https://www.fluke.com/,أطقم أسلاك الاختبار من فلوك (TL series) تباع بين ٤٠-٧٠ دولاراً، أقل من التكلفة الداخلية ٣٨٠.,True,False
45,2322,TL75,HARD POINT TESTE LEADS SET,طقم أسلاك اختبار برأس صلب من فلوك.,8.0,EA,150.0,1200.0,FLUKE,USA,240,منخفض,تقدير فئة أسلاك اختبار برأس صلب (TL75),https://www.fluke.com/,موديل مماثل لـTL71 بسعر تقديري مقارب، أعلى من التكلفة الداخلية ١٥٠ نظراً لجودة الأسلاك المعززة.,True,False
45,2401,CO-220,"MONOXIDE,CARBON نوبركلا ديسكا لوا فشك زاهج",جهاز رقمي لكشف وقياس أول أكسيد الكربون من فلوك.,1.0,EA,2310.0,2310.0,FLUKE,USA,2250,مرتفع,Cole-Parmer / Test Equipment Depot listings,https://www.coleparmer.com/i/fluke-co-220-digital-carbon-monoxide-meter/2602000,عروض فعلية متعددة (٥٠٠-٧٣٠ دولاراً) لنفس الموديل بالضبط، وهي متوافقة تماماً مع التكلفة الداخلية ٢٣١٠.,True,False
45,2635,80I-500S,"AC CURRENT PROBE,JAW CLAMPتيبما بملاك",مجس تيار متردد بفك الفك (كلامب) للاستخدام مع أجهزة فلوك، موديل 80i-500s.,1.0,EA,195.0,195.0,FLUKE,USA,1400,منخفض,تقدير فئة مجسات تيار AC (80i series),https://www.fluke.com/,مجسات التيار AC بفك الفك من سلسلة 80i لدى فلوك تباع عادة بين ٣٠٠-٥٠٠ دولار، أعلى من التكلفة الداخلية ١٩٥ بكثير مما يوحي بأن السعر الداخلي منخفض جداً.,True,False
45,2347,67772,PITSBURGH-BRAKE BLEEDER,جهاز سحب زيت الفرامل (بريك بليدر) من ماركة PITTSBURGH.,1.0,EA,35.0,35.0,FREIGH,USA,80,منخفض,estimated from category benchmark,https://www.amazon.sa/-/en/b?ie=UTF8&node=16620999031,سعر تقديري لجهاز سحب زيت الفرامل بالاستناد إلى معيار أسعار أدوات صيانة السيارات المماثلة.,True,False
45,1286,GEDORE,"RING,1.1/2"",SLUGG قرط حاتفم",مفتاح حلقي ثقيل مخصص للطرق بالمطرقة (رينج سلجينج رانش) بمقاس 1-5/8 بوصة.,1.0,EA,285.0,285.0,GEDORE,GERMANY,260,منخفض,KC Tool - Gedore Ring Slogging Spanner,https://kctool.com/products/gedore-306-1-7-8af-ring-slogging-spanner-1-7-8,مفاتيح الطرق الحلقية (رينج سلجينج) من جيدور علامة ألمانية فاخرة وأسعارها أعلى من المفاتيح العادية.,True,False
45,1287,GEDORE,"RING,1.5/8,SLUGG قرط حاتفم",مفتاح حلقي ثقيل مخصص للطرق بالمطرقة (رينج سلجينج رانش) بمقاس 1-5/8 بوصة.,1.0,EA,320.0,320.0,GEDORE,GERMANY,260,منخفض,KC Tool - Gedore Ring Slogging Spanner,https://kctool.com/products/gedore-306-1-7-8af-ring-slogging-spanner-1-7-8,مفاتيح الطرق الحلقية (رينج سلجينج) من جيدور علامة ألمانية فاخرة وأسعارها أعلى من المفاتيح العادية.,True,False
45,2243,MMG608,grain moisture tester ةبوطرلا سايق زاهج,جهاز لقياس نسبة الرطوبة في الحبوب والحاصلات الزراعية.,1.0,kit,1350.0,1350.0,GENERAL,USA,450,متوسط,toptoolskits.com / tequipment.net listings,https://www.toptoolskits.com,وُجد سعر فعلي لجهاز جنرال تولز MMG608 لقياس رطوبة الحبوب يتراوح بين 45-183 دولاراً أمريكياً حسب الموزع.,True,False
45,2245,93547,"FUEL PUMP,VACUUM TESTER طغض رابتخا ةادا دوقولا",جهاز اختبار ضغط الفراغ ومضخة الوقود.,1.0,KIT,165.0,165.0,GENERAL,USA,200,منخفض,estimated from category benchmark,https://mdttools.com/,جهاز اختبار فراغ ومضخة وقود متخصص من جنرال تولز، سعر تقديري لأجهزة الاختبار المتخصصة.,True,False
45,2326,WPT100,"SEEKER,WATER PURITY",جهاز رقمي لقياس نقاوة (جودة) المياه.,1.0,EA,550.0,550.0,GENERAL,USA,50,متوسط,تقدير عام لأجهزة قياس نقاوة المياه (TDS),https://generaltools.com/,جهاز صغير لقياس نقاوة المياه من جنرال تولز يقارن بأجهزة TDS الرقمية الرخيصة.,True,True
45,2330,SW100AY,STOPWATCH-YELLOW,ساعة توقيت رقمية (ستوب واتش) صفراء.,8.0,EA,70.0,560.0,GENERAL,USA,55,متوسط,General Tools SW100A Stopwatch - Zoro/Medute,https://www.medute.com/products/general-tools-instruments-stopwatch-timer-multi-function-each-sw100a,ساعة توقيت رقمية من جنرال تولز بسعر يتراوح 12-40 دولاراً حسب المصدر مع هامش استيراد.,True,False
45,2377,DCS300,BOROSCOPE,جهاز بوروسكوب (منظار فحص) للأماكن الضيقة.,1.0,EA,1200.0,1200.0,GENERAL,USA,650,متوسط,تقدير حسب أسعار منظار الفحص (بوروسكوب) العالمية,https://www.amazon.sa/-/en/b?ie=UTF8&node=16621040031,أجهزة البوروسكوب الاحترافية موديل DCS300 من فئة أدوات الفحص الفنية متوسطة إلى عالية السعر.,True,False
45,2381,WPT100,"SEEKER,MOUSTURE,WATER QUALITY",جهاز محمول من جنرال تولز لفحص الرطوبة وجودة المياه.,2.0,EA,295.0,590.0,GENERAL,USA,230,منخفض,estimated from category benchmark (water quality/moisture meters),https://www.generaltools.com/,جهاز جنرال لفحص الرطوبة وجودة المياه WPT100، والتقدير مبني على أسعار أجهزة جنرال تولز المشابهة لقياس الرطوبة.,True,False
45,2394,CL207,ر CHLORMINE STANDARD يرلوروكلا سايق زاهج,محلول معايرة قياسي للكلور (كلورامين) لأجهزة قياس الكلور، رقم CL207.,9.0,EA,220.0,1980.0,GENERAL,USA,187,مرتفع,Test Equipment Depot (Extech CL207),https://www.testequipmentdepot.com/extech-cl207-chlorine-standard-1ppm-standard-for-chlorine-meters-cal.html,رقم الصنف CL207 مطابق تمامًا لمنتج معايرة الكلور المعروف (إكستك، ضمن مجموعة جنرال تولز)، وسعره الفعلي لدى موزع أمريكي متخصص يتراوح بين 47-57 دولارًا.,True,False
45,2397,NGD268,GAS DETECTOR نويرفلا زاهج,جهاز يدوي محمول للكشف عن تسرب الغازات القابلة للاشتعال.,1.0,EA,1380.0,1380.0,GENERAL,USA,900,مرتفع,Alliance Supply listing,https://www.alliancesupply.com/Products/PORTABLE-GAS-LEAK-DETECTOR__318-NGD268.aspx,وُجد سعر فعلي حديث لجهاز جنرال تولز NGD268 بحدود 202-227 دولاراً أمريكياً من موزع متخصص بمعدات الاختبار.,True,False
45,2398,MMD900,"MOISTUTE TESTER FOR WOOS,PIN/PINLES اهج ر بشخلا ق ةبوطرلل ي",جهاز قياس رطوبة الخشب بنوعي الاستشعار بالإبرة وبدون إبرة مع مسبار عن بعد.,1.0,EA,750.0,750.0,GENERAL,USA,712,مرتفع,Penn Tool Co - General MMD900,https://www.penntoolco.com/general-pin-pinless-deep-sensing-moisture-meter-with-remote-probe-mmd900/,جهاز فحص رطوبة الخشب MMD900 من جنرال تولز موجود فعلياً بسعر يقارب 178 دولاراً أمريكياً لدى موزعين معتمدين.,True,False
45,2403,506,"EC METER,COND.",جهاز محمول لقياس التوصيل الكهربائي (EC) للسوائل من جنرال تولز.,6.0,EA,350.0,2100.0,GENERAL,USA,280,منخفض,تقدير حسب فئة المنتج,https://www.amazon.com/s?k=conductivity+meter+general+tools,أجهزة قياس التوصيل الكهربائي المحمولة من جنرال تولز تقع عادة في هذا النطاق السعري لأجهزة القياس البسيطة.,True,False
45,2618,MMD4E,SEEKER-MOISTURE ةبوطرلا ثحاب,جهاز قياس رطوبة رقمي بالإبر من جنرال تولز.,11.0,EA,435.0,4785.0,GENERAL,USA,175,مرتفع,Walmart/Woodcraft/Parkrose Hardware - General MMD4E,https://www.parkrosehardware.com/2752694/product/General-MMD4E,تم العثور على نفس الموديل بالضبط لدى عدة متاجر بأسعار بين 28-63 دولاراً أمريكياً.,True,False
45,1288,"7""",AUTO-WIRE STRIPPER-GERMANY,أداة يدوية لتعرية أسلاك السيارات (أوتو وير ستريبر) صناعة ألمانية.,4.0,EA,48.0,192.0,GER,GERMANY,35,منخفض,estimated from category benchmark,https://www.amazon.sa/-/en/b?ie=UTF8&node=16620587031,أداة تعرية أسلاك السيارات صناعة ألمانية مقاس 7 بوصة سعرها متوسط ضمن أدوات الكهرباء.,True,False
45,1289,32380 0015,"FISH TAPE 15M,NYLON",شريط سحب أسلاك كهربائية (Fish Tape) نايلون طوله 15 مترًا.,24.0,ROLL,35.0,840.0,GER,GERMANY,150,منخفض,estimated from category benchmark,https://mdttools.com/shop/,سعر تقديري لشريط سحب أسلاك (فيش تيب) نايلون طول 15م ألماني الصنع بناءً على أسعار أدوات الكهرباء المماثلة.,True,False
45,1290,323800030,"FISH TAPE,30M,NYLON",شريط سحب أسلاك (Fish Tape) نايلون بطول 30 متر.,24.0,ROLL,50.0,1200.0,GER,GERMANY,150,متوسط,تقدير عام لشرائط سحب الأسلاك (Fish Tape),https://www.amazon.sa/-/en/b?ie=UTF8&node=16620587031,شريط سحب الأسلاك النايلون بطول 30 متر أداة كهربائية متخصصة متوسطة السعر.,True,False
45,1291,323700010,"FISH TAPE,NYLON,10MM",شريط نايلون لسحب وتمرير الأسلاك داخل المواسير الكهربائية.,14.0,EA,30.0,420.0,GER,GERMANY,110,منخفض,استدلال من فئة أشرطة سحب الأسلاك,https://www.amazon.com/,شريط سحب الأسلاك (فيش تيب) من النايلون بقطر 10مم يقدر وفق أسعار الفئة العامة للأدوات الكهربائية.,True,False
45,1292,323700010,"FISH TAPE,ST,10M",شريط سحب أسلاك (فيش تيب) فولاذي بطول 15 متراً.,14.0,ROLL,40.0,560.0,GER,GERMANY,205,متوسط,تقدير استناداً لفئة أشرطة سحب الأسلاك الفولاذية,https://www.zoro.com/,أشرطة سحب الأسلاك الفولاذية بطول 15 متراً تُباع عادة بين 40-70 دولاراً في السوق المتخصص للكهربائيين.,True,False
45,1293,323700015,"FISH TAPE,ST,15M",شريط سحب أسلاك (فيش تيب) فولاذي بطول 15 متراً.,37.0,ROLL,50.0,1850.0,GER,GERMANY,205,متوسط,تقدير استناداً لفئة أشرطة سحب الأسلاك الفولاذية,https://www.zoro.com/,أشرطة سحب الأسلاك الفولاذية بطول 15 متراً تُباع عادة بين 40-70 دولاراً في السوق المتخصص للكهربائيين.,True,False
46,1294,323700020,"FISH TAPE,ST,20M",شريط سحب أسلاك (فيش تيب) فولاذي بطول 15 متراً.,0.0,ROLL,0.0,0.0,GER,GERMANY,205,متوسط,تقدير استناداً لفئة أشرطة سحب الأسلاك الفولاذية,https://www.zoro.com/,أشرطة سحب الأسلاك الفولاذية بطول 15 متراً تُباع عادة بين 40-70 دولاراً في السوق المتخصص للكهربائيين.,True,False
46,1295,323700030,"FISH TAPE,ST,30M",شريط سحب أسلاك (فيش تيب) فولاذي بطول 15 متراً.,29.0,ROLL,55.0,1595.0,GER,GERMANY,205,متوسط,تقدير استناداً لفئة أشرطة سحب الأسلاك الفولاذية,https://www.zoro.com/,أشرطة سحب الأسلاك الفولاذية بطول 15 متراً تُباع عادة بين 40-70 دولاراً في السوق المتخصص للكهربائيين.,True,False
46,1296,553-190,TORX ALLEN KEY,مفتاح تركس (نجمي) مفرد.,26.0,SET,135.0,3510.0,GER,GERMANY,40,منخفض,تقدير استناداً لفئة مفاتيح التركس المفردة,https://www.amazon.com/s?k=torx+key,لا يوجد سعر مباشر للعلامة التجارية GER؛ مفاتيح التركس المفردة الأساسية تُباع عادة بأقل من 15 دولاراً.,True,False
46,1297,WGB,"1/2DR,SKT,25PCSMMM",طقم بوكسات متري مقاس 1/2 بوصة مكون من 25 قطعة.,8.0,SET,550.0,4400.0,GER,GERMANY,245,منخفض,تقدير استناداً لفئة أطقم البوكسات المتري,https://www.zoro.com/,لا يوجد سعر محدد للعلامة التجارية؛ التقدير مبني على أطقم البوكسات المتوسطة الجودة المماثلة في السوق.,True,False
46,1298,98 24 03,PH3 SCREWDRIVER,مفك براغي صليبة (فيليبس) PH3 من علامة ألمانية.,23.0,PCS,37.0,851.0,GER,GERMANY,40,منخفض,estimated from category benchmark (German premium screwdrivers),"https://www.amazon.sa/-/en/DIY-Tools-Draper/s?rh=n:12463390031,p_89:Draper",سعر تقديري لمفك صليبة PH3 ألماني الصنع بناءً على أسعار المفكات الألمانية عالية الجودة المماثلة.,True,False
46,1299,129 009,T9 TORX سكروت كفم,مفك توركس (نجمة) مقاس T9.,12.0,PCS,12.0,144.0,GER,GERMANY,15,متوسط,Noon.com - Screwdriver benchmark,https://www.noon.com/saudi-en/phillips-screwdriver-ph3x150mm/Z7118ECBE6FE728A45388Z/p/,مفك توركس مقاس T9، ضمن نطاق أسعار المفكات المتخصصة الصغيرة.,True,False
46,1300,129 010,T10-TORX سكروت كفم,مفك براغي نجمي الشكل (تورکس) مقاس T40.,13.0,PCS,15.0,195.0,GER,GERMANY,50,متوسط,تقدير حسب فئة المنتج (مفكات تورکس ألمانية),https://www.noon.com/saudi-en/tools-and-home-improvement/power-and-hand-tools/,مفك نجمي (تورکس) مقاس T40 من ماركة ألمانية (يُرجح أنها غيديور)، وأسعار المفكات المفردة من هذه الفئة تتراوح عادة بين 8-15 يورو.,True,False
46,1301,129 015,T15-TORX سكروت كفم,مفك براغي نجمي الشكل (تورکس) مقاس T40.,24.0,PCS,16.0,384.0,GER,GERMANY,50,متوسط,تقدير حسب فئة المنتج (مفكات تورکس ألمانية),https://www.noon.com/saudi-en/tools-and-home-improvement/power-and-hand-tools/,مفك نجمي (تورکس) مقاس T40 من ماركة ألمانية (يُرجح أنها غيديور)، وأسعار المفكات المفردة من هذه الفئة تتراوح عادة بين 8-15 يورو.,True,False
46,1302,129 025,T25-TORX سكروت كفم,مفك براغي نجمي الشكل (تورکس) مقاس T40.,9.0,PCS,18.0,162.0,GER,GERMANY,50,متوسط,تقدير حسب فئة المنتج (مفكات تورکس ألمانية),https://www.noon.com/saudi-en/tools-and-home-improvement/power-and-hand-tools/,مفك نجمي (تورکس) مقاس T40 من ماركة ألمانية (يُرجح أنها غيديور)، وأسعار المفكات المفردة من هذه الفئة تتراوح عادة بين 8-15 يورو.,True,False
46,1303,129 040,T40-TORX سكروت كفم,مفك براغي نجمي الشكل (تورکس) مقاس T40.,30.0,PCS,25.0,750.0,GER,GERMANY,50,متوسط,تقدير حسب فئة المنتج (مفكات تورکس ألمانية),https://www.noon.com/saudi-en/tools-and-home-improvement/power-and-hand-tools/,مفك نجمي (تورکس) مقاس T40 من ماركة ألمانية (يُرجح أنها غيديور)، وأسعار المفكات المفردة من هذه الفئة تتراوح عادة بين 8-15 يورو.,True,False
46,1304,129 045,T45-TORX سكروت كفم,مفك براغي نجمي الشكل (تورکس) مقاس T40.,12.0,PCS,30.0,360.0,GER,GERMANY,50,متوسط,تقدير حسب فئة المنتج (مفكات تورکس ألمانية),https://www.noon.com/saudi-en/tools-and-home-improvement/power-and-hand-tools/,مفك نجمي (تورکس) مقاس T40 من ماركة ألمانية (يُرجح أنها غيديور)، وأسعار المفكات المفردة من هذه الفئة تتراوح عادة بين 8-15 يورو.,True,False
46,1305,129 030,T30-TORX سكروت كفم,مفك براغي نجمي الشكل (تورکس) مقاس T40.,21.0,PCS,22.0,462.0,GER,GERMANY,50,متوسط,تقدير حسب فئة المنتج (مفكات تورکس ألمانية),https://www.noon.com/saudi-en/tools-and-home-improvement/power-and-hand-tools/,مفك نجمي (تورکس) مقاس T40 من ماركة ألمانية (يُرجح أنها غيديور)، وأسعار المفكات المفردة من هذه الفئة تتراوح عادة بين 8-15 يورو.,True,False
46,1306,T29,T29 سكروت كفم,مفك تورکس T29 من ماركة GER.,1.0,PCS,35.0,35.0,GER,GERMANY,18,منخفض,estimated from category benchmark,https://www.amazon.sa/-/en/b?ie=UTF8&node=16620587031,سعر تقديري لمفك تورکس بالاستناد إلى معيار أسعار مفكات تورکس العامة.,True,False
46,1307,WGB,"27MM,OPEN,SLUGG قرط حاتفم",مفتاح قرط (طرق) مفتوح مقاس 27مم.,3.0,EA,175.0,525.0,GER,GERMANY,80,منخفض,تقدير عام لمفاتيح القرط المفتوحة الثقيلة,https://www.ebay.com/b/VICTOR-Industrial-Gas-Cutting-Torches/182903/bn_7112367291,مفتاح قرط مفتوح مقاس 27مم يستخدم في التطبيقات الصناعية الثقيلة وأعلى سعراً من المفاتيح العادية.,True,False
46,1308,1.1/16,ر COMB.WRENCH كتشم حاتفم,مفتاح مشترك (فرنساوي) بمقاس 1-1/16 إنش.,11.0,EA,210.0,2310.0,GER,GERMANY,100,منخفض,تقدير فئوي لمفاتيح مشتركة بمقاس إنشي كبير,https://www.amazon.com/,مفتاح مشترك بمقاس إنشي كبير نسبيًا (1-1/16 إنش)، وهذا المقاس أكبر من المقاسات الشائعة الصغيرة فيرتفع سعره قليلاً عنها.,True,False
46,1309,"7/8X3/4""",RING WRENCH موتخم حاتفم,مفتاح رنق مزدوج المقاس 55×60 مم من علامة GER.,28.0,EA,32.0,896.0,GER,GERMANY,200,منخفض,تقدير فئوي لمفاتيح رنق كبيرة المقاس,https://www.amazon.com/leather-punch-set/s?k=leather+punch+set,مفتاح رنق (موتخم) بمقاس كبير 55×60 مم غير قياسي، وهذه المقاسات الكبيرة أغلى من المفاتيح العادية القياسية.,True,False
46,1310,27X32,OPENED WRENCH ىدلب حاتفم,مفتاح حوتفم مزدوج الفتحة مقاس 27×32 مم.,9.0,EA,110.0,990.0,GER,GERMANY,70,منخفض,تقدير استناداً لفئة مفاتيح الحوتفم الكبيرة,https://www.zoro.com/,لا يوجد سعر محدد للعلامة التجارية GER؛ التقدير مبني على مفاتيح الحوتفم الصناعية الكبيرة المماثلة في السوق.,True,False
46,1311,"7/8X13/16""",RING WRENCH موتخم حاتفم,مفتاح رنق مزدوج المقاس 55×60 مم من علامة GER.,6.0,EA,32.0,192.0,GER,GERMANY,200,منخفض,تقدير فئوي لمفاتيح رنق كبيرة المقاس,https://www.amazon.com/leather-punch-set/s?k=leather+punch+set,مفتاح رنق (موتخم) بمقاس كبير 55×60 مم غير قياسي، وهذه المقاسات الكبيرة أغلى من المفاتيح العادية القياسية.,True,False
46,1312,14X15,RING WRENCH موتخم حاتفم,مفتاح رنق مزدوج المقاس 55×60 مم من علامة GER.,1.0,EA,17.0,17.0,GER,GERMANY,200,منخفض,تقدير فئوي لمفاتيح رنق كبيرة المقاس,https://www.amazon.com/leather-punch-set/s?k=leather+punch+set,مفتاح رنق (موتخم) بمقاس كبير 55×60 مم غير قياسي، وهذه المقاسات الكبيرة أغلى من المفاتيح العادية القياسية.,True,True
46,1313,16X17,RING WRENCH موتخم حاتفم,مفتاح رنق مزدوج المقاس 55×60 مم من علامة GER.,1.0,EA,20.0,20.0,GER,GERMANY,200,منخفض,تقدير فئوي لمفاتيح رنق كبيرة المقاس,https://www.amazon.com/leather-punch-set/s?k=leather+punch+set,مفتاح رنق (موتخم) بمقاس كبير 55×60 مم غير قياسي، وهذه المقاسات الكبيرة أغلى من المفاتيح العادية القياسية.,True,True
46,1314,21X23,RING WRENCH موتخم حاتفم,مفتاح رنق مزدوج المقاس 55×60 مم من علامة GER.,2.0,EA,27.0,54.0,GER,GERMANY,200,منخفض,تقدير فئوي لمفاتيح رنق كبيرة المقاس,https://www.amazon.com/leather-punch-set/s?k=leather+punch+set,مفتاح رنق (موتخم) بمقاس كبير 55×60 مم غير قياسي، وهذه المقاسات الكبيرة أغلى من المفاتيح العادية القياسية.,True,False
46,1315,"3/4x25/32""",RING WRENCH موتخم حاتفم,مفتاح رنق مزدوج المقاس 55×60 مم من علامة GER.,2.0,EA,22.0,44.0,GER,GERMANY,200,منخفض,تقدير فئوي لمفاتيح رنق كبيرة المقاس,https://www.amazon.com/leather-punch-set/s?k=leather+punch+set,مفتاح رنق (موتخم) بمقاس كبير 55×60 مم غير قياسي، وهذه المقاسات الكبيرة أغلى من المفاتيح العادية القياسية.,True,True
46,1316,24X26,RING WRENCH موتخم حاتفم,مفتاح رنق مزدوج المقاس 55×60 مم من علامة GER.,1.0,EA,45.0,45.0,GER,GERMANY,200,منخفض,تقدير فئوي لمفاتيح رنق كبيرة المقاس,https://www.amazon.com/leather-punch-set/s?k=leather+punch+set,مفتاح رنق (موتخم) بمقاس كبير 55×60 مم غير قياسي، وهذه المقاسات الكبيرة أغلى من المفاتيح العادية القياسية.,True,False
46,1317,27X32,OPENED WRENCH ىدلب حاتفم,مفتاح حوتفم مزدوج الفتحة مقاس 27×32 مم.,2.0,EA,88.0,176.0,GER,GERMANY,70,منخفض,تقدير استناداً لفئة مفاتيح الحوتفم الكبيرة,https://www.zoro.com/,لا يوجد سعر محدد للعلامة التجارية GER؛ التقدير مبني على مفاتيح الحوتفم الصناعية الكبيرة المماثلة في السوق.,True,False
46,1318,"1X15/16""",RING WRENCH موتخم حاتفم,مفتاح رنق مزدوج المقاس 55×60 مم من علامة GER.,1.0,EA,38.0,38.0,GER,GERMANY,200,منخفض,تقدير فئوي لمفاتيح رنق كبيرة المقاس,https://www.amazon.com/leather-punch-set/s?k=leather+punch+set,مفتاح رنق (موتخم) بمقاس كبير 55×60 مم غير قياسي، وهذه المقاسات الكبيرة أغلى من المفاتيح العادية القياسية.,True,False
46,1319,"1X15/16""",OPENED WRENCH ىدلب حاتفم,مفتاح حوتفم مزدوج الفتحة مقاس 27×32 مم.,1.0,EA,38.0,38.0,GER,GERMANY,70,منخفض,تقدير استناداً لفئة مفاتيح الحوتفم الكبيرة,https://www.zoro.com/,لا يوجد سعر محدد للعلامة التجارية GER؛ التقدير مبني على مفاتيح الحوتفم الصناعية الكبيرة المماثلة في السوق.,True,False
46,1320,27X29,OPENED WRENCH ىدلب حاتفم,مفتاح حوتفم مزدوج الفتحة مقاس 27×32 مم.,2.0,EA,75.0,150.0,GER,GERMANY,70,منخفض,تقدير استناداً لفئة مفاتيح الحوتفم الكبيرة,https://www.zoro.com/,لا يوجد سعر محدد للعلامة التجارية GER؛ التقدير مبني على مفاتيح الحوتفم الصناعية الكبيرة المماثلة في السوق.,True,False
46,1321,1.5/8X1.7/16,"""OPENED WRENCH ىدلب حاتفم",مفتاح حوتفم مزدوج الفتحة مقاس 27×32 مم.,1.0,EA,198.0,198.0,GER,GERMANY,70,منخفض,تقدير استناداً لفئة مفاتيح الحوتفم الكبيرة,https://www.zoro.com/,لا يوجد سعر محدد للعلامة التجارية GER؛ التقدير مبني على مفاتيح الحوتفم الصناعية الكبيرة المماثلة في السوق.,True,False
46,1322,9MM,ر COMB.WRENCH كتشم حاتفم,مفتاح مشترك (فرنساوي) بمقاس 1-1/16 إنش.,24.0,EA,12.0,288.0,GER,GERMANY,100,منخفض,تقدير فئوي لمفاتيح مشتركة بمقاس إنشي كبير,https://www.amazon.com/,مفتاح مشترك بمقاس إنشي كبير نسبيًا (1-1/16 إنش)، وهذا المقاس أكبر من المقاسات الشائعة الصغيرة فيرتفع سعره قليلاً عنها.,True,True
46,1323,22X24,OPENED WRENCH ىدلب حاتفم,مفتاح حوتفم مزدوج الفتحة مقاس 27×32 مم.,1.0,EA,38.0,38.0,GER,GERMANY,70,منخفض,تقدير استناداً لفئة مفاتيح الحوتفم الكبيرة,https://www.zoro.com/,لا يوجد سعر محدد للعلامة التجارية GER؛ التقدير مبني على مفاتيح الحوتفم الصناعية الكبيرة المماثلة في السوق.,True,False
46,1324,17X19,OPENED WRENCH ىدلب حاتفم,مفتاح حوتفم مزدوج الفتحة مقاس 27×32 مم.,2.0,EA,28.0,56.0,GER,GERMANY,70,منخفض,تقدير استناداً لفئة مفاتيح الحوتفم الكبيرة,https://www.zoro.com/,لا يوجد سعر محدد للعلامة التجارية GER؛ التقدير مبني على مفاتيح الحوتفم الصناعية الكبيرة المماثلة في السوق.,True,False
46,1325,19X21,OPENED WRENCH ىدلب حاتفم,مفتاح حوتفم مزدوج الفتحة مقاس 27×32 مم.,1.0,EA,28.0,28.0,GER,GERMANY,70,منخفض,تقدير استناداً لفئة مفاتيح الحوتفم الكبيرة,https://www.zoro.com/,لا يوجد سعر محدد للعلامة التجارية GER؛ التقدير مبني على مفاتيح الحوتفم الصناعية الكبيرة المماثلة في السوق.,True,False
46,1326,"3/4X7/8""",OPENED WRENCH ىدلب حاتفم,مفتاح حوتفم مزدوج الفتحة مقاس 27×32 مم.,9.0,EA,25.0,225.0,GER,GERMANY,70,منخفض,تقدير استناداً لفئة مفاتيح الحوتفم الكبيرة,https://www.zoro.com/,لا يوجد سعر محدد للعلامة التجارية GER؛ التقدير مبني على مفاتيح الحوتفم الصناعية الكبيرة المماثلة في السوق.,True,False
47,1327,16X17,RING WRENCH موتخم حاتفم,مفتاح رنق مزدوج المقاس 55×60 مم من علامة GER.,3.0,EA,22.0,66.0,GER,GERMANY,200,منخفض,تقدير فئوي لمفاتيح رنق كبيرة المقاس,https://www.amazon.com/leather-punch-set/s?k=leather+punch+set,مفتاح رنق (موتخم) بمقاس كبير 55×60 مم غير قياسي، وهذه المقاسات الكبيرة أغلى من المفاتيح العادية القياسية.,True,True
47,1328,21X23,OPENED WRENCH ىدلب حاتفم,مفتاح حوتفم مزدوج الفتحة مقاس 27×32 مم.,3.0,EA,32.0,96.0,GER,GERMANY,70,منخفض,تقدير استناداً لفئة مفاتيح الحوتفم الكبيرة,https://www.zoro.com/,لا يوجد سعر محدد للعلامة التجارية GER؛ التقدير مبني على مفاتيح الحوتفم الصناعية الكبيرة المماثلة في السوق.,True,False
47,1329,"15/16X1.1/2""",OPENED WRENCH ىدلب حاتفم,مفتاح حوتفم مزدوج الفتحة مقاس 27×32 مم.,3.0,EA,65.0,195.0,GER,GERMANY,70,منخفض,تقدير استناداً لفئة مفاتيح الحوتفم الكبيرة,https://www.zoro.com/,لا يوجد سعر محدد للعلامة التجارية GER؛ التقدير مبني على مفاتيح الحوتفم الصناعية الكبيرة المماثلة في السوق.,True,False
47,1330,"1X1.1/8""",RING WRENCH موتخم حاتفم,مفتاح رنق مزدوج المقاس 55×60 مم من علامة GER.,5.0,EA,55.0,275.0,GER,GERMANY,200,منخفض,تقدير فئوي لمفاتيح رنق كبيرة المقاس,https://www.amazon.com/leather-punch-set/s?k=leather+punch+set,مفتاح رنق (موتخم) بمقاس كبير 55×60 مم غير قياسي، وهذه المقاسات الكبيرة أغلى من المفاتيح العادية القياسية.,True,False
47,1331,"1X1.1/16""",RING WRENCH موتخم حاتفم,مفتاح رنق مزدوج المقاس 55×60 مم من علامة GER.,4.0,EA,58.0,232.0,GER,GERMANY,200,منخفض,تقدير فئوي لمفاتيح رنق كبيرة المقاس,https://www.amazon.com/leather-punch-set/s?k=leather+punch+set,مفتاح رنق (موتخم) بمقاس كبير 55×60 مم غير قياسي، وهذه المقاسات الكبيرة أغلى من المفاتيح العادية القياسية.,True,False
47,1332,1.1/4X1.1/16,"""RING WRENCH موتخم حاتفم",مفتاح رنق مزدوج المقاس 55×60 مم من علامة GER.,1.0,EA,125.0,125.0,GER,GERMANY,200,منخفض,تقدير فئوي لمفاتيح رنق كبيرة المقاس,https://www.amazon.com/leather-punch-set/s?k=leather+punch+set,مفتاح رنق (موتخم) بمقاس كبير 55×60 مم غير قياسي، وهذه المقاسات الكبيرة أغلى من المفاتيح العادية القياسية.,True,False
47,1333,32X36,RING WRENCH موتخم حاتفم,مفتاح رنق مزدوج المقاس 55×60 مم من علامة GER.,1.0,EA,86.0,86.0,GER,GERMANY,200,منخفض,تقدير فئوي لمفاتيح رنق كبيرة المقاس,https://www.amazon.com/leather-punch-set/s?k=leather+punch+set,مفتاح رنق (موتخم) بمقاس كبير 55×60 مم غير قياسي، وهذه المقاسات الكبيرة أغلى من المفاتيح العادية القياسية.,True,False
47,1334,30X36,RING WRENCH موتخم حاتفم,مفتاح رنق مزدوج المقاس 55×60 مم من علامة GER.,3.0,EA,98.0,294.0,GER,GERMANY,200,منخفض,تقدير فئوي لمفاتيح رنق كبيرة المقاس,https://www.amazon.com/leather-punch-set/s?k=leather+punch+set,مفتاح رنق (موتخم) بمقاس كبير 55×60 مم غير قياسي، وهذه المقاسات الكبيرة أغلى من المفاتيح العادية القياسية.,True,False
47,1335,"3/4X7/8""",RING WRENCH موتخم حاتفم,مفتاح رنق مزدوج المقاس 55×60 مم من علامة GER.,1.0,EA,25.0,25.0,GER,GERMANY,200,منخفض,تقدير فئوي لمفاتيح رنق كبيرة المقاس,https://www.amazon.com/leather-punch-set/s?k=leather+punch+set,مفتاح رنق (موتخم) بمقاس كبير 55×60 مم غير قياسي، وهذه المقاسات الكبيرة أغلى من المفاتيح العادية القياسية.,True,False
47,1336,20X22,RING WRENCH موتخم حاتفم,مفتاح رنق مزدوج المقاس 55×60 مم من علامة GER.,10.0,EA,35.0,350.0,GER,GERMANY,200,منخفض,تقدير فئوي لمفاتيح رنق كبيرة المقاس,https://www.amazon.com/leather-punch-set/s?k=leather+punch+set,مفتاح رنق (موتخم) بمقاس كبير 55×60 مم غير قياسي، وهذه المقاسات الكبيرة أغلى من المفاتيح العادية القياسية.,True,False
47,1337,27X30,RING WRENCH موتخم حاتفم,مفتاح رنق مزدوج المقاس 55×60 مم من علامة GER.,3.0,EA,48.0,144.0,GER,GERMANY,200,منخفض,تقدير فئوي لمفاتيح رنق كبيرة المقاس,https://www.amazon.com/leather-punch-set/s?k=leather+punch+set,مفتاح رنق (موتخم) بمقاس كبير 55×60 مم غير قياسي، وهذه المقاسات الكبيرة أغلى من المفاتيح العادية القياسية.,True,False
47,1338,25X28,RING WRENCH موتخم حاتفم,مفتاح رنق مزدوج المقاس 55×60 مم من علامة GER.,3.0,EA,45.0,135.0,GER,GERMANY,200,منخفض,تقدير فئوي لمفاتيح رنق كبيرة المقاس,https://www.amazon.com/leather-punch-set/s?k=leather+punch+set,مفتاح رنق (موتخم) بمقاس كبير 55×60 مم غير قياسي، وهذه المقاسات الكبيرة أغلى من المفاتيح العادية القياسية.,True,False
47,1339,"3/8X7/16""",RING WRENCH موتخم حاتفم,مفتاح رنق مزدوج المقاس 55×60 مم من علامة GER.,4.0,EA,18.0,72.0,GER,GERMANY,200,منخفض,تقدير فئوي لمفاتيح رنق كبيرة المقاس,https://www.amazon.com/leather-punch-set/s?k=leather+punch+set,مفتاح رنق (موتخم) بمقاس كبير 55×60 مم غير قياسي، وهذه المقاسات الكبيرة أغلى من المفاتيح العادية القياسية.,True,True
47,1340,13X17,RING WRENCH موتخم حاتفم,مفتاح رنق مزدوج المقاس 55×60 مم من علامة GER.,2.0,EA,17.0,34.0,GER,GERMANY,200,منخفض,تقدير فئوي لمفاتيح رنق كبيرة المقاس,https://www.amazon.com/leather-punch-set/s?k=leather+punch+set,مفتاح رنق (موتخم) بمقاس كبير 55×60 مم غير قياسي، وهذه المقاسات الكبيرة أغلى من المفاتيح العادية القياسية.,True,True
47,1341,36X41,RING WRENCH موتخم حاتفم,مفتاح رنق مزدوج المقاس 55×60 مم من علامة GER.,2.0,EA,120.0,240.0,GER,GERMANY,200,منخفض,تقدير فئوي لمفاتيح رنق كبيرة المقاس,https://www.amazon.com/leather-punch-set/s?k=leather+punch+set,مفتاح رنق (موتخم) بمقاس كبير 55×60 مم غير قياسي، وهذه المقاسات الكبيرة أغلى من المفاتيح العادية القياسية.,True,False
47,1342,1.1/16X1.1/8,RING WRENCH موتخم حاتفم,مفتاح رنق مزدوج المقاس 55×60 مم من علامة GER.,1.0,EA,170.0,170.0,GER,GERMANY,200,منخفض,تقدير فئوي لمفاتيح رنق كبيرة المقاس,https://www.amazon.com/leather-punch-set/s?k=leather+punch+set,مفتاح رنق (موتخم) بمقاس كبير 55×60 مم غير قياسي، وهذه المقاسات الكبيرة أغلى من المفاتيح العادية القياسية.,True,False
47,1343,30X32,RING WRENCH موتخم حاتفم,مفتاح رنق مزدوج المقاس 55×60 مم من علامة GER.,2.0,EA,110.0,220.0,GER,GERMANY,200,منخفض,تقدير فئوي لمفاتيح رنق كبيرة المقاس,https://www.amazon.com/leather-punch-set/s?k=leather+punch+set,مفتاح رنق (موتخم) بمقاس كبير 55×60 مم غير قياسي، وهذه المقاسات الكبيرة أغلى من المفاتيح العادية القياسية.,True,False
47,1344,1.3/8X1.5/16,"""RING WRENCH موتخم حاتفم",مفتاح رنق مزدوج المقاس 55×60 مم من علامة GER.,1.0,EA,180.0,180.0,GER,GERMANY,200,منخفض,تقدير فئوي لمفاتيح رنق كبيرة المقاس,https://www.amazon.com/leather-punch-set/s?k=leather+punch+set,مفتاح رنق (موتخم) بمقاس كبير 55×60 مم غير قياسي، وهذه المقاسات الكبيرة أغلى من المفاتيح العادية القياسية.,True,False
47,1345,27X32,RING WRENCH موتخم حاتفم,مفتاح رنق مزدوج المقاس 55×60 مم من علامة GER.,1.0,EA,65.0,65.0,GER,GERMANY,200,منخفض,تقدير فئوي لمفاتيح رنق كبيرة المقاس,https://www.amazon.com/leather-punch-set/s?k=leather+punch+set,مفتاح رنق (موتخم) بمقاس كبير 55×60 مم غير قياسي، وهذه المقاسات الكبيرة أغلى من المفاتيح العادية القياسية.,True,False
47,1346,"1.1/8X1.1/4""",RING WRENCH موتخم حاتفم,مفتاح رنق مزدوج المقاس 55×60 مم من علامة GER.,2.0,EA,190.0,380.0,GER,GERMANY,200,منخفض,تقدير فئوي لمفاتيح رنق كبيرة المقاس,https://www.amazon.com/leather-punch-set/s?k=leather+punch+set,مفتاح رنق (موتخم) بمقاس كبير 55×60 مم غير قياسي، وهذه المقاسات الكبيرة أغلى من المفاتيح العادية القياسية.,True,False
47,1347,27X30,RING WRENCH موتخم حاتفم,مفتاح رنق مزدوج المقاس 55×60 مم من علامة GER.,2.0,EA,78.0,156.0,GER,GERMANY,200,منخفض,تقدير فئوي لمفاتيح رنق كبيرة المقاس,https://www.amazon.com/leather-punch-set/s?k=leather+punch+set,مفتاح رنق (موتخم) بمقاس كبير 55×60 مم غير قياسي، وهذه المقاسات الكبيرة أغلى من المفاتيح العادية القياسية.,True,False
47,1348,30X36,RING WRENCH موتخم حاتفم,مفتاح رنق مزدوج المقاس 55×60 مم من علامة GER.,2.0,EA,155.0,310.0,GER,GERMANY,200,منخفض,تقدير فئوي لمفاتيح رنق كبيرة المقاس,https://www.amazon.com/leather-punch-set/s?k=leather+punch+set,مفتاح رنق (موتخم) بمقاس كبير 55×60 مم غير قياسي، وهذه المقاسات الكبيرة أغلى من المفاتيح العادية القياسية.,True,False
47,1349,20X25,RING WRENCH موتخم حاتفم,مفتاح رنق مزدوج المقاس 55×60 مم من علامة GER.,2.0,EA,45.0,90.0,GER,GERMANY,200,منخفض,تقدير فئوي لمفاتيح رنق كبيرة المقاس,https://www.amazon.com/leather-punch-set/s?k=leather+punch+set,مفتاح رنق (موتخم) بمقاس كبير 55×60 مم غير قياسي، وهذه المقاسات الكبيرة أغلى من المفاتيح العادية القياسية.,True,False
47,1350,25X28,RING WRENCH موتخم حاتفم,مفتاح رنق مزدوج المقاس 55×60 مم من علامة GER.,6.0,EA,55.0,330.0,GER,GERMANY,200,منخفض,تقدير فئوي لمفاتيح رنق كبيرة المقاس,https://www.amazon.com/leather-punch-set/s?k=leather+punch+set,مفتاح رنق (موتخم) بمقاس كبير 55×60 مم غير قياسي، وهذه المقاسات الكبيرة أغلى من المفاتيح العادية القياسية.,True,False
47,1351,27X32,RING WRENCH موتخم حاتفم,مفتاح رنق مزدوج المقاس 55×60 مم من علامة GER.,2.0,EA,98.0,196.0,GER,GERMANY,200,منخفض,تقدير فئوي لمفاتيح رنق كبيرة المقاس,https://www.amazon.com/leather-punch-set/s?k=leather+punch+set,مفتاح رنق (موتخم) بمقاس كبير 55×60 مم غير قياسي، وهذه المقاسات الكبيرة أغلى من المفاتيح العادية القياسية.,True,False
47,1352,30X36,RING WRENCH موتخم حاتفم,مفتاح رنق مزدوج المقاس 55×60 مم من علامة GER.,3.0,EA,158.0,474.0,GER,GERMANY,200,منخفض,تقدير فئوي لمفاتيح رنق كبيرة المقاس,https://www.amazon.com/leather-punch-set/s?k=leather+punch+set,مفتاح رنق (موتخم) بمقاس كبير 55×60 مم غير قياسي، وهذه المقاسات الكبيرة أغلى من المفاتيح العادية القياسية.,True,False
47,1353,30X32,RING WRENCH موتخم حاتفم,مفتاح رنق مزدوج المقاس 55×60 مم من علامة GER.,2.0,EA,48.0,96.0,GER,GERMANY,200,منخفض,تقدير فئوي لمفاتيح رنق كبيرة المقاس,https://www.amazon.com/leather-punch-set/s?k=leather+punch+set,مفتاح رنق (موتخم) بمقاس كبير 55×60 مم غير قياسي، وهذه المقاسات الكبيرة أغلى من المفاتيح العادية القياسية.,True,False
47,1354,32X36,RING WRENCH موتخم حاتفم,مفتاح رنق مزدوج المقاس 55×60 مم من علامة GER.,4.0,EA,75.0,300.0,GER,GERMANY,200,منخفض,تقدير فئوي لمفاتيح رنق كبيرة المقاس,https://www.amazon.com/leather-punch-set/s?k=leather+punch+set,مفتاح رنق (موتخم) بمقاس كبير 55×60 مم غير قياسي، وهذه المقاسات الكبيرة أغلى من المفاتيح العادية القياسية.,True,False
47,1355,1.1/16X1.1/8,RING WRENCH موتخم حاتفم,مفتاح رنق مزدوج المقاس 55×60 مم من علامة GER.,1.0,EA,160.0,160.0,GER,GERMANY,200,منخفض,تقدير فئوي لمفاتيح رنق كبيرة المقاس,https://www.amazon.com/leather-punch-set/s?k=leather+punch+set,مفتاح رنق (موتخم) بمقاس كبير 55×60 مم غير قياسي، وهذه المقاسات الكبيرة أغلى من المفاتيح العادية القياسية.,True,False
47,1356,23MM,ر COMB.WRENCH كتشم حاتفم,مفتاح مشترك (فرنساوي) بمقاس 1-1/16 إنش.,41.0,EA,27.0,1107.0,GER,GERMANY,100,منخفض,تقدير فئوي لمفاتيح مشتركة بمقاس إنشي كبير,https://www.amazon.com/,مفتاح مشترك بمقاس إنشي كبير نسبيًا (1-1/16 إنش)، وهذا المقاس أكبر من المقاسات الشائعة الصغيرة فيرتفع سعره قليلاً عنها.,True,False
47,1357,32MM,ر COMB.WRENCH كتشم حاتفم,مفتاح مشترك (فرنساوي) بمقاس 1-1/16 إنش.,15.0,EA,48.0,720.0,GER,GERMANY,100,منخفض,تقدير فئوي لمفاتيح مشتركة بمقاس إنشي كبير,https://www.amazon.com/,مفتاح مشترك بمقاس إنشي كبير نسبيًا (1-1/16 إنش)، وهذا المقاس أكبر من المقاسات الشائعة الصغيرة فيرتفع سعره قليلاً عنها.,True,False
47,1358,28MM,ر COMB.WRENCH كتشم حاتفم,مفتاح مشترك (فرنساوي) بمقاس 1-1/16 إنش.,1.0,EA,39.0,39.0,GER,GERMANY,100,منخفض,تقدير فئوي لمفاتيح مشتركة بمقاس إنشي كبير,https://www.amazon.com/,مفتاح مشترك بمقاس إنشي كبير نسبيًا (1-1/16 إنش)، وهذا المقاس أكبر من المقاسات الشائعة الصغيرة فيرتفع سعره قليلاً عنها.,True,False
47,1359,26MM,ر COMB.WRENCH كتشم حاتفم,مفتاح مشترك (فرنساوي) بمقاس 1-1/16 إنش.,14.0,EA,37.0,518.0,GER,GERMANY,100,منخفض,تقدير فئوي لمفاتيح مشتركة بمقاس إنشي كبير,https://www.amazon.com/,مفتاح مشترك بمقاس إنشي كبير نسبيًا (1-1/16 إنش)، وهذا المقاس أكبر من المقاسات الشائعة الصغيرة فيرتفع سعره قليلاً عنها.,True,False
48,1360,25X28,RING WRENCH موتخم حاتفم,مفتاح رنق مزدوج المقاس 55×60 مم من علامة GER.,12.0,EA,38.0,456.0,GER,GERMANY,200,منخفض,تقدير فئوي لمفاتيح رنق كبيرة المقاس,https://www.amazon.com/leather-punch-set/s?k=leather+punch+set,مفتاح رنق (موتخم) بمقاس كبير 55×60 مم غير قياسي، وهذه المقاسات الكبيرة أغلى من المفاتيح العادية القياسية.,True,False
48,1361,29MM,ر COMB.WRENCH كتشم حاتفم,مفتاح مشترك (فرنساوي) بمقاس 1-1/16 إنش.,8.0,EA,39.0,312.0,GER,GERMANY,100,منخفض,تقدير فئوي لمفاتيح مشتركة بمقاس إنشي كبير,https://www.amazon.com/,مفتاح مشترك بمقاس إنشي كبير نسبيًا (1-1/16 إنش)، وهذا المقاس أكبر من المقاسات الشائعة الصغيرة فيرتفع سعره قليلاً عنها.,True,False
48,1362,27MM,ر COMB.WRENCH كتشم حاتفم,مفتاح مشترك (فرنساوي) بمقاس 1-1/16 إنش.,12.0,EA,35.0,420.0,GER,GERMANY,100,منخفض,تقدير فئوي لمفاتيح مشتركة بمقاس إنشي كبير,https://www.amazon.com/,مفتاح مشترك بمقاس إنشي كبير نسبيًا (1-1/16 إنش)، وهذا المقاس أكبر من المقاسات الشائعة الصغيرة فيرتفع سعره قليلاً عنها.,True,False
48,1363,55061,COUPLING ةليصوت,وصلة (كوبلينج) ميكانيكية عامة.,40.0,EA,30.0,1200.0,GER,GERMANY,25,منخفض,تقدير عام للوصلات الميكانيكية,https://www.pclairtechnology.com/couplings-adaptors,وصلة عامة بدون تفاصيل إضافية فقُدّرت وفق فئة الوصلات الرخيصة.,True,False
48,1364,"19/32""",ر COMB.WRENCH كتشم حاتفم,مفتاح مشترك (فرنساوي) بمقاس 1-1/16 إنش.,14.0,EA,25.0,350.0,GER,GERMANY,100,منخفض,تقدير فئوي لمفاتيح مشتركة بمقاس إنشي كبير,https://www.amazon.com/,مفتاح مشترك بمقاس إنشي كبير نسبيًا (1-1/16 إنش)، وهذا المقاس أكبر من المقاسات الشائعة الصغيرة فيرتفع سعره قليلاً عنها.,True,False
48,1365,28MM,ر COMB.WRENCH كتشم حاتفم,مفتاح مشترك (فرنساوي) بمقاس 1-1/16 إنش.,5.0,EA,35.0,175.0,GER,GERMANY,100,منخفض,تقدير فئوي لمفاتيح مشتركة بمقاس إنشي كبير,https://www.amazon.com/,مفتاح مشترك بمقاس إنشي كبير نسبيًا (1-1/16 إنش)، وهذا المقاس أكبر من المقاسات الشائعة الصغيرة فيرتفع سعره قليلاً عنها.,True,False
48,1366,"1""",ر COMB.WRENCH كتشم حاتفم,مفتاح مشترك (فرنساوي) بمقاس 1-1/16 إنش.,2.0,EA,30.0,60.0,GER,GERMANY,100,منخفض,تقدير فئوي لمفاتيح مشتركة بمقاس إنشي كبير,https://www.amazon.com/,مفتاح مشترك بمقاس إنشي كبير نسبيًا (1-1/16 إنش)، وهذا المقاس أكبر من المقاسات الشائعة الصغيرة فيرتفع سعره قليلاً عنها.,True,False
48,1367,"5/8""",ر COMB.WRENCH كتشم حاتفم,مفتاح مشترك (فرنساوي) بمقاس 1-1/16 إنش.,1.0,EA,22.0,22.0,GER,GERMANY,100,منخفض,تقدير فئوي لمفاتيح مشتركة بمقاس إنشي كبير,https://www.amazon.com/,مفتاح مشترك بمقاس إنشي كبير نسبيًا (1-1/16 إنش)، وهذا المقاس أكبر من المقاسات الشائعة الصغيرة فيرتفع سعره قليلاً عنها.,True,False
48,1368,12X13,RING WRENCH موتخم حاتفم,مفتاح رنق مزدوج المقاس 55×60 مم من علامة GER.,8.0,EA,18.0,144.0,GER,GERMANY,200,منخفض,تقدير فئوي لمفاتيح رنق كبيرة المقاس,https://www.amazon.com/leather-punch-set/s?k=leather+punch+set,مفتاح رنق (موتخم) بمقاس كبير 55×60 مم غير قياسي، وهذه المقاسات الكبيرة أغلى من المفاتيح العادية القياسية.,True,True
48,1369,14X15,RING WRENCH موتخم حاتفم,مفتاح رنق مزدوج المقاس 55×60 مم من علامة GER.,27.0,EA,20.0,540.0,GER,GERMANY,200,منخفض,تقدير فئوي لمفاتيح رنق كبيرة المقاس,https://www.amazon.com/leather-punch-set/s?k=leather+punch+set,مفتاح رنق (موتخم) بمقاس كبير 55×60 مم غير قياسي، وهذه المقاسات الكبيرة أغلى من المفاتيح العادية القياسية.,True,True
48,1370,16X17,RING WRENCH موتخم حاتفم,مفتاح رنق مزدوج المقاس 55×60 مم من علامة GER.,14.0,EA,22.0,308.0,GER,GERMANY,200,منخفض,تقدير فئوي لمفاتيح رنق كبيرة المقاس,https://www.amazon.com/leather-punch-set/s?k=leather+punch+set,مفتاح رنق (موتخم) بمقاس كبير 55×60 مم غير قياسي، وهذه المقاسات الكبيرة أغلى من المفاتيح العادية القياسية.,True,True
48,1371,DUSPOL,VOLTAGE TESTER 110-220-440-750V,جهاز فحص جهد كهربائي احترافي (Voltage Tester) يقيس 110-750 فولت، ماركة ألمانية.,4.0,EA,195.0,780.0,GER,GERMANY,380,متوسط,estimated from category benchmark (Benning Duspol-type voltage testers),https://mdttools.com/shop/,سعر تقديري لجهاز فحص جهد كهربائي احترافي (دسبول) يقيس حتى 750 فولت بمقارنته بأجهزة فحص الجهد الألمانية المعروفة.,True,False
48,1372,25X28,RING WRENCH موتخم حاتفم,مفتاح رنق مزدوج المقاس 55×60 مم من علامة GER.,15.0,EA,38.0,570.0,GER,GERMANY,200,منخفض,تقدير فئوي لمفاتيح رنق كبيرة المقاس,https://www.amazon.com/leather-punch-set/s?k=leather+punch+set,مفتاح رنق (موتخم) بمقاس كبير 55×60 مم غير قياسي، وهذه المقاسات الكبيرة أغلى من المفاتيح العادية القياسية.,True,False
48,1373,"1.1/8X1.1/4""",RING WRENCH موتخم حاتفم,مفتاح رنق مزدوج المقاس 55×60 مم من علامة GER.,9.0,EA,160.0,1440.0,GER,GERMANY,200,منخفض,تقدير فئوي لمفاتيح رنق كبيرة المقاس,https://www.amazon.com/leather-punch-set/s?k=leather+punch+set,مفتاح رنق (موتخم) بمقاس كبير 55×60 مم غير قياسي، وهذه المقاسات الكبيرة أغلى من المفاتيح العادية القياسية.,True,False
48,13741,.11/16X1.7/8,"""RING WRENCH موتخم حاتفم",مفتاح رنق مزدوج المقاس 55×60 مم من علامة GER.,1.0,EA,175.0,175.0,GER,GERMANY,200,منخفض,تقدير فئوي لمفاتيح رنق كبيرة المقاس,https://www.amazon.com/leather-punch-set/s?k=leather+punch+set,مفتاح رنق (موتخم) بمقاس كبير 55×60 مم غير قياسي، وهذه المقاسات الكبيرة أغلى من المفاتيح العادية القياسية.,True,False
48,1375,"1.13/16X2""",RING WRENCH موتخم حاتفم,مفتاح رنق مزدوج المقاس 55×60 مم من علامة GER.,1.0,EA,240.0,240.0,GER,GERMANY,200,منخفض,تقدير فئوي لمفاتيح رنق كبيرة المقاس,https://www.amazon.com/leather-punch-set/s?k=leather+punch+set,مفتاح رنق (موتخم) بمقاس كبير 55×60 مم غير قياسي، وهذه المقاسات الكبيرة أغلى من المفاتيح العادية القياسية.,True,False
48,1376,60MM,ر COMB.WRENCH كتشم حاتفم,مفتاح مشترك (فرنساوي) بمقاس 1-1/16 إنش.,2.0,EA,395.0,790.0,GER,GERMANY,100,منخفض,تقدير فئوي لمفاتيح مشتركة بمقاس إنشي كبير,https://www.amazon.com/,مفتاح مشترك بمقاس إنشي كبير نسبيًا (1-1/16 إنش)، وهذا المقاس أكبر من المقاسات الشائعة الصغيرة فيرتفع سعره قليلاً عنها.,True,False
48,1377,"2""",ر COMB.WRENCH كتشم حاتفم,مفتاح مشترك (فرنساوي) بمقاس 1-1/16 إنش.,3.0,EA,310.0,930.0,GER,GERMANY,100,منخفض,تقدير فئوي لمفاتيح مشتركة بمقاس إنشي كبير,https://www.amazon.com/,مفتاح مشترك بمقاس إنشي كبير نسبيًا (1-1/16 إنش)، وهذا المقاس أكبر من المقاسات الشائعة الصغيرة فيرتفع سعره قليلاً عنها.,True,False
48,1378,"1.5/8""",ر COMB.WRENCH كتشم حاتفم,مفتاح مشترك (فرنساوي) بمقاس 1-1/16 إنش.,3.0,EA,75.0,225.0,GER,GERMANY,100,منخفض,تقدير فئوي لمفاتيح مشتركة بمقاس إنشي كبير,https://www.amazon.com/,مفتاح مشترك بمقاس إنشي كبير نسبيًا (1-1/16 إنش)، وهذا المقاس أكبر من المقاسات الشائعة الصغيرة فيرتفع سعره قليلاً عنها.,True,False
48,1379,"1.13/16""",ر COMB.WRENCH كتشم حاتفم,مفتاح مشترك (فرنساوي) بمقاس 1-1/16 إنش.,4.0,EA,80.0,320.0,GER,GERMANY,100,منخفض,تقدير فئوي لمفاتيح مشتركة بمقاس إنشي كبير,https://www.amazon.com/,مفتاح مشترك بمقاس إنشي كبير نسبيًا (1-1/16 إنش)، وهذا المقاس أكبر من المقاسات الشائعة الصغيرة فيرتفع سعره قليلاً عنها.,True,False
48,1380,32X36,RING WRENCH موتخم حاتفم,مفتاح رنق مزدوج المقاس 55×60 مم من علامة GER.,2.0,EA,60.0,120.0,GER,GERMANY,200,منخفض,تقدير فئوي لمفاتيح رنق كبيرة المقاس,https://www.amazon.com/leather-punch-set/s?k=leather+punch+set,مفتاح رنق (موتخم) بمقاس كبير 55×60 مم غير قياسي، وهذه المقاسات الكبيرة أغلى من المفاتيح العادية القياسية.,True,False
48,1381,46X50,RING WRENCH موتخم حاتفم,مفتاح رنق مزدوج المقاس 55×60 مم من علامة GER.,9.0,EA,220.0,1980.0,GER,GERMANY,200,منخفض,تقدير فئوي لمفاتيح رنق كبيرة المقاس,https://www.amazon.com/leather-punch-set/s?k=leather+punch+set,مفتاح رنق (موتخم) بمقاس كبير 55×60 مم غير قياسي، وهذه المقاسات الكبيرة أغلى من المفاتيح العادية القياسية.,True,False
48,1382,36X41,RING WRENCH موتخم حاتفم,مفتاح رنق مزدوج المقاس 55×60 مم من علامة GER.,17.0,EA,85.0,1445.0,GER,GERMANY,200,منخفض,تقدير فئوي لمفاتيح رنق كبيرة المقاس,https://www.amazon.com/leather-punch-set/s?k=leather+punch+set,مفتاح رنق (موتخم) بمقاس كبير 55×60 مم غير قياسي، وهذه المقاسات الكبيرة أغلى من المفاتيح العادية القياسية.,True,False
48,1383,30X32,RING WRENCH موتخم حاتفم,مفتاح رنق مزدوج المقاس 55×60 مم من علامة GER.,7.0,EA,70.0,490.0,GER,GERMANY,200,منخفض,تقدير فئوي لمفاتيح رنق كبيرة المقاس,https://www.amazon.com/leather-punch-set/s?k=leather+punch+set,مفتاح رنق (موتخم) بمقاس كبير 55×60 مم غير قياسي، وهذه المقاسات الكبيرة أغلى من المفاتيح العادية القياسية.,True,False
48,1384,21X23,RING WRENCH موتخم حاتفم,مفتاح رنق مزدوج المقاس 55×60 مم من علامة GER.,3.0,EA,35.0,105.0,GER,GERMANY,200,منخفض,تقدير فئوي لمفاتيح رنق كبيرة المقاس,https://www.amazon.com/leather-punch-set/s?k=leather+punch+set,مفتاح رنق (موتخم) بمقاس كبير 55×60 مم غير قياسي، وهذه المقاسات الكبيرة أغلى من المفاتيح العادية القياسية.,True,False
48,1385,46X50,RING WRENCH موتخم حاتفم,مفتاح رنق مزدوج المقاس 55×60 مم من علامة GER.,3.0,EA,220.0,660.0,GER,GERMANY,200,منخفض,تقدير فئوي لمفاتيح رنق كبيرة المقاس,https://www.amazon.com/leather-punch-set/s?k=leather+punch+set,مفتاح رنق (موتخم) بمقاس كبير 55×60 مم غير قياسي، وهذه المقاسات الكبيرة أغلى من المفاتيح العادية القياسية.,True,False
48,1386,46X50,RING WRENCH موتخم حاتفم,مفتاح رنق مزدوج المقاس 55×60 مم من علامة GER.,6.0,EA,220.0,1320.0,GER,GERMANY,200,منخفض,تقدير فئوي لمفاتيح رنق كبيرة المقاس,https://www.amazon.com/leather-punch-set/s?k=leather+punch+set,مفتاح رنق (موتخم) بمقاس كبير 55×60 مم غير قياسي، وهذه المقاسات الكبيرة أغلى من المفاتيح العادية القياسية.,True,False
48,1387,55X60,RING WRENCH موتخم حاتفم,مفتاح رنق مزدوج المقاس 55×60 مم من علامة GER.,3.0,EA,395.0,1185.0,GER,GERMANY,200,منخفض,تقدير فئوي لمفاتيح رنق كبيرة المقاس,https://www.amazon.com/leather-punch-set/s?k=leather+punch+set,مفتاح رنق (موتخم) بمقاس كبير 55×60 مم غير قياسي، وهذه المقاسات الكبيرة أغلى من المفاتيح العادية القياسية.,True,False
48,1388,55X60,RING WRENCH موتخم حاتفم,مفتاح رنق مزدوج المقاس 55×60 مم من علامة GER.,6.0,EA,395.0,2370.0,GER,GERMANY,200,منخفض,تقدير فئوي لمفاتيح رنق كبيرة المقاس,https://www.amazon.com/leather-punch-set/s?k=leather+punch+set,مفتاح رنق (موتخم) بمقاس كبير 55×60 مم غير قياسي، وهذه المقاسات الكبيرة أغلى من المفاتيح العادية القياسية.,True,False
48,1389,46X50,RING WRENCH موتخم حاتفم,مفتاح رنق مزدوج المقاس 55×60 مم من علامة GER.,4.0,EA,198.0,792.0,GER,GERMANY,200,منخفض,تقدير فئوي لمفاتيح رنق كبيرة المقاس,https://www.amazon.com/leather-punch-set/s?k=leather+punch+set,مفتاح رنق (موتخم) بمقاس كبير 55×60 مم غير قياسي، وهذه المقاسات الكبيرة أغلى من المفاتيح العادية القياسية.,True,False
48,1390,25X28,RING WRENCH موتخم حاتفم,مفتاح رنق مزدوج المقاس 55×60 مم من علامة GER.,16.0,EA,48.0,768.0,GER,GERMANY,200,منخفض,تقدير فئوي لمفاتيح رنق كبيرة المقاس,https://www.amazon.com/leather-punch-set/s?k=leather+punch+set,مفتاح رنق (موتخم) بمقاس كبير 55×60 مم غير قياسي، وهذه المقاسات الكبيرة أغلى من المفاتيح العادية القياسية.,True,False
48,1391,"1.1/8X1.1/4""",RING WRENCH موتخم حاتفم,مفتاح رنق مزدوج المقاس 55×60 مم من علامة GER.,5.0,EA,70.0,350.0,GER,GERMANY,200,منخفض,تقدير فئوي لمفاتيح رنق كبيرة المقاس,https://www.amazon.com/leather-punch-set/s?k=leather+punch+set,مفتاح رنق (موتخم) بمقاس كبير 55×60 مم غير قياسي، وهذه المقاسات الكبيرة أغلى من المفاتيح العادية القياسية.,True,False
48,1392,36X41,RING WRENCH موتخم حاتفم,مفتاح رنق مزدوج المقاس 55×60 مم من علامة GER.,6.0,EA,90.0,540.0,GER,GERMANY,200,منخفض,تقدير فئوي لمفاتيح رنق كبيرة المقاس,https://www.amazon.com/leather-punch-set/s?k=leather+punch+set,مفتاح رنق (موتخم) بمقاس كبير 55×60 مم غير قياسي، وهذه المقاسات الكبيرة أغلى من المفاتيح العادية القياسية.,True,False
49,13931,.11/16X1.7/8,"""RING WRENCH موتخم حاتفم",مفتاح رنق مزدوج المقاس 55×60 مم من علامة GER.,2.0,EA,163.0,326.0,GER,GERMANY,200,منخفض,تقدير فئوي لمفاتيح رنق كبيرة المقاس,https://www.amazon.com/leather-punch-set/s?k=leather+punch+set,مفتاح رنق (موتخم) بمقاس كبير 55×60 مم غير قياسي، وهذه المقاسات الكبيرة أغلى من المفاتيح العادية القياسية.,True,False
49,1394,41X46,RING WRENCH موتخم حاتفم,مفتاح رنق مزدوج المقاس 55×60 مم من علامة GER.,5.0,EA,75.0,375.0,GER,GERMANY,200,منخفض,تقدير فئوي لمفاتيح رنق كبيرة المقاس,https://www.amazon.com/leather-punch-set/s?k=leather+punch+set,مفتاح رنق (موتخم) بمقاس كبير 55×60 مم غير قياسي، وهذه المقاسات الكبيرة أغلى من المفاتيح العادية القياسية.,True,False
49,1395,36X41,RING WRENCH موتخم حاتفم,مفتاح رنق مزدوج المقاس 55×60 مم من علامة GER.,4.0,EA,70.0,280.0,GER,GERMANY,200,منخفض,تقدير فئوي لمفاتيح رنق كبيرة المقاس,https://www.amazon.com/leather-punch-set/s?k=leather+punch+set,مفتاح رنق (موتخم) بمقاس كبير 55×60 مم غير قياسي، وهذه المقاسات الكبيرة أغلى من المفاتيح العادية القياسية.,True,False
49,1396,"1""",ر COMB.WRENCH كتشم حاتفم,مفتاح مشترك (فرنساوي) بمقاس 1-1/16 إنش.,20.0,EA,35.0,700.0,GER,GERMANY,100,منخفض,تقدير فئوي لمفاتيح مشتركة بمقاس إنشي كبير,https://www.amazon.com/,مفتاح مشترك بمقاس إنشي كبير نسبيًا (1-1/16 إنش)، وهذا المقاس أكبر من المقاسات الشائعة الصغيرة فيرتفع سعره قليلاً عنها.,True,False
49,1397,"11/16""",ر COMB.WRENCH كتشم حاتفم,مفتاح مشترك (فرنساوي) بمقاس 1-1/16 إنش.,6.0,EA,20.0,120.0,GER,GERMANY,100,منخفض,تقدير فئوي لمفاتيح مشتركة بمقاس إنشي كبير,https://www.amazon.com/,مفتاح مشترك بمقاس إنشي كبير نسبيًا (1-1/16 إنش)، وهذا المقاس أكبر من المقاسات الشائعة الصغيرة فيرتفع سعره قليلاً عنها.,True,False
49,1398,21MM,ر COMB.WRENCH كتشم حاتفم,مفتاح مشترك (فرنساوي) بمقاس 1-1/16 إنش.,6.0,EA,25.0,150.0,GER,GERMANY,100,منخفض,تقدير فئوي لمفاتيح مشتركة بمقاس إنشي كبير,https://www.amazon.com/,مفتاح مشترك بمقاس إنشي كبير نسبيًا (1-1/16 إنش)، وهذا المقاس أكبر من المقاسات الشائعة الصغيرة فيرتفع سعره قليلاً عنها.,True,False
49,1399,15MM,ر COMB.WRENCH كتشم حاتفم,مفتاح مشترك (فرنساوي) بمقاس 1-1/16 إنش.,5.0,EA,15.0,75.0,GER,GERMANY,100,منخفض,تقدير فئوي لمفاتيح مشتركة بمقاس إنشي كبير,https://www.amazon.com/,مفتاح مشترك بمقاس إنشي كبير نسبيًا (1-1/16 إنش)، وهذا المقاس أكبر من المقاسات الشائعة الصغيرة فيرتفع سعره قليلاً عنها.,True,False
49,1400,17MM,ر COMB.WRENCH كتشم حاتفم,مفتاح مشترك (فرنساوي) بمقاس 1-1/16 إنش.,5.0,EA,20.0,100.0,GER,GERMANY,100,منخفض,تقدير فئوي لمفاتيح مشتركة بمقاس إنشي كبير,https://www.amazon.com/,مفتاح مشترك بمقاس إنشي كبير نسبيًا (1-1/16 إنش)، وهذا المقاس أكبر من المقاسات الشائعة الصغيرة فيرتفع سعره قليلاً عنها.,True,False
49,1401,25X28,OPENED WRENCH ىدلب حاتفم,مفتاح حوتفم مزدوج الفتحة مقاس 27×32 مم.,8.0,EA,38.0,304.0,GER,GERMANY,70,منخفض,تقدير استناداً لفئة مفاتيح الحوتفم الكبيرة,https://www.zoro.com/,لا يوجد سعر محدد للعلامة التجارية GER؛ التقدير مبني على مفاتيح الحوتفم الصناعية الكبيرة المماثلة في السوق.,True,False
49,1402,20X23,RING WRENCH موتخم حاتفم,مفتاح رنق مزدوج المقاس 55×60 مم من علامة GER.,4.0,EA,25.0,100.0,GER,GERMANY,200,منخفض,تقدير فئوي لمفاتيح رنق كبيرة المقاس,https://www.amazon.com/leather-punch-set/s?k=leather+punch+set,مفتاح رنق (موتخم) بمقاس كبير 55×60 مم غير قياسي، وهذه المقاسات الكبيرة أغلى من المفاتيح العادية القياسية.,True,False
49,1403,"5/8X11/16""",OPENED WRENCH ىدلب حاتفم,مفتاح حوتفم مزدوج الفتحة مقاس 27×32 مم.,4.0,EA,35.0,140.0,GER,GERMANY,70,منخفض,تقدير استناداً لفئة مفاتيح الحوتفم الكبيرة,https://www.zoro.com/,لا يوجد سعر محدد للعلامة التجارية GER؛ التقدير مبني على مفاتيح الحوتفم الصناعية الكبيرة المماثلة في السوق.,True,False
49,1404,24X26,RING WRENCH موتخم حاتفم,مفتاح رنق مزدوج المقاس 55×60 مم من علامة GER.,1.0,EA,32.0,32.0,GER,GERMANY,200,منخفض,تقدير فئوي لمفاتيح رنق كبيرة المقاس,https://www.amazon.com/leather-punch-set/s?k=leather+punch+set,مفتاح رنق (موتخم) بمقاس كبير 55×60 مم غير قياسي، وهذه المقاسات الكبيرة أغلى من المفاتيح العادية القياسية.,True,False
49,1405,18X19,RING WRENCH موتخم حاتفم,مفتاح رنق مزدوج المقاس 55×60 مم من علامة GER.,4.0,EA,24.0,96.0,GER,GERMANY,200,منخفض,تقدير فئوي لمفاتيح رنق كبيرة المقاس,https://www.amazon.com/leather-punch-set/s?k=leather+punch+set,مفتاح رنق (موتخم) بمقاس كبير 55×60 مم غير قياسي، وهذه المقاسات الكبيرة أغلى من المفاتيح العادية القياسية.,True,True
49,1406,14X15,RING WRENCH موتخم حاتفم,مفتاح رنق مزدوج المقاس 55×60 مم من علامة GER.,1.0,EA,22.0,22.0,GER,GERMANY,200,منخفض,تقدير فئوي لمفاتيح رنق كبيرة المقاس,https://www.amazon.com/leather-punch-set/s?k=leather+punch+set,مفتاح رنق (موتخم) بمقاس كبير 55×60 مم غير قياسي، وهذه المقاسات الكبيرة أغلى من المفاتيح العادية القياسية.,True,True
49,1407,"3/4X7/8""",OPENED WRENCH ىدلب حاتفم,مفتاح حوتفم مزدوج الفتحة مقاس 27×32 مم.,22.0,EA,26.0,572.0,GER,GERMANY,70,منخفض,تقدير استناداً لفئة مفاتيح الحوتفم الكبيرة,https://www.zoro.com/,لا يوجد سعر محدد للعلامة التجارية GER؛ التقدير مبني على مفاتيح الحوتفم الصناعية الكبيرة المماثلة في السوق.,True,False
49,1408,20X22,OPENED WRENCH ىدلب حاتفم,مفتاح حوتفم مزدوج الفتحة مقاس 27×32 مم.,17.0,EA,28.0,476.0,GER,GERMANY,70,منخفض,تقدير استناداً لفئة مفاتيح الحوتفم الكبيرة,https://www.zoro.com/,لا يوجد سعر محدد للعلامة التجارية GER؛ التقدير مبني على مفاتيح الحوتفم الصناعية الكبيرة المماثلة في السوق.,True,False
49,1409,"1/2X9/16""",OPENED WRENCH ىدلب حاتفم,مفتاح حوتفم مزدوج الفتحة مقاس 27×32 مم.,1.0,EA,21.0,21.0,GER,GERMANY,70,منخفض,تقدير استناداً لفئة مفاتيح الحوتفم الكبيرة,https://www.zoro.com/,لا يوجد سعر محدد للعلامة التجارية GER؛ التقدير مبني على مفاتيح الحوتفم الصناعية الكبيرة المماثلة في السوق.,True,False
49,1410,"3/8X5/16""",OPENED WRENCH ىدلب حاتفم,مفتاح حوتفم مزدوج الفتحة مقاس 27×32 مم.,20.0,EA,20.0,400.0,GER,GERMANY,70,منخفض,تقدير استناداً لفئة مفاتيح الحوتفم الكبيرة,https://www.zoro.com/,لا يوجد سعر محدد للعلامة التجارية GER؛ التقدير مبني على مفاتيح الحوتفم الصناعية الكبيرة المماثلة في السوق.,True,False
49,1411,"1/2X7/16""",OPENED WRENCH ىدلب حاتفم,مفتاح حوتفم مزدوج الفتحة مقاس 27×32 مم.,10.0,EA,20.0,200.0,GER,GERMANY,70,منخفض,تقدير استناداً لفئة مفاتيح الحوتفم الكبيرة,https://www.zoro.com/,لا يوجد سعر محدد للعلامة التجارية GER؛ التقدير مبني على مفاتيح الحوتفم الصناعية الكبيرة المماثلة في السوق.,True,False
49,1412,"5/16X3/4""",OPENED WRENCH ىدلب حاتفم,مفتاح حوتفم مزدوج الفتحة مقاس 27×32 مم.,4.0,EA,26.0,104.0,GER,GERMANY,70,منخفض,تقدير استناداً لفئة مفاتيح الحوتفم الكبيرة,https://www.zoro.com/,لا يوجد سعر محدد للعلامة التجارية GER؛ التقدير مبني على مفاتيح الحوتفم الصناعية الكبيرة المماثلة في السوق.,True,False
49,1413,"5/8X11/16""",OPENED WRENCH ىدلب حاتفم,مفتاح حوتفم مزدوج الفتحة مقاس 27×32 مم.,4.0,EA,25.0,100.0,GER,GERMANY,70,منخفض,تقدير استناداً لفئة مفاتيح الحوتفم الكبيرة,https://www.zoro.com/,لا يوجد سعر محدد للعلامة التجارية GER؛ التقدير مبني على مفاتيح الحوتفم الصناعية الكبيرة المماثلة في السوق.,True,False
49,1414,5720,SCAFOLDING WRENCH ةلاقس حاتفم,مفتاح متخصص لتركيب وفك وصلات السقالات المعدنية.,10.0,EA,135.0,1350.0,GER,GERMANY,55,منخفض,تقدير حسب فئة مفاتيح السقالات,https://www.grainger.com,مفتاح متخصص لتركيب وفك وصلات السقالات المعدنية، والتقدير مبني على أسعار المفاتيح المماثلة.,True,False
49,1415,25X28,RING WRENCH موتخم حاتفم,مفتاح رنج مختوم مزدوج المقاس 11/16×19/32 بوصة.,1.0,EA,35.0,35.0,GER.,GERMANY,35,متوسط,تقدير عام لمفاتيح الرنج المختومة (رينج رنج),"https://www.amazon.sa/-/en/DIY-Tools-Draper/s?rh=n:12463390031,p_89:Draper",مفتاح رنج مختوم مزدوج المقاس 11/16×19/32 بوصة من الفئة السعرية المتوسطة للمفاتيح.,True,False
49,1416,25MM,ر COMB.WRENCH كتشم حاتفم,مفتاح ربط مشترك (كومبنيشن) ألماني الصنع مقاس 7 مم.,3.0,EA,30.0,90.0,GER.,GERMANY,28,منخفض,تقدير حسب فئة المنتج,https://www.amazon.de/-/en/Spanners-Wrenches-Germany-Hand-Tools/s?keywords=Spanners,مفتاح الربط المشترك الألماني الصنع بمقاس صغير (7 مم) يقع في أدنى نطاق أسعار هذه الفئة من الأدوات، ويمثل عائلة من 12 مقاسًا.,True,False
49,1417,"9/16""",ر COMB.WRENCH كتشم حاتفم,مفتاح ربط مشترك (كومبنيشن) ألماني الصنع مقاس 7 مم.,4.0,EA,19.0,76.0,GER.,GERMANY,28,منخفض,تقدير حسب فئة المنتج,https://www.amazon.de/-/en/Spanners-Wrenches-Germany-Hand-Tools/s?keywords=Spanners,مفتاح الربط المشترك الألماني الصنع بمقاس صغير (7 مم) يقع في أدنى نطاق أسعار هذه الفئة من الأدوات، ويمثل عائلة من 12 مقاسًا.,True,False
49,1418,"5/8""",ر COMB.WRENCH كتشم حاتفم,مفتاح ربط مشترك (كومبنيشن) ألماني الصنع مقاس 7 مم.,4.0,EA,18.0,72.0,GER.,GERMANY,28,منخفض,تقدير حسب فئة المنتج,https://www.amazon.de/-/en/Spanners-Wrenches-Germany-Hand-Tools/s?keywords=Spanners,مفتاح الربط المشترك الألماني الصنع بمقاس صغير (7 مم) يقع في أدنى نطاق أسعار هذه الفئة من الأدوات، ويمثل عائلة من 12 مقاسًا.,True,False
49,1419,"5/8X9/16""",OPENED WRENCH ىدلب حاتفم,مفتاح مفتوح (بلدي) مزدوج المقاس 7/8 و3/4 بوصة.,1.0,EA,19.0,19.0,GER.,GERMANY,50,منخفض,استدلال من فئة مفاتيح البلدي المفتوحة,https://www.amazon.com/,مفتاح مفتوح مزدوج المقاس (بلدي) يقدر وفق أسعار المفاتيح اليدوية الاقتصادية.,True,False
49,1420,11/16X19/32,"""RING WRENCH موتخم حاتفم",مفتاح رنج مختوم مزدوج المقاس 11/16×19/32 بوصة.,8.0,EA,25.0,200.0,GER.,GERMANY,35,متوسط,تقدير عام لمفاتيح الرنج المختومة (رينج رنج),"https://www.amazon.sa/-/en/DIY-Tools-Draper/s?rh=n:12463390031,p_89:Draper",مفتاح رنج مختوم مزدوج المقاس 11/16×19/32 بوصة من الفئة السعرية المتوسطة للمفاتيح.,True,False
49,1421,"7/8X13/16""",RING WRENCH موتخم حاتفم,مفتاح رنج مختوم مزدوج المقاس 11/16×19/32 بوصة.,2.0,EA,22.0,44.0,GER.,GERMANY,35,متوسط,تقدير عام لمفاتيح الرنج المختومة (رينج رنج),"https://www.amazon.sa/-/en/DIY-Tools-Draper/s?rh=n:12463390031,p_89:Draper",مفتاح رنج مختوم مزدوج المقاس 11/16×19/32 بوصة من الفئة السعرية المتوسطة للمفاتيح.,True,False
49,1422,"1/2X7/16""",RING WRENCH موتخم حاتفم,مفتاح رنج مختوم مزدوج المقاس 11/16×19/32 بوصة.,8.0,EA,15.0,120.0,GER.,GERMANY,35,متوسط,تقدير عام لمفاتيح الرنج المختومة (رينج رنج),"https://www.amazon.sa/-/en/DIY-Tools-Draper/s?rh=n:12463390031,p_89:Draper",مفتاح رنج مختوم مزدوج المقاس 11/16×19/32 بوصة من الفئة السعرية المتوسطة للمفاتيح.,True,False
49,1423,16MM,ر COMB.WRENCH كتشم حاتفم,مفتاح ربط مشترك (كومبنيشن) ألماني الصنع مقاس 7 مم.,4.0,EA,19.0,76.0,GER.,GERMANY,28,منخفض,تقدير حسب فئة المنتج,https://www.amazon.de/-/en/Spanners-Wrenches-Germany-Hand-Tools/s?keywords=Spanners,مفتاح الربط المشترك الألماني الصنع بمقاس صغير (7 مم) يقع في أدنى نطاق أسعار هذه الفئة من الأدوات، ويمثل عائلة من 12 مقاسًا.,True,False
49,1424,18X19,ر COMB.WRENCH كتشم حاتفم,مفتاح ربط مشترك (كومبنيشن) ألماني الصنع مقاس 7 مم.,17.0,EA,24.0,408.0,GER.,GERMANY,28,منخفض,تقدير حسب فئة المنتج,https://www.amazon.de/-/en/Spanners-Wrenches-Germany-Hand-Tools/s?keywords=Spanners,مفتاح الربط المشترك الألماني الصنع بمقاس صغير (7 مم) يقع في أدنى نطاق أسعار هذه الفئة من الأدوات، ويمثل عائلة من 12 مقاسًا.,True,False
49,1425,"25/32""",ر COMB.WRENCH كتشم حاتفم,مفتاح ربط مشترك (كومبنيشن) ألماني الصنع مقاس 7 مم.,18.0,EA,26.0,468.0,GER.,GERMANY,28,منخفض,تقدير حسب فئة المنتج,https://www.amazon.de/-/en/Spanners-Wrenches-Germany-Hand-Tools/s?keywords=Spanners,مفتاح الربط المشترك الألماني الصنع بمقاس صغير (7 مم) يقع في أدنى نطاق أسعار هذه الفئة من الأدوات، ويمثل عائلة من 12 مقاسًا.,True,False
50,1426,"1/4""",ر COMB.WRENCH كتشم حاتفم,مفتاح ربط مشترك (كومبنيشن) ألماني الصنع مقاس 7 مم.,1.0,EA,8.0,8.0,GER.,GERMANY,28,منخفض,تقدير حسب فئة المنتج,https://www.amazon.de/-/en/Spanners-Wrenches-Germany-Hand-Tools/s?keywords=Spanners,مفتاح الربط المشترك الألماني الصنع بمقاس صغير (7 مم) يقع في أدنى نطاق أسعار هذه الفئة من الأدوات، ويمثل عائلة من 12 مقاسًا.,True,False
50,1427,6MM,ر COMB.WRENCH كتشم حاتفم,مفتاح ربط مشترك (كومبنيشن) ألماني الصنع مقاس 7 مم.,35.0,EA,8.0,280.0,GER.,GERMANY,28,منخفض,تقدير حسب فئة المنتج,https://www.amazon.de/-/en/Spanners-Wrenches-Germany-Hand-Tools/s?keywords=Spanners,مفتاح الربط المشترك الألماني الصنع بمقاس صغير (7 مم) يقع في أدنى نطاق أسعار هذه الفئة من الأدوات، ويمثل عائلة من 12 مقاسًا.,True,False
50,1428,7MM,ر COMB.WRENCH كتشم حاتفم,مفتاح ربط مشترك (كومبنيشن) ألماني الصنع مقاس 7 مم.,46.0,EA,12.0,552.0,GER.,GERMANY,28,منخفض,تقدير حسب فئة المنتج,https://www.amazon.de/-/en/Spanners-Wrenches-Germany-Hand-Tools/s?keywords=Spanners,مفتاح الربط المشترك الألماني الصنع بمقاس صغير (7 مم) يقع في أدنى نطاق أسعار هذه الفئة من الأدوات، ويمثل عائلة من 12 مقاسًا.,True,False
50,1429,"5/16""",ر COMB.WRENCH كتشم حاتفم,مفتاح ربط مشترك (كومبنيشن) ألماني الصنع مقاس 7 مم.,5.0,EA,15.0,75.0,GER.,GERMANY,28,منخفض,تقدير حسب فئة المنتج,https://www.amazon.de/-/en/Spanners-Wrenches-Germany-Hand-Tools/s?keywords=Spanners,مفتاح الربط المشترك الألماني الصنع بمقاس صغير (7 مم) يقع في أدنى نطاق أسعار هذه الفئة من الأدوات، ويمثل عائلة من 12 مقاسًا.,True,False
50,1430,18X19,RING WRENCH موتخم حاتفم,مفتاح رنج مختوم مزدوج المقاس 11/16×19/32 بوصة.,1.0,EA,24.0,24.0,GER.,GERMANY,35,متوسط,تقدير عام لمفاتيح الرنج المختومة (رينج رنج),"https://www.amazon.sa/-/en/DIY-Tools-Draper/s?rh=n:12463390031,p_89:Draper",مفتاح رنج مختوم مزدوج المقاس 11/16×19/32 بوصة من الفئة السعرية المتوسطة للمفاتيح.,True,False
50,1431,18MM,ر COMB.WRENCH كتشم حاتفم,مفتاح ربط مشترك (كومبنيشن) ألماني الصنع مقاس 7 مم.,1.0,EA,23.0,23.0,GER.,GERMANY,28,منخفض,تقدير حسب فئة المنتج,https://www.amazon.de/-/en/Spanners-Wrenches-Germany-Hand-Tools/s?keywords=Spanners,مفتاح الربط المشترك الألماني الصنع بمقاس صغير (7 مم) يقع في أدنى نطاق أسعار هذه الفئة من الأدوات، ويمثل عائلة من 12 مقاسًا.,True,False
50,1432,"3/4X5/8""",OPENED WRENCH ىدلب حاتفم,مفتاح مفتوح (بلدي) مزدوج المقاس 7/8 و3/4 بوصة.,1.0,EA,22.0,22.0,GER.,GERMANY,50,منخفض,استدلال من فئة مفاتيح البلدي المفتوحة,https://www.amazon.com/,مفتاح مفتوح مزدوج المقاس (بلدي) يقدر وفق أسعار المفاتيح اليدوية الاقتصادية.,True,False
50,1433,9MM,ر COMB.WRENCH كتشم حاتفم,مفتاح ربط مشترك (كومبنيشن) ألماني الصنع مقاس 7 مم.,1.0,EA,12.0,12.0,GER.,GERMANY,28,منخفض,تقدير حسب فئة المنتج,https://www.amazon.de/-/en/Spanners-Wrenches-Germany-Hand-Tools/s?keywords=Spanners,مفتاح الربط المشترك الألماني الصنع بمقاس صغير (7 مم) يقع في أدنى نطاق أسعار هذه الفئة من الأدوات، ويمثل عائلة من 12 مقاسًا.,True,False
50,1434,"7/8X3/4""",OPENED WRENCH ىدلب حاتفم,مفتاح مفتوح (بلدي) مزدوج المقاس 7/8 و3/4 بوصة.,6.0,EA,25.0,150.0,GER.,GERMANY,50,منخفض,استدلال من فئة مفاتيح البلدي المفتوحة,https://www.amazon.com/,مفتاح مفتوح مزدوج المقاس (بلدي) يقدر وفق أسعار المفاتيح اليدوية الاقتصادية.,True,False
50,1435,"5/8X3/4""",OPENED WRENCH ىدلب حاتفم,مفتاح مفتوح (بلدي) مزدوج المقاس 7/8 و3/4 بوصة.,6.0,EA,23.0,138.0,GER.,GERMANY,50,منخفض,استدلال من فئة مفاتيح البلدي المفتوحة,https://www.amazon.com/,مفتاح مفتوح مزدوج المقاس (بلدي) يقدر وفق أسعار المفاتيح اليدوية الاقتصادية.,True,False
50,1436,8X10,RING WRENCH موتخم حاتفم,مفتاح رنج مختوم مزدوج المقاس 11/16×19/32 بوصة.,1.0,EA,13.0,13.0,GER.,GERMANY,35,متوسط,تقدير عام لمفاتيح الرنج المختومة (رينج رنج),"https://www.amazon.sa/-/en/DIY-Tools-Draper/s?rh=n:12463390031,p_89:Draper",مفتاح رنج مختوم مزدوج المقاس 11/16×19/32 بوصة من الفئة السعرية المتوسطة للمفاتيح.,True,False
50,1437,GEDORE,"1.5/16 SLUGG.WRE,RING قرط حاتفم",مفتاح صدمي حلقي (سلاجينج رنش) مقاس 1.5/16 إنش.,1.0,EA,140.0,140.0,GERMAN,GERMANY,240,منخفض,estimated from category benchmark,https://mdttools.com/,مفتاح صدمي حلقي كبير مقاس 1.5/16 إنش من جيدور الألمانية، فئة أدوات صناعية ثقيلة باهظة نسبيًا.,True,False
50,1438,WGB,"30MM,RING,SLUGG قرط حاتفم",مفتاح حلقي صناعي للصدم (Slugging) مقاس 32 مم.,1.0,EA,130.0,130.0,GERMAN,GERMANY,180,متوسط,تقدير حسب فئة مفاتيح الحلقة الصناعية الثقيلة (Slugging),https://www.fyind.com/ksa/en/tool-attachments-and-accessories/impact-socket,مفاتيح الصدم الحلقية (Slugging Wrench) مقاس 32مم أدوات صناعية ثقيلة أغلى من المفاتيح العادية.,True,False
50,1439,WIESEMANN,"30MM,RING,SLUGG قرط حاتفم",مفتاح حلقي صناعي للصدم (Slugging) مقاس 32 مم.,1.0,EA,130.0,130.0,GERMAN,GERMANY,180,متوسط,تقدير حسب فئة مفاتيح الحلقة الصناعية الثقيلة (Slugging),https://www.fyind.com/ksa/en/tool-attachments-and-accessories/impact-socket,مفاتيح الصدم الحلقية (Slugging Wrench) مقاس 32مم أدوات صناعية ثقيلة أغلى من المفاتيح العادية.,True,False
50,1440,GEDORE,"1.1/4,RING,SLUGG قرط حاتفم",مفتاح صدمي حلقي (سلاجينج رنش) مقاس 1.1/4 إنش.,1.0,EA,140.0,140.0,GERMAN,GERMANY,200,منخفض,estimated from category benchmark,https://mdttools.com/,مفتاح صدمي حلقي مقاس 1.1/4 إنش من جيدور الألمانية.,True,False
50,1441,WIESEMANN,"32MM,RING,SLUGG قرط حاتفم",مفتاح حلقي صناعي للصدم (Slugging) مقاس 32 مم.,5.0,EA,140.0,700.0,GERMAN,GERMANY,180,متوسط,تقدير حسب فئة مفاتيح الحلقة الصناعية الثقيلة (Slugging),https://www.fyind.com/ksa/en/tool-attachments-and-accessories/impact-socket,مفاتيح الصدم الحلقية (Slugging Wrench) مقاس 32مم أدوات صناعية ثقيلة أغلى من المفاتيح العادية.,True,False
50,1442,WIESEMANN,"24MM,RING,SLUGG قرط حاتفم",مفتاح حلقي صناعي للصدم (Slugging) مقاس 32 مم.,2.0,EA,140.0,280.0,GERMAN,GERMANY,180,متوسط,تقدير حسب فئة مفاتيح الحلقة الصناعية الثقيلة (Slugging),https://www.fyind.com/ksa/en/tool-attachments-and-accessories/impact-socket,مفاتيح الصدم الحلقية (Slugging Wrench) مقاس 32مم أدوات صناعية ثقيلة أغلى من المفاتيح العادية.,True,False
50,1443,BRITOOL,"RING,1.1/16,SLUGG قرط حاتفم",مفتاح صدمي حلقي (سلاجينج رنش) مقاس 1.1/16 إنش.,1.0,EA,145.0,145.0,GERMAN,GERMANY,220,منخفض,estimated from category benchmark,https://mdttools.com/,مفتاح صدمي (سلاجينج) حلقي كبير الحجم مقاس 1.1/16 إنش، وهي فئة أدوات صناعية ثقيلة أعلى سعرًا.,True,False
50,1444,2412/25,"ر 25M,TAPE سايق طيسر",شريط قياس (روليت) بطول 25 مترًا.,30.0,EA,145.0,4350.0,GERMANY,GERMANY,70,منخفض,تقدير فئوي لأشرطة قياس طويلة 25 متر,https://www.amazon.com/,شريط قياس بطول 25 مترًا من علامة ألمانية عامة (GERMANY)، وهذه الأشرطة المتوسطة الطول أرخص من نظيرتها 50 مترًا في بند 312.,True,False
50,1445,2278/20,"ر 20M,TAPE سايق طيسر",شريط قياس (روليت) بطول 25 مترًا.,10.0,EA,130.0,1300.0,GERMANY,GERMANY,70,منخفض,تقدير فئوي لأشرطة قياس طويلة 25 متر,https://www.amazon.com/,شريط قياس بطول 25 مترًا من علامة ألمانية عامة (GERMANY)، وهذه الأشرطة المتوسطة الطول أرخص من نظيرتها 50 مترًا في بند 312.,True,False
50,1446,gs-108,SUCKER,مصاصة لحام (سكر) لإزالة اللحام من الدوائر الإلكترونية.,20.0,EA,25.0,500.0,GOOT,UNKNOWN,55,متوسط,GOOT GS-100 Desoldering Pump - AliExpress/KEEBD,https://www.aliexpress.com/item/32868311602.html,مصاصة لحام يابانية من جوت بسعر جملة نحو 15-21 دولاراً مع هامش استيراد وبيع تجزئة.,True,False
50,2360,7237BB,"PUNCH SET-1.1/2-2""",طقم مقاطع (بنش سيت) مقاس 1.1/2-2 بوصة من ماركة GREENLEE.,0.0,set,1720.0,0.0,GREENLEE,USA,500,منخفض,estimated from category benchmark,https://www.amazon.sa/-/en/b?ie=UTF8&node=16620999031,سعر تقديري لطقم مقاطع كهربائية احترافي بالاستناد إلى أسعار عدة GREENLEE الأمريكية المرتفعة نسبيًا.,True,False
50,2361,7306SB,"PUNCH 1/2""-2"" شنب مقط",طقم شنب لعمل فتحات دائرية في الألواح المعدنية بمقاسات من 1/2 إلى 2 بوصة من جرينلي.,1.0,set,4350.0,4350.0,GREENLEE,USA,1050,متوسط,Amazon - Greenlee knockout punch/die kits,https://www.amazon.com/Greenlee-7216-Knockout-Punch-2-Inch/dp/B002NQYZ46,أطقم شنب (خرامات) الألواح المعدنية المماثلة من جرينلي بنفس نطاق المقاسات (1/2-2 بوصة) تُباع عادة بين 200-350 دولاراً أمريكياً.,True,False
50,2590,125FT,FISH TAPEكلاا بحس ةركب,بكرة سحب أسلاك كهربائية (فيش تيب) طولها 125 قدم.,3.0,EA,150.0,450.0,GREENLEE,USA,340,مرتفع,Gordon Electric Supply listing,https://www.gordonelectricsupply.com/p/greenlee-ftxs-125-125ft-fish-tape/6974881,وُجد سعر فعلي حديث لبكرة سحب الأسلاك جرينلي طراز 125 قدم بحدود 58-72 دولاراً أمريكياً.,True,False
50,2591,240FT,FISH TAPEكلاا بحس ةركب,بكرة سحب أسلاك كهربائية (فيش تيب) طولها 125 قدم.,2.0,EA,200.0,400.0,GREENLEE,USA,340,مرتفع,Gordon Electric Supply listing,https://www.gordonelectricsupply.com/p/greenlee-ftxs-125-125ft-fish-tape/6974881,وُجد سعر فعلي حديث لبكرة سحب الأسلاك جرينلي طراز 125 قدم بحدود 58-72 دولاراً أمريكياً.,True,False
50,2592,50FT,FISH TAPEكلاا بحس ةركب,بكرة سحب أسلاك كهربائية (فيش تيب) طولها 125 قدم.,3.0,EA,70.0,210.0,GREENLEE,USA,340,مرتفع,Gordon Electric Supply listing,https://www.gordonelectricsupply.com/p/greenlee-ftxs-125-125ft-fish-tape/6974881,وُجد سعر فعلي حديث لبكرة سحب الأسلاك جرينلي طراز 125 قدم بحدود 58-72 دولاراً أمريكياً.,True,False
50,2593,65FT,FISH TAPEكلاا بحس ةركب,بكرة سحب أسلاك كهربائية (فيش تيب) طولها 125 قدم.,5.0,EA,75.0,375.0,GREENLEE,USA,340,مرتفع,Gordon Electric Supply listing,https://www.gordonelectricsupply.com/p/greenlee-ftxs-125-125ft-fish-tape/6974881,وُجد سعر فعلي حديث لبكرة سحب الأسلاك جرينلي طراز 125 قدم بحدود 58-72 دولاراً أمريكياً.,True,False
50,1447,TA150,"LATHE,WOOD,HALF MECH",مخرطة خشب نصف ميكانيكية من الماركة الإيطالية Griggio.,4.0,EA,15000.0,60000.0,GRIGGRIO,ITALY,14000,منخفض,Hingmy.com (موزع Griggio),https://www.hingmy.com/site/content.php?p=2630,لا يوجد سعر معلن مباشر؛ ماكينات Griggio للنجارة تبدأ عموماً من نحو ٢٥٠٠ يورو وترتفع بشدة حسب الحجم والقدرة، والتقدير قريب من التكلفة الداخلية ١٥٠٠٠.,True,False
50,2195,HC-65160,hc-65165 cups-harbor RADIATOR CUPS,كأس محول لجهاز اختبار ضغط الرديتير.,9.0,KIT,440.0,3960.0,HARBOR,UK,55,منخفض,تقدير استناداً لفئة أكواب اختبار الرديتير,https://www.centraltools.com/,لا يوجد سعر مباشر للكود المحدد؛ التقدير مبني على أكواب اختبار الرديتير المماثلة التي تُباع بين 10-20 دولاراً للقطعة.,True,True
50,2292,92374,BITSBURGH-SNAP RING PLIERS ةليت مقط,زردية حلقات التثبيت (سنابر رينج) برؤوس قابلة للتبديل من بيتسبرغ/هاربور.,6.0,ea,350.0,2100.0,HARBOR,USA,40,متوسط,Harbor Freight (Pittsburgh) listing,https://www.harborfreight.com/snap-ring-pliers-with-interchangeable-heads-63845.html,تم إيجاد منتج مطابق لنفس العلامة والفئة (بيتسبرغ من هاربور فرايت) بسعر يتراوح بين 5-18 دولارًا حسب العرض، وتم اعتماد متوسط تقريبي مع هامش استيراد للسوق السعودي.,True,True
50,2334,H-241,TIE GUN-ULINE,أداة شد وقطع أربطة الكابلات (تاي جن) من يولاين.,16.0,EA,110.0,1760.0,HARBOR,USA,220,منخفض,تقدير حسب فئة المنتج,https://www.amazon.com/s?k=uline+cable+tie+gun,أدوات شد وقطع أربطة الكابلات الصناعية من يولاين أعلى سعرًا من الأدوات اليدوية البسيطة.,True,False
50,2639,92514,"LEAK DETECTOR,HALOGEN&FREON",جهاز كشف تسرب غازات التبريد (هالوجين وفريون) من هاربور.,2.0,EA,410.0,820.0,HARBOR,USA,320,منخفض,estimated from category benchmark (refrigerant leak detectors),https://anaum.sa.com/collections/pce,سعر تقديري لجهاز كشف تسرب غازات التبريد (هالوجين وفريون) من هاربور بمقارنته بأجهزة الكشف المماثلة.,True,False
50,1448,HERO,ADJ.600MM ةنابس,مفتاح إنجليزي (بريطاني) قابل للتعديل بطول كبير يستخدم للصواميل والصمولات المختلفة الأحجام.,2.0,EA,375.0,750.0,HERO,JAPAN,140,متوسط,estimated from category benchmark,https://www.amazon.sa/-/en/b?ie=UTF8&node=85450175031,مفتاح إنجليزي قابل للتعديل بطول 600مم (24 بوصة) يقع ضمن الفئة السعرية للمفاتيح الكبيرة القابلة للتعديل.,True,False
51,1449,"1/4X5/16""",ر COMB.WRENCH كتشم حاتفم,مفتاح كومبنيشن صغير القياس مزدوج المقاس.,11.0,EA,35.0,385.0,HEYCO,GERMANY,40,منخفض,استدلال من فئة مفاتيح هيكو الألمانية,https://www.amazon.com/,مفتاح كومبنيشن صغير مقاس 1/4×5/16 بوصة من ماركة ألمانية يقدر بسعر اقتصادي.,True,False
51,1450,10169,"vise 10"" ةمزلم",منجلة (زردية تثبيت) منضدية بحجم فك 8 إنش.,6.0,EA,750.0,4500.0,HIMOUNT,TW,220,منخفض,فئة المنجلات (الزرادين المنضدية) في السوق السعودي,https://nassguard.sa/product/bench-vices-in-saudi/,منجلة منضدية بحجم 8 إنش من علامة غير معروفة عالميًا (HIMOUNT)، وهذا الحجم من المنجلات الاقتصادية يتوفر في السوق السعودي ضمن هذا النطاق السعري تقريبًا.,True,False
51,1451,10168,"vise 8"" ةمزلم",منجلة (زردية تثبيت) منضدية بحجم فك 8 إنش.,21.0,EA,450.0,9450.0,HIMOUNT,TW,220,منخفض,فئة المنجلات (الزرادين المنضدية) في السوق السعودي,https://nassguard.sa/product/bench-vices-in-saudi/,منجلة منضدية بحجم 8 إنش من علامة غير معروفة عالميًا (HIMOUNT)، وهذا الحجم من المنجلات الاقتصادية يتوفر في السوق السعودي ضمن هذا النطاق السعري تقريبًا.,True,False
51,1452,AT-7409,ر MEASURING TAPE سايق طيسر,شريط قياس (متر) طويل.,2.0,EA,70.0,140.0,HIMOUNT,TW,20,منخفض,estimated from category benchmark,https://www.amazon.sa/-/en/tape-measure-5m/s?k=tape+measure+5m,شريط قياس من علامة اقتصادية غير معروفة محليًا.,True,False
51,1453,EM-56,ر ر TAPE ULTRASNIC كينوساتلا طيسر,جهاز قياس مسافات باستخدام الموجات فوق الصوتية.,5.0,EA,65.0,325.0,HIMOUNT,TW,100,متوسط,استدلال من فئة أشرطة القياس بالموجات فوق الصوتية,https://www.amazon.com/Radio-Shack-09A99-Ultrasonic-Distance/dp/B00GM3OXOI,أجهزة القياس بالموجات فوق الصوتية الاقتصادية تتراوح أسعارها بين 10-20 دولاراً أمريكياً في الأسواق العالمية.,True,False
51,1454,TE533,ENGRAVER ةرافح,قلم نقش (حفر) كهربائي محمول من هايماونت.,30.0,EA,70.0,2100.0,HIMOUNT,TW,70,منخفض,تقدير حسب فئة المنتج,https://www.amazon.com/s?k=electric+engraving+pen,أقلام النقش الكهربائية المحمولة من علامات عامة الصنع رخيصة نسبيًا ومتوفرة في هذا النطاق.,True,False
51,1455,150MM,"BENCH GRINDER 6"" ةلواط خلج",جلاخة منضدية (بنش جرايندر) مقاس 8 بوصة من هايماونت.,1.0,EA,850.0,850.0,HIMOUNT,TW,400,منخفض,تقدير حسب فئة المنتج,https://www.amazon.com/s?k=8+inch+bench+grinder,الجلاخات المنضدية مقاس 8 بوصة معدات ورشة تقع عادة في هذا النطاق السعري، ويمثل عائلة من مقاسين.,True,False
51,1456,200MM,"BENCH GRINDER 8"" ةلواط خلج",جلاخة منضدية (بنش جرايندر) مقاس 8 بوصة من هايماونت.,1.0,EA,950.0,950.0,HIMOUNT,TW,400,منخفض,تقدير حسب فئة المنتج,https://www.amazon.com/s?k=8+inch+bench+grinder,الجلاخات المنضدية مقاس 8 بوصة معدات ورشة تقع عادة في هذا النطاق السعري، ويمثل عائلة من مقاسين.,True,False
51,1457,PT-2553T5,"CHUCK 3/8"" ليرد فرظ",ظرف (فرظ) تثبيت ريش الحفر لآلة الدريل بمقاس 3/8 بوصة.,39.0,EA,18.0,702.0,HIMOUNT,TW,45,متوسط,estimated from category benchmark (drill chucks),https://www.amazon.com/s?k=3-8+keyless+drill+chuck,فرظ (ظرف) دريل بمقاس 3/8 بوصة من علامة هيمونت ضمن نطاق أسعار ظروف الدريل القياسية.,True,False
51,1458,PT2552T2,"3/8"",CHUCK ليرد فرظ",ظرف (شك) مثقاب مقاس 3/8 إنش.,7.0,EA,18.0,126.0,HIMOUNT,TW,40,منخفض,estimated from category benchmark,https://www.amazon.sa/-/en/b?ie=UTF8&node=16620567031,ظرف (فرظ) مثقاب مقاس 3/8 إنش، قطعة غيار للمثقاب.,True,False
51,1459,PT-378,AIR RATCHET ءاوهلا لىع دي,مفتاح راتشيت يعمل بالهواء المضغوط (تكة هوائية).,11.0,EA,275.0,3025.0,HIMOUNT,TW,250,منخفض,تقدير فئوي لمفاتيح الراتشيت الهوائية الاقتصادية,https://www.amazon.com/,مفتاح راتشيت هوائي من علامة اقتصادية (HIMOUNT)، وهذه الأدوات الهوائية الاقتصادية أرخص من العلامات الاحترافية المعروفة مثل إنجرسول راند.,True,False
51,1460,PT-122A,"DIE GRINDER ,AIR ءاوهلا لىع خلخ",جلاخة (خلاخة) صغيرة تعمل بالهواء المضغوط.,1.0,EA,280.0,280.0,HIMOUNT,TW,180,منخفض,estimated from category benchmark,https://www.amazon.sa/-/en/b?ie=UTF8&node=16620587031,مصنفرة/خلاخة هوائية (داي جرايندر) أداة هوائية صناعية أعلى ثمناً من العدد اليدوية البسيطة.,True,False
51,1461,PT-377A,AIR RATCHET ءاوهلا لىع دي,مفتاح راتشيت يعمل بالهواء المضغوط (تكة هوائية).,18.0,EA,275.0,4950.0,HIMOUNT,TW,250,منخفض,تقدير فئوي لمفاتيح الراتشيت الهوائية الاقتصادية,https://www.amazon.com/,مفتاح راتشيت هوائي من علامة اقتصادية (HIMOUNT)، وهذه الأدوات الهوائية الاقتصادية أرخص من العلامات الاحترافية المعروفة مثل إنجرسول راند.,True,False
51,1462,PT9047020,AIR CLEANING GUN فيظنت سدسم,مسدس نفخ هواء مضغوط يستخدم لتنظيف الأسطح وطرد الغبار.,7.0,KIT,90.0,630.0,HIMOUNT,TW,40,متوسط,estimated from category benchmark (air cleaning guns),https://www.amazon.com/s?k=air+blow+gun,مسدس تنظيف هوائي من هيمونت ضمن نطاق أسعار مسدسات نفخ الهواء القياسية.,True,False
51,1463,7433,"STUD,LEVE,LASER,FINDER ندعملاو تلوفلا فشك",جهاز متعدد الوظائف للكشف عن المسامير والمعادن وضبط الليزر.,9.0,EA,125.0,1125.0,HIMOUNT,TW,90,متوسط,تقدير عام لأجهزة كشف المسامير والليزر المدمجة,"https://www.amazon.sa/-/en/DIY-Tools-Draper/s?rh=n:12463390031,p_89:Draper",أجهزة الكشف متعددة الوظائف (خشب/معدن/ليزر) من فئة الأسعار المتوسطة.,True,False
51,2306,E-650,LAN TESTER-GIGATESTER-E,جهاز اختبار كابلات شبكة (LAN) للتحقق من صحة التوصيل.,4.0,EA,345.0,1380.0,HOBBES,USA,230,منخفض,MegaDepot / Global Test Supply listings,https://www.megadepot.com/product/hobbes-e-650-r-gigatest-e-compact-basic-network-cable-tester,تم تأكيد وجود المنتج فعلياً لدى عدة موزعين متخصصين، لكن دون سعر ظاهر، فاعتُمد تقدير قياسي لأجهزة اختبار كابلات الشبكات الأساسية المشابهة.,True,False
51,1464,115 000,"V D E SCREW DRIVER INSULATED. PZ#0X60MM V D E SCREW DRIVER INSULATED. PZ#0 V D E SCREW DRIVER INSULATED PH #0x60mm V D E SCREW DRIVER INSULATED PH #1 V D E SCREW DRIVER INSULATED. PZ#1 PZ#0X60MM.S/DR.- PH#0X60MM,SCREWDRIVER 1.6X200-10X200-SLOT- PH#3,INSULATED-1000V- PZ3X150 كفم",مفك معزول كهربائياً (VDE) مقاس PZ0×60مم.,26.0,PCS,17.0,442.0,HSW,GERMANY,45,متوسط,VDE Insulated Screwdrivers - PrimeTools/BestToolsUSA,https://besttoolsusa.com/products/vde-safety-insulated-screwdriver-set-6-pcs,مفك معزول كهربائياً (VDE) بمعيار 1000 فولت بسعر مماثل للمفكات المعزولة الفردية في السوق الدولي.,True,False
51,1465,115 000,,أداة أو قطعة يدوية من ماركة HSW دون تفاصيل وصفية كافية لتحديد نوعها بدقة.,30.0,PCS,17.0,510.0,HSW,GERMANY,80,منخفض,تقدير حسب فئة المنتج (لا يوجد وصف كافٍ),https://www.noon.com/saudi-en/tools-and-home-improvement/power-and-hand-tools/,لا يتوفر وصف كافٍ لتحديد طبيعة المنتج بدقة تحت ماركة HSW، لذا يمثل السعر تقديراً عاماً لأداة يدوية متوسطة الفئة.,True,False
51,1466,111 000,,أداة أو قطعة يدوية من ماركة HSW دون تفاصيل وصفية كافية لتحديد نوعها بدقة.,13.0,PCS,18.0,234.0,HSW,GERMANY,80,منخفض,تقدير حسب فئة المنتج (لا يوجد وصف كافٍ),https://www.noon.com/saudi-en/tools-and-home-improvement/power-and-hand-tools/,لا يتوفر وصف كافٍ لتحديد طبيعة المنتج بدقة تحت ماركة HSW، لذا يمثل السعر تقديراً عاماً لأداة يدوية متوسطة الفئة.,True,False
51,1467,111 001,,أداة أو قطعة يدوية من ماركة HSW دون تفاصيل وصفية كافية لتحديد نوعها بدقة.,12.0,PCS,18.0,216.0,HSW,GERMANY,80,منخفض,تقدير حسب فئة المنتج (لا يوجد وصف كافٍ),https://www.noon.com/saudi-en/tools-and-home-improvement/power-and-hand-tools/,لا يتوفر وصف كافٍ لتحديد طبيعة المنتج بدقة تحت ماركة HSW، لذا يمثل السعر تقديراً عاماً لأداة يدوية متوسطة الفئة.,True,False
51,1468,115 001,,أداة أو قطعة يدوية من ماركة HSW دون تفاصيل وصفية كافية لتحديد نوعها بدقة.,22.0,PCS,22.0,484.0,HSW,GERMANY,80,منخفض,تقدير حسب فئة المنتج (لا يوجد وصف كافٍ),https://www.noon.com/saudi-en/tools-and-home-improvement/power-and-hand-tools/,لا يتوفر وصف كافٍ لتحديد طبيعة المنتج بدقة تحت ماركة HSW، لذا يمثل السعر تقديراً عاماً لأداة يدوية متوسطة الفئة.,True,False
51,1469,111 002,,أداة أو قطعة يدوية من ماركة HSW دون تفاصيل وصفية كافية لتحديد نوعها بدقة.,8.0,PCS,20.0,160.0,HSW,GERMANY,80,منخفض,تقدير حسب فئة المنتج (لا يوجد وصف كافٍ),https://www.noon.com/saudi-en/tools-and-home-improvement/power-and-hand-tools/,لا يتوفر وصف كافٍ لتحديد طبيعة المنتج بدقة تحت ماركة HSW، لذا يمثل السعر تقديراً عاماً لأداة يدوية متوسطة الفئة.,True,False
51,1470,111 003,,أداة أو قطعة يدوية من ماركة HSW دون تفاصيل وصفية كافية لتحديد نوعها بدقة.,19.0,PCS,27.0,513.0,HSW,GERMANY,80,منخفض,تقدير حسب فئة المنتج (لا يوجد وصف كافٍ),https://www.noon.com/saudi-en/tools-and-home-improvement/power-and-hand-tools/,لا يتوفر وصف كافٍ لتحديد طبيعة المنتج بدقة تحت ماركة HSW، لذا يمثل السعر تقديراً عاماً لأداة يدوية متوسطة الفئة.,True,False
51,1471,506.188,,أداة أو قطعة يدوية من ماركة HSW دون تفاصيل وصفية كافية لتحديد نوعها بدقة.,14.0,PCS,23.0,322.0,HSW,GERMANY,80,منخفض,تقدير حسب فئة المنتج (لا يوجد وصف كافٍ),https://www.noon.com/saudi-en/tools-and-home-improvement/power-and-hand-tools/,لا يتوفر وصف كافٍ لتحديد طبيعة المنتج بدقة تحت ماركة HSW، لذا يمثل السعر تقديراً عاماً لأداة يدوية متوسطة الفئة.,True,False
51,1472,111 003,,أداة أو قطعة يدوية من ماركة HSW دون تفاصيل وصفية كافية لتحديد نوعها بدقة.,16.0,PCS,28.0,448.0,HSW,GERMANY,80,منخفض,تقدير حسب فئة المنتج (لا يوجد وصف كافٍ),https://www.noon.com/saudi-en/tools-and-home-improvement/power-and-hand-tools/,لا يتوفر وصف كافٍ لتحديد طبيعة المنتج بدقة تحت ماركة HSW، لذا يمثل السعر تقديراً عاماً لأداة يدوية متوسطة الفئة.,True,False
51,1473,115003,,أداة أو قطعة يدوية من ماركة HSW دون تفاصيل وصفية كافية لتحديد نوعها بدقة.,8.0,PCS,30.0,240.0,HSW,GERMANY,80,منخفض,تقدير حسب فئة المنتج (لا يوجد وصف كافٍ),https://www.noon.com/saudi-en/tools-and-home-improvement/power-and-hand-tools/,لا يتوفر وصف كافٍ لتحديد طبيعة المنتج بدقة تحت ماركة HSW، لذا يمثل السعر تقديراً عاماً لأداة يدوية متوسطة الفئة.,True,False
51,1474,111 0003,PH3X150-111 003 3 بيليف,طرف مفك فيليبس (بت) مقاس PH3 بطول 150 ملم.,19.0,PCS,20.0,380.0,HSW,GERMANY,15,متوسط,معيار فئة أطراف المفكات (بت),https://www.amazon.com/,طرف مفك (بت) فيليبس مقاس PH3 يباع عادة بسعر رمزي ضمن فئة الأطراف الفردية.,True,False
51,1475,108027,T27-TORX سكروت كفم,مفك نوع توركس مقاس T27.,15.0,PCS,22.0,330.0,HSW,GERMANY,20,متوسط,معيار فئة مفكات التوركس,https://www.amazon.com/,مفك توركس مقاس T27 يباع عادة بسعر اقتصادي ضمن فئة المفكات الفردية.,True,False
51,1476,115 003,VDE PZ3 INSULTED لوزعم كفم,مفك براغي معزول كهربائياً نوع PZ3 معتمد VDE.,39.0,PCS,32.0,1248.0,HSW,GERMANY,35,متوسط,تقدير حسب فئة المفكات المعزولة VDE,https://www.amazon.sa/-/en/b?ie=UTF8&node=16620587031,المفكات المعزولة كهربائياً (VDE) أغلى من المفكات العادية بسبب طبقة العزل المعتمدة.,True,False
51,1477,129045,T45-RED-HSW-TORX-WITH BORING HOLE,مفك براغي تركس T45 بفتحة مركزية أحمر وأسود.,12.0,PCS,55.0,660.0,HSW,GERMANY,22,متوسط,مقارنة مع طقم مفكات تولسن تركس,https://tolsentools.com.sa/products/8pcs-torx-t-handle-screwdrivers-set,سعر القطعة قياساً على أسعار مفكات تركس المفردة المشابهة في السوق.,True,False
51,1478,129040,T40-RED-HSW-TORX-WITH BORING HOLE,مفك براغي تركس T45 بفتحة مركزية أحمر وأسود.,12.0,PCS,50.0,600.0,HSW,GERMANY,22,متوسط,مقارنة مع طقم مفكات تولسن تركس,https://tolsentools.com.sa/products/8pcs-torx-t-handle-screwdrivers-set,سعر القطعة قياساً على أسعار مفكات تركس المفردة المشابهة في السوق.,True,False
51,1479,129009,T9-HSW-RED-TORX-WITH BORING HOLE,لقمة مفك توركس T27 حمراء مع ثقب أمني في المنتصف.,12.0,PCS,25.0,300.0,HSW,GERMANY,12,منخفض,تقدير حسب فئة المنتج (لقم مفكات توركس أمنية),https://www.wildetool.com,لقم التوركس T27 ذات الثقب الأمني رخيصة نسبياً وتُباع عادة بأسعار زهيدة للقطعة الواحدة ضمن عبوات متعددة.,True,False
52,1480,129007,T27-HSW-RED-TORX-WITH BORING HOLE,لقمة مفك توركس T27 حمراء مع ثقب أمني في المنتصف.,12.0,PCS,35.0,420.0,HSW,GERMANY,12,منخفض,تقدير حسب فئة المنتج (لقم مفكات توركس أمنية),https://www.wildetool.com,لقم التوركس T27 ذات الثقب الأمني رخيصة نسبياً وتُباع عادة بأسعار زهيدة للقطعة الواحدة ضمن عبوات متعددة.,True,False
52,1481,129030,T30-HSW-RED-TORX-WITH BORING HOLE,لقمة مفك توركس T27 حمراء مع ثقب أمني في المنتصف.,12.0,PCS,30.0,360.0,HSW,GERMANY,12,منخفض,تقدير حسب فئة المنتج (لقم مفكات توركس أمنية),https://www.wildetool.com,لقم التوركس T27 ذات الثقب الأمني رخيصة نسبياً وتُباع عادة بأسعار زهيدة للقطعة الواحدة ضمن عبوات متعددة.,True,False
52,1482,121 003,PH3-HSW-REDTORX-WITH BORING HOLE,طرف مفك (بت) نوع تورکس أحمر مع فتحة من ماركة HSW.,2.0,PCS,30.0,60.0,HSW,GERMANY,12,منخفض,estimated from category benchmark,https://www.amazon.sa/-/en/b?ie=UTF8&node=16620587031,سعر تقديري لطرف مفك (بت) صغير بالاستناد إلى معيار أسعار أطراف المفكات العامة.,True,False
52,1483,1290015,T15-HSW-RED-TORX-WITH BORING HOLE,لقمة مفك توركس T27 حمراء مع ثقب أمني في المنتصف.,12.0,PCS,25.0,300.0,HSW,GERMANY,12,منخفض,تقدير حسب فئة المنتج (لقم مفكات توركس أمنية),https://www.wildetool.com,لقم التوركس T27 ذات الثقب الأمني رخيصة نسبياً وتُباع عادة بأسعار زهيدة للقطعة الواحدة ضمن عبوات متعددة.,True,False
52,1484,129010,T10-HSW-RED-TORX-WITH BORING HOLE,لقمة مفك توركس T27 حمراء مع ثقب أمني في المنتصف.,13.0,PCS,20.0,260.0,HSW,GERMANY,12,منخفض,تقدير حسب فئة المنتج (لقم مفكات توركس أمنية),https://www.wildetool.com,لقم التوركس T27 ذات الثقب الأمني رخيصة نسبياً وتُباع عادة بأسعار زهيدة للقطعة الواحدة ضمن عبوات متعددة.,True,False
52,1485,109009,T9-HSW-YELLOW/BLACK سكروت كفم,مفك براغي تركس T27 مفرد بمقبض أصفر وأسود.,12.0,PCS,20.0,240.0,HSW,GERMANY,20,متوسط,مقارنة مع طقم مفكات تولسن تركس 8 قطع,https://tolsentools.com.sa/products/8pcs-torx-t-handle-screwdrivers-set,سعر القطعة الواحدة قياساً على طقم مفكات تركس مشابه بسعر 62 ريال لثماني قطع.,True,False
52,1486,101 003,PH3-HSW-YELLOW BLACK بيليف كفم,مفك براغي فيليبس مقاس PH3.,6.0,PCS,30.0,180.0,HSW,GERMANY,10,متوسط,Noon.com - Phillips Screwdriver,https://www.noon.com/saudi-en/phillips-screwdriver-ph3x150mm/Z7118ECBE6FE728A45388Z/p/,مفك فيليبس PH3 عادي، ضمن نطاق أسعار المفكات الفردية الأساسية.,True,False
52,1487,109027,T27-HSW-YELLOW/BLACK سكروت كفم,مفك براغي تركس T27 مفرد بمقبض أصفر وأسود.,14.0,PCS,25.0,350.0,HSW,GERMANY,20,متوسط,مقارنة مع طقم مفكات تولسن تركس 8 قطع,https://tolsentools.com.sa/products/8pcs-torx-t-handle-screwdrivers-set,سعر القطعة الواحدة قياساً على طقم مفكات تركس مشابه بسعر 62 ريال لثماني قطع.,True,False
52,1488,109030,T30-HSW-YELLOW/BLACK سكروت كفم,مفك براغي تركس T27 مفرد بمقبض أصفر وأسود.,9.0,PCS,30.0,270.0,HSW,GERMANY,20,متوسط,مقارنة مع طقم مفكات تولسن تركس 8 قطع,https://tolsentools.com.sa/products/8pcs-torx-t-handle-screwdrivers-set,سعر القطعة الواحدة قياساً على طقم مفكات تركس مشابه بسعر 62 ريال لثماني قطع.,True,False
52,1489,109040,T40-HSW-YELLOW/BLACK سكرون كفم,مفك براغي برأس تركس (نجمة) مقاس T40.,18.0,PCS,35.0,630.0,HSW,GERMANY,25,منخفض,estimated from category benchmark (torx bit drivers),https://www.amazon.com/s?k=torx+bit+screwdriver,مفك رأس تركس (نجمة) T40 أصفر/أسود، والتقدير مبني على أسعار مفكات الرؤوس الخاصة الاقتصادية.,True,False
52,1490,105000,PZ0X60-HSW-YELLOW/BLACK كفم,مفك براغي بوزيدريف مقاس PZ0.,8.0,PCS,20.0,160.0,HSW,GERMANY,10,متوسط,Noon.com - Screwdriver benchmark,https://www.noon.com/saudi-en/phillips-screwdriver-ph3x150mm/Z7118ECBE6FE728A45388Z/p/,مفك بوزيدريف PZ0 عادي، ضمن نطاق أسعار المفكات الفردية الأساسية.,True,False
52,1491,101000,PH0X60-HSW-YELLOW/BLACK بيليف كفم,مفك براغي فيليبس مقاس PH0.,5.0,PCS,20.0,100.0,HSW,GERMANY,10,متوسط,Noon.com - Screwdriver benchmark,https://www.noon.com/saudi-en/phillips-screwdriver-ph3x150mm/Z7118ECBE6FE728A45388Z/p/,مفك فيليبس PH0 صغير عادي، ضمن نطاق أسعار المفكات الفردية الأساسية.,True,False
52,1492,102150,5X150 FLAT-HSW-YELLOW/BLACK كفم,مفك براغي مفلطح مقاس 5×150 مم أصفر/أسود.,9.0,PCS,20.0,180.0,HSW,GERMANY,15,متوسط,Amazon.sa - Draper screwdriver set listing,https://www.amazon.sa/-/en/Draper-78924-Soft-Grip-Precision-Screwdriver/dp/B001FCLV4Q,مفك مفلطح مقاس 5×150مم من HSW يقارب أسعار المفكات المفردة القياسية.,True,False
52,1493,100150,8X150 FLAT-HSW-YELLOW/BLACK كفم,مفك براغي مفلطح مقاس 5×150 مم أصفر/أسود.,4.0,PCS,25.0,100.0,HSW,GERMANY,15,متوسط,Amazon.sa - Draper screwdriver set listing,https://www.amazon.sa/-/en/Draper-78924-Soft-Grip-Precision-Screwdriver/dp/B001FCLV4Q,مفك مفلطح مقاس 5×150مم من HSW يقارب أسعار المفكات المفردة القياسية.,True,False
52,1494,100075,5X75-HSW-YELLOW/BLACK سكروت كفم,مفك تورکس مقاس 5×75مم أصفر/أسود من ماركة HSW.,1.0,PCS,20.0,20.0,HSW,GERMANY,18,منخفض,estimated from category benchmark,https://www.amazon.sa/-/en/b?ie=UTF8&node=16620587031,سعر تقديري لمفك تورکس ملون بناءً على معيار أسعار المفكات الفردية العامة.,True,False
52,1495,105003,PZ3 8X150-HSW-YELLOW/BLACK سكروت كفم,مفك توركس (PZ3) مقاس 8×150 مم.,8.0,PCS,25.0,200.0,HSW,GERMANY,15,متوسط,Amazon.sa - Draper screwdriver set listing,https://www.amazon.sa/-/en/Draper-78924-Soft-Grip-Precision-Screwdriver/dp/B001FCLV4Q,مفك توركس PZ3 مقاس 8×150مم من HSW يقارب أسعار المفكات المفردة القياسية.,True,False
52,1496,109025,T25-HSW-YELLOW/BLACK سكروت كفم,مفك براغي تركس T27 مفرد بمقبض أصفر وأسود.,2.0,PCS,30.0,60.0,HSW,GERMANY,20,متوسط,مقارنة مع طقم مفكات تولسن تركس 8 قطع,https://tolsentools.com.sa/products/8pcs-torx-t-handle-screwdrivers-set,سعر القطعة الواحدة قياساً على طقم مفكات تركس مشابه بسعر 62 ريال لثماني قطع.,True,False
52,1497,109010,T10-HSW-YELLOW/BLACK سكروت كفم,مفك براغي تركس T27 مفرد بمقبض أصفر وأسود.,14.0,PCS,25.0,350.0,HSW,GERMANY,20,متوسط,مقارنة مع طقم مفكات تولسن تركس 8 قطع,https://tolsentools.com.sa/products/8pcs-torx-t-handle-screwdrivers-set,سعر القطعة الواحدة قياساً على طقم مفكات تركس مشابه بسعر 62 ريال لثماني قطع.,True,False
52,1498,109045,T45-HSW-YLLOW/BLACK سكروت كفم,مفك براغي تركس T45 بمقبض أصفر وأسود.,29.0,PCS,40.0,1160.0,HSW,GERMANY,22,متوسط,مقارنة مع طقم مفكات تولسن تركس,https://tolsentools.com.sa/products/8pcs-torx-t-handle-screwdrivers-set,سعر القطعة المفردة قياساً على أسعار مفكات تركس المشابهة في السوق.,True,False
52,2550,HYTORC,"1.1/2,IMPACT,55MM SIZE,12PT,SH -ءادوس ةبح",مقبس صدم صناعي كبير مقاس 75 ملم، 12 ضلعاً، لقياس دفع 1.5 بوصة.,1.0,EA,700.0,700.0,HYTORC,USA,750,متوسط,HYTORC official store (مرجع فئة مقابس كبيرة),https://store.hytorc.com/products/12pt-000108,مقابس هايتورك الصناعية الكبيرة (75مم لقياس دفع 1.5 بوصة) تخدم تطبيقات عزم دوران عالية، وهي أغلى بكثير من المقابس القياسية الصغيرة نظراً لحجمها وجودة تصنيعها العالية.,True,False
52,2551,HYTORC,"1.1/2,IMPACT,80MM SIZE,12PT,SH.ءادوس ةبح",مقبس صدم صناعي كبير مقاس 80 ملم، 12 ضلعاً، لقياس دفع 1.5 بوصة.,1.0,EA,1545.0,1545.0,HYTORC,USA,800,متوسط,HYTORC official store (مرجع فئة مقابس كبيرة),https://store.hytorc.com/products/12pt-000108,مقبس صدم صناعي كبير مقاس 80مم لقياس دفع 1.5 بوصة من هايتورك، ويقع ضمن نطاق أسعار المقابس الصناعية الكبيرة المكلفة نظراً لتخصصها.,True,False
52,2552,HYTORC,"1.1/2,IMPACT,75MM SIZE,12PT,SH ءادوس ةبح",مقبس صدم صناعي كبير مقاس 75 ملم، 12 ضلعاً، لقياس دفع 1.5 بوصة.,1.0,EA,1255.0,1255.0,HYTORC,USA,750,متوسط,HYTORC official store (مرجع فئة مقابس كبيرة),https://store.hytorc.com/products/12pt-000108,مقابس هايتورك الصناعية الكبيرة (75مم لقياس دفع 1.5 بوصة) تخدم تطبيقات عزم دوران عالية، وهي أغلى بكثير من المقابس القياسية الصغيرة نظراً لحجمها وجودة تصنيعها العالية.,True,False
52,2553,HYTORC,"1.1/2,IMPACT,65MM SIZE,12PT,SH.ءادوس ةبح",مقبس صدم صناعي كبير مقاس 80 ملم، 12 ضلعاً، لقياس دفع 1.5 بوصة.,1.0,EA,895.0,895.0,HYTORC,USA,800,متوسط,HYTORC official store (مرجع فئة مقابس كبيرة),https://store.hytorc.com/products/12pt-000108,مقبس صدم صناعي كبير مقاس 80مم لقياس دفع 1.5 بوصة من هايتورك، ويقع ضمن نطاق أسعار المقابس الصناعية الكبيرة المكلفة نظراً لتخصصها.,True,False
52,2554,HYTORC,"1.1/2,IMPACT,70MM SIZE,12PT,SH ءادوس ةبح",مقبس صدم صناعي كبير مقاس 75 ملم، 12 ضلعاً، لقياس دفع 1.5 بوصة.,1.0,EA,1110.0,1110.0,HYTORC,USA,750,متوسط,HYTORC official store (مرجع فئة مقابس كبيرة),https://store.hytorc.com/products/12pt-000108,مقابس هايتورك الصناعية الكبيرة (75مم لقياس دفع 1.5 بوصة) تخدم تطبيقات عزم دوران عالية، وهي أغلى بكثير من المقابس القياسية الصغيرة نظراً لحجمها وجودة تصنيعها العالية.,True,False
52,2555,HYTORC,"1.1/2,IMPACT,80MM/L,12PT,LONG",مقبس صدم صناعي طويل مقاس 80 ملم، 12 ضلعاً، لقياس دفع 1.5 بوصة.,2.0,EA,1530.0,3060.0,HYTORC,USA,850,متوسط,HYTORC official store (مرجع فئة مقابس كبيرة),https://store.hytorc.com/products/12pt-000108,مقبس عميق (طويل) بمقاس 80مم من هايتورك، وطول المقبس الإضافي مع كبر القياس يرفع سعره عن المقابس القياسية المماثلة.,True,False
52,2556,HYTORC,"1.1/2,IMPACT,36MM,SH,6PT ءادوس ةبح",مقبض صدم كبير مقاس 36مم بمحرك 1.5 بوصة لتطبيقات العزم الثقيل.,1.0,EA,495.0,495.0,HYTORC,USA,450,منخفض,HYTORC Sockets Store - أسعار مقابس الصدم الكبيرة المتخصصة,https://store.hytorc.com/collections/sockets,مقبض صدم متخصص كبير محرك 1.5 بوصة من هايتورك المستخدم لعزم الدوران الثقيل، أعلى سعراً بكثير من المقابس القياسية.,True,False
52,2557,HYTORC,"1.1/2,IMPACT,46MM,12PT,SH. ءادوس ةبح",قطعة سوكيت صدم صناعي ثقيل مقاس 46 مم بمحرك 1.1/2 بوصة.,2.0,EA,510.0,1020.0,HYTORC,USA,450,متوسط,تقدير حسب فئة السوكيت الصناعي الثقيل جداً (1.1/2 درايف),https://www.fyind.com/ksa/en/tool-attachments-and-accessories/impact-socket,سوكيت هايتورك بمحرك 1.1/2 بوصة من أثقل فئات السوكيت الصناعي وأغلاها ثمناً.,True,False
53,2325,33-623,COMPRESSTION CONNECTOR,موصل ضغط كهربائي (Compression Connector) من آيديل.,2.0,KIT,390.0,780.0,IDEAL,USA,15,متوسط,estimated from category benchmark (Ideal Industries connectors),https://mdttools.com/shop/,سعر تقديري لموصل ضغط كهربائي من آيديل بناءً على أسعار موصلات الضغط الكهربائية المماثلة.,True,True
53,2511,45-514,CABLE Stripper لباوك ةيارع,أداة لتعرية وتجريد عزل الكابلات الكهربائية.,1.0,EA,250.0,250.0,IDEAL,USA,60,منخفض,estimated from category benchmark,https://www.amazon.sa/-/en/b?ie=UTF8&node=16620587031,أداة عري كابلات من آيديل علامة تجارية معروفة أعلى ثمناً من الأدوات الاقتصادية.,True,False
53,,45-235,STRIPPER ةيارع,أداة تعرية (قشط) الكابلات الكهربائية.,1.0,EA,500.0,500.0,IDEAL,USA,280,متوسط,IDEAL 45-235 Cable Stripper - various retailers,https://www.testequipmentdepot.com/ideal-electrical-45-235-underground-feeder-cable-stripper.html,أداة تعرية كابلات كهربائية احترافية من آيديال بسعر يتراوح 40-134 دولاراً في السوق الأمريكي.,True,False
53,2415,IMO,PH4-111 004 كفم,مفك براغي فيليبس مقاس PH4.,6.0,PCS,30.0,180.0,IMO,USA,12,متوسط,Noon.com - Phillips Screwdriver benchmark,https://www.noon.com/saudi-en/phillips-screwdriver-ph3x150mm/Z7118ECBE6FE728A45388Z/p/,مفك فيليبس PH4 عادي مشابه لأسعار المفكات الفردية الأساسية في السوق.,True,False
53,2379,G6BW,"6FT,TAPE",شريط قياس (متر) طول 6 أقدام.,10.0,EA,25.0,250.0,JAJIMA,USA,10,منخفض,estimated from category benchmark,https://www.amazon.sa/-/en/b?ie=UTF8&node=16620587031,شريط قياس (متر) طول 6 أقدام منخفض الثمن كأدوات القياس الاقتصادية.,True,False
53,1506,HERO,"225MM,CIRCLIP PLIER,BENT ةبيت ةيدارز",زردية حلقات مرنة (Circlip) منحنية بطول 225 مم.,23.0,EA,45.0,1035.0,JAPAN,JAPAN,50,متوسط,تقدير عام لزراديات الحلقات المرنة المنحنية,https://tolsentools.com.sa/products/combination-pliers,زردية الحلقات المرنة (Circlip) المنحنية بطول 225مم أداة متخصصة متوسطة السعر.,True,False
53,1507,HERO,"225MM,CIRCLIP PLIER,ST. ةليت ةيدارز",كماشة حلقات مرنة (سيركليب) مستقيمة مقاس 225مم.,11.0,EA,45.0,495.0,JAPAN,JAPAN,50,متوسط,تقدير عام لكماشات الحلقات المرنة اليابانية,https://www.amazon.com/s?k=circlip+pliers+225mm,كماشة حلقات مرنة مستقيمة يابانية الصنع مقاس 225مم ضمن الفئة المتوسطة للأدوات اليدوية.,True,False
53,1508,HERO,"175MM,CIRCLIP,BENT ةليت ةيدارز",زردية لتركيب وفك حلقات السيجر (الحلقات المرنة) ذات الرأس المنحني.,16.0,EA,45.0,720.0,JAPAN,JAPAN,45,منخفض,estimated from category benchmark (circlip pliers),https://www.amazon.com/s?k=175mm+bent+circlip+pliers,زردية سيجر (حلقات دائرية) منحنية بطول 175مم ضمن نطاق أسعار زرديات السيجر القياسية.,True,False
53,2233,1-21.,ر JENSEN-KNIFE KIT يركاكس مقط,طقم سكاكين حرفية متعددة الاستخدامات من علامة جنسن.,48.0,KIT,145.0,6960.0,JENSEN,USA,65,منخفض,تقدير فئوي لأطقم سكاكين متعددة الاستخدامات,https://www.amazon.com/,طقم سكاكين حرفية من علامة جنسن، وهذه الأطقم الصغيرة متعددة الاستخدامات تكون معتدلة السعر عادة.,True,False
53,2234,60CM,"ر 24""-3824-MAGNETIC طنغمم ناترم",ميزان ماء (مستوى) مغناطيسي بطول 24 بوصة يلتصق بالأسطح المعدنية.,4.0,EA,85.0,340.0,JOHNSON,USA,130,متوسط,estimated from category benchmark (Johnson 24in magnetic levels),https://www.lowes.com/pd/Johnson-Level-12-in-Magnetic-Torpedo-Level/1000085627,مستوى مغناطيسي من جونسون بطول 24 بوصة أكبر حجماً وأعلى سعراً من الموديلات الأصغر ذات المرجعية.,True,False
53,2235,45CM,"ر 18""-3818-MAGNETIC طنغمم ناترم",ميزان ماء (مستوى) مغناطيسي بطول 24 بوصة يلتصق بالأسطح المعدنية.,4.0,EA,80.0,320.0,JOHNSON,USA,130,متوسط,estimated from category benchmark (Johnson 24in magnetic levels),https://www.lowes.com/pd/Johnson-Level-12-in-Magnetic-Torpedo-Level/1000085627,مستوى مغناطيسي من جونسون بطول 24 بوصة أكبر حجماً وأعلى سعراً من الموديلات الأصغر ذات المرجعية.,True,False
53,2236,45CM,"ر 18""-LIGHT DUTY ناترم",ميزان ماء (مستوى) صغير خفيف الاستخدام بطول 12 بوصة.,10.0,EA,30.0,300.0,JOHNSON,USA,90,متوسط,Lowes - Johnson Level Magnetic Torpedo,https://www.lowes.com/pd/Johnson-Level-9-in-Magnetic-Torpedo-Level/1000085615,مستوى (ميزان ماء) جونسون بطول 12 بوصة خفيف الاستخدام وُجد بسعر حوالي 20-25 دولاراً أمريكياً.,True,False
53,2237,30CM,"ر 12""-LIGHT DUTY ناترم",ميزان ماء (مستوى) صغير خفيف الاستخدام بطول 12 بوصة.,12.0,EA,32.0,384.0,JOHNSON,USA,90,متوسط,Lowes - Johnson Level Magnetic Torpedo,https://www.lowes.com/pd/Johnson-Level-9-in-Magnetic-Torpedo-Level/1000085615,مستوى (ميزان ماء) جونسون بطول 12 بوصة خفيف الاستخدام وُجد بسعر حوالي 20-25 دولاراً أمريكياً.,True,False
53,2354,JHO 68,WALLBOARD نوسبيج راشنم,منشار يدوي لقص ألواح الجبس بورد.,10.0,EA,20.0,200.0,JOHNSON,USA,30,منخفض,estimated from category benchmark,https://www.amazon.sa/-/en/b?ie=UTF8&node=16620587031,منشار ألواح الجبس (وول بورد) أداة متخصصة رخيصة نسبياً.,True,False
53,2612,3818,"ر MAGNETIC LEVEL 18""طنغمم ناترم",ميزان بناء مغناطيسي (Magnetic Level) طوله 24 إنش من جونسون.,4.0,EA,105.0,420.0,JOHNSON,USA,140,منخفض,estimated from category benchmark,https://industrialtool.shop/,سعر تقديري لميزان بناء مغناطيسي طول 24 إنش من جونسون بناءً على أسعار الموازين المغناطيسية المماثلة.,True,False
53,2613,"24""","ر MAGNETIC LEVEL 24"" طنغمم ناترم",ميزان بناء مغناطيسي (Magnetic Level) طوله 24 إنش من جونسون.,4.0,EA,110.0,440.0,JOHNSON,USA,140,منخفض,estimated from category benchmark,https://industrialtool.shop/,سعر تقديري لميزان بناء مغناطيسي طول 24 إنش من جونسون بناءً على أسعار الموازين المغناطيسية المماثلة.,True,False
53,1510,99920,BOLT CUTTER ترماسم عطاق,أداة يدوية كبيرة لقطع البراغي والقضبان المعدنية.,1.0,EA,110.0,110.0,JOKESET,TW,220,متوسط,استدلال من فئة قواطع البراغي,https://www.amazon.com/,قاطع براغي (بولت كتر) بحجم متوسط يقدر وفق أسعار الفئة العامة لهذه الأداة الصناعية.,True,False
53,1511,99922,BOLT CUTTER ترماسم عطاق,أداة يدوية كبيرة لقطع البراغي والقضبان المعدنية.,2.0,EA,30.0,60.0,JOKESET,TW,220,متوسط,استدلال من فئة قواطع البراغي,https://www.amazon.com/,قاطع براغي (بولت كتر) بحجم متوسط يقدر وفق أسعار الفئة العامة لهذه الأداة الصناعية.,True,False
53,1512,99923,BOLT CUTTER ترماسم عطاق,أداة يدوية كبيرة لقطع البراغي والقضبان المعدنية.,2.0,EA,30.0,60.0,JOKESET,TW,220,متوسط,استدلال من فئة قواطع البراغي,https://www.amazon.com/,قاطع براغي (بولت كتر) بحجم متوسط يقدر وفق أسعار الفئة العامة لهذه الأداة الصناعية.,True,False
53,1513,99925,BOLT CUTTER ترماسم عطاق,أداة يدوية كبيرة لقطع البراغي والقضبان المعدنية.,2.0,EA,30.0,60.0,JOKESET,TW,220,متوسط,استدلال من فئة قواطع البراغي,https://www.amazon.com/,قاطع براغي (بولت كتر) بحجم متوسط يقدر وفق أسعار الفئة العامة لهذه الأداة الصناعية.,True,False
53,1514,99926,BOLT CUTTER ترماسم عطاق,أداة يدوية كبيرة لقطع البراغي والقضبان المعدنية.,3.0,EA,30.0,90.0,JOKESET,TW,220,متوسط,استدلال من فئة قواطع البراغي,https://www.amazon.com/,قاطع براغي (بولت كتر) بحجم متوسط يقدر وفق أسعار الفئة العامة لهذه الأداة الصناعية.,True,False
53,1515,99927,BOLT CUTTER ترماسم عطاق,أداة يدوية كبيرة لقطع البراغي والقضبان المعدنية.,1.0,EA,30.0,30.0,JOKESET,TW,220,متوسط,استدلال من فئة قواطع البراغي,https://www.amazon.com/,قاطع براغي (بولت كتر) بحجم متوسط يقدر وفق أسعار الفئة العامة لهذه الأداة الصناعية.,True,False
53,1516,999443,paint mixwr ناهد طلاخ,ملحق خلاط دهان يركب على آلة الدريل لتحريك ومزج الدهانات.,15.0,EA,30.0,450.0,JOKESITE,TW,30,منخفض,estimated from category benchmark (paint mixers),https://www.amazon.com/s?k=drill+paint+mixer+attachment,خلاط دهان يركب على الدريل، وهو ملحق رخيص الثمن حسب أسعار ملحقات الدهان المشابهة.,True,False
54,1517,999444,paint mixwr ناهد طلاخ,ملحق خلاط دهان يركب على آلة الدريل لتحريك ومزج الدهانات.,12.0,EA,20.0,240.0,JOKESITE,TW,30,منخفض,estimated from category benchmark (paint mixers),https://www.amazon.com/s?k=drill+paint+mixer+attachment,خلاط دهان يركب على الدريل، وهو ملحق رخيص الثمن حسب أسعار ملحقات الدهان المشابهة.,True,False
54,1518,99921,BOLT CUTTER,قصاصة (كلاب) لقطع البراغي والأسلاك.,1.0,EA,35.0,35.0,KAPRIOL,ITALY,110,متوسط,Tolsen Saudi Arabia - Bolt Cutter,https://tolsentools.com.sa/products/bolt-cutter,قصاصة براغي وأسلاك من علامة إيطالية (كابريول) أعلى قليلًا من القصاصات الاقتصادية.,True,False
54,1519,99924,BOLT CUTTER,قصاصة (كلاب) لقطع البراغي والأسلاك.,1.0,EA,65.0,65.0,KAPRIOL,ITALY,110,متوسط,Tolsen Saudi Arabia - Bolt Cutter,https://tolsentools.com.sa/products/bolt-cutter,قصاصة براغي وأسلاك من علامة إيطالية (كابريول) أعلى قليلًا من القصاصات الاقتصادية.,True,False
54,1520,20821,SPARE BLADE 32MM-ديدح صقم ةسير,شفرة بديلة مقاس 32 مم لمقص الصفائح المعدنية.,6.0,SET,170.0,1020.0,KAPRIOL,ITALY,35,متوسط,تقدير عام لقطع غيار شفرات المقصات الصناعية,"https://www.amazon.sa/-/en/DIY-Tools-Draper/s?rh=n:12463390031,p_89:Draper",شفرة بديلة لمقص الصفائح المعدنية قطعة غيار متوسطة السعر.,True,False
54,1521,20670,"IRON BAR BENDER,12MMديدخ خايسا ةيانت",أداة يدوية لثني قضبان حديد التسليح مقاس 12 ملم.,1.0,SET,330.0,330.0,KAPRIOL,ITALY,140,منخفض,استدلال من فئة أدوات ثني حديد التسليح,https://www.amazon.com/,أداة ثني قضبان حديد تسليح مقاس 12مم من كابريول الإيطالية تقدر وفق أسعار أدوات البناء المتخصصة.,True,False
54,1522,20681,IRON BAR BENDER 22MM خايساةيانت,أداة يدوية لثني قضبان حديد التسليح بقياس 22 مليمتر.,2.0,SET,330.0,660.0,KAPRIOL,ITALY,180,منخفض,estimated from category benchmark (rebar benders),https://www.amazon.com/s?k=manual+rebar+bender,أداة تلوية حديد تسليح بقياس 22مم من كابريول ضمن نطاق أسعار أدوات ثني الحديد اليدوية.,True,False
54,2241,41620,KD-ST.PULLER KIT نويسكرد ةنيجرز,طقم أدوات سحب (Puller) لفك المحامل والقطع الميكانيكية.,5.0,,240.0,1200.0,KDTOOL,USA,250,متوسط,تقدير حسب أطقم أدوات السحب KD Tools,https://www.amazon.sa/-/en/b?ie=UTF8&node=16620587031,أطقم أدوات السحب (Puller Kit) من ماركة KD Tools أدوات صناعية متخصصة متوسطة إلى عالية السعر.,True,False
54,2374,KD-2291,STEERING WHEEL PULLER,أداة سحب عجلة القيادة للسيارات.,6.0,SET,185.0,1110.0,KDTOOL,USA,180,متوسط,تقدير حسب أدوات سحب عجلة القيادة الاحترافية,https://www.amazon.sa/-/en/b?ie=UTF8&node=16620587031,أداة سحب عجلة القيادة من أدوات الورش المتخصصة متوسطة السعر.,True,False
54,2383,2521,",FUEL PUMP.TESTER دوقولا رابتخت ةادا",أداة لاختبار ضغط وأداء مضخة الوقود في السيارة.,10.0,EA,155.0,1550.0,KDTOOL,USA,70,منخفض,تقدير حسب فئة أدوات اختبار مضخات الوقود الصينية,https://www.aliexpress.com,لم يُعثر على سعر محدد لعلامة KDTOOL، والتقدير مبني على أسعار أدوات اختبار ضغط الوقود المشابهة من علامات آسيوية عامة.,True,False
54,2385,492,"KD-492,OIL SEAL INST.REMOVER فوصلا عزن ةادا",أداة متخصصة لإزالة وتركيب سيلات الزيت (أويل سيل) في المحركات وناقلات الحركة.,5.0,KIT,150.0,750.0,KDTOOL,USA,150,منخفض,estimated from category benchmark,https://www.ebay.com/,أداة إزالة سيل الزيت المتخصصة من KD Tools تقع ضمن نطاق أسعار أدوات القلع الهيدروليكية الصغيرة.,True,False
54,2256,850,KD-ST.PULLER KIT KD-850 نويسكرد ةنيجرز,طقم جرار عجلة القيادة للسيارات من كي دي تولز.,10.0,KIT,390.0,3900.0,KD-TOOL,USA,205,منخفض,تقدير استناداً لفئة أطقم جرارات عجلة القيادة,https://www.lowes.com/pd/KD-Tools-Steering-Wheel-and-Crankshaft-Puller/1000972868,لم يُعثر على سعر مباشر للموديل 850؛ التقدير مبني على أطقم جرارات عجلة القيادة المماثلة من نفس العلامة التي تتراوح بين 30-80 دولاراً.,True,False
54,1525,388SET25,"DRILL BIT SET,MM,25PC لىلملاب شير مقط",طقم مثاقب حديد بالمقاس المتري مكون من 25 قطعة.,30.0,SET,395.0,11850.0,KIST,GERMANY,120,منخفض,تقدير فئوي لأطقم مثاقب اقتصادية 25 قطعة متري,https://www.amazon.com/Hollow-Punch-Set/s?k=Hollow+Punch+Set,طقم مثاقب متري 25 قطعة من علامة غير معروفة عالميًا (KIST)، وهذه الأطقم الاقتصادية تباع عادة بأسعار معتدلة في متاجر الأدوات.,True,False
54,1526,99912,20 INCH WOOD SAW بشخ راشنم,منشار خشب يدوي طول 20 بوصة من كيست.,54.0,,35.0,1890.0,KIST,GERMANY,42,منخفض,تقدير حسب فئة المنتج,https://www.amazon.com/s?k=20+inch+wood+saw,مناشير الخشب اليدوية القياسية بهذا الطول رخيصة نسبيًا في هذا النطاق.,True,False
54,1527,12MM,ر COMB.WRENCH كتشم حاتفم,مفتاح ربط مشترك مقاس 19 مم من كيست.,21.0,EA,17.0,357.0,KIST,GERMANY,40,منخفض,تقدير حسب فئة المنتج,https://www.amazon.com/s?k=combination+wrench+19mm,مفاتيح الربط المشتركة بمقاس 19 مم من علامات عامة الصنع متوسطة السعر، ويمثل عائلة من 6 مقاسات.,True,False
54,1528,10MM,ر COMB.WRENCH كتشم حاتفم,مفتاح ربط مشترك مقاس 19 مم من كيست.,10.0,EA,13.0,130.0,KIST,GERMANY,40,منخفض,تقدير حسب فئة المنتج,https://www.amazon.com/s?k=combination+wrench+19mm,مفاتيح الربط المشتركة بمقاس 19 مم من علامات عامة الصنع متوسطة السعر، ويمثل عائلة من 6 مقاسات.,True,False
54,1529,11MM,ر COMB.WRENCH كتشم حاتفم,مفتاح ربط مشترك مقاس 19 مم من كيست.,30.0,EA,13.0,390.0,KIST,GERMANY,40,منخفض,تقدير حسب فئة المنتج,https://www.amazon.com/s?k=combination+wrench+19mm,مفاتيح الربط المشتركة بمقاس 19 مم من علامات عامة الصنع متوسطة السعر، ويمثل عائلة من 6 مقاسات.,True,False
54,1530,14MM,ر COMB.WRENCH كتشم حاتفم,مفتاح ربط مشترك مقاس 19 مم من كيست.,10.0,EA,18.0,180.0,KIST,GERMANY,40,منخفض,تقدير حسب فئة المنتج,https://www.amazon.com/s?k=combination+wrench+19mm,مفاتيح الربط المشتركة بمقاس 19 مم من علامات عامة الصنع متوسطة السعر، ويمثل عائلة من 6 مقاسات.,True,False
54,1531,19MM,ر COMB.WRENCH كتشم حاتفم,مفتاح ربط مشترك مقاس 19 مم من كيست.,30.0,EA,25.0,750.0,KIST,GERMANY,40,منخفض,تقدير حسب فئة المنتج,https://www.amazon.com/s?k=combination+wrench+19mm,مفاتيح الربط المشتركة بمقاس 19 مم من علامات عامة الصنع متوسطة السعر، ويمثل عائلة من 6 مقاسات.,True,False
54,1532,10MM,ر COMB.WRENCH كتشم حاتفم,مفتاح ربط مشترك مقاس 19 مم من كيست.,10.0,EA,16.0,160.0,KIST,GERMANY,40,منخفض,تقدير حسب فئة المنتج,https://www.amazon.com/s?k=combination+wrench+19mm,مفاتيح الربط المشتركة بمقاس 19 مم من علامات عامة الصنع متوسطة السعر، ويمثل عائلة من 6 مقاسات.,True,False
54,1533,150T12/C,O/E SPANNER SET ىدلب حاتفم مقط,طقم مفاتيح ربط بلدي (مفتوحة من الطرفين) بمقاسات متعددة.,13.0,SET,180.0,2340.0,KIST,GERMANY,200,منخفض,تقدير حسب فئة المنتج (أطقم مفاتيح بلدي),https://www.noon.com/saudi-en/tools-and-home-improvement/power-and-hand-tools/,طقم مفاتيح بلدي (مفتوحة الطرف) من ماركة أقل شهرة (KIST)، والسعر تقدير عام لأطقم المفاتيح المتوسطة الحجم.,True,False
54,1534,KIST,ر CHIESEL/PUNCH SET لترشو كني مقط,طقم يحتوي أزاميل ومناقب متنوعة للأعمال المعدنية.,10.0,SET,68.0,680.0,KIST,GERMANY,75,منخفض,estimated from category benchmark (chisel/punch sets),https://www.ebay.com/p/2255286844,طقم شنطة إزميل ومناقب من علامة أقل شهرة، والتقدير مبني على أسعار الأطقم المشابهة من وايلد.,True,False
54,1535,350T12/C,RING SPANNER SET موتخم حاتفم مقط,طقم مفاتيح رنق (موتخم) من علامة اقتصادية.,33.0,SET,245.0,8085.0,KIST,GERMANY,190,منخفض,تقدير فئوي لأطقم مفاتيح رنق من علامات اقتصادية,https://www.amazon.com/,طقم مفاتيح رنق من علامة اقتصادية غير معروفة عالميًا (KIST)، وهذه الأطقم عادة أرخص من الأطقم الألمانية أو الأمريكية المعروفة.,True,False
54,1536,551-390-08,torx-hex-T10-=T50 w/o hole-ALLEN,طقم مفاتيح تركس وسداسية من مقاس T10 إلى T50 من كيست.,24.0,EA,85.0,2040.0,KIST,GERMANY,70,منخفض,تقدير حسب فئة المنتج,https://www.amazon.com/s?k=torx+hex+key+set+T10-T50,أطقم مفاتيح التركس والسداسية الشاملة (T10-T50) متوسطة السعر ومتوفرة على نطاق واسع.,True,False
54,1537,K09,"CRIMPING TOOL,MANUAL,-25-150MM2",أداة كبس يدوية لكابلات النحاس والألمنيوم من ٢٥ إلى ١٥٠ مم²، نفس موديل K09.,0.0,EA,950.0,0.0,KLAUKE,GERMANY,2200,متوسط,Cablectrix.com (صفحة منتج K09، سطر مكرر),https://www.cablectrix.com/Products/Manual-Crimping-Tools/K09,نفس أداة الكبس K09 السابقة (سطر مكرر بنفس الكود)؛ التقدير أعلى من التكلفة الداخلية ٨٠٠ بناءً على أسعار السوق العالمية لهذه الأداة تحديداً.,True,False
54,1538,KL110X150,PH3X150-1000V-111 003-VDE-KLO110 X150,رأس مفك برغي معزول 1000 فولت من كلاوكه.,26.0,PCS,23.0,598.0,KLAUKE,GERMANY,55,منخفض,تقدير فئة مفكات معزولة Klauke (VDE),https://www.klauke.com/me/en/crimpers,مفكات كلاوكه المعزولة الصغيرة تباع عادة بين ١٠-١٥ يورو، قريب من التكلفة الداخلية ٢٣.,True,False
54,1539K,L100 175 80I,S8X150 VDE SCREW DRIVER لوزعم كفم,مفك برغي معزول 1000 فولت من كلاوكه، مقاس أكبر.,5.0,PCS,35.0,175.0,KLAUKE,GERMANY,65,منخفض,تقدير فئة مفكات معزولة Klauke (VDE),https://www.klauke.com/me/en/crimpers,مفك معزول بمقاس أكبر (S8X150)، سعر تقديري ١٥-٢٠ يورو، أعلى قليلاً من التكلفة الداخلية ٣٥.,True,False
54,1540,KL100 3X50,VDE SCREW DRIVER لوزعم كفم,مفك برغي معزول صغير 1000 فولت من كلاوكه.,9.0,PCS,20.0,180.0,KLAUKE,GERMANY,45,منخفض,تقدير فئة مفكات معزولة Klauke الصغيرة,https://www.klauke.com/me/en/crimpers,مفك معزول صغير الحجم، سعر تقديري ١٠-١٢ يورو، مطابق تقريباً للتكلفة الداخلية ٢٠.,True,False
54,1541,HSG-45,HYD.CABLE CUTTERكيلورديه لباوك صقم,مقص كابلات هيدروليكي يدوي من كلاوكه، موديل HSG-45.,1.0,SET,6800.0,6800.0,KLAUKE,GERMANY,10500,متوسط,Heamar.co.uk (موزع بريطاني لكلاوكه),https://www.heamar.co.uk/klauke-hsg-45-45mm-hand-operated-hydraulic-cable-cutting-tool-60kn.html,سعر فعلي معلن بالجنيه الإسترليني (~٢٤٠٠-٢٩٠٠ جنيه) لنفس الموديل تماماً بعد التحويل للريال، وهو أعلى بكثير من التكلفة الداخلية ٦٨٠٠ مما يعكس القيمة الحقيقية لأداة القص الهيدروليكية الاحترافية.,True,False
54,1542,HSG-50,HYD.CABLE CUTTER كيلورديه لباوك صقم,مقص كابلات هيدروليكي يدوي من كلاوكه، موديل HSG-50 بقطر قص أكبر.,1.0,SET,9300.0,9300.0,KLAUKE,GERMANY,14000,متوسط,Heamar.co.uk (فئة مقصات الكابلات الهيدروليكية),https://www.heamar.co.uk/power-tools-and-accessories/cable-cutters/hydraulic-cable-cutters.html,موديلات مماثلة أكبر (HSG-55/85) تباع بين ٢٩٠٠-٣٥٥٠ جنيهاً إسترلينياً، وهو أعلى من التكلفة الداخلية ٩٣٠٠ ويعكس ارتفاع تكلفة هذه الفئة من الأدوات.,True,False
55,1543,K02,CRIMPER-.75-16MM2 سبك ةادا,أداة كبس يدوية للكابلات الصغيرة من ٠.٧٥ إلى ١٦ مم².,15.0,EA,560.0,8400.0,KLAUKE,GERMANY,750,متوسط,PowerAndCables.com (موزع منتجات Klauke),https://www.powerandcables.com/manufacturer/klauke/,أداة كبس يدوية للمدى الصغير (٠.٧٥-١٦ مم²) من كلاوكه تباع عادة بحدود ١٥٠-٢٥٠ دولار، أعلى قليلاً من التكلفة الداخلية ٥٦٠.,True,False
55,1544,K09,CRIMPER -25MM-150MM2 سبك ةادا,أداة كبس يدوية لكابلات النحاس والألمنيوم من ٢٥ إلى ١٥٠ مم²، نفس موديل K09.,14.0,EA,800.0,11200.0,KLAUKE,GERMANY,2200,متوسط,Cablectrix.com (صفحة منتج K09، سطر مكرر),https://www.cablectrix.com/Products/Manual-Crimping-Tools/K09,نفس أداة الكبس K09 السابقة (سطر مكرر بنفس الكود)؛ التقدير أعلى من التكلفة الداخلية ٨٠٠ بناءً على أسعار السوق العالمية لهذه الأداة تحديداً.,True,False
55,2310,RT100,RECEPTACLE TESTER,جهاز اختبار مقابس كهربائية للتحقق من صحة التوصيل الأرضي والطور.,12.0,EA,130.0,1560.0,KLEIN,USA,185,مرتفع,metersocketsoutlets.com listing,https://www.metersocketsoutlets.com,وُجد سعر فعلي وحديث بالدولار الأمريكي (38.55$) لجهاز Klein Tools RT100 تحديداً.,True,False
55,2643,CN1972AR,POLE CLIMBER,طقم متسلقات أعمدة كهرباء (Pole Climbers) كامل من كلاين تولز.,1.0,EA,850.0,850.0,KLEIN,USA,1000,متوسط,Klein Tools official – Pole Climbers CN1972AR,https://www.kleintools.com/catalog/pole-tree-climbers/pole-climbers-1-12-inch-gaffs-complete-set,سعر تقديري لطقم متسلقات أعمدة كاملة من كلاين استنادًا إلى أسعار الطقم الأساسي لدى الموزعين الأمريكيين محولة للريال.,True,False
55,1545,98 90,KNIPEX HACKSAW لوزعم راشنم,منشار حديد صغير معزول 1000 فولت من كنيبكس (منشار PUK).,8.0,EA,290.0,2320.0,KNIPEX,GERMANY,115,مرتفع,ToolNut - Knipex 98 90 Hacksaw,https://www.toolnut.com/products/knipex-98-90-hacksaw-1000v-insulated,وُجد سعر فعلي لعدة موزعين (21-41 دولار) لنفس الموديل، وهو أقل قليلاً من التكلفة الداخلية 175 مما قد يعكس هامش استيراد بيلا الداخلي.,True,False
55,1546,97 51 10,KNIPEX -CRIMPER سبك ةبدارز,كماشة كبس لقوابس الهاتف والشبكة (Western plugs) من كنيبكس.,11.0,EA,170.0,1870.0,KNIPEX,GERMANY,220,مرتفع,ToolNut / Summit Racing listings,https://www.toolnut.com/products/knipex-97-51-10-crimping-pliers-for-6-and-8-pole-western-plug-type,عروض فعلية بين ٥٤-٦٥ دولاراً لنفس الموديل بالضبط، أعلى من التكلفة الداخلية ١٧٠.,True,False
55,1547,98 55,knipex ةنيكس,سكين تفكيك (تعرية) كابلات معزول 1000 فولت من كنيبكس بشفرة منجلية الشكل.,45.0,EA,165.0,7425.0,KNIPEX,GERMANY,230,مرتفع,ToolNut - Knipex 98 55 SB Dismantling Knife,https://www.toolnut.com/products/knipex-98-55-sb-dismantling-knife-1000v-insulated,وُجد سعر فعلي لعدة موزعين لنفس الموديل (56-86 دولار)، وبعد التحويل يقارب 210-320 ريال، متوافق مع التكلفة الداخلية 170.,True,False
55,1548,97 52 13,سكبن,كماشة كرمبة (تجعيد) لأطراف الكابلات غير المعزولة بتشغيل يدوين,1.0,EA,480.0,480.0,KNIPEX,GERMANY,650,متوسط,عروض Amazon.com / eBay لمنتج KNIPEX 97 52 13,https://www.amazon.com/97-52-13-non-insulated-terminals/dp/B000XULUH4,كماشة كرمبة (تجعيد) لأطراف الكابلات غير المعزولة بتشغيل يدوين استناداً إلى عروض Amazon.com / eBay لمنتج KNIPEX 97 52 13. يقارب هذا السعر التكلفة الداخلية المسجلة لدى بيلا (650.0)، مما يدل على أن التسعير الداخلي متوافق مع مستوى السوق الحالي.,True,False
55,1549,03 06 180,سكبن,زردية مفتاح متعدد الأحجام (بلايرز رانش) مقاس 180مم من كنيبكس، تجمع بين وظيفة الكماشة والمفتاح,6.0,EA,60.0,360.0,KNIPEX,GERMANY,200,متوسط,Home Depot listing لمنتج KNIPEX 86 03 180,https://www.homedepot.com/p/KNIPEX-Heavy-Duty-Forged-Steel-7-1-4-in-Pliers-Wrench-with-Nickel-Plating-86-03-180-SBA/203202206,زردية مفتاح متعدد الأحجام (بلايرز رانش) مقاس 180مم من كنيبكس، تجمع بين وظيفة الكماشة والمفتاح استناداً إلى Home Depot listing لمنتج KNIPEX 86 03 180. يفوق هذا السعر التكلفة الداخلية لدى بيلا (100.0) بما يعكس هامش البيع بالتجزئة المعتاد في السوق السعودي لمنتجات كنيبكس الأصلية.,True,False
55,1550,97 52 06,سكبن,كماشة كرمبة (تجعيد) لأطراف الكابلات بمقاس صغير,10.0,EA,480.0,4800.0,KNIPEX,GERMANY,400,منخفض,تقدير استناداً لعائلة كماشات الكرمبة (التجعيد) من كنيبكس,https://www.knipex.com/products/crimping-pliers,كماشة كرمبة (تجعيد) لأطراف الكابلات بمقاس صغير استناداً إلى تقدير استناداً لعائلة كماشات الكرمبة (التجعيد) من كنيبكس. يفوق هذا السعر التكلفة الداخلية لدى بيلا (50.0) بما يعكس هامش البيع بالتجزئة المعتاد في السوق السعودي لمنتجات كنيبكس الأصلية.,True,False
55,1551,02 05 180,سكبن,كماشة كومبنيشن برافعة عالية مقاس ١٨٠ مم من كنيبكس.,28.0,EA,160.0,4480.0,KNIPEX,GERMANY,105,منخفض,تقدير فئة كماشات كنيبكس سلسلة 02 (نفس 02 05 180),https://www.knipex.com/products,نفس الموديل 02 05 180 (سطر مكرر ثالث)؛ السعر التقديري قريب من التكلفة الداخلية ٨٠.,True,False
55,1552,02 02 200,سكبن,كماشة كومبنيشن برافعة عالية مقاس ٢٠٠ مم من كنيبكس.,23.0,EA,68.0,1564.0,KNIPEX,GERMANY,130,مرتفع,CrawfordTool.com (نفس موديل 02 02 200),https://crawfordtool.com/products/knipex-02-02-200-8-inch-high-leverage-combination-pliers-with-comfort-grips,نفس الموديل السابق (سطر مكرر)؛ السعر الفعلي المعلن يجعل التكلفة الداخلية ٧٥ أقل قليلاً من سعر السوق.,True,False
55,1553,02 06 200,سكبن,كماشة كومبنيشن مقاس ٢٠٠ مم من كنيبكس، سلسلة 02 06.,12.0,EA,90.0,1080.0,KNIPEX,GERMANY,125,منخفض,مقارنة مع فئة كماشات سلسلة 02 06 (كنيبكس),https://www.knipex.com/products,نفس الموديل 02 06 200 (سطر مكرر)؛ السعر التقديري أعلى قليلاً من التكلفة الداخلية ٩٥.,True,False
55,1554,98 20 10,سكبن,مفك براغي معزول 1000 فولت من كنيبكس.,7.0,EA,45.0,315.0,KNIPEX,GERMANY,70,منخفض,تقدير من فئة مفكات كنيبكس المعزولة,https://www.knipex.com/products/insulated-tools,لم يُعثر على تسعير مباشر لهذا الكود تحديداً، فاعتُمد تقدير من فئة المفكات المعزولة المماثلة مع هامش أعلى قليلاً من التكلفة الداخلية 50.,True,False
55,1555,98 25 03,pz3 knipex كفم,مفك براغي مستقيم (شق) معزول 1000 فولت من كنيبكس.,3.0,EA,35.0,105.0,KNIPEX,GERMANY,70,منخفض,تقدير من فئة مفكات كنيبكس المعزولة,https://www.knipex.com/products/insulated-tools,تقدير تناسبي مع التكلفة الداخلية 40 باستخدام نفس معامل فئة المفكات المعزولة.,True,False
55,1556,98 54,KNIFE,سكين قطع كابلات معزول 1000 فولت من كنيبكس.,5.0,EA,110.0,550.0,KNIPEX,GERMANY,105,مرتفع,Amazon.com - Knipex 98 54 Cable Knife,https://www.amazon.com/Knipex-98-54-VDE-tested-plastic/dp/B0001P0COI,وُجد سعر فعلي موثق لعدة متاجر (26-33 دولار) لنفس الموديل، متسق مع التكلفة الداخلية 115.,True,False
55,1557,98 24 04,S/DR.INSULOATED-1000V.PH#4,مفك مسمار فيليبس PH4 معزول 1000 فولت من كنيبكس.,22.0,EA,45.0,990.0,KNIPEX,GERMANY,85,منخفض,تقدير فئة مفكات معزولة كنيبكس PH,https://www.knipex.com/products,مفكات فيليبس المعزولة 1000 فولت من كنيبكس تباع بين ١٨-٢٥ دولاراً، أعلى من التكلفة الداخلية ٤٥.,True,False
55,1558,02 02 200,سكبن,كماشة كومبنيشن برافعة عالية مقاس ٢٠٠ مم من كنيبكس.,23.0,EA,75.0,1725.0,KNIPEX,GERMANY,130,مرتفع,CrawfordTool.com (نفس موديل 02 02 200),https://crawfordtool.com/products/knipex-02-02-200-8-inch-high-leverage-combination-pliers-with-comfort-grips,نفس الموديل السابق (سطر مكرر)؛ السعر الفعلي المعلن يجعل التكلفة الداخلية ٧٥ أقل قليلاً من سعر السوق.,True,False
55,1559,02 05 180,سكبن,كماشة كومبنيشن برافعة عالية مقاس ١٨٠ مم من كنيبكس.,3.0,EA,75.0,225.0,KNIPEX,GERMANY,105,منخفض,تقدير فئة كماشات كنيبكس سلسلة 02 (نفس 02 05 180),https://www.knipex.com/products,نفس الموديل 02 05 180 (سطر مكرر ثالث)؛ السعر التقديري قريب من التكلفة الداخلية ٨٠.,True,False
55,1560,02 05 180,سكبن,كماشة كومبنيشن برافعة عالية مقاس ١٨٠ مم من كنيبكس.,19.0,EA,80.0,1520.0,KNIPEX,GERMANY,105,منخفض,تقدير فئة كماشات كنيبكس سلسلة 02 (نفس 02 05 180),https://www.knipex.com/products,نفس الموديل 02 05 180 (سطر مكرر ثالث)؛ السعر التقديري قريب من التكلفة الداخلية ٨٠.,True,False
55,1561,02 05 180,سكبن,كماشة كومبنيشن برافعة عالية مقاس ١٨٠ مم من كنيبكس.,9.0,EA,80.0,720.0,KNIPEX,GERMANY,105,منخفض,تقدير فئة كماشات كنيبكس سلسلة 02 (نفس 02 05 180),https://www.knipex.com/products,نفس الموديل 02 05 180 (سطر مكرر ثالث)؛ السعر التقديري قريب من التكلفة الداخلية ٨٠.,True,False
55,1562,02 06 160,سكبن,كماشة كومبنيشن مقاس ١٦٠ مم من كنيبكس، سلسلة 02 06.,3.0,EA,90.0,270.0,KNIPEX,GERMANY,115,منخفض,تقدير فئة كماشات كنيبكس سلسلة 02 06 (مقاس 160مم),https://www.knipex.com/products,مقاس أصغر (١٦٠مم) من نفس سلسلة 02 06 المسعرة فعلياً في موديل 200مم؛ التقدير أعلى قليلاً من التكلفة الداخلية ٩٠.,True,False
55,1563,02 06 200,سكبن,كماشة كومبنيشن مقاس ٢٠٠ مم من كنيبكس، سلسلة 02 06.,13.0,EA,95.0,1235.0,KNIPEX,GERMANY,125,منخفض,مقارنة مع فئة كماشات سلسلة 02 06 (كنيبكس),https://www.knipex.com/products,نفس الموديل 02 06 200 (سطر مكرر)؛ السعر التقديري أعلى قليلاً من التكلفة الداخلية ٩٥.,True,False
55,1564,03 01 140,سكبن,كماشة كومبنيشن صغيرة مقاس ١٤٠ مم من كنيبكس، سلسلة 03 01.,9.0,EA,90.0,810.0,KNIPEX,GERMANY,85,منخفض,تقدير فئة كماشات كومبنيشن كنيبكس 140مم,https://www.knipex.com/products,كماشات كومبنيشن صغيرة الحجم (١٤٠مم) من كنيبكس تباع بين ١٨-٢٢ دولاراً، أقل قليلاً من التكلفة الداخلية ٩٠.,True,False
55,1565,03 02 200,سكبن,كماشة كومبنيشن ممتدة (KnipeXtend) مقاس ٢٠٠ مم من كنيبكس.,1.0,EA,110.0,110.0,KNIPEX,GERMANY,140,متوسط,HausOfTools.com listing,https://hausoftools.com/products/knipex-03-02-200-combination-pliers,المنتج مدرج فعلياً لدى موزع متخصص بموديل KnipeXtend 8 إنش؛ الأسعار المماثلة نحو ٣٥-٤٠ دولاراً، أعلى قليلاً من التكلفة الداخلية ١١٠.,True,False
55,1566,03 06 180,سكبن,زردية مفتاح متعدد الأحجام (بلايرز رانش) مقاس 180مم من كنيبكس، تجمع بين وظيفة الكماشة والمفتاح,21.0,EA,100.0,2100.0,KNIPEX,GERMANY,200,متوسط,Home Depot listing لمنتج KNIPEX 86 03 180,https://www.homedepot.com/p/KNIPEX-Heavy-Duty-Forged-Steel-7-1-4-in-Pliers-Wrench-with-Nickel-Plating-86-03-180-SBA/203202206,زردية مفتاح متعدد الأحجام (بلايرز رانش) مقاس 180مم من كنيبكس، تجمع بين وظيفة الكماشة والمفتاح استناداً إلى Home Depot listing لمنتج KNIPEX 86 03 180. يفوق هذا السعر التكلفة الداخلية لدى بيلا (100.0) بما يعكس هامش البيع بالتجزئة المعتاد في السوق السعودي لمنتجات كنيبكس الأصلية.,True,False
55,1567,03 06 180,سكبن,زردية مفتاح متعدد الأحجام (بلايرز رانش) مقاس 180مم من كنيبكس، تجمع بين وظيفة الكماشة والمفتاح,6.0,EA,100.0,600.0,KNIPEX,GERMANY,200,متوسط,Home Depot listing لمنتج KNIPEX 86 03 180,https://www.homedepot.com/p/KNIPEX-Heavy-Duty-Forged-Steel-7-1-4-in-Pliers-Wrench-with-Nickel-Plating-86-03-180-SBA/203202206,زردية مفتاح متعدد الأحجام (بلايرز رانش) مقاس 180مم من كنيبكس، تجمع بين وظيفة الكماشة والمفتاح استناداً إلى Home Depot listing لمنتج KNIPEX 86 03 180. يفوق هذا السعر التكلفة الداخلية لدى بيلا (100.0) بما يعكس هامش البيع بالتجزئة المعتاد في السوق السعودي لمنتجات كنيبكس الأصلية.,True,False
55,1568,11 01 160,سكبن,كماشة تعرية عزل الأسلاك مقاس 160مم من كنيبكس,18.0,EA,95.0,1710.0,KNIPEX,GERMANY,110,منخفض,تقدير استناداً لفئة كماشات تعرية الأسلاك من كنيبكس,https://www.knipex.com/products/wire-strippers-and-stripping-tools,كماشة تعرية عزل الأسلاك مقاس 160مم من كنيبكس استناداً إلى تقدير استناداً لفئة كماشات تعرية الأسلاك من كنيبكس. يفوق هذا السعر التكلفة الداخلية لدى بيلا (95.0) بما يعكس هامش البيع بالتجزئة المعتاد في السوق السعودي لمنتجات كنيبكس الأصلية.,True,False
55,1569,11 06 160,سكبن,كماشة تعرية عزل أسلاك بقوة رافعة عالية مقاس 160مم,2.0,EA,115.0,230.0,KNIPEX,GERMANY,135,منخفض,تقدير استناداً لفئة كماشات تعرية الأسلاك عالية القوة,https://www.knipex.com/products/wire-strippers-and-stripping-tools,كماشة تعرية عزل أسلاك بقوة رافعة عالية مقاس 160مم استناداً إلى تقدير استناداً لفئة كماشات تعرية الأسلاك عالية القوة. يفوق هذا السعر التكلفة الداخلية لدى بيلا (115.0) بما يعكس هامش البيع بالتجزئة المعتاد في السوق السعودي لمنتجات كنيبكس الأصلية.,True,False
55,1570,11 17 160,سكبن,كماشة تعرية عزل أسلاك مطلية بالكروم مقاس 160مم,1.0,EA,130.0,130.0,KNIPEX,GERMANY,145,منخفض,تقدير استناداً لفئة كماشات تعرية الأسلاك المطلية بالكروم,https://www.knipex.com/products/wire-strippers-and-stripping-tools,كماشة تعرية عزل أسلاك مطلية بالكروم مقاس 160مم استناداً إلى تقدير استناداً لفئة كماشات تعرية الأسلاك المطلية بالكروم. يفوق هذا السعر التكلفة الداخلية لدى بيلا (120.0) بما يعكس هامش البيع بالتجزئة المعتاد في السوق السعودي لمنتجات كنيبكس الأصلية.,True,False
55,1571,11 17 160,سكبن,كماشة تعرية عزل أسلاك مطلية بالكروم مقاس 160مم,1.0,EA,120.0,120.0,KNIPEX,GERMANY,145,منخفض,تقدير استناداً لفئة كماشات تعرية الأسلاك المطلية بالكروم,https://www.knipex.com/products/wire-strippers-and-stripping-tools,كماشة تعرية عزل أسلاك مطلية بالكروم مقاس 160مم استناداً إلى تقدير استناداً لفئة كماشات تعرية الأسلاك المطلية بالكروم. يفوق هذا السعر التكلفة الداخلية لدى بيلا (120.0) بما يعكس هامش البيع بالتجزئة المعتاد في السوق السعودي لمنتجات كنيبكس الأصلية.,True,False
55,1572,12 21 180,سكبن,كماشة تعرية عزل كابلات ذاتية الضبط مقاس 180مم,4.0,EA,245.0,980.0,KNIPEX,GERMANY,200,منخفض,تقدير استناداً لعائلة كماشات EvoStrip لتعرية الكابلات,https://kctool.com/products/knipex-1-pair-of-spare-blades-for-12-40-200,كماشة تعرية عزل كابلات ذاتية الضبط مقاس 180مم استناداً إلى تقدير استناداً لعائلة كماشات EvoStrip لتعرية الكابلات. يقل هذا السعر عن التكلفة الداخلية المسجلة لدى بيلا (245.0)، وقد تعكس التكلفة الداخلية سعر شراء بالجملة أو دفعة مبكرة أعلى من متوسط السوق الحالي.,True,False
55,1573,12 40 200,سكبن,كماشة تعرية عزل كابلات ذاتية الضبط (EvoStrip) مقاس 200مم,13.0,EA,218.0,2834.0,KNIPEX,GERMANY,320,متوسط,عرض PrimeTools (المملكة المتحدة) لكماشة EvoStrip ذاتية الضبط,https://www.primetools.co.uk/product/knipex-95-16-200-vde-insulated-wire-twin-cutting-edge-cable-shears-pliers-200mm/,كماشة تعرية عزل كابلات ذاتية الضبط (EvoStrip) مقاس 200مم استناداً إلى عرض PrimeTools (المملكة المتحدة) لكماشة EvoStrip ذاتية الضبط. يفوق هذا السعر التكلفة الداخلية لدى بيلا (218.0) بما يعكس هامش البيع بالتجزئة المعتاد في السوق السعودي لمنتجات كنيبكس الأصلية.,True,False
56,1574,13 02 160,سكبن,كماشة تعرية أسلاك دقيقة مقاس 160مم,9.0,EA,90.0,810.0,KNIPEX,GERMANY,90,منخفض,تقدير استناداً لفئة كماشات تعرية الأسلاك الدقيقة,https://www.knipex.com/products/wire-strippers-and-stripping-tools,كماشة تعرية أسلاك دقيقة مقاس 160مم استناداً إلى تقدير استناداً لفئة كماشات تعرية الأسلاك الدقيقة. يقارب هذا السعر التكلفة الداخلية المسجلة لدى بيلا (90.0)، مما يدل على أن التسعير الداخلي متوافق مع مستوى السوق الحالي.,True,False
56,1575,13 02 160,سكبن,كماشة تعرية أسلاك دقيقة مقاس 160مم,7.0,EA,90.0,630.0,KNIPEX,GERMANY,90,منخفض,تقدير استناداً لفئة كماشات تعرية الأسلاك الدقيقة,https://www.knipex.com/products/wire-strippers-and-stripping-tools,كماشة تعرية أسلاك دقيقة مقاس 160مم استناداً إلى تقدير استناداً لفئة كماشات تعرية الأسلاك الدقيقة. يقارب هذا السعر التكلفة الداخلية المسجلة لدى بيلا (90.0)، مما يدل على أن التسعير الداخلي متوافق مع مستوى السوق الحالي.,True,False
56,1576,13 51 180,سكبن,كماشة تعرية أسلاك قابلة للتعديل مقاس 180مم,11.0,EA,90.0,990.0,KNIPEX,GERMANY,140,منخفض,تقدير استناداً لفئة كماشات التعرية القابلة للتعديل,https://www.knipex.com/products/wire-strippers-and-stripping-tools,كماشة تعرية أسلاك قابلة للتعديل مقاس 180مم استناداً إلى تقدير استناداً لفئة كماشات التعرية القابلة للتعديل. يفوق هذا السعر التكلفة الداخلية لدى بيلا (90.0) بما يعكس هامش البيع بالتجزئة المعتاد في السوق السعودي لمنتجات كنيبكس الأصلية.,True,False
56,1577,14 22 160,سكبن,كماشة تعرية عزل أوتوماتيكية مقاس 160مم,49.0,EA,90.0,4410.0,KNIPEX,GERMANY,180,متوسط,تقدير استناداً لفئة كماشات التعرية الأوتوماتيكية من كنيبكس,https://www.knipex.com/products/wire-strippers-and-stripping-tools,كماشة تعرية عزل أوتوماتيكية مقاس 160مم استناداً إلى تقدير استناداً لفئة كماشات التعرية الأوتوماتيكية من كنيبكس. يفوق هذا السعر التكلفة الداخلية لدى بيلا (90.0) بما يعكس هامش البيع بالتجزئة المعتاد في السوق السعودي لمنتجات كنيبكس الأصلية.,True,False
56,1578,16 20 16,سكبن,كماشة قص وتعرية أسلاك إلكترونية صغيرة,17.0,EA,70.0,1190.0,KNIPEX,GERMANY,85,منخفض,تقدير استناداً لفئة كماشات القطع الإلكترونية الصغيرة,https://www.knipex.com/products/wire-strippers-and-stripping-tools,كماشة قص وتعرية أسلاك إلكترونية صغيرة استناداً إلى تقدير استناداً لفئة كماشات القطع الإلكترونية الصغيرة. يفوق هذا السعر التكلفة الداخلية لدى بيلا (70.0) بما يعكس هامش البيع بالتجزئة المعتاد في السوق السعودي لمنتجات كنيبكس الأصلية.,True,False
56,1579,16 60 100,سكبن,كماشة قطع دقيقة للإلكترونيات مقاس 100مم,6.0,EA,70.0,420.0,KNIPEX,GERMANY,90,منخفض,تقدير استناداً لفئة كماشات القطع الدقيقة للإلكترونيات,https://www.knipex.com/products/wire-strippers-and-stripping-tools,كماشة قطع دقيقة للإلكترونيات مقاس 100مم استناداً إلى تقدير استناداً لفئة كماشات القطع الدقيقة للإلكترونيات. يفوق هذا السعر التكلفة الداخلية لدى بيلا (70.0) بما يعكس هامش البيع بالتجزئة المعتاد في السوق السعودي لمنتجات كنيبكس الأصلية.,True,False
56,1580,16 80 125,سكبن,كماشة قطع قطرية دقيقة للإلكترونيات مقاس 125مم,7.0,EA,110.0,770.0,KNIPEX,GERMANY,125,منخفض,تقدير استناداً لفئة كماشات القطع القطرية الدقيقة,https://www.knipex.com/products/wire-strippers-and-stripping-tools,كماشة قطع قطرية دقيقة للإلكترونيات مقاس 125مم استناداً إلى تقدير استناداً لفئة كماشات القطع القطرية الدقيقة. يقارب هذا السعر التكلفة الداخلية المسجلة لدى بيلا (110.0)، مما يدل على أن التسعير الداخلي متوافق مع مستوى السوق الحالي.,True,False
56,1581,20 01 125,سكبن,كماشة قطع قطرية (زردية قص جانبي) مقاس 125مم,14.0,EA,50.0,700.0,KNIPEX,GERMANY,85,متوسط,تقدير استناداً لأسعار فئة كماشات القطع القطرية من كنيبكس,https://www.knipex.com/products/diagonal-cutters,كماشة قطع قطرية (زردية قص جانبي) مقاس 125مم استناداً إلى تقدير استناداً لأسعار فئة كماشات القطع القطرية من كنيبكس. يفوق هذا السعر التكلفة الداخلية لدى بيلا (50.0) بما يعكس هامش البيع بالتجزئة المعتاد في السوق السعودي لمنتجات كنيبكس الأصلية.,True,False
56,1582,97 52 13,سكبن,كماشة كرمبة (تجعيد) لأطراف الكابلات غير المعزولة بتشغيل يدوين,1.0,EA,480.0,480.0,KNIPEX,GERMANY,650,متوسط,عروض Amazon.com / eBay لمنتج KNIPEX 97 52 13,https://www.amazon.com/97-52-13-non-insulated-terminals/dp/B000XULUH4,كماشة كرمبة (تجعيد) لأطراف الكابلات غير المعزولة بتشغيل يدوين استناداً إلى عروض Amazon.com / eBay لمنتج KNIPEX 97 52 13. يقارب هذا السعر التكلفة الداخلية المسجلة لدى بيلا (650.0)، مما يدل على أن التسعير الداخلي متوافق مع مستوى السوق الحالي.,True,False
56,1583,20 01 160,سكبن,كماشة قطع قطرية مقاس 160مم,9.0,EA,40.0,360.0,KNIPEX,GERMANY,90,متوسط,تقدير استناداً لأسعار فئة كماشات القطع القطرية من كنيبكس,https://www.knipex.com/products/diagonal-cutters,كماشة قطع قطرية مقاس 160مم استناداً إلى تقدير استناداً لأسعار فئة كماشات القطع القطرية من كنيبكس. يفوق هذا السعر التكلفة الداخلية لدى بيلا (40.0) بما يعكس هامش البيع بالتجزئة المعتاد في السوق السعودي لمنتجات كنيبكس الأصلية.,True,False
56,1584,20 02 140,سكبن,كماشة قطع قطرية بشفرة مصغرة مقاس 140مم,11.0,EA,48.0,528.0,KNIPEX,GERMANY,85,متوسط,تقدير استناداً لأسعار فئة كماشات القطع القطرية المصغرة,https://www.knipex.com/products/diagonal-cutters,كماشة قطع قطرية بشفرة مصغرة مقاس 140مم استناداً إلى تقدير استناداً لأسعار فئة كماشات القطع القطرية المصغرة. يفوق هذا السعر التكلفة الداخلية لدى بيلا (48.0) بما يعكس هامش البيع بالتجزئة المعتاد في السوق السعودي لمنتجات كنيبكس الأصلية.,True,False
56,1585,20 02 140,سكبن,كماشة قطع قطرية بشفرة مصغرة مقاس 140مم,16.0,EA,48.0,768.0,KNIPEX,GERMANY,85,متوسط,تقدير استناداً لأسعار فئة كماشات القطع القطرية المصغرة,https://www.knipex.com/products/diagonal-cutters,كماشة قطع قطرية بشفرة مصغرة مقاس 140مم استناداً إلى تقدير استناداً لأسعار فئة كماشات القطع القطرية المصغرة. يفوق هذا السعر التكلفة الداخلية لدى بيلا (48.0) بما يعكس هامش البيع بالتجزئة المعتاد في السوق السعودي لمنتجات كنيبكس الأصلية.,True,False
56,1586,20 05 125,سكبن,كماشة قطع قطرية للإلكترونيات مقاس 125مم,7.0,EA,60.0,420.0,KNIPEX,GERMANY,100,متوسط,تقدير استناداً لأسعار كماشات القطع القطرية للإلكترونيات,https://www.knipex.com/products/diagonal-cutters,كماشة قطع قطرية للإلكترونيات مقاس 125مم استناداً إلى تقدير استناداً لأسعار كماشات القطع القطرية للإلكترونيات. يفوق هذا السعر التكلفة الداخلية لدى بيلا (60.0) بما يعكس هامش البيع بالتجزئة المعتاد في السوق السعودي لمنتجات كنيبكس الأصلية.,True,False
56,1587,20 05 160,سكبن,كماشة قطع قطرية للإلكترونيات مقاس 160مم,3.0,EA,60.0,180.0,KNIPEX,GERMANY,105,متوسط,تقدير استناداً لأسعار كماشات القطع القطرية للإلكترونيات,https://www.knipex.com/products/diagonal-cutters,كماشة قطع قطرية للإلكترونيات مقاس 160مم استناداً إلى تقدير استناداً لأسعار كماشات القطع القطرية للإلكترونيات. يفوق هذا السعر التكلفة الداخلية لدى بيلا (60.0) بما يعكس هامش البيع بالتجزئة المعتاد في السوق السعودي لمنتجات كنيبكس الأصلية.,True,False
56,1588,20 06 160,FLAT NOSE VDE,كماشة أنف مسطح معزولة (VDE) مقاس 160مم,3.0,EA,110.0,330.0,KNIPEX,GERMANY,180,متوسط,تقدير استناداً لفئة الكماشات المعزولة VDE من كنيبكس,https://www.knipex.com/products/insulated-tools,كماشة أنف مسطح معزولة (VDE) مقاس 160مم استناداً إلى تقدير استناداً لفئة الكماشات المعزولة VDE من كنيبكس. يفوق هذا السعر التكلفة الداخلية لدى بيلا (110.0) بما يعكس هامش البيع بالتجزئة المعتاد في السوق السعودي لمنتجات كنيبكس الأصلية.,True,False
56,1589,22 01 140,سكبن,كماشة ذات فك دائري (راوند نوز) مقاس 140مم من كنيبكس,8.0,EA,45.0,360.0,KNIPEX,GERMANY,100,مرتفع,عرض Amazon.com لمنتج KNIPEX 22 01 140,https://www.amazon.com/Knipex-22-01-140-Pliers/dp/B000RW06GO,كماشة ذات فك دائري (راوند نوز) مقاس 140مم من كنيبكس استناداً إلى عرض Amazon.com لمنتج KNIPEX 22 01 140. يفوق هذا السعر التكلفة الداخلية لدى بيلا (55.0) بما يعكس هامش البيع بالتجزئة المعتاد في السوق السعودي لمنتجات كنيبكس الأصلية.,True,False
56,1590,22 01 140,سكبن,كماشة ذات فك دائري (راوند نوز) مقاس 140مم من كنيبكس,5.0,EA,45.0,225.0,KNIPEX,GERMANY,100,مرتفع,عرض Amazon.com لمنتج KNIPEX 22 01 140,https://www.amazon.com/Knipex-22-01-140-Pliers/dp/B000RW06GO,كماشة ذات فك دائري (راوند نوز) مقاس 140مم من كنيبكس استناداً إلى عرض Amazon.com لمنتج KNIPEX 22 01 140. يفوق هذا السعر التكلفة الداخلية لدى بيلا (55.0) بما يعكس هامش البيع بالتجزئة المعتاد في السوق السعودي لمنتجات كنيبكس الأصلية.,True,False
56,1591,22 01 140,سكبن,كماشة ذات فك دائري (راوند نوز) مقاس 140مم من كنيبكس,3.0,EA,55.0,165.0,KNIPEX,GERMANY,100,مرتفع,عرض Amazon.com لمنتج KNIPEX 22 01 140,https://www.amazon.com/Knipex-22-01-140-Pliers/dp/B000RW06GO,كماشة ذات فك دائري (راوند نوز) مقاس 140مم من كنيبكس استناداً إلى عرض Amazon.com لمنتج KNIPEX 22 01 140. يفوق هذا السعر التكلفة الداخلية لدى بيلا (55.0) بما يعكس هامش البيع بالتجزئة المعتاد في السوق السعودي لمنتجات كنيبكس الأصلية.,True,False
56,1592,22 01 180,سكبن,كماشة ذات فك دائري مقاس 180مم,5.0,EA,55.0,275.0,KNIPEX,GERMANY,120,متوسط,تقدير استناداً لعائلة أسعار كماشات الفك الدائري,https://www.knipex.com/products/gripping-pliers/round-nose-pliers,كماشة ذات فك دائري مقاس 180مم استناداً إلى تقدير استناداً لعائلة أسعار كماشات الفك الدائري. يفوق هذا السعر التكلفة الداخلية لدى بيلا (48.0) بما يعكس هامش البيع بالتجزئة المعتاد في السوق السعودي لمنتجات كنيبكس الأصلية.,True,False
56,1593,22 01 180,سكبن,كماشة ذات فك دائري مقاس 180مم,5.0,EA,48.0,240.0,KNIPEX,GERMANY,120,متوسط,تقدير استناداً لعائلة أسعار كماشات الفك الدائري,https://www.knipex.com/products/gripping-pliers/round-nose-pliers,كماشة ذات فك دائري مقاس 180مم استناداً إلى تقدير استناداً لعائلة أسعار كماشات الفك الدائري. يفوق هذا السعر التكلفة الداخلية لدى بيلا (48.0) بما يعكس هامش البيع بالتجزئة المعتاد في السوق السعودي لمنتجات كنيبكس الأصلية.,True,False
56,1594,22 02 140,سكبن,كماشة ذات فك دائري مع قاطع مقاس 140مم,10.0,EA,48.0,480.0,KNIPEX,GERMANY,112,متوسط,صفحة كنيبكس الرسمية لمنتج 22 02 140,https://www.knipex.com/products/gripping-pliers/round-nose-pliers/round-nose-pliers/2202140,كماشة ذات فك دائري مع قاطع مقاس 140مم استناداً إلى صفحة كنيبكس الرسمية لمنتج 22 02 140. يفوق هذا السعر التكلفة الداخلية لدى بيلا (48.0) بما يعكس هامش البيع بالتجزئة المعتاد في السوق السعودي لمنتجات كنيبكس الأصلية.,True,False
56,1595,22 02 160,سكبن,كماشة ذات فك دائري مع قاطع مقاس 160مم,10.0,EA,60.0,600.0,KNIPEX,GERMANY,120,متوسط,تقدير استناداً لعائلة أسعار كماشات الفك الدائري,https://www.knipex.com/products/gripping-pliers/round-nose-pliers,كماشة ذات فك دائري مع قاطع مقاس 160مم استناداً إلى تقدير استناداً لعائلة أسعار كماشات الفك الدائري. يفوق هذا السعر التكلفة الداخلية لدى بيلا (60.0) بما يعكس هامش البيع بالتجزئة المعتاد في السوق السعودي لمنتجات كنيبكس الأصلية.,True,False
56,1596,22 05 160,سكبن,كماشة ذات فك دائري مقاس 160مم (طراز معزز),3.0,EA,60.0,180.0,KNIPEX,GERMANY,128,متوسط,تقدير استناداً لعائلة أسعار كماشات الفك الدائري,https://www.knipex.com/products/gripping-pliers/round-nose-pliers,كماشة ذات فك دائري مقاس 160مم (طراز معزز) استناداً إلى تقدير استناداً لعائلة أسعار كماشات الفك الدائري. يفوق هذا السعر التكلفة الداخلية لدى بيلا (60.0) بما يعكس هامش البيع بالتجزئة المعتاد في السوق السعودي لمنتجات كنيبكس الأصلية.,True,False
56,1597,22 06 160,سكبن,كماشة ذات فك دائري مقاس 160مم,4.0,EA,100.0,400.0,KNIPEX,GERMANY,140,متوسط,صفحة كنيبكس الرسمية تشير لمنتج 2206160,https://www.knipex.com/products/gripping-pliers/round-nose-pliers/round-nose-pliers/2201140?v=6549&sku=2206160,كماشة ذات فك دائري مقاس 160مم استناداً إلى صفحة كنيبكس الرسمية تشير لمنتج 2206160. يفوق هذا السعر التكلفة الداخلية لدى بيلا (100.0) بما يعكس هامش البيع بالتجزئة المعتاد في السوق السعودي لمنتجات كنيبكس الأصلية.,True,False
56,1598,25 01 125,سكبن,كماشة أنف طويل (سنايب نوز) مقاس 125مم,1.0,EA,60.0,60.0,KNIPEX,GERMANY,85,متوسط,تقدير استناداً لعائلة أسعار كماشات الأنف الطويل,https://www.knipex.com/products/gripping-pliers/long-nose-pliers,كماشة أنف طويل (سنايب نوز) مقاس 125مم استناداً إلى تقدير استناداً لعائلة أسعار كماشات الأنف الطويل. يفوق هذا السعر التكلفة الداخلية لدى بيلا (60.0) بما يعكس هامش البيع بالتجزئة المعتاد في السوق السعودي لمنتجات كنيبكس الأصلية.,True,False
56,1599,25 01 125,سكبن,كماشة أنف طويل (سنايب نوز) مقاس 125مم,1.0,EA,60.0,60.0,KNIPEX,GERMANY,85,متوسط,تقدير استناداً لعائلة أسعار كماشات الأنف الطويل,https://www.knipex.com/products/gripping-pliers/long-nose-pliers,كماشة أنف طويل (سنايب نوز) مقاس 125مم استناداً إلى تقدير استناداً لعائلة أسعار كماشات الأنف الطويل. يفوق هذا السعر التكلفة الداخلية لدى بيلا (60.0) بما يعكس هامش البيع بالتجزئة المعتاد في السوق السعودي لمنتجات كنيبكس الأصلية.,True,False
56,1600,25 02 140,سكبن,كماشة أنف طويل مقاس 140مم,1.0,EA,55.0,55.0,KNIPEX,GERMANY,90,متوسط,تقدير استناداً لعائلة أسعار كماشات الأنف الطويل,https://www.knipex.com/products/gripping-pliers/long-nose-pliers,كماشة أنف طويل مقاس 140مم استناداً إلى تقدير استناداً لعائلة أسعار كماشات الأنف الطويل. يفوق هذا السعر التكلفة الداخلية لدى بيلا (55.0) بما يعكس هامش البيع بالتجزئة المعتاد في السوق السعودي لمنتجات كنيبكس الأصلية.,True,False
56,1601,25 03 140,سكبن,كماشة أنف طويل مع قاطع مقاس 140مم,5.0,EA,96.0,480.0,KNIPEX,GERMANY,105,متوسط,تقدير استناداً لعائلة أسعار كماشات الأنف الطويل مع قاطع,https://www.knipex.com/products/gripping-pliers/long-nose-pliers,كماشة أنف طويل مع قاطع مقاس 140مم استناداً إلى تقدير استناداً لعائلة أسعار كماشات الأنف الطويل مع قاطع. يقارب هذا السعر التكلفة الداخلية المسجلة لدى بيلا (96.0)، مما يدل على أن التسعير الداخلي متوافق مع مستوى السوق الحالي.,True,False
56,1602,25 05 140,سكبن,كماشة أنف طويل مقاس 140مم (طراز معزز),1.0,EA,60.0,60.0,KNIPEX,GERMANY,98,متوسط,تقدير استناداً لعائلة أسعار كماشات الأنف الطويل المعزز,https://www.knipex.com/products/gripping-pliers/long-nose-pliers,كماشة أنف طويل مقاس 140مم (طراز معزز) استناداً إلى تقدير استناداً لعائلة أسعار كماشات الأنف الطويل المعزز. يقارب هذا السعر التكلفة الداخلية المسجلة لدى بيلا (90.0)، مما يدل على أن التسعير الداخلي متوافق مع مستوى السوق الحالي.,True,False
56,1603,25 05 140,سكبن,كماشة أنف طويل مقاس 140مم (طراز معزز),1.0,EA,90.0,90.0,KNIPEX,GERMANY,98,متوسط,تقدير استناداً لعائلة أسعار كماشات الأنف الطويل المعزز,https://www.knipex.com/products/gripping-pliers/long-nose-pliers,كماشة أنف طويل مقاس 140مم (طراز معزز) استناداً إلى تقدير استناداً لعائلة أسعار كماشات الأنف الطويل المعزز. يقارب هذا السعر التكلفة الداخلية المسجلة لدى بيلا (90.0)، مما يدل على أن التسعير الداخلي متوافق مع مستوى السوق الحالي.,True,False
56,1604,26 16 200,سكبن,كماشة أنف طويل مع قص جانبي مقاس 200مم,3.0,EA,130.0,390.0,KNIPEX,GERMANY,165,منخفض,تقدير استناداً لفئة كماشات الأنف الطويل مع قص جانبي,https://www.knipex.com/products/gripping-pliers/long-nose-pliers,كماشة أنف طويل مع قص جانبي مقاس 200مم استناداً إلى تقدير استناداً لفئة كماشات الأنف الطويل مع قص جانبي. يفوق هذا السعر التكلفة الداخلية لدى بيلا (130.0) بما يعكس هامش البيع بالتجزئة المعتاد في السوق السعودي لمنتجات كنيبكس الأصلية.,True,False
56,1605,27 01 160,سكبن,كماشة أنف مسطح مقاس 160مم,15.0,EA,85.0,1275.0,KNIPEX,GERMANY,100,متوسط,تقدير استناداً لعائلة أسعار كماشات الأنف المسطح,https://www.knipex.com/products/gripping-pliers/flat-nose-pliers,كماشة أنف مسطح مقاس 160مم استناداً إلى تقدير استناداً لعائلة أسعار كماشات الأنف المسطح. يفوق هذا السعر التكلفة الداخلية لدى بيلا (85.0) بما يعكس هامش البيع بالتجزئة المعتاد في السوق السعودي لمنتجات كنيبكس الأصلية.,True,False
56,1606,27 01 160,سكبن,كماشة أنف مسطح مقاس 160مم,12.0,EA,85.0,1020.0,KNIPEX,GERMANY,100,متوسط,تقدير استناداً لعائلة أسعار كماشات الأنف المسطح,https://www.knipex.com/products/gripping-pliers/flat-nose-pliers,كماشة أنف مسطح مقاس 160مم استناداً إلى تقدير استناداً لعائلة أسعار كماشات الأنف المسطح. يفوق هذا السعر التكلفة الداخلية لدى بيلا (85.0) بما يعكس هامش البيع بالتجزئة المعتاد في السوق السعودي لمنتجات كنيبكس الأصلية.,True,False
57,1607,30 36 160,سكبن,كماشة أنف طويل مع قاطع مقاس 160مم,3.0,EA,190.0,570.0,KNIPEX,GERMANY,115,متوسط,تقدير استناداً لعائلة أسعار كماشات الأنف الطويل مع قاطع,https://www.knipex.com/products/gripping-pliers/long-nose-pliers,كماشة أنف طويل مع قاطع مقاس 160مم استناداً إلى تقدير استناداً لعائلة أسعار كماشات الأنف الطويل مع قاطع. يفوق هذا السعر التكلفة الداخلية لدى بيلا (75.0) بما يعكس هامش البيع بالتجزئة المعتاد في السوق السعودي لمنتجات كنيبكس الأصلية.,True,False
57,1608,30 11 140,سكبن,كماشة أنف طويل بفك مسطح مقاس 140مم من كنيبكس,29.0,EA,50.0,1450.0,KNIPEX,GERMANY,105,مرتفع,عرض Amazon.com / Haus of Tools لمنتج KNIPEX 30 11 140,https://www.amazon.com/Knipex-30-11-140-Pliers/dp/B001MRL7MA,كماشة أنف طويل بفك مسطح مقاس 140مم من كنيبكس استناداً إلى عرض Amazon.com / Haus of Tools لمنتج KNIPEX 30 11 140. يفوق هذا السعر التكلفة الداخلية لدى بيلا (50.0) بما يعكس هامش البيع بالتجزئة المعتاد في السوق السعودي لمنتجات كنيبكس الأصلية.,True,False
57,1609,30 11 140,سكبن,كماشة أنف طويل بفك مسطح مقاس 140مم من كنيبكس,11.0,EA,50.0,550.0,KNIPEX,GERMANY,105,مرتفع,عرض Amazon.com / Haus of Tools لمنتج KNIPEX 30 11 140,https://www.amazon.com/Knipex-30-11-140-Pliers/dp/B001MRL7MA,كماشة أنف طويل بفك مسطح مقاس 140مم من كنيبكس استناداً إلى عرض Amazon.com / Haus of Tools لمنتج KNIPEX 30 11 140. يفوق هذا السعر التكلفة الداخلية لدى بيلا (50.0) بما يعكس هامش البيع بالتجزئة المعتاد في السوق السعودي لمنتجات كنيبكس الأصلية.,True,False
57,1610,30 13 140,سكبن,كماشة أنف طويل بفك دائري مقاس 140مم,25.0,EA,60.0,1500.0,KNIPEX,GERMANY,100,متوسط,تقدير استناداً لعائلة أسعار كماشات الأنف الطويل,https://www.knipex.com/products/gripping-pliers/long-nose-pliers,كماشة أنف طويل بفك دائري مقاس 140مم استناداً إلى تقدير استناداً لعائلة أسعار كماشات الأنف الطويل. يفوق هذا السعر التكلفة الداخلية لدى بيلا (60.0) بما يعكس هامش البيع بالتجزئة المعتاد في السوق السعودي لمنتجات كنيبكس الأصلية.,True,False
57,1611,30 15 190,سكبن,كماشة أنف طويل مقاس 190مم,12.0,EA,80.0,960.0,KNIPEX,GERMANY,140,متوسط,تقدير استناداً لعائلة أسعار كماشات الأنف الطويل,https://www.knipex.com/products/gripping-pliers/long-nose-pliers,كماشة أنف طويل مقاس 190مم استناداً إلى تقدير استناداً لعائلة أسعار كماشات الأنف الطويل. يفوق هذا السعر التكلفة الداخلية لدى بيلا (80.0) بما يعكس هامش البيع بالتجزئة المعتاد في السوق السعودي لمنتجات كنيبكس الأصلية.,True,False
57,1612,30 21 140,سكبن,كماشة أنف طويل بزاوية 45 درجة مقاس 140مم,7.0,EA,50.0,350.0,KNIPEX,GERMANY,100,متوسط,تقدير استناداً لعائلة أسعار كماشات الأنف الطويل بزاوية,https://www.knipex.com/products/gripping-pliers/long-nose-pliers,كماشة أنف طويل بزاوية 45 درجة مقاس 140مم استناداً إلى تقدير استناداً لعائلة أسعار كماشات الأنف الطويل بزاوية. يفوق هذا السعر التكلفة الداخلية لدى بيلا (50.0) بما يعكس هامش البيع بالتجزئة المعتاد في السوق السعودي لمنتجات كنيبكس الأصلية.,True,False
57,1613,30 36 160,سكبن,كماشة أنف طويل مع قاطع مقاس 160مم,2.0,EA,75.0,150.0,KNIPEX,GERMANY,115,متوسط,تقدير استناداً لعائلة أسعار كماشات الأنف الطويل مع قاطع,https://www.knipex.com/products/gripping-pliers/long-nose-pliers,كماشة أنف طويل مع قاطع مقاس 160مم استناداً إلى تقدير استناداً لعائلة أسعار كماشات الأنف الطويل مع قاطع. يفوق هذا السعر التكلفة الداخلية لدى بيلا (75.0) بما يعكس هامش البيع بالتجزئة المعتاد في السوق السعودي لمنتجات كنيبكس الأصلية.,True,False
57,1614,35 52 145,سكبن,كماشة دقيقة لضبط المرحلات (ريلاي) مقاس 145مم,3.0,EA,110.0,330.0,KNIPEX,GERMANY,220,منخفض,تقدير استناداً لفئة الكماشات الدقيقة الخاصة,https://www.knipex.com/products/special-pliers,كماشة دقيقة لضبط المرحلات (ريلاي) مقاس 145مم استناداً إلى تقدير استناداً لفئة الكماشات الدقيقة الخاصة. يفوق هذا السعر التكلفة الداخلية لدى بيلا (110.0) بما يعكس هامش البيع بالتجزئة المعتاد في السوق السعودي لمنتجات كنيبكس الأصلية.,True,False
57,1615,38 91 200,سكبن,كماشة تجميع خاصة مقاس 200مم,9.0,EA,50.0,450.0,KNIPEX,GERMANY,180,منخفض,تقدير استناداً لفئة كماشات التجميع الخاصة,https://www.knipex.com/products/special-pliers,كماشة تجميع خاصة مقاس 200مم استناداً إلى تقدير استناداً لفئة كماشات التجميع الخاصة. يفوق هذا السعر التكلفة الداخلية لدى بيلا (50.0) بما يعكس هامش البيع بالتجزئة المعتاد في السوق السعودي لمنتجات كنيبكس الأصلية.,True,False
57,1616,44 13 J3,سكبن,كماشة حلقات دائرية داخلية (سيركليب) مقاس J3 من كنيبكس,7.0,EA,60.0,420.0,KNIPEX,GERMANY,108,مرتفع,عرض Amazon.com لمنتج KNIPEX 44 13 J3,https://www.amazon.com/44-13-J3-Circlip-40-100mm/dp/B004LXXZJA,كماشة حلقات دائرية داخلية (سيركليب) مقاس J3 من كنيبكس استناداً إلى عرض Amazon.com لمنتج KNIPEX 44 13 J3. يفوق هذا السعر التكلفة الداخلية لدى بيلا (60.0) بما يعكس هامش البيع بالتجزئة المعتاد في السوق السعودي لمنتجات كنيبكس الأصلية.,True,False
57,1617,44 11 J4,سكبن,كماشة حلقات دائرية داخلية مقاس J4 (أكبر حجماً),18.0,EA,70.0,1260.0,KNIPEX,GERMANY,120,متوسط,عرض Home Depot لمنتج مشابه KNIPEX 44 11 J4,https://www.homedepot.com/p/KNIPEX-12-3-4-in-Internal-Straight-Circlip-Pliers-44-11-J4/205944336,كماشة حلقات دائرية داخلية مقاس J4 (أكبر حجماً) استناداً إلى عرض Home Depot لمنتج مشابه KNIPEX 44 11 J4. يفوق هذا السعر التكلفة الداخلية لدى بيلا (70.0) بما يعكس هامش البيع بالتجزئة المعتاد في السوق السعودي لمنتجات كنيبكس الأصلية.,True,False
57,1618,44 13 J3,سكبن,كماشة حلقات دائرية داخلية (سيركليب) مقاس J3 من كنيبكس,4.0,EA,60.0,240.0,KNIPEX,GERMANY,108,مرتفع,عرض Amazon.com لمنتج KNIPEX 44 13 J3,https://www.amazon.com/44-13-J3-Circlip-40-100mm/dp/B004LXXZJA,كماشة حلقات دائرية داخلية (سيركليب) مقاس J3 من كنيبكس استناداً إلى عرض Amazon.com لمنتج KNIPEX 44 13 J3. يفوق هذا السعر التكلفة الداخلية لدى بيلا (60.0) بما يعكس هامش البيع بالتجزئة المعتاد في السوق السعودي لمنتجات كنيبكس الأصلية.,True,False
57,1619,44 21 J21,سكبن,كماشة حلقات دائرية خارجية بزاوية 90 درجة مقاس J21,2.0,EA,45.0,90.0,KNIPEX,GERMANY,112,متوسط,تقدير استناداً لعائلة أسعار كماشات الحلقات الدائرية الخارجية,https://www.knipex.com/products/circlip-pliers,كماشة حلقات دائرية خارجية بزاوية 90 درجة مقاس J21 استناداً إلى تقدير استناداً لعائلة أسعار كماشات الحلقات الدائرية الخارجية. يفوق هذا السعر التكلفة الداخلية لدى بيلا (45.0) بما يعكس هامش البيع بالتجزئة المعتاد في السوق السعودي لمنتجات كنيبكس الأصلية.,True,False
57,1620,44 21 J21,سكبن,كماشة حلقات دائرية خارجية بزاوية 90 درجة مقاس J21,11.0,EA,45.0,495.0,KNIPEX,GERMANY,112,متوسط,تقدير استناداً لعائلة أسعار كماشات الحلقات الدائرية الخارجية,https://www.knipex.com/products/circlip-pliers,كماشة حلقات دائرية خارجية بزاوية 90 درجة مقاس J21 استناداً إلى تقدير استناداً لعائلة أسعار كماشات الحلقات الدائرية الخارجية. يفوق هذا السعر التكلفة الداخلية لدى بيلا (45.0) بما يعكس هامش البيع بالتجزئة المعتاد في السوق السعودي لمنتجات كنيبكس الأصلية.,True,False
57,1621,44 21 J31,سكبن,كماشة حلقات دائرية خارجية بزاوية 90 درجة مقاس J31 (أكبر),7.0,EA,55.0,385.0,KNIPEX,GERMANY,128,متوسط,تقدير استناداً لعائلة أسعار كماشات الحلقات الدائرية الخارجية,https://www.knipex.com/products/circlip-pliers,كماشة حلقات دائرية خارجية بزاوية 90 درجة مقاس J31 (أكبر) استناداً إلى تقدير استناداً لعائلة أسعار كماشات الحلقات الدائرية الخارجية. يفوق هذا السعر التكلفة الداخلية لدى بيلا (55.0) بما يعكس هامش البيع بالتجزئة المعتاد في السوق السعودي لمنتجات كنيبكس الأصلية.,True,False
57,1622,44 21 J31,سكبن,كماشة حلقات دائرية خارجية بزاوية 90 درجة مقاس J31 (أكبر),7.0,EA,55.0,385.0,KNIPEX,GERMANY,128,متوسط,تقدير استناداً لعائلة أسعار كماشات الحلقات الدائرية الخارجية,https://www.knipex.com/products/circlip-pliers,كماشة حلقات دائرية خارجية بزاوية 90 درجة مقاس J31 (أكبر) استناداً إلى تقدير استناداً لعائلة أسعار كماشات الحلقات الدائرية الخارجية. يفوق هذا السعر التكلفة الداخلية لدى بيلا (55.0) بما يعكس هامش البيع بالتجزئة المعتاد في السوق السعودي لمنتجات كنيبكس الأصلية.,True,False
57,1623,45 10 170,سكبن,كماشة حلقات دائرية داخلية مقاس 170مم,13.0,EA,100.0,1300.0,KNIPEX,GERMANY,120,متوسط,تقدير استناداً لعائلة أسعار كماشات الحلقات الدائرية,https://www.knipex.com/products/circlip-pliers,كماشة حلقات دائرية داخلية مقاس 170مم استناداً إلى تقدير استناداً لعائلة أسعار كماشات الحلقات الدائرية. يفوق هذا السعر التكلفة الداخلية لدى بيلا (100.0) بما يعكس هامش البيع بالتجزئة المعتاد في السوق السعودي لمنتجات كنيبكس الأصلية.,True,False
57,1624,46 11 G0,سكبن,كماشة حلقات دائرية خارجية مستقيمة صغيرة مقاس G0,9.0,EA,80.0,720.0,KNIPEX,GERMANY,85,متوسط,تقدير استناداً لعائلة أسعار كماشات الحلقات الدائرية الصغيرة,https://www.knipex.com/products/circlip-pliers,كماشة حلقات دائرية خارجية مستقيمة صغيرة مقاس G0 استناداً إلى تقدير استناداً لعائلة أسعار كماشات الحلقات الدائرية الصغيرة. يقارب هذا السعر التكلفة الداخلية المسجلة لدى بيلا (80.0)، مما يدل على أن التسعير الداخلي متوافق مع مستوى السوق الحالي.,True,False
57,1625,46 13 A0,سكبن,كماشة حلقات دائرية خارجية منحنية صغيرة مقاس A0,5.0,EA,48.0,240.0,KNIPEX,GERMANY,95,متوسط,تقدير استناداً لعائلة أسعار كماشات الحلقات الدائرية المنحنية,https://www.knipex.com/products/circlip-pliers,كماشة حلقات دائرية خارجية منحنية صغيرة مقاس A0 استناداً إلى تقدير استناداً لعائلة أسعار كماشات الحلقات الدائرية المنحنية. يفوق هذا السعر التكلفة الداخلية لدى بيلا (48.0) بما يعكس هامش البيع بالتجزئة المعتاد في السوق السعودي لمنتجات كنيبكس الأصلية.,True,False
57,1626,46 13 A2,سكبن,كماشة حلقات دائرية خارجية منحنية مقاس A2,12.0,EA,60.0,720.0,KNIPEX,GERMANY,105,متوسط,تقدير استناداً لعائلة أسعار كماشات الحلقات الدائرية المنحنية,https://www.knipex.com/products/circlip-pliers,كماشة حلقات دائرية خارجية منحنية مقاس A2 استناداً إلى تقدير استناداً لعائلة أسعار كماشات الحلقات الدائرية المنحنية. يفوق هذا السعر التكلفة الداخلية لدى بيلا (60.0) بما يعكس هامش البيع بالتجزئة المعتاد في السوق السعودي لمنتجات كنيبكس الأصلية.,True,False
57,1627,46 13 A3,سكبن,كماشة حلقات دائرية خارجية منحنية مقاس A3,1.0,EA,70.0,70.0,KNIPEX,GERMANY,112,متوسط,تقدير استناداً لعائلة أسعار كماشات الحلقات الدائرية المنحنية,https://www.knipex.com/products/circlip-pliers,كماشة حلقات دائرية خارجية منحنية مقاس A3 استناداً إلى تقدير استناداً لعائلة أسعار كماشات الحلقات الدائرية المنحنية. يفوق هذا السعر التكلفة الداخلية لدى بيلا (70.0) بما يعكس هامش البيع بالتجزئة المعتاد في السوق السعودي لمنتجات كنيبكس الأصلية.,True,False
57,1628,46 13 A3,سكبن,كماشة حلقات دائرية خارجية منحنية مقاس A3,8.0,EA,70.0,560.0,KNIPEX,GERMANY,112,متوسط,تقدير استناداً لعائلة أسعار كماشات الحلقات الدائرية المنحنية,https://www.knipex.com/products/circlip-pliers,كماشة حلقات دائرية خارجية منحنية مقاس A3 استناداً إلى تقدير استناداً لعائلة أسعار كماشات الحلقات الدائرية المنحنية. يفوق هذا السعر التكلفة الداخلية لدى بيلا (70.0) بما يعكس هامش البيع بالتجزئة المعتاد في السوق السعودي لمنتجات كنيبكس الأصلية.,True,False
57,1629,46 21 A31,سكبن,كماشة حلقات دائرية خارجية بزاوية 90 درجة مقاس A31,11.0,EA,60.0,660.0,KNIPEX,GERMANY,140,متوسط,عرض KC Tool لمنتج مشابه KNIPEX 46 21 A31,https://kctool.com/knipex-46-21-a31-90-degree-angled-tip-external-circlip-pliers-40-100-mm-dia-plastic-grip,كماشة حلقات دائرية خارجية بزاوية 90 درجة مقاس A31 استناداً إلى عرض KC Tool لمنتج مشابه KNIPEX 46 21 A31. يفوق هذا السعر التكلفة الداخلية لدى بيلا (60.0) بما يعكس هامش البيع بالتجزئة المعتاد في السوق السعودي لمنتجات كنيبكس الأصلية.,True,False
57,1630,46 21 A31,سكبن,كماشة حلقات دائرية خارجية بزاوية 90 درجة مقاس A31,1.0,EA,60.0,60.0,KNIPEX,GERMANY,140,متوسط,عرض KC Tool لمنتج مشابه KNIPEX 46 21 A31,https://kctool.com/knipex-46-21-a31-90-degree-angled-tip-external-circlip-pliers-40-100-mm-dia-plastic-grip,كماشة حلقات دائرية خارجية بزاوية 90 درجة مقاس A31 استناداً إلى عرض KC Tool لمنتج مشابه KNIPEX 46 21 A31. يفوق هذا السعر التكلفة الداخلية لدى بيلا (60.0) بما يعكس هامش البيع بالتجزئة المعتاد في السوق السعودي لمنتجات كنيبكس الأصلية.,True,False
57,1631,46 21 A31,سكبن,كماشة حلقات دائرية خارجية بزاوية 90 درجة مقاس A31,5.0,EA,60.0,300.0,KNIPEX,GERMANY,140,متوسط,عرض KC Tool لمنتج مشابه KNIPEX 46 21 A31,https://kctool.com/knipex-46-21-a31-90-degree-angled-tip-external-circlip-pliers-40-100-mm-dia-plastic-grip,كماشة حلقات دائرية خارجية بزاوية 90 درجة مقاس A31 استناداً إلى عرض KC Tool لمنتج مشابه KNIPEX 46 21 A31. يفوق هذا السعر التكلفة الداخلية لدى بيلا (60.0) بما يعكس هامش البيع بالتجزئة المعتاد في السوق السعودي لمنتجات كنيبكس الأصلية.,True,False
57,1632,61 01 200,سكبن,كماشة قص أطراف عالية القوة (قص مسامير ونهايات صلبة) مقاس 200مم,1.0,EA,130.0,130.0,KNIPEX,GERMANY,260,مرتفع,عرض Home Depot / Zoro لمنتج KNIPEX 61 01 200,https://www.homedepot.com/p/KNIPEX-8-in-High-Leverage-Cross-Cut-Bolt-End-Cutting-Pliers-61-01-200/205333651,كماشة قص أطراف عالية القوة (قص مسامير ونهايات صلبة) مقاس 200مم استناداً إلى عرض Home Depot / Zoro لمنتج KNIPEX 61 01 200. يفوق هذا السعر التكلفة الداخلية لدى بيلا (130.0) بما يعكس هامش البيع بالتجزئة المعتاد في السوق السعودي لمنتجات كنيبكس الأصلية.,True,False
57,1633,70 05 140,سكبن,كماشة قص قطرية صغيرة مقاس 140مم,10.0,EA,120.0,1200.0,KNIPEX,GERMANY,90,متوسط,تقدير استناداً لفئة كماشات القطع القطرية الصغيرة,https://www.knipex.com/products/diagonal-cutters,كماشة قص قطرية صغيرة مقاس 140مم استناداً إلى تقدير استناداً لفئة كماشات القطع القطرية الصغيرة. يقل هذا السعر عن التكلفة الداخلية المسجلة لدى بيلا (120.0)، وقد تعكس التكلفة الداخلية سعر شراء بالجملة أو دفعة مبكرة أعلى من متوسط السوق الحالي.,True,False
57,1634,70 06 180,سكبن,كماشة قص قطرية عالية القوة مقاس 180مم,0.0,EA,120.0,0.0,KNIPEX,GERMANY,112,متوسط,تقدير استناداً لفئة كماشات القطع القطرية عالية القوة,https://www.knipex.com/products/diagonal-cutters,كماشة قص قطرية عالية القوة مقاس 180مم استناداً إلى تقدير استناداً لفئة كماشات القطع القطرية عالية القوة. يقارب هذا السعر التكلفة الداخلية المسجلة لدى بيلا (120.0)، مما يدل على أن التسعير الداخلي متوافق مع مستوى السوق الحالي.,True,False
57,1635,70 06 180,سكبن,كماشة قص قطرية عالية القوة مقاس 180مم,1.0,EA,120.0,120.0,KNIPEX,GERMANY,112,متوسط,تقدير استناداً لفئة كماشات القطع القطرية عالية القوة,https://www.knipex.com/products/diagonal-cutters,كماشة قص قطرية عالية القوة مقاس 180مم استناداً إلى تقدير استناداً لفئة كماشات القطع القطرية عالية القوة. يقارب هذا السعر التكلفة الداخلية المسجلة لدى بيلا (120.0)، مما يدل على أن التسعير الداخلي متوافق مع مستوى السوق الحالي.,True,False
57,1636,70 07 160,سكبن,كماشة قص قطرية برأس رفيع مقاس 160مم,1.0,EA,140.0,140.0,KNIPEX,GERMANY,120,متوسط,تقدير استناداً لفئة كماشات القطع القطرية برأس رفيع,https://www.knipex.com/products/diagonal-cutters,كماشة قص قطرية برأس رفيع مقاس 160مم استناداً إلى تقدير استناداً لفئة كماشات القطع القطرية برأس رفيع. يقارب هذا السعر التكلفة الداخلية المسجلة لدى بيلا (140.0)، مما يدل على أن التسعير الداخلي متوافق مع مستوى السوق الحالي.,True,False
57,1637,74 01 250,سكبن,كماشة قص قطرية عالية القوة مقاس 250مم,10.0,EA,110.0,1100.0,KNIPEX,GERMANY,195,مرتفع,عرض Tool Nut / Haus of Tools لمنتج KNIPEX 74 01 250,https://www.toolnut.com/products/knipex-74-01-250-high-leverage-diagonal-cutters-sba,كماشة قص قطرية عالية القوة مقاس 250مم استناداً إلى عرض Tool Nut / Haus of Tools لمنتج KNIPEX 74 01 250. يفوق هذا السعر التكلفة الداخلية لدى بيلا (110.0) بما يعكس هامش البيع بالتجزئة المعتاد في السوق السعودي لمنتجات كنيبكس الأصلية.,True,False
57,1638,82 51 200,سكبن,كماشة خاصة لمشابك الاستنادات (كلامب) مقاس 200مم,4.0,EA,68.0,272.0,KNIPEX,GERMANY,170,منخفض,تقدير استناداً لفئة الكماشات الخاصة لمشابك الاستنادات,https://www.knipex.com/products/special-pliers,كماشة خاصة لمشابك الاستنادات (كلامب) مقاس 200مم استناداً إلى تقدير استناداً لفئة الكماشات الخاصة لمشابك الاستنادات. يفوق هذا السعر التكلفة الداخلية لدى بيلا (68.0) بما يعكس هامش البيع بالتجزئة المعتاد في السوق السعودي لمنتجات كنيبكس الأصلية.,True,False
57,1639,83 10 040,سكبن,مفتاح أنابيب زاوية 90 درجة كبير الحجم (750مم) من كنيبكس,4.0,EA,620.0,2480.0,KNIPEX,GERMANY,1080,مرتفع,عروض Home Depot / Amazon.com / Toolnation لمنتج KNIPEX 83 10 040,https://www.amazon.com/Knipex-83-10-040-Wrench/dp/B003D5XPF6,مفتاح أنابيب زاوية 90 درجة كبير الحجم (750مم) من كنيبكس استناداً إلى عروض Home Depot / Amazon.com / Toolnation لمنتج KNIPEX 83 10 040. يفوق هذا السعر التكلفة الداخلية لدى بيلا (620.0) بما يعكس هامش البيع بالتجزئة المعتاد في السوق السعودي لمنتجات كنيبكس الأصلية.,True,False
58,1640,86 03 250,سكبن,زردية مفتاح متعدد الأحجام (بلايرز رانش) مقاس 250مم,5.0,EA,170.0,850.0,KNIPEX,GERMANY,270,مرتفع,عرض Tool Nut / Lowe's لمنتج KNIPEX 86 03 250,https://www.toolnut.com/products/knipex-86-03-250-pliers-wrench,زردية مفتاح متعدد الأحجام (بلايرز رانش) مقاس 250مم استناداً إلى عرض Tool Nut / Lowe's لمنتج KNIPEX 86 03 250. يفوق هذا السعر التكلفة الداخلية لدى بيلا (170.0) بما يعكس هامش البيع بالتجزئة المعتاد في السوق السعودي لمنتجات كنيبكس الأصلية.,True,False
58,1641,88 01 180,سكبن,كماشة كوبرا لأنابيب المياه مقاس 180مم,1.0,EA,55.0,55.0,KNIPEX,GERMANY,200,متوسط,تقدير استناداً لعائلة كماشات كوبرا (Cobra) للأنابيب,https://hausoftools.com/collections/series-knipex-cobra,كماشة كوبرا لأنابيب المياه مقاس 180مم استناداً إلى تقدير استناداً لعائلة كماشات كوبرا (Cobra) للأنابيب. يفوق هذا السعر التكلفة الداخلية لدى بيلا (55.0) بما يعكس هامش البيع بالتجزئة المعتاد في السوق السعودي لمنتجات كنيبكس الأصلية.,True,False
58,1642,88 05 250,سكبن,كماشة كوبرا XL لأنابيب المياه مقاس 250مم,16.0,EA,95.0,1520.0,KNIPEX,GERMANY,280,متوسط,تقدير استناداً لعائلة كماشات كوبرا XL للأنابيب,https://hausoftools.com/collections/series-knipex-cobra,كماشة كوبرا XL لأنابيب المياه مقاس 250مم استناداً إلى تقدير استناداً لعائلة كماشات كوبرا XL للأنابيب. يفوق هذا السعر التكلفة الداخلية لدى بيلا (95.0) بما يعكس هامش البيع بالتجزئة المعتاد في السوق السعودي لمنتجات كنيبكس الأصلية.,True,False
58,1643,88 06 250,سكبن,كماشة كوبرا XL لأنابيب المياه مقاس 250مم (طراز أثقل),2.0,EA,110.0,220.0,KNIPEX,GERMANY,300,متوسط,تقدير استناداً لعائلة كماشات كوبرا XL الأثقل,https://hausoftools.com/collections/series-knipex-cobra,كماشة كوبرا XL لأنابيب المياه مقاس 250مم (طراز أثقل) استناداً إلى تقدير استناداً لعائلة كماشات كوبرا XL الأثقل. يفوق هذا السعر التكلفة الداخلية لدى بيلا (110.0) بما يعكس هامش البيع بالتجزئة المعتاد في السوق السعودي لمنتجات كنيبكس الأصلية.,True,False
58,1644,91 11 190,سكبن,مقص كابلات مقاس 190مم,3.0,EA,100.0,300.0,KNIPEX,GERMANY,180,منخفض,تقدير استناداً لفئة مقصات الكابلات من كنيبكس,https://www.knipex.com/products/cable-and-wire-rope-shears,مقص كابلات مقاس 190مم استناداً إلى تقدير استناداً لفئة مقصات الكابلات من كنيبكس. يفوق هذا السعر التكلفة الداخلية لدى بيلا (100.0) بما يعكس هامش البيع بالتجزئة المعتاد في السوق السعودي لمنتجات كنيبكس الأصلية.,True,False
58,1645,91 30 180,سكبن,قاطعة حبال سلكية مقاس 180مم,2.0,EA,95.0,190.0,KNIPEX,GERMANY,180,منخفض,تقدير استناداً لفئة قواطع حبال الأسلاك من كنيبكس,https://www.knipex.com/products/cable-and-wire-rope-shears,قاطعة حبال سلكية مقاس 180مم استناداً إلى تقدير استناداً لفئة قواطع حبال الأسلاك من كنيبكس. يفوق هذا السعر التكلفة الداخلية لدى بيلا (95.0) بما يعكس هامش البيع بالتجزئة المعتاد في السوق السعودي لمنتجات كنيبكس الأصلية.,True,False
58,1646,91 71 160,GLASS NIBING PLIER 160MM,كماشة قضم حواف الزجاج مقاس 160مم,4.0,EA,60.0,240.0,KNIPEX,GERMANY,200,متوسط,تقدير استناداً لفئة الكماشات الخاصة (قضم الزجاج),https://www.knipex.com/products/special-pliers,كماشة قضم حواف الزجاج مقاس 160مم استناداً إلى تقدير استناداً لفئة الكماشات الخاصة (قضم الزجاج). يفوق هذا السعر التكلفة الداخلية لدى بيلا (60.0) بما يعكس هامش البيع بالتجزئة المعتاد في السوق السعودي لمنتجات كنيبكس الأصلية.,True,False
58,1647,92 07,TWEEZER,ملقط (بنسة) دقيق للأعمال الإلكترونية من كنيبكس,16.0,EA,55.0,880.0,KNIPEX,GERMANY,65,منخفض,تقدير استناداً لعائلة ملاقط كنيبكس الدقيقة,https://www.amazon.com/Knipex-Precision-Tweezers-92-22/dp/B005EXORDE,ملقط (بنسة) دقيق للأعمال الإلكترونية من كنيبكس استناداً إلى تقدير استناداً لعائلة ملاقط كنيبكس الدقيقة. يفوق هذا السعر التكلفة الداخلية لدى بيلا (55.0) بما يعكس هامش البيع بالتجزئة المعتاد في السوق السعودي لمنتجات كنيبكس الأصلية.,True,False
58,1648,93 37,سكبن,كماشة قص للبلاستيك والأنابيب البلاستيكية,3.0,EA,55.0,165.0,KNIPEX,GERMANY,110,منخفض,تقدير استناداً لفئة كماشات قص البلاستيك والأنابيب,https://www.knipex.com/products,كماشة قص للبلاستيك والأنابيب البلاستيكية استناداً إلى تقدير استناداً لفئة كماشات قص البلاستيك والأنابيب. يفوق هذا السعر التكلفة الداخلية لدى بيلا (55.0) بما يعكس هامش البيع بالتجزئة المعتاد في السوق السعودي لمنتجات كنيبكس الأصلية.,True,False
58,1649,95 05 165,سكبن,مقص كهربائي (شير) للكابلات مقاس 165مم,1.0,EA,55.0,55.0,KNIPEX,GERMANY,95,متوسط,تقدير استناداً لعائلة مقصات الكهربائيين من كنيبكس,https://slickdeals.net/f/18258769-20-31-knipex-tools-electrician-s-shears-9505155sba-at-amazon,مقص كهربائي (شير) للكابلات مقاس 165مم استناداً إلى تقدير استناداً لعائلة مقصات الكهربائيين من كنيبكس. يفوق هذا السعر التكلفة الداخلية لدى بيلا (55.0) بما يعكس هامش البيع بالتجزئة المعتاد في السوق السعودي لمنتجات كنيبكس الأصلية.,True,False
58,1650,95 05 190,سكبن,مقص كهربائي للكابلات مقاس 190مم,1.0,EA,55.0,55.0,KNIPEX,GERMANY,105,متوسط,تقدير استناداً لعائلة مقصات الكهربائيين من كنيبكس,https://slickdeals.net/f/18258769-20-31-knipex-tools-electrician-s-shears-9505155sba-at-amazon,مقص كهربائي للكابلات مقاس 190مم استناداً إلى تقدير استناداً لعائلة مقصات الكهربائيين من كنيبكس. يفوق هذا السعر التكلفة الداخلية لدى بيلا (55.0) بما يعكس هامش البيع بالتجزئة المعتاد في السوق السعودي لمنتجات كنيبكس الأصلية.,True,False
58,1651,95 06 230,سكبن,مقص كابلات معزول حتى 1000 فولت مقاس 230مم,1.0,EA,175.0,175.0,KNIPEX,GERMANY,207,مرتفع,عرض Amazon.com (سعر إقليمي بالدرهم الإماراتي) لمنتج KNIPEX 95 06 230,https://www.amazon.com/KNIPEX-95-06-230-Insulated/dp/B005EXOWFM,مقص كابلات معزول حتى 1000 فولت مقاس 230مم استناداً إلى عرض Amazon.com (سعر إقليمي بالدرهم الإماراتي) لمنتج KNIPEX 95 06 230. يفوق هذا السعر التكلفة الداخلية لدى بيلا (175.0) بما يعكس هامش البيع بالتجزئة المعتاد في السوق السعودي لمنتجات كنيبكس الأصلية.,True,False
58,1652,95 11 200,سكبن,مقص كابلات بحافة قطع مزدوجة مقاس 200مم,4.0,EA,140.0,560.0,KNIPEX,GERMANY,230,مرتفع,عرض Amazon.com / Toolup لمنتج KNIPEX 95 11 200,https://toolup.com/products/knipex-95-11-200-8-cable-shears-with-twin-cutting-edge,مقص كابلات بحافة قطع مزدوجة مقاس 200مم استناداً إلى عرض Amazon.com / Toolup لمنتج KNIPEX 95 11 200. يفوق هذا السعر التكلفة الداخلية لدى بيلا (140.0) بما يعكس هامش البيع بالتجزئة المعتاد في السوق السعودي لمنتجات كنيبكس الأصلية.,True,False
58,1653,95 21 600,سكبن,مقص كابلات كبير الحجم مقاس 600مم لقطع الكابلات النحاسية والألمنيوم الثقيلة,6.0,EA,690.0,4140.0,KNIPEX,GERMANY,1050,مرتفع,عروض America Tools / WhaleSupply لمنتج KNIPEX 95 21 600,https://americatools.com/knipex-95-21-600-24-cable-shears,مقص كابلات كبير الحجم مقاس 600مم لقطع الكابلات النحاسية والألمنيوم الثقيلة استناداً إلى عروض America Tools / WhaleSupply لمنتج KNIPEX 95 21 600. يفوق هذا السعر التكلفة الداخلية لدى بيلا (690.0) بما يعكس هامش البيع بالتجزئة المعتاد في السوق السعودي لمنتجات كنيبكس الأصلية.,True,False
58,1654,95 27 600,سكبن,مقص كابلات كبير الحجم مقاس 600مم (طراز مشابه لـ95 21 600),3.0,EA,550.0,1650.0,KNIPEX,GERMANY,950,متوسط,تقدير استناداً لسعر المنتج المشابه KNIPEX 95 21 600 (600مم),https://americatools.com/knipex-95-21-600-24-cable-shears,مقص كابلات كبير الحجم مقاس 600مم (طراز مشابه لـ95 21 600) استناداً إلى تقدير استناداً لسعر المنتج المشابه KNIPEX 95 21 600 (600مم). يفوق هذا السعر التكلفة الداخلية لدى بيلا (550.0) بما يعكس هامش البيع بالتجزئة المعتاد في السوق السعودي لمنتجات كنيبكس الأصلية.,True,False
58,1655,97 52 06,سكبن,كماشة كرمبة (تجعيد) لأطراف الكابلات بمقاس صغير,10.0,EA,50.0,500.0,KNIPEX,GERMANY,400,منخفض,تقدير استناداً لعائلة كماشات الكرمبة (التجعيد) من كنيبكس,https://www.knipex.com/products/crimping-pliers,كماشة كرمبة (تجعيد) لأطراف الكابلات بمقاس صغير استناداً إلى تقدير استناداً لعائلة كماشات الكرمبة (التجعيد) من كنيبكس. يفوق هذا السعر التكلفة الداخلية لدى بيلا (50.0) بما يعكس هامش البيع بالتجزئة المعتاد في السوق السعودي لمنتجات كنيبكس الأصلية.,True,False
58,1656,97 52 13,سكبن,كماشة كرمبة (تجعيد) لأطراف الكابلات غير المعزولة بتشغيل يدوين,1.0,EA,650.0,650.0,KNIPEX,GERMANY,650,متوسط,عروض Amazon.com / eBay لمنتج KNIPEX 97 52 13,https://www.amazon.com/97-52-13-non-insulated-terminals/dp/B000XULUH4,كماشة كرمبة (تجعيد) لأطراف الكابلات غير المعزولة بتشغيل يدوين استناداً إلى عروض Amazon.com / eBay لمنتج KNIPEX 97 52 13. يقارب هذا السعر التكلفة الداخلية المسجلة لدى بيلا (650.0)، مما يدل على أن التسعير الداخلي متوافق مع مستوى السوق الحالي.,True,False
58,1657,98 00 06,OPEN WQRENCH,مفتاح ربط مفتوح معزول حتى 1000 فولت مقاس 6مم من كنيبكس,13.0,EA,50.0,650.0,KNIPEX,GERMANY,90,مرتفع,عرض Amazon.com لعائلة مفاتيح كنيبكس المعزولة 98 00,https://www.amazon.com/98-00-12-Open-end-insulated/dp/B003CLPU7C,مفتاح ربط مفتوح معزول حتى 1000 فولت مقاس 6مم من كنيبكس استناداً إلى عرض Amazon.com لعائلة مفاتيح كنيبكس المعزولة 98 00. يفوق هذا السعر التكلفة الداخلية لدى بيلا (50.0) بما يعكس هامش البيع بالتجزئة المعتاد في السوق السعودي لمنتجات كنيبكس الأصلية.,True,False
58,1658,98 00 07,OPEN WQRENCH,مفتاح ربط مفتوح معزول حتى 1000 فولت مقاس 7مم من كنيبكس,14.0,EA,50.0,700.0,KNIPEX,GERMANY,95,مرتفع,عرض مباشر لسعر KNIPEX 98 00 07 (24.25 دولار) ضمن سلسلة نتائج البحث,https://www.amazon.com/98-00-12-Open-end-insulated/dp/B003CLPU7C,مفتاح ربط مفتوح معزول حتى 1000 فولت مقاس 7مم من كنيبكس استناداً إلى عرض مباشر لسعر KNIPEX 98 00 07 (24.25 دولار) ضمن سلسلة نتائج البحث. يفوق هذا السعر التكلفة الداخلية لدى بيلا (50.0) بما يعكس هامش البيع بالتجزئة المعتاد في السوق السعودي لمنتجات كنيبكس الأصلية.,True,False
58,1659,98 00 08,OPEN WQRENCH,مفتاح ربط مفتوح الفم معزول 1000 فولت من كنيبكس مقاس 8 ملم لأعمال الكهرباء.,17.0,EA,65.0,1105.0,KNIPEX,GERMANY,107,مرتفع,Newegg/KC Tool - Knipex 98 00 08,https://www.kctool.com/knipex-insulated-open-end-wrench-8-mm/,وُجد سعر فعلي لهذا الموديل بالتحديد لدى تجار أمريكيين (حوالي 27-37 دولار)، وبعد التحويل إلى الريال يقترب من 107 ريال وهو أعلى من تكلفة بيلا الداخلية (65) بهامش معقول للمفاتيح المعزولة 1000 فولت.,True,False
58,1660,98 00 09,OPEN WQRENCH,مفتاح ربط مفتوح الفم معزول 1000 فولت من كنيبكس مقاس 9 ملم.,11.0,EA,65.0,715.0,KNIPEX,GERMANY,105,متوسط,Haus of Tools - Knipex 98 00 09,https://hausoftools.com/products/knipex-98-00-09-1000v-insulated-9mm-open-end-wrench,لم يظهر سعر رقمي مباشر لكن المنتج مطابق تماماً للموديل ويقع في نفس فئة مقاس 98 00 08، فاستُخدم نفس معامل التسعير (نحو 1.6 ضعف التكلفة الداخلية 65).,True,False
58,1661,98 00 11,OPEN WQRENCH,مفتاح ربط مفتوح الفم معزول 1000 فولت من كنيبكس مقاس 11 ملم.,7.0,EA,70.0,490.0,KNIPEX,GERMANY,116,متوسط,Knipex.com product page 98 00 11,https://www.knipex.com/products/insulated-tools/open-end-wrenches/open-end-wrenches/980011,استناداً إلى تدرج أسعار سلسلة كنيبكس 98 00 المعزولة (حيث يتناسب السعر تقريباً مع 1.6 ضعف التكلفة الداخلية)، يُقدَّر السعر عند تكلفة داخلية 70.,True,False
58,1662,98 00 12,OPEN WQRENCH,مفتاح ربط مفتوح الفم معزول 1000 فولت من كنيبكس مقاس 12 ملم.,5.0,EA,70.0,350.0,KNIPEX,GERMANY,116,متوسط,Amazon.com listing Knipex 98 00 12,https://www.amazon.com/98-00-12-Open-end-insulated/dp/B003CLPU7C,المنتج مدرج على أمازون لكن دون سعر واضح بالنتائج؛ استُخدم معامل التسعير المستنتج من نماذج مماثلة بنفس التكلفة الداخلية (70).,True,False
58,1663,98 00 14,OPEN WQRENCH,مفتاح ربط مفتوح الفم معزول 1000 فولت من كنيبكس مقاس 14 ملم.,6.0,EA,75.0,450.0,KNIPEX,GERMANY,127,مرتفع,KC Tool - Knipex 98 00 14,https://kctool.com/knipex-98-00-14-insulated-open-end-wrench-14-mm,سعر فعلي موثق (نحو 30-42 دولار) لنفس الموديل بالضبط، وهو متوافق مع نمط الهامش على تكلفة بيلا الداخلية 75.,True,False
58,1664,98 00 15,OPEN WQRENCH,مفتاح ربط مفتوح الفم معزول 1000 فولت من كنيبكس مقاس 15 ملم.,6.0,EA,80.0,480.0,KNIPEX,GERMANY,132,متوسط,Knipex.com product page 98 00 15,https://www.knipex.com/products/insulated-tools/open-end-wrenches/open-end-wrenches/980015,تم تقدير السعر بالتناسب مع أسعار مقاسات مجاورة موثقة فعلياً في نفس السلسلة.,True,False
58,1665,98 00 17,OPEN WQRENCH,مفتاح ربط مفتوح الفم معزول 1000 فولت من كنيبكس مقاس 17 ملم.,10.0,EA,90.0,900.0,KNIPEX,GERMANY,149,متوسط,KNIPEX insulated open-end wrench series pricing,https://www.knipex.com/products/insulated-tools/open-end-wrenches,تقدير متسق مع منحنى السعر مقابل المقاس في السلسلة نفسها المستمد من أسعار فعلية لمقاسات 8-14 ملم.,True,False
58,1666,98 00 18,OPEN WQRENCH,مفتاح ربط مفتوح الفم معزول 1000 فولت من كنيبكس مقاس 18 ملم.,8.0,EA,90.0,720.0,KNIPEX,GERMANY,149,متوسط,KNIPEX insulated open-end wrench series pricing,https://www.knipex.com/products/insulated-tools/open-end-wrenches,نفس منطق التسعير التناسبي المطبق على مقاس 17-18 ملم بناءً على أسعار فعلية لمقاسات مجاورة.,True,False
58,1667,98 00 19,OPEN WQRENCH,مفتاح ربط مفتوح الفم معزول 1000 فولت من كنيبكس مقاس 19 ملم.,3.0,EA,100.0,300.0,KNIPEX,GERMANY,165,متوسط,KNIPEX insulated open-end wrench series pricing,https://www.knipex.com/products/insulated-tools/open-end-wrenches,استمرار لمنحنى التسعير التناسبي نفسه المرتكز على بيانات فعلية لمقاسات أصغر في السلسلة.,True,False
58,1668,98 00 27,OPEN WQRENCH,مفتاح ربط مفتوح الفم معزول 1000 فولت من كنيبكس مقاس 27 ملم.,11.0,EA,130.0,1430.0,KNIPEX,GERMANY,215,متوسط,Amazon.com listing Knipex 98 00 27,https://www.amazon.com/98-00-27-Open-end-insulated/dp/B003CLK57M,المنتج موجود فعلياً على أمازون بهذا الموديل لكن دون سعر ظاهر، فاستُخدم معامل 1.6 ضعف التكلفة الداخلية المتحقق من مقاسات أخرى.,True,False
58,1669,98 00 30,OPEN WQRENCH,مفتاح ربط مفتوح الفم معزول 1000 فولت من كنيبكس مقاس كبير (30 ملم تقريباً).,9.0,EA,145.0,1305.0,KNIPEX,GERMANY,239,منخفض,استنتاج من فئة مفاتيح كنيبكس المعزولة الكبيرة,https://www.knipex.com/products/insulated-tools/open-end-wrenches,لم يُعثر على قائمة تبيع مقاس 30 ملم تحديداً ضمن هذه السلسلة، فالسعر مستنتج بالتمديد من منحنى الأسعار الفعلي للمقاسات الأصغر.,True,False
58,1670,98 00 32,OPEN WQRENCH,مفتاح ربط مفتوح الفم معزول 1000 فولت من كنيبكس مقاس كبير (32 ملم تقريباً).,13.0,EA,170.0,2210.0,KNIPEX,GERMANY,281,منخفض,استنتاج من فئة مفاتيح كنيبكس المعزولة الكبيرة,https://www.knipex.com/products/insulated-tools/open-end-wrenches,نفس المنطق السابق؛ لا توجد بيانات سعرية مباشرة لمقاس 32 ملم فاعتُمد التمديد التناسبي من التكلفة الداخلية 170.,True,False
58,1671,98 00 22,OPEN WQRENCH,مفتاح ربط مفتوح الفم معزول 1000 فولت من كنيبكس مقاس 22 ملم.,16.0,EA,135.0,2160.0,KNIPEX,GERMANY,223,متوسط,KNIPEX insulated open-end wrench series pricing,https://www.knipex.com/products/insulated-tools/open-end-wrenches,تقدير متناسب مع منحنى السعر للمقاسات الكبيرة في نفس السلسلة المعزولة.,True,False
58,1672,98 01 08,RING WR.,مفتاح ربط حلقي (رينج) معزول 1000 فولت من كنيبكس مقاس 8 ملم.,4.0,EA,60.0,240.0,KNIPEX,GERMANY,93,متوسط,Amazon.com listing Knipex 98 01 08,https://www.amazon.com/98-01-08-Wrenches-insulated/dp/B003CLK59U,المنتج مدرج فعلياً على أمازون بنفس الموديل، وتم تقدير السعر بمعامل 1.55 ضعف التكلفة الداخلية المستنبط من مقاس 15 ملم الموثق فعلياً.,True,False
59,1673,98 01 09,RING WR.,مفتاح ربط حلقي معزول 1000 فولت من كنيبكس مقاس 9 ملم.,5.0,EA,60.0,300.0,KNIPEX,GERMANY,93,متوسط,KNIPEX insulated box wrench series pricing,https://www.toolnation.com/knipex-980110-vde-ring-wrench-10-mm.html,نفس فئة المنتج ونفس معامل التسعير المستخدم لمقاس 8 ملم القريب.,True,False
59,1674,98 01 10,RING WR.,مفتاح ربط حلقي معزول 1000 فولت من كنيبكس مقاس 10 ملم.,1.0,EA,75.0,75.0,KNIPEX,GERMANY,116,متوسط,Toolnation - Knipex VDE Ring Wrench,https://www.toolnation.com/knipex-980110-vde-ring-wrench-10-mm.html,صفحة المنتج الفعلية موجودة لدى موزع أوروبي معتمد، والسعر مقدر تناسبياً مع التكلفة الداخلية 75.,True,False
59,1675,98 01 12,RING WR.,مفتاح ربط حلقي معزول 1000 فولت من كنيبكس مقاس 12 ملم.,5.0,EA,85.0,425.0,KNIPEX,GERMANY,132,متوسط,Klium - Knipex bent ring spanner 12mm,https://www.klium.com/en/knipex-98-01-12-bent-ring-spanner-185mm-12mm-39803,صفحة منتج فعلية لنفس الموديل لدى موزع أوروبي، والسعر التقديري يتوافق مع هامش السلسلة المرصود.,True,False
59,1676,98 01 13,RING WR.,مفتاح ربط حلقي معزول 1000 فولت من كنيبكس مقاس 13 ملم.,1.0,EA,95.0,95.0,KNIPEX,GERMANY,147,متوسط,Eibabo - Knipex box wrench 98 01 13,https://www.eibabo.us/knipex/box-wrench-ring-spanner-98-01-13-eb11752816,صفحة منتج فعلية لنفس الموديل، والسعر مقدر بنفس معامل السلسلة المتحقق من مقاس 15 ملم.,True,False
59,1677,98 01 15,RING WR.,مفتاح ربط حلقي معزول 1000 فولت من كنيبكس مقاس 15 ملم.,4.0,EA,110.0,440.0,KNIPEX,GERMANY,171,مرتفع,eBay listing - Knipex 98 01 15 (~$45.53),https://www.toolnation.com/knipex-980115-vde-ring-wrench-15-mm.html,وُجد سعر فعلي محدد لهذا الموديل بالذات (حوالي 45.5 دولار) وبعد التحويل يقارب 171 ريال، وهو متسق مع نمط الهامش على التكلفة الداخلية 110.,True,False
59,1678,98 01 16,RING WR.,مفتاح ربط حلقي معزول 1000 فولت من كنيبكس مقاس 16 ملم.,2.0,EA,110.0,220.0,KNIPEX,GERMANY,171,متوسط,KNIPEX insulated box wrench series pricing,https://www.knipex.com/products/insulated-tools/box-wrenches,نفس التكلفة الداخلية لمقاس 15 ملم الموثق سعره فعلياً، فاعتُمد نفس السعر التقريبي.,True,False
59,1679,98 01 19,RING WR.,مفتاح ربط حلقي معزول 1000 فولت من كنيبكس مقاس 19 ملم.,4.0,EA,120.0,480.0,KNIPEX,GERMANY,186,متوسط,KNIPEX insulated box wrench series pricing,https://www.knipex.com/products/insulated-tools/box-wrenches,تقدير تناسبي مبني على معامل السعر/التكلفة المؤكد من مقاسات أخرى بنفس السلسلة.,True,False
59,1680,98 01 22,RING WR.,مفتاح ربط حلقي معزول 1000 فولت من كنيبكس مقاس 22 ملم.,3.0,EA,135.0,405.0,KNIPEX,GERMANY,209,متوسط,Haus of Tools - Knipex 98 01 22 box wrench,https://hausoftools.com/collections/box-wrenches/products/knipex-98-01-22-1-000v-insulated-22mm-box-wrench,صفحة منتج فعلية لنفس الموديل تؤكد وجوده تجارياً، والسعر مقدر بنفس معامل السلسلة.,True,False
59,1681,98 01 24,RING WR.,مفتاح ربط حلقي معزول 1000 فولت من كنيبكس مقاس 24 ملم.,18.0,EA,140.0,2520.0,KNIPEX,GERMANY,217,متوسط,KNIPEX insulated box wrench series pricing,https://www.knipex.com/products/insulated-tools/box-wrenches,تقدير تناسبي متسق مع نمط تسعير السلسلة للمقاسات الأكبر.,True,False
59,1682,98 01 27,RING WR.,مفتاح ربط حلقي معزول 1000 فولت من كنيبكس مقاس 27 ملم.,13.0,EA,158.0,2054.0,KNIPEX,GERMANY,245,متوسط,KNIPEX insulated box wrench series pricing,https://www.knipex.com/products/insulated-tools/box-wrenches,تقدير تناسبي بنفس المعامل المستخدم للسلسلة كاملة.,True,False
59,1683,98 01 32,RING WR.,مفتاح ربط حلقي معزول 1000 فولت من كنيبكس مقاس كبير (32 ملم).,12.0,EA,165.0,1980.0,KNIPEX,GERMANY,256,منخفض,استنتاج من فئة مفاتيح حلقية كنيبكس الكبيرة,https://www.knipex.com/products/insulated-tools/box-wrenches,لا توجد بيانات سعرية مباشرة لمقاس 32 ملم في هذه السلسلة، فاعتُمد التمديد التناسبي.,True,False
59,1684,98 03 05,سكبن,مفتاح صامولة بمقبض مفك معزول 1000 فولت من كنيبكس، مقاس صغير (5 ملم تقريباً).,5.0,EA,40.0,200.0,KNIPEX,GERMANY,56,متوسط,Knipex.com - Nut Driver 98 03 05,https://www.knipex.com/products/insulated-tools/nut-drivers-with-screwdriver-handle/nut-drivers-screwdriver-handle/980305,المنتج مؤكد الوجود بنفس الرقم؛ السعر مقدر بمقارنته بفئة مماثلة أعلى (مفكات ذات مقبض T موديل 98 04 تباع بـ36-47 دولار) مع خصم لكون هذا النوع أبسط مقبضاً.,True,False
59,1685,98 03 06,سكبن,مفتاح صامولة بمقبض مفك معزول 1000 فولت من كنيبكس مقاس 6 ملم.,19.0,EA,50.0,950.0,KNIPEX,GERMANY,68,متوسط,KNIPEX nut driver series pricing,https://www.knipex.com/products/insulated-tools/nut-drivers-with-screwdriver-handle,تقدير تناسبي مع تكلفة بيلا الداخلية 50 باستخدام نفس معامل فئة مفكات الصواميل.,True,False
59,1686,98 03 07,سكبن,مفتاح صامولة بمقبض مفك معزول 1000 فولت من كنيبكس مقاس 7 ملم.,20.0,EA,60.0,1200.0,KNIPEX,GERMANY,78,متوسط,Amazon.com - Knipex 98 03 07 Nut Driver,https://www.amazon.com/98-03-07-Drivers-screwdriver/dp/B005L9NO6M,صفحة منتج فعلية لنفس الموديل تؤكد توفره تجارياً بأمريكا، والسعر مقدر تناسبياً.,True,False
59,1687,98 03 08,سكبن,مفتاح صامولة بمقبض مفك معزول 1000 فولت من كنيبكس مقاس 8 ملم.,2.0,EA,60.0,120.0,KNIPEX,GERMANY,78,متوسط,Amazon.com - Knipex 98 03 08 Nut Driver,https://www.amazon.com/98-03-08-Drivers-screwdriver/dp/B005RFSXKC,صفحة منتج فعلية لنفس الموديل بالضبط، والسعر التقديري يتوافق مع فئة السعر لمفكات الصواميل المعزولة الصغيرة.,True,False
59,1688,98 03 09,سكبن,مفتاح صامولة بمقبض مفك معزول 1000 فولت من كنيبكس مقاس 9 ملم.,11.0,EA,65.0,715.0,KNIPEX,GERMANY,85,متوسط,KNIPEX nut driver series pricing,https://www.knipex.com/products/insulated-tools/nut-drivers-with-screwdriver-handle,تقدير تناسبي مبني على معامل تسعير الفئة نفسها.,True,False
59,1689,98 03 10,سكبن,مفتاح صامولة بمقبض مفك معزول 1000 فولت من كنيبكس مقاس 10 ملم.,1.0,EA,70.0,70.0,KNIPEX,GERMANY,91,متوسط,Knipex.com - Nut Driver 98 03 10,https://www.knipex.com/products/insulated-tools/nut-drivers-with-screwdriver-handle/nut-drivers-screwdriver-handle/980310,صفحة منتج فعلية للموديل نفسه على الموقع الرسمي، والسعر مقدر تناسبياً مع الفئة.,True,False
59,1690,98 03 11,سكبن,مفتاح صامولة بمقبض مفك معزول 1000 فولت من كنيبكس مقاس 11 ملم.,17.0,EA,80.0,1360.0,KNIPEX,GERMANY,100,متوسط,KNIPEX nut driver series pricing,https://www.knipex.com/products/insulated-tools/nut-drivers-with-screwdriver-handle,تقدير تناسبي متسق مع باقي مقاسات السلسلة.,True,False
59,1691,98 03 12,سكبن,مفتاح صامولة بمقبض مفك معزول 1000 فولت من كنيبكس مقاس 12 ملم.,20.0,EA,90.0,1800.0,KNIPEX,GERMANY,110,متوسط,Knipex.com - Nut Driver 98 03 12,https://www.knipex.com/products/insulated-tools/nut-drivers-with-screwdriver-handle/nut-drivers-screwdriver-handle/980312,صفحة منتج فعلية للموديل نفسه، والسعر مقدر تناسبياً وفق نفس معامل الفئة.,True,False
59,1692,98 03 13,سكبن,مفتاح صامولة بمقبض مفك معزول 1000 فولت من كنيبكس مقاس 13 ملم (سطر مكرر).,12.0,EA,95.0,1140.0,KNIPEX,GERMANY,114,متوسط,Amazon.com - Knipex 98 03 13 Nut Driver,https://www.amazon.com/98-03-13-Drivers-screwdriver/dp/B005RFSHAI,سطر مكرر لنفس الكود 98 03 13، ونفس السعر التقديري ينطبق.,True,False
59,1693,98 03 13,سكبن,مفتاح صامولة بمقبض مفك معزول 1000 فولت من كنيبكس مقاس 13 ملم (سطر مكرر).,1.0,EA,95.0,95.0,KNIPEX,GERMANY,114,متوسط,Amazon.com - Knipex 98 03 13 Nut Driver,https://www.amazon.com/98-03-13-Drivers-screwdriver/dp/B005RFSHAI,سطر مكرر لنفس الكود 98 03 13، ونفس السعر التقديري ينطبق.,True,False
59,1694,98 03 55,5.5MM سكبن,مفتاح صامولة بمقبض مفك معزول 1000 فولت من كنيبكس مقاس 5.5 ملم.,6.0,EA,48.0,288.0,KNIPEX,GERMANY,62,منخفض,استنتاج من فئة مفكات الصواميل كنيبكس,https://www.knipex.com/products/insulated-tools/nut-drivers-with-screwdriver-handle,مقاس 5.5 ملم غير شائع في نتائج البحث المباشرة، فاعتُمد تقدير تناسبي مع التكلفة الداخلية 48.,True,False
59,1695,98 20 10,سكبن,مفك براغي معزول 1000 فولت من كنيبكس.,6.0,EA,50.0,300.0,KNIPEX,GERMANY,70,منخفض,تقدير من فئة مفكات كنيبكس المعزولة,https://www.knipex.com/products/insulated-tools,لم يُعثر على تسعير مباشر لهذا الكود تحديداً، فاعتُمد تقدير من فئة المفكات المعزولة المماثلة مع هامش أعلى قليلاً من التكلفة الداخلية 50.,True,False
59,1696,98 24 00,سكبن,مفك براغي فيليبس معزول 1000 فولت من كنيبكس.,15.0,EA,30.0,450.0,KNIPEX,GERMANY,55,منخفض,ToolNut - Knipex 98 24 03 Phillips Screwdriver (موديل مشابه),https://www.toolnut.com/products/knipex-98-24-03-phillips-screwdriver-6-1000v-insulated-p3,وُجد سعر فعلي لموديل قريب من نفس السلسلة (98 24 03) بحوالي 20.6 دولار، واستُخدم كمرجع تقريبي لمقاس أصغر بنفس السلسلة.,True,False
59,1697,98 25 01,سكبن,مفك براغي مستقيم (شق) معزول 1000 فولت من كنيبكس.,1.0,EA,30.0,30.0,KNIPEX,GERMANY,55,منخفض,تقدير من فئة مفكات كنيبكس المعزولة,https://www.knipex.com/products/insulated-tools,لا توجد بيانات سعرية مباشرة لهذا الكود، فاعتُمد تقدير من فئة المفكات المعزولة الصغيرة المماثلة.,True,False
59,1698,98 25 03,سكبن,مفك براغي مستقيم (شق) معزول 1000 فولت من كنيبكس.,3.0,EA,40.0,120.0,KNIPEX,GERMANY,70,منخفض,تقدير من فئة مفكات كنيبكس المعزولة,https://www.knipex.com/products/insulated-tools,تقدير تناسبي مع التكلفة الداخلية 40 باستخدام نفس معامل فئة المفكات المعزولة.,True,False
59,1699,98 42,RATCHET,مفتاح سقاطة (رابط) عكسي بمقبض 1/2 بوصة معزول 1000 فولت من كنيبكس.,4.0,EA,480.0,1920.0,KNIPEX,GERMANY,580,مرتفع,Haus of Tools / Supplyhouse - Knipex 98 42 Ratchet,https://hausoftools.com/products/knipex-98-42-1-2-drive-1-000v-insulated-reversible-ratchet,وُجد سعر فعلي موثق لعدة موزعين لنفس الموديل بالضبط (145-171 دولار)، وبعد التحويل يقارب 545-640 ريال، أعلى بوضوح من التكلفة الداخلية 480 بهامش معقول.,True,False
59,1700,98 47 11,سكبن,مقبس سداسي معزول مقاس 1/2 بوصة من كنيبكس، مقاس 11 ملم.,13.0,EA,58.0,754.0,KNIPEX,GERMANY,87,متوسط,KC Tool - Knipex 98 47 11 Hex Socket,https://www.kctool.com/knipex-98-47-11-insulated-11-mm-6-point-1-2-socket/,صفحة منتج فعلية لنفس الموديل تؤكد توفره تجارياً، والسعر مقدر بمعامل 1.5 ضعف التكلفة الداخلية المتسق مع سلسلة كنيبكس المعزولة.,True,False
59,1701,98 47 19,سكبن,مقبس سداسي معزول مقاس 1/2 بوصة من كنيبكس، مقاس 19 ملم.,10.0,EA,110.0,1100.0,KNIPEX,GERMANY,165,منخفض,تقدير من فئة مقابس كنيبكس المعزولة 98 47,https://www.knipex.com/products/insulated-tools/hex-socket,لم يُعثر على سعر مباشر لمقاس 19 ملم، فاعتُمد تمديد تناسبي من التكلفة الداخلية 110.,True,False
59,1702,98 47 08,سكبن,مقبس سداسي معزول مقاس 1/2 بوصة من كنيبكس، مقاس 8 ملم.,1.0,EA,40.0,40.0,KNIPEX,GERMANY,60,منخفض,تقدير من فئة مقابس كنيبكس المعزولة 98 47,https://www.knipex.com/products/insulated-tools/hex-socket,لا توجد بيانات سعرية مباشرة لمقاس 8 ملم في هذه السلسلة، فاعتُمد تقدير تناسبي.,True,False
59,1703,98 47 10,سكبن,مقبس سداسي معزول مقاس 1/2 بوصة من كنيبكس، مقاس 10 ملم.,8.0,EA,60.0,480.0,KNIPEX,GERMANY,90,منخفض,تقدير من فئة مقابس كنيبكس المعزولة 98 47,https://www.knipex.com/products/insulated-tools/hex-socket,تقدير تناسبي بنفس المعامل المستخدم لبقية السلسلة.,True,False
59,1704,98 47 12,سكبن,مقبس سداسي معزول مقاس 1/2 بوصة من كنيبكس، مقاس 12 ملم.,6.0,EA,75.0,450.0,KNIPEX,GERMANY,113,متوسط,Haus of Tools - Knipex 98 47 12 Hex Socket,https://hausoftools.com/products/knipex-98-47-12-1-2-12mm-1-000v-insulated-hex-socket,صفحة منتج فعلية لنفس الموديل بالضبط تؤكد توفره تجارياً، والسعر مقدر تناسبياً.,True,False
59,1705,98 47 13,سكبن,مقبس سداسي معزول مقاس 1/2 بوصة من كنيبكس، مقاس 13 ملم.,10.0,EA,90.0,900.0,KNIPEX,GERMANY,135,متوسط,Haus of Tools - Knipex 98 47 13 Hex Socket,https://hausoftools.com/products/knipex-98-47-13-1-2-13mm-1-000v-insulated-hex-socket,صفحة منتج فعلية لنفس الموديل، والسعر مقدر بنفس معامل السلسلة.,True,False
60,1706,98 47 14,سكبن,مقبس سداسي معزول مقاس 1/2 بوصة من كنيبكس، مقاس 14 ملم.,7.0,EA,90.0,630.0,KNIPEX,GERMANY,135,متوسط,KC Tool - Knipex 98 47 14 Hex Socket,https://www.kctool.com/knipex-98-47-14-insulated-14-mm-6-point-1-2-socket/,صفحة منتج فعلية للموديل، والسعر مقدر تناسبياً مع باقي السلسلة.,True,False
60,1707,98 47 16,سكبن,مقبس سداسي معزول مقاس 1/2 بوصة من كنيبكس، مقاس 16 ملم.,11.0,EA,95.0,1045.0,KNIPEX,GERMANY,143,منخفض,تقدير من فئة مقابس كنيبكس المعزولة 98 47,https://www.knipex.com/products/insulated-tools/hex-socket,لا توجد بيانات سعرية مباشرة لمقاس 16 ملم، فاعتُمد تقدير تناسبي.,True,False
60,1708,98 47 17,سكبن,مقبس سداسي معزول مقاس 1/2 بوصة من كنيبكس، مقاس 17 ملم.,4.0,EA,110.0,440.0,KNIPEX,GERMANY,165,متوسط,Knipex-tools.com - Hex Socket 98 47 17,https://www.knipex-tools.com/products/insulated-tools/hex-socket/drive-hex-socket-1000v-insulated/984717,صفحة منتج رسمية للموديل نفسه، والسعر مقدر تناسبياً.,True,False
60,1709,98 47 18,سكبن,مقبس سداسي معزول مقاس 1/2 بوصة من كنيبكس، مقاس 18 ملم.,10.0,EA,130.0,1300.0,KNIPEX,GERMANY,195,متوسط,KC Tool - Knipex 98 47 18 Hex Socket,https://www.kctool.com/knipex-98-47-18-insulated-18-mm-6-point-1-2-socket/,صفحة منتج فعلية للموديل، والسعر مقدر بنفس معامل السلسلة.,True,False
60,1710,98 47 22,سكبن,مقبس سداسي معزول مقاس 1/2 بوصة من كنيبكس، مقاس 22 ملم.,15.0,EA,145.0,2175.0,KNIPEX,GERMANY,218,متوسط,Americatools - Knipex 98 47 22 Hex Socket,https://americatools.com/knipex-98-47-22-hex-socket-1-2-drive-1000v-insulated-22-mm,صفحة منتج فعلية للموديل نفسه، والسعر مقدر تناسبياً مع التكلفة الداخلية 145.,True,False
60,1711,98 47 24,سكبن,مقبس سداسي معزول مقاس 1/2 بوصة من كنيبكس، مقاس 24 ملم.,18.0,EA,155.0,2790.0,KNIPEX,GERMANY,233,منخفض,تقدير من فئة مقابس كنيبكس المعزولة 98 47,https://www.knipex.com/products/insulated-tools/hex-socket,لا توجد بيانات سعرية مباشرة لمقاس 24 ملم، فاعتُمد تمديد تناسبي.,True,False
60,1712,98 47 27,سكبن,مقبس سداسي معزول مقاس 1/2 بوصة من كنيبكس، مقاس 27 ملم.,19.0,EA,165.0,3135.0,KNIPEX,GERMANY,248,متوسط,KC Tool - Knipex 98 47 27 Hex Socket,https://www.kctool.com/knipex-98-47-27-insulated-27-mm-6-point-1-2-socket/,صفحة منتج فعلية للموديل الأكبر في السلسلة، والسعر مقدر تناسبياً.,True,False
60,1713,98 54,سكبن,سكين قطع كابلات معزول 1000 فولت من كنيبكس.,1.0,EA,115.0,115.0,KNIPEX,GERMANY,105,مرتفع,Amazon.com - Knipex 98 54 Cable Knife,https://www.amazon.com/Knipex-98-54-VDE-tested-plastic/dp/B0001P0COI,وُجد سعر فعلي موثق لعدة متاجر (26-33 دولار) لنفس الموديل، متسق مع التكلفة الداخلية 115.,True,False
60,1714,98 55,سكبن,سكين تفكيك (تعرية) كابلات معزول 1000 فولت من كنيبكس بشفرة منجلية الشكل.,44.0,EA,170.0,7480.0,KNIPEX,GERMANY,230,مرتفع,ToolNut - Knipex 98 55 SB Dismantling Knife,https://www.toolnut.com/products/knipex-98-55-sb-dismantling-knife-1000v-insulated,وُجد سعر فعلي لعدة موزعين لنفس الموديل (56-86 دولار)، وبعد التحويل يقارب 210-320 ريال، متوافق مع التكلفة الداخلية 170.,True,False
60,1715,98 56,سكبن,سكين قطع كابلات بواقي حماية معزول 1000 فولت من كنيبكس.,6.0,EA,115.0,690.0,KNIPEX,GERMANY,123,مرتفع,Americatools - Knipex 98 56 Cable Knife with Guard,https://americatools.com/knipex-98-56-7-1-4-cable-knife-with-guard-1000v-insulated,وُجد سعر فعلي محدد (32.85 دولار) لنفس الموديل بالضبط، وهو متسق مع التكلفة الداخلية 115.,True,False
60,1716,98 90,سكبن,منشار حديد صغير معزول 1000 فولت من كنيبكس (منشار PUK).,8.0,EA,175.0,1400.0,KNIPEX,GERMANY,115,مرتفع,ToolNut - Knipex 98 90 Hacksaw,https://www.toolnut.com/products/knipex-98-90-hacksaw-1000v-insulated,وُجد سعر فعلي لعدة موزعين (21-41 دولار) لنفس الموديل، وهو أقل قليلاً من التكلفة الداخلية 175 مما قد يعكس هامش استيراد بيلا الداخلي.,True,False
60,1717,99 11 300,"PINCER,CAPENTRY سكبن",كماشة قص وربط أسلاك تسليح عالية الرافعة مقاس 300 ملم من كنيبكس.,100.0,EA,65.0,6500.0,KNIPEX,GERMANY,140,مرتفع,Amazon.com - Knipex 99 11 300 High Leverage Nippers,https://www.amazon.com/KNIPEX-99-11-300-Concretors/dp/B005EXQ4F8,وُجد سعر فعلي لنفس الموديل بالضبط (31-47 دولار)، وبعد التحويل يقارب 140 ريال، أعلى من التكلفة الداخلية 65 بهامش معقول.,True,False
60,1718,16 40 150,CABLE Stripper لباوك ةيارع,أداة تعرية وتفكيك أغلفة الكابلات الكهربائية من كنيبكس.,1.0,EA,750.0,750.0,KNIPEX,GERMANY,1100,مرتفع,KTOOL - Knipex 16 40 150 Cable Stripper,https://www.ktool.net/knipex-16-40-150-6-cable-stripper/,وُجد سعر فعلي لعدة موزعين لنفس الموديل (259-475 دولار)، وبعد التحويل يتوافق مع التكلفة الداخلية 750 بهامش نموذجي نحو 1.5 ضعف.,True,False
60,1719,16 30 135SB,STRIPPER ةيارع,أداة تعرية كابلات دائرية (قطع حلزوني) من كنيبكس.,5.0,EA,235.0,1175.0,KNIPEX,GERMANY,280,مرتفع,Haus of Tools - Knipex 16 30 135 SB Cable Stripper,https://hausoftools.com/products/knipex-16-30-135-sb-cable-stripper,وُجد سعر فعلي لعدة موزعين لنفس الموديل (66-85 دولار)، متسق مع التكلفة الداخلية 235 بنفس هامش عائلة أدوات التعرية.,True,False
60,1722,J-A,THICKNESS GAUGE ةكامس سايق ةادا,جهاز قياس سمك (مغناطيسي) لفحص سماكة الطلاء أو المعدن.,1.0,EA,1400.0,1400.0,LABTEK,GERMANY,220,متوسط,أسعار أجهزة قياس السمك المغناطيسية على أمازون,https://www.amazon.com/coating-thickness-gauge/s?k=coating+thickness+gauge,أجهزة قياس السمك المغناطيسية المشابهة تباع بنطاق 47-67 دولارًا أمريكيًا في الأسواق العالمية، وهو ما يقارب هذا التقدير بعد التحويل والاستيراد.,True,False
60,1723,G-2,THICKNESS GAUGE ةكامس سايق ةادا,جهاز قياس سمك (مغناطيسي) لفحص سماكة الطلاء أو المعدن.,11.0,EA,730.0,8030.0,LABTEK,GERMANY,220,متوسط,أسعار أجهزة قياس السمك المغناطيسية على أمازون,https://www.amazon.com/coating-thickness-gauge/s?k=coating+thickness+gauge,أجهزة قياس السمك المغناطيسية المشابهة تباع بنطاق 47-67 دولارًا أمريكيًا في الأسواق العالمية، وهو ما يقارب هذا التقدير بعد التحويل والاستيراد.,True,False
60,1724,G.,THICKNESS GAUGE ةكامس سايق ةادا,جهاز قياس سمك (مغناطيسي) لفحص سماكة الطلاء أو المعدن.,3.0,EA,320.0,960.0,LABTEK,GERMANY,220,متوسط,أسعار أجهزة قياس السمك المغناطيسية على أمازون,https://www.amazon.com/coating-thickness-gauge/s?k=coating+thickness+gauge,أجهزة قياس السمك المغناطيسية المشابهة تباع بنطاق 47-67 دولارًا أمريكيًا في الأسواق العالمية، وهو ما يقارب هذا التقدير بعد التحويل والاستيراد.,True,False
60,2254,21000,PISTON RING متاسب ةنيجرز,أداة تركيب وفك حلقات المكابس (Piston Ring Tool) من لايل.,7.0,,80.0,560.0,LISLE,USA,80,متوسط,Lisle Corporation product pages,https://www.lislecorp.com/specialty-tools/combination-internal-external-snap-ring-pliers,سعر تقديري لأداة تركيب/فك حلقات المكابس (بستم) من لايل بناءً على أسعار أدوات لايل المتخصصة المماثلة.,True,False
60,2255,21500,PISTON RING متاسب ةنيجرز,أداة تركيب وفك حلقات المكابس (Piston Ring Tool) من لايل.,4.0,,89.0,356.0,LISLE,USA,80,متوسط,Lisle Corporation product pages,https://www.lislecorp.com/specialty-tools/combination-internal-external-snap-ring-pliers,سعر تقديري لأداة تركيب/فك حلقات المكابس (بستم) من لايل بناءً على أسعار أدوات لايل المتخصصة المماثلة.,True,False
60,2258,53250,FILTER WRENCH,مفتاح فك فلاتر الزيت (Filter Wrench) من لايل.,7.0,EA,50.0,350.0,LISLE,USA,65,متوسط,Lisle Corporation – Filter (Fuel & Oil) tools,https://www.lislecorp.com/specialty-tools/filter-fuel-and-oil?view=list,سعر تقديري لمفتاح فك فلاتر الزيت من لايل بناءً على أسعار مفاتيح الفلاتر لديها.,True,False
60,2259,54400,FILTER WRENCH,مفتاح فك فلاتر الزيت (Filter Wrench) من لايل.,5.0,EA,50.0,250.0,LISLE,USA,65,متوسط,Lisle Corporation – Filter (Fuel & Oil) tools,https://www.lislecorp.com/specialty-tools/filter-fuel-and-oil?view=list,سعر تقديري لمفتاح فك فلاتر الزيت من لايل بناءً على أسعار مفاتيح الفلاتر لديها.,True,False
60,2260,53500,FILTER WRENCH,مفتاح فك فلاتر الزيت (Filter Wrench) من لايل.,3.0,EA,60.0,180.0,LISLE,USA,65,متوسط,Lisle Corporation – Filter (Fuel & Oil) tools,https://www.lislecorp.com/specialty-tools/filter-fuel-and-oil?view=list,سعر تقديري لمفتاح فك فلاتر الزيت من لايل بناءً على أسعار مفاتيح الفلاتر لديها.,True,False
60,2264,67950,lisle,أداة سيارات متخصصة من علامة ليسل الأمريكية (الوصف الدقيق غير محدد).,24.0,EA,28.0,672.0,LISLE,USA,75,منخفض,estimated from category benchmark (Lisle specialty tools),https://www.lislecorp.com/specialty-tools,وصف المنتج غير واضح ولا يحمل سوى اسم العلامة، والتقدير مبني على متوسط أسعار أدوات ليسل المتخصصة.,True,False
60,2268,52580,W/WINDOW REMOVAL TOOL,أداة إزالة زجاج النوافذ من ماركة LISLE.,6.0,EA,15.0,90.0,LISLE,USA,70,منخفض,estimated from category benchmark,https://www.amazon.sa/-/en/b?ie=UTF8&node=16620999031,سعر تقديري لأداة إزالة زجاج نوافذ السيارات بالاستناد إلى معيار أسعار أدوات السيارات المتخصصة المماثلة.,True,False
60,2281,56100,"ENGINE TESTER,IGNITION SET ميوقتلا رابتخا مقط",طقم اختبار وتنظيف حقن الوقود ونظام الإشعال في المحركات من ليسل.,2.0,EA,1700.0,3400.0,LISLE,USA,700,متوسط,ToolSource distributor page,https://www.toolsource.com/fuel-injection-test-sets-c-1321_182_184/lisle-56100-master-fuel-injection-test-set-and-cleaner-p-107823.html,الرمز 56100 يطابق طقم Lisle Master Fuel Injection Test Set and Cleaner المعروف، وهو أداة تشخيص متخصصة تُباع عادة في نطاق 150-220 دولار أمريكي لدى موزعي أدوات السيارات.,True,False
60,2301,26280,MASTER TORX BIT SET,طقم أطراف تورکس (Torx) رئيسي متعدد المقاسات.,1.0,SET,120.0,120.0,LISLE,USA,90,متوسط,تقدير عام لأطقم أطراف التورکس,https://www.lislecorp.com/,طقم أطراف تورکس رئيسي من ليزل يقارن بأسعار أطقم الأطراف المماثلة.,True,False
60,2302,26530,MASTER TORX BIT SET,طقم أطراف تورکس (Torx) رئيسي متعدد المقاسات.,3.0,SET,115.0,345.0,LISLE,USA,90,متوسط,تقدير عام لأطقم أطراف التورکس,https://www.lislecorp.com/,طقم أطراف تورکس رئيسي من ليزل يقارن بأسعار أطقم الأطراف المماثلة.,True,False
60,2365,39800,SCREW STARTER,أداة صغيرة تساعد على بدء تركيب البراغي في الأماكن الضيقة.,7.0,EA,45.0,315.0,LISLE,USA,55,منخفض,استدلال من فئة أدوات ليسل المتخصصة,https://www.amazon.com/,أداة بدء اللولبة (سكرو ستارتر) من ليسل تقدر وفق أسعار الأدوات المتخصصة الصغيرة.,True,False
60,2366,33500,PISTON RING EXPANDER,أداة لتوسيع حلقات المكبس (بستم رنج) لتركيبها أو إزالتها.,15.0,EA,38.0,570.0,LISLE,USA,95,متوسط,Lisle 33500 Piston Ring Installer - O'Reilly Auto Parts,https://www.oreillyauto.com/detail/c/lisle/lisle-piston-ring-installer/lis0/33500,أداة تركيب/توسيع حلقات المكبس من ليزل بسعر معروف بالسوق الأمريكي مع هامش استيراد للسوق السعودي.,True,False
61,2367,55000,MAG SOLDERING CLAMP,مشبك مغناطيسي (يد ثالثة) يستخدم لتثبيت الأسلاك أثناء اللحام.,10.0,EA,60.0,600.0,LISLE,USA,55,متوسط,estimated from category benchmark (Lisle soldering clamps),https://www.lislecorp.com/specialty-tools,مشبك مغناطيسي للحام (يد ثالثة) من ليسل ضمن نطاق أسعار أدوات اللحام الصغيرة المتخصصة.,True,False
61,2368,51500,SPARK PLUG WIRE PULLER,أداة متخصصة لسحب أسلاك شمعات الاحتراق دون تلفها.,10.0,EA,35.0,350.0,LISLE,USA,80,متوسط,استدلال من فئة أدوات ليسل المتخصصة,https://www.amazon.com/,أداة سحب أسلاك شمعات الاحتراق من ليسل الأمريكية تقدر وفق أسعار الأدوات المتخصصة لصيانة المحركات.,True,False
61,2369,46000,SNAP RING PLIER,زردية حلقات مانعة داخلية وخارجية (Snap Ring Pliers) من لايل.,21.0,EA,40.0,840.0,LISLE,USA,95,متوسط,Home Depot / Lisle Corporation – Snap Ring Pliers 46000,https://www.homedepot.com/b/Tools-Hand-Tools-Pliers-Snap-Ring-Pliers/Lisle/N-5yc1vZcbroZfsp,سعر تقديري لزردية حلقات مانعة (سنابرنق) من لايل بناءً على سعر موديل 46000 الفعلي محولاً للريال.,True,False
61,2370,67900,WIDE GAP S/P GAPPER,أداة ضبط فجوة واسعة لشمعات الإشعال.,19.0,EA,25.0,475.0,LISLE,USA,45,متوسط,تقدير عام لأدوات ضبط فجوة شمعات الإشعال,https://www.lislecorp.com/,أداة ضبط فجوة شمعة إشعال واسعة من ليزل تقارن بأدوات مماثلة صغيرة الحجم.,True,False
61,2371,56500,GREEN WIRE TERMINAL TOOL,أداة متخصصة للتعامل مع أطراف الأسلاك الكهربائية (لون أخضر) في السيارات.,10.0,EA,65.0,650.0,LISLE,USA,40,متوسط,estimated from category benchmark (Lisle specialty tools),https://www.lislecorp.com/specialty-tools,أداة طرفية سلكية خضراء متخصصة من ليسل ضمن نطاق أسعار أدوات ليسل الصغيرة للسيارات.,True,False
61,2372,14900,RED WIRE TERMINAL TOOL,أداة متخصصة للتعامل مع أطراف الأسلاك الكهربائية (لون أحمر) في السيارات.,10.0,EA,65.0,650.0,LISLE,USA,40,متوسط,estimated from category benchmark (Lisle specialty tools),https://www.lislecorp.com/specialty-tools,أداة طرفية سلكية حمراء مشابهة للأداة الخضراء من نفس العلامة وبسعر مقارب.,True,False
61,2384,24000,RING GROOVE CLEANER تاغارفلا فظنت ةادا,أداة متخصصة لتنظيف أخاديد حلقات المكبس في المحرك.,1.0,KIT,350.0,350.0,LISLE,USA,100,متوسط,استدلال من فئة أدوات تنظيف حلقات المكابس,https://www.amazon.com/,أداة تنظيف أخاديد حلقات المكابس من ليسل تقدر وفق أسعار أدوات المحركات المتخصصة.,True,False
61,2386,55250,CARBORATOR ADJUSTING TOOL طبض ةادا ر تيروبركلا,أداة ضبط الكاربوريتر (Carburetor Adjusting Tool) من لايل.,7.0,EA,125.0,875.0,LISLE,USA,60,متوسط,Lisle Corporation product pages,https://www.lislecorp.com/specialty-tools/,سعر تقديري لأداة ضبط الكاربوريتر من لايل بناءً على أسعار أدواتها المتخصصة المماثلة.,True,False
61,2387,26900,"SKT BITS,TORX تابح مقط",طقم رؤوس تركس (Bits) لاستخدامها مع المفك أو السوكيت.,7.0,EA,150.0,1050.0,LISLE,USA,60,متوسط,تقدير عام لأطقم رؤوس تركس (Bits),https://tolsentools.com.sa/products/8pcs-torx-t-handle-screwdrivers-set,طقم رؤوس تركس (Bits) من ماركة ليسل متوسط السعر مقارنة بالأطقم المماثلة.,True,False
61,2388,11400,SIDE TERMINAL BATTERY CLEANER ةيراطبلا ةشرف,فرشاة معدنية لتنظيف الأطراف الجانبية لبطارية السيارة من الأكسدة.,10.0,EA,60.0,600.0,LISLE,USA,30,متوسط,estimated from category benchmark (battery terminal cleaners),https://www.amazon.com/s?k=battery+terminal+cleaner+brush,فرشاة تنظيف أطراف البطارية الجانبية من ليسل ضمن نطاق أسعار أدوات صيانة البطاريات الرخيصة.,True,False
61,2531,37000,"DISCONNECT,A/C ةرايسلا تافيكم ةنيدرز",طقم أدوات لفصل وصلات خطوط تكييف الهواء والوقود في السيارات.,25.0,EA,55.0,1375.0,LISLE,USA,175,منخفض,ICT Billet / Global Test Supply listings,https://www.globaltestsupply.com/product/lisle-37000-air-conditioning-fuel-line-disconnect-tool-set,تم تأكيد وجود طقم Lisle 37000 فعلياً لدى عدة موزعين أمريكيين متخصصين بأدوات فك خطوط التكييف والوقود دون سعر ظاهر، فاعتُمد تقدير قياسي للفئة.,True,False
61,1725,99926,"19MM,SKT,3/4DR,12PT ةبح",بيّة قياس 19مم اثنتا عشرة سنّ لمفتاح 3/4 بوصة.,2.0,EA,58.0,116.0,LOCAL,TW,35,متوسط,Amazon.sa - Drive Sockets,https://www.amazon.sa/-/en/b?ie=UTF8&node=16620996031,بيّة 12 سن مقاس 19مم لمفتاح 3/4 بوصة، أكبر وأغلى قليلًا من بيات 1/2 بوصة.,True,False
61,1726,99927,"20MM,6PT,1/2DR.SKT ةبح",بيّة (سوكيت) قياس 20مم سداسية للمفتاح مقاس 1/2 بوصة.,4.0,EA,48.0,192.0,LOCAL,TW,20,متوسط,Amazon.sa - Drive Sockets,https://www.amazon.sa/-/en/b?ie=UTF8&node=16620996031,سعر تقديري لقطعة سبعة قياسية 1/2 بوصة مقاس 20مم بناءً على أسعار الأطقم المشابهة في السوق السعودي.,True,False
61,1727,99928,"ر 24MM,COMB.WRENCH كتشم حاتفم",مفتاح رنج (كتشم) محلي الصنع مقاس 24مم.,6.0,EA,75.0,450.0,LOCAL,TW,18,مرتفع,تقدير عام لمفاتيح الرنج المحلية الرخيصة,"https://www.amazon.sa/-/en/DIY-Tools-Draper/s?rh=n:12463390031,p_89:Draper",مفتاح كتشم محلي الصنع مقاس 24مم من الفئة الاقتصادية الرخيصة.,True,False
61,1728,99929,"GOGGLES,DARK ماحل ةراظم",نظارة داكنة للحماية أثناء أعمال اللحام.,13.0,EA,25.0,325.0,LOCAL,TW,30,منخفض,استدلال من فئة نظارات اللحام,https://www.amazon.com/,نظارة لحام داكنة محلية الصنع تقدر بسعر اقتصادي ضمن فئة معدات السلامة البسيطة.,True,False
61,2637,999660,lazy tongue هتسوس ماشرب ةدارز,مسدس برشام مقصي (لايزي تونج) من صنع محلي.,13.0,ea,145.0,1885.0,LOCAL,USA,70,منخفض,تقدير حسب فئة المنتج,https://www.amazon.com/s?k=lazy+tongue+riveter,مسدسات البرشام المقصية (لايزي تونج) من صنع محلي متوسطة السعر مقارنة بالمسدسات المستوردة.,True,False
61,2205,280-03,ر I/S MICROMETER 50-75MM لىخاد تيموركيم,ميكرومتر قياس داخلي (Inside Micrometer) بمدى 75-100مم من M/W.,1.0,EA,345.0,345.0,M/W,UK,420,منخفض,estimated from category benchmark (precision micrometers),https://saudi.microless.com/thermometers/,سعر تقديري لميكرومتر قياس داخلي بمدى 75-100مم من M/W بمقارنته بأدوات القياس الدقيقة المماثلة.,True,False
61,2206,280-02,ر I/S MICROMETER 25-50MM لىخادتيموركيم,ميكرومتر داخلي دقيق لقياس الأقطار الداخلية بمدى 25-50 ملم.,1.0,EA,320.0,320.0,M/W,UK,700,متوسط,استدلال من فئة أدوات القياس الدقيقة (Moore & Wright),https://www.amazon.com/,ميكرومتر داخلي بمدى 25-50مم من ماركة موور آند رايت المعروفة بدقتها العالية يقدر بسعر مرتفع كأداة قياس صناعية دقيقة.,True,False
61,2207,280-04,ر I/S MICROMETER 75-100MM لىخاد تيموركيم,ميكرومتر قياس داخلي (Inside Micrometer) بمدى 75-100مم من M/W.,1.0,EA,430.0,430.0,M/W,UK,420,منخفض,estimated from category benchmark (precision micrometers),https://saudi.microless.com/thermometers/,سعر تقديري لميكرومتر قياس داخلي بمدى 75-100مم من M/W بمقارنته بأدوات القياس الدقيقة المماثلة.,True,False
61,2208,966/2,"ر 1-2"" O/S MICROMETER حىرراخ تيموركيم",ميكرومتر خارجي مقاس 1-2 بوصة من مور آند رايت (M/W) البريطانية.,7.0,EA,250.0,1750.0,M/W,UK,400,متوسط,مقارنة عامة لأدوات القياس الدقيقة (Moore & Wright),https://www.amazon.com/s?k=moore+and+wright+micrometer,علامة M/W (مور آند رايت) البريطانية معروفة عالميًا في أدوات القياس الدقيقة، وتم تقدير السعر بناءً على متوسط أسعار الميكرومترات الخارجية البريطانية المماثلة في نطاق 25-50 مم.,True,False
61,2194,20831,CRIMPING TOOL سبك ةدارز,أداة كبس (كرمبنغ) لتوصيلات وأطراف الأسلاك الكهربائية.,7.0,PC,354.0,2478.0,MAPLIN,UK,140,منخفض,تقدير حسب فئة المنتج (أدوات كبس),https://www.noon.com/saudi-en/tools-and-home-improvement/power-and-hand-tools/,أداة كبس (كرمبنغ) للموصلات الكهربائية من ماركة Maplin البريطانية، وتقارب أسعار أدوات الكبس اليدوية العامة.,True,False
61,2476,B-1,B-1 ARMTURE/TESTER تادلوملا صحف زاهج,جهاز اختبار (Growler) لفحص أعطال ملفات الأرميتور في المولدات والمحركات الكهربائية.,1.0,EA,2800.0,2800.0,MARTIN,USA,1500,منخفض,تقدير حسب فئة المنتج (أجهزة اختبار المولدات),https://www.noon.com/saudi-en/tools-and-home-improvement/power-and-hand-tools/,جهاز اختبار الأرميتور (Growler) هو معدة تشخيص كهربائية متخصصة لفحص ملفات المحركات والمولدات، وهذه الفئة من الأجهزة الصناعية عادة أعلى سعراً بكثير من الأدوات اليدوية.,True,False
61,2589,ML12L,MEASURING WHEELسايق ةلجع,عجلة قياس المسافات (متر دوار) للمشي من ماسترم.,6.0,EA,350.0,2100.0,MASTERM,USA,220,منخفض,تقدير حسب فئة المنتج,https://www.amazon.com/s?k=measuring+wheel,عجلات قياس المسافات الميكانيكية للمشي تتوفر عادة في هذا النطاق السعري حسب جودة الصنع.,True,False
61,1729,145-186,ر I/S MICROMETER لىخاد تيموركيم,ميكرومتر داخلي (لقياس الأقطار الداخلية) من ميتوتويو.,1.0,EA,990.0,990.0,MITUTOY,JAPAN,940,متوسط,Anaum (UAE) - Mitutoyo 145-186,https://anaum.com/products/mitutoyo-145-186,السعر مأخوذ من موزع ميتوتويو المعتمد في الإمارات (924 درهم) لنفس الموديل، وبعد التحويل التقريبي للريال يقترب من التكلفة الداخلية 990.,True,False
61,1730,500-196,"6"" DIGITAL CALIPER مىقر تريلاك",قدمة (كاليبر) رقمية 6 بوصة من ميتوتويو.,1.0,EA,650.0,650.0,MITUTOY,JAPAN,726,مرتفع,Anaum.sa.com - Mitutoyo 500-196-30,https://anaum.sa.com/products/mitutoyo-500-196-30,سعر فعلي حالي من موزع ميتوتويو المعتمد في السعودية لنفس الموديل بالضبط (726 ريال)، أعلى قليلاً من التكلفة الداخلية 650.,True,False
61,1731,500-193,300MM DIGITAL CALIPER مىقر تريلاك,قدمة (كاليبر) رقمية 300 ملم/12 بوصة من ميتوتويو.,2.0,EA,860.0,1720.0,MITUTOY,JAPAN,887,مرتفع,Anaum.sa.com - Mitutoyo 500-193-30,https://anaum.sa.com/products/mitutoyo-500-193-30,سعر فعلي حالي من موزع ميتوتويو المعتمد بالسعودية لنفس الموديل (887 ريال)، قريب جداً من التكلفة الداخلية 860.,True,False
61,1732,500-197,"0-8"" DIGITAL CALIPER مىقر تريلاك",قدمة (كاليبر) رقمية بمدى 0-8 بوصة من ميتوتويو.,2.0,EA,860.0,1720.0,MITUTOY,JAPAN,850,متوسط,Anaum.sa.com - Mitutoyo 500-197-30,https://anaum.sa.com/products/mitutoyo-500-197-30,صفحة المنتج موجودة فعلياً لدى نفس الموزع السعودي المعتمد لكن دون سعر ظاهر بالنتائج؛ استُخدم سعر مقارب لموديل مشابه (500-193) بنفس الفئة.,True,False
61,1733,145-188,ر I/S MICRMMETER لىخاد تيمركيم,ميكرومتر داخلي (لقياس الأقطار الداخلية) بمدى 75-100 ملم من ميتوتويو.,1.0,EA,1240.0,1240.0,MITUTOY,JAPAN,1230,متوسط,Penn Tool Co / Transcat - Mitutoyo 145-188,https://www.penntoolco.com/mitutoyo-mechanical-inside-micrometer-75-100mm-145-188/,أسعار فعلية من عدة موزعين أمريكيين لنفس الموديل (220-398 دولار، بمتوسط نحو 330)، وبعد التحويل تتطابق تقريباً مع التكلفة الداخلية 1240.,True,False
61,1734,145-185,ر INSIDE MICROMETER-5-30MM لىخاد تيموركيم,قدمة (كاليبر) 300 ملم/12 بوصة من ميتوتويو (يبدو أن رمز المنتج المدرج غير مطابق للوصف).,1.0,EA,1176.0,1176.0,MITUTOY,JAPAN,790,متوسط,Mitutoyo vernier caliper 300mm category (رمز الصنف يبدو مكرراً خطأً مع صنف الميكرومتر 145-185),https://www.lighttoolsupply.com/mitutoyo-vernier-caliper-0-12-0-300mm-530-119/,الوصف يشير إلى قدمة 300 ملم رغم أن الكود المدرج (145-185) يخص ميكرومتر داخلي في سطر آخر؛ بافتراض أنه خطأ إدخال بيانات وأن الصنف الفعلي مماثل لقدمة 530-119، استُخدم نفس السعر التقديري.,True,False
61,1735,530-119,"CALIPER-300/12"" 300/12 تريلاك""",قدمة (كاليبر) فرنية قياسية 300 ملم/12 بوصة من ميتوتويو.,1.0,EA,820.0,820.0,MITUTOY,JAPAN,790,متوسط,Light Tool Supply / eBay - Mitutoyo 530-119,https://www.lighttoolsupply.com/mitutoyo-vernier-caliper-0-12-0-300mm-530-119/,أسعار فعلية من عدة موزعين أمريكيين لنفس الموديل (163-247 دولار)، وبعد التحويل يقترب من التكلفة الداخلية 820.,True,False
62,1736,145-185,"""CALIPER 300MM/12مم300-ةصوب 12 تريلاك",قدمة (كاليبر) 300 ملم/12 بوصة من ميتوتويو (يبدو أن رمز المنتج المدرج غير مطابق للوصف).,1.0,EA,819.0,819.0,MITUTOY,JAPAN,790,متوسط,Mitutoyo vernier caliper 300mm category (رمز الصنف يبدو مكرراً خطأً مع صنف الميكرومتر 145-185),https://www.lighttoolsupply.com/mitutoyo-vernier-caliper-0-12-0-300mm-530-119/,الوصف يشير إلى قدمة 300 ملم رغم أن الكود المدرج (145-185) يخص ميكرومتر داخلي في سطر آخر؛ بافتراض أنه خطأ إدخال بيانات وأن الصنف الفعلي مماثل لقدمة 530-119، استُخدم نفس السعر التقديري.,True,False
62,2636,CPS,FREON LEAKE نويرفلا تازاغ فشاك,جهاز كشف تسرب غازات التبريد (فريون) إلكتروني.,9.0,,650.0,5850.0,MIXECO,USA,825,متوسط,Test Equipment Depot / Walmart (أجهزة كشف تسرب CPS),https://www.testequipmentdepot.com/brands/cps-products/leak-detectors.html,جهاز كشف تسرب غاز الفريون من علامة CPS الأمريكية المتخصصة في معدات التبريد، وأجهزتها تباع فعليًا بأسعار تتراوح بين 194-373 دولارًا أمريكيًا حسب الموديل.,True,False
62,1737,4-12.,"1/2DR,IMPACT,12MM SIZE,6PT,LONG",جوزة صدمة دق 3/4 إنش مقاس 17مم طويلة سداسية من موومنت.,17.0,EA,23.0,391.0,MOMENT,SWEDEN,80,منخفض,"SK Tools – 3/4"" drive impact sockets benchmark",https://sktools.com/collections/impact-sockets-sets-drive-tools/3-4,سعر تقديري لجوزة صدمة دق 3/4 إنش مقاس 17مم طويلة استنادًا إلى أسعار الجوز الصغيرة المماثلة.,True,False
62,1738,4-36.,"1/2DR,IMPACT,36MM SIZE,6PT,SH",بوكس صدمي مقاس 36 مم بمقبض 1/2 بوصة من مومنت.,18.0,EA,120.0,2160.0,MOMENT,SWEDEN,120,متوسط,Momento - impact sockets category,https://www.momento.se/impact-sockets,البوكسات الصدمية متوسطة الحجم بمقبض 1/2 بوصة من هذه الفئة تُباع عادة بين 25-40 دولاراً.,True,False
62,1739,4-21.,"1/2DR,IMPACT,21MM SIZE,6PT,SH",بوكس صدمي مقاس 36 مم بمقبض 1/2 بوصة من مومنت.,20.0,EA,28.0,560.0,MOMENT,SWEDEN,120,متوسط,Momento - impact sockets category,https://www.momento.se/impact-sockets,البوكسات الصدمية متوسطة الحجم بمقبض 1/2 بوصة من هذه الفئة تُباع عادة بين 25-40 دولاراً.,True,False
62,1740,4-11.,"1/2DR.IMPACT,11MM SIZE,6PT,SH",قطعة دباشة هوائية مقاس 11مم لمفتاح دريل 1/2 بوصة.,19.0,EA,22.0,418.0,MOMENT,SWEDEN,70,متوسط,Integrated Manufacturing & Supply / Amazon,https://shop.intmfg.com/products/momento-metric-double-hex-impact-socket-a,قطعة دباشة (سوكيت) مقاس 11مم عيار 1/2 بوصة تقدر وفق أسعار قطع الدباشة الصناعية المماثلة.,True,False
62,1741,D6K-19,"1/2DR,IMPACT,3/4 SIZES,12PT,LONG",بريمة دفع 1/2 بوصة مقاس 3/4 بوصة 12 سن طويلة.,7.0,EA,28.0,196.0,MOMENT,SWEDEN,30,منخفض,estimated from category benchmark,https://www.noon.com/saudi-en/tools-and-home-improvement/power-and-hand-tools/power-hand-tool-accessories/sockets-and-socket-sets/,بريمة دفع 1/2 بوصة مقاس 3/4 بوصة 12 سن طويلة سعرها متوسط ضمن فئة البريمات.,True,False
62,1742,4-26.,"1/2DR,IMPACT,26MM SIZE,6PT,SH",بوكس صدمي مقاس 36 مم بمقبض 1/2 بوصة من مومنت.,17.0,EA,32.0,544.0,MOMENT,SWEDEN,120,متوسط,Momento - impact sockets category,https://www.momento.se/impact-sockets,البوكسات الصدمية متوسطة الحجم بمقبض 1/2 بوصة من هذه الفئة تُباع عادة بين 25-40 دولاراً.,True,False
62,1743,4-32L,"1/2DR,IMPACT,32MM SIZES,6PT.LONG",دواية صدم طويلة مقاس 32 مم لمفتاح 1/2 بوصة، سداسية الرأس.,20.0,EA,70.0,1400.0,MOMENT,SWEDEN,80,منخفض,تقدير حسب فئة دوايات الصدم متوسطة الحجم,https://www.momenttools.com,دواية صدم متوسطة الحجم (32 مم) طويلة لمفتاح 1/2 بوصة.,True,False
62,1744,2-19.,"3/4DR,IMPACT,15/16 SIZE,6PT,SH",بيّة صدمية قصيرة مقاس 15/16 إنش لمفتاح 3/4 بوصة.,5.0,EA,35.0,175.0,MOMENT,SWEDEN,110,منخفض,estimated from category benchmark,https://mdttools.com/product-category/hand-tools/impact-sockets/page/6/,بيّة صدمية قصيرة مقاس 15/16 إنش لمفتاح 3/4 بوصة ضمن فئة البيات الكبيرة.,True,False
62,1745,4-14.,"1/2DR,IMPACT,14MM SIZE,6PT,SH.",بوكس صدمي مقاس 36 مم بمقبض 1/2 بوصة من مومنت.,18.0,EA,23.0,414.0,MOMENT,SWEDEN,120,متوسط,Momento - impact sockets category,https://www.momento.se/impact-sockets,البوكسات الصدمية متوسطة الحجم بمقبض 1/2 بوصة من هذه الفئة تُباع عادة بين 25-40 دولاراً.,True,False
62,1746,2-17L,"3/4DR,IMPACT,17MM SIZE,6PT,LONG",جوزة صدمة دق 3/4 إنش مقاس 17مم طويلة سداسية من موومنت.,19.0,EA,25.0,475.0,MOMENT,SWEDEN,80,منخفض,"SK Tools – 3/4"" drive impact sockets benchmark",https://sktools.com/collections/impact-sockets-sets-drive-tools/3-4,سعر تقديري لجوزة صدمة دق 3/4 إنش مقاس 17مم طويلة استنادًا إلى أسعار الجوز الصغيرة المماثلة.,True,False
62,1747,4-28L,"1/2DR,IMPACT,28MM SIZE,6PT.SH",بوكس صدمي مقاس 28 مم بمقبض 1/2 بوصة من مومنت.,40.0,EA,32.0,1280.0,MOMENT,SWEDEN,95,متوسط,Momento - impact sockets category,https://www.momento.se/impact-sockets,البوكسات الصدمية بمقبض 1/2 بوصة من هذه الفئة تُباع عادة بين 20-30 دولاراً.,True,False
62,1748,4-33.,"1/2DR,IMPACT,33MM SIZE,6PT.SH",بوكس صدمي مقاس 28 مم بمقبض 1/2 بوصة من مومنت.,20.0,EA,38.0,760.0,MOMENT,SWEDEN,95,متوسط,Momento - impact sockets category,https://www.momento.se/impact-sockets,البوكسات الصدمية بمقبض 1/2 بوصة من هذه الفئة تُباع عادة بين 20-30 دولاراً.,True,False
62,1749,4-13.,"1/2DR,IMPACT,13MM SIZE,6PT.SH",بوكس صدمي مقاس 28 مم بمقبض 1/2 بوصة من مومنت.,22.0,EA,23.0,506.0,MOMENT,SWEDEN,95,متوسط,Momento - impact sockets category,https://www.momento.se/impact-sockets,البوكسات الصدمية بمقبض 1/2 بوصة من هذه الفئة تُباع عادة بين 20-30 دولاراً.,True,False
62,1750,4-19L,"1/2DR,IMPACT,19MM SIZE,6PT.LONG",جوزة صدمة دق 1/2 إنش مقاس 19مم طويلة سداسية من موومنت.,19.0,EA,43.0,817.0,MOMENT,SWEDEN,65,منخفض,"estimated from category benchmark (1/2"" drive impact sockets)",https://sktools.com/collections/impact-sockets-sets-drive-tools/3-4,سعر تقديري لجوزة صدمة دق 1/2 إنش مقاس 19مم طويلة استنادًا إلى أسعار جوز الدق المماثلة.,True,False
62,1751,4-16.,"1/2DR,IMPACT,16MM SIZE,6PT.SH",بوكس صدمي مقاس 28 مم بمقبض 1/2 بوصة من مومنت.,20.0,EA,32.0,640.0,MOMENT,SWEDEN,95,متوسط,Momento - impact sockets category,https://www.momento.se/impact-sockets,البوكسات الصدمية بمقبض 1/2 بوصة من هذه الفئة تُباع عادة بين 20-30 دولاراً.,True,False
62,1752,4-16L,"1/2DR,IMPACT,16MM SIZE,6PT.SH",بوكس صدمي مقاس 28 مم بمقبض 1/2 بوصة من مومنت.,20.0,EA,21.0,420.0,MOMENT,SWEDEN,95,متوسط,Momento - impact sockets category,https://www.momento.se/impact-sockets,البوكسات الصدمية بمقبض 1/2 بوصة من هذه الفئة تُباع عادة بين 20-30 دولاراً.,True,False
62,1753,4-23.,"1/2DR,IMPACT,23MM SIZE,6PT,SH",بوكس صدمي مقاس 36 مم بمقبض 1/2 بوصة من مومنت.,19.0,EA,26.0,494.0,MOMENT,SWEDEN,120,متوسط,Momento - impact sockets category,https://www.momento.se/impact-sockets,البوكسات الصدمية متوسطة الحجم بمقبض 1/2 بوصة من هذه الفئة تُباع عادة بين 25-40 دولاراً.,True,False
62,1754,65-2.9/16,"1"",IMPACT ,65MM SIZE,6PT,2.9/16,SH",دواية صدم مقاس 65 مم (2.9/16 بوصة) لمفتاح 1 بوصة، سداسية الرأس.,3.0,EA,440.0,1320.0,MOMENT,SWEDEN,150,منخفض,تقدير حسب فئة دوايات الصدم كبيرة الحجم,https://www.momenttools.com,دواية صدم كبيرة الحجم (65 مم) لمفتاح 1 بوصة.,True,False
62,1755,65-2.9/16L,"1"",IMPACT ,65MM.L SIZE,6PT,2.9/16L",بوكس صدمي مقاس 65 مم بمقبض 1 بوصة سداسي من مومنت.,11.0,EA,440.0,4840.0,MOMENT,SWEDEN,450,متوسط,Momento / Integrated Mfg - impact sockets,https://shop.intmfg.com/products/momento-metric-double-hex-impact-socket-a,أسعار البوكسات الصدمية بمقبض 1 بوصة من هذه الفئة تتفاوت بشدة (60-700 دولار)، واخترنا تقديراً وسطياً مناسباً لحجم 65 مم.,True,False
62,1756,9-70.,"1"" IMPACT,70MM SIZE,12PT,SH.",بوكس صدمي كبير مقاس 100 مم بمقبض 1 بوصة من مومنت.,2.0,EA,495.0,990.0,MOMENT,SWEDEN,675,متوسط,Momento - impact sockets category,https://www.momento.se/impact-sockets,البوكسات الصدمية الكبيرة بمقبض 1 بوصة (100مم) من هذه الفئة تكون أعلى سعراً نظراً لحجمها الكبير.,True,False
62,1757,9-85.,"1"" IMPACT,85MM SIZE,6PT,SH",بوكس صدمي كبير مقاس 100 مم بمقبض 1 بوصة من مومنت.,2.0,EA,655.0,1310.0,MOMENT,SWEDEN,675,متوسط,Momento - impact sockets category,https://www.momento.se/impact-sockets,البوكسات الصدمية الكبيرة بمقبض 1 بوصة (100مم) من هذه الفئة تكون أعلى سعراً نظراً لحجمها الكبير.,True,False
62,1758,9-90.,"1"" ,IMPACT,90MM SIZE,6PT,SH",دواية (سوكيت) صدم مقاس 90 مم لمفتاح 1 بوصة، سداسية الرأس.,2.0,EA,711.0,1422.0,MOMENT,SWEDEN,150,منخفض,تقدير حسب فئة دوايات الصدم الثقيلة 1 بوصة,https://www.momenttools.com,دواية صدم كبيرة الحجم (90 مم) لمفتاح صدم 1 بوصة، والتقدير مبني على أسعار الدوايات الثقيلة المماثلة بهذا الحجم.,True,False
62,1759,9-100.,"1"" IMPACT,100MM SIZE,6PT,SH",بوكس صدمي كبير مقاس 100 مم بمقبض 1 بوصة من مومنت.,2.0,EA,977.0,1954.0,MOMENT,SWEDEN,675,متوسط,Momento - impact sockets category,https://www.momento.se/impact-sockets,البوكسات الصدمية الكبيرة بمقبض 1 بوصة (100مم) من هذه الفئة تكون أعلى سعراً نظراً لحجمها الكبير.,True,False
62,1760,9-60.,"1"",IMPACT,60MM,SH,6PT",دواية صدم قصيرة مقاس 60 مم لمفتاح 1 بوصة، سداسية الرأس.,3.0,EA,320.0,960.0,MOMENT,SWEDEN,130,منخفض,تقدير حسب فئة دوايات الصدم كبيرة الحجم,https://www.momenttools.com,دواية صدم كبيرة الحجم (60 مم) لمفتاح 1 بوصة قصير.,True,False
62,1761,9D6K60,"1"",IMPACT,60MM,12PT,SH.",مقبس صدم أسود مقاس 60 مم، 12 ضلعاً، لقياس دفع 1 بوصة.,3.0,EA,320.0,960.0,MOMENT,SWEDEN,300,متوسط,مرجع فئة مقابس الصدم الصناعية الكبيرة,http://www.protoindustrial.com/en/industrial-tools/PROTO/Impact-Sockets/Impact-Sockets-Individual/1c636cac-f382-440f-addc-45907e3bfeea_Proto%C2%AE-3%7C4%22-Drive-Impact-Sockets---12-Point/J07515T_Proto%C2%AE-3%7C4%22-Drive-Impact-Socket-15%7C16%22---12-Point,مقبس صدم بمقاس دفع 1 بوصة و60مم قياس هو من فئة المقابس الصناعية الكبيرة الحجم، وتزداد تكلفتها بشكل ملحوظ مع زيادة القياس مقارنة بالمقاسات الصغيرة.,True,False
62,1762,9-70L,"1"",IMPACT,70MM,L,6PT,",مقبض صدم طويل مقاس 1 بوصة قياس 70مم سداسي.,1.0,EA,496.0,496.0,MOMENT,SWEDEN,150,منخفض,تقدير بناءً على أسعار مقابس الصدم الكبيرة 1 بوصة,https://www.grainger.com/product/PROTO-Impact-Socket-1-2-in-Drive-1AX51,مقبض صدم طويل مقاس 70مم بمحرك 1 بوصة أكبر وأثقل من المقاسات القياسية وبالتالي أعلى سعراً.,True,False
62,1763,9-95.,"1"",IMPACT,95MM,SH,6PT,3.3/4""",قطعة سوكيت صدم مقاس 95 مم بمحرك 1 بوصة ست أضلاع.,1.0,EA,752.0,752.0,MOMENT,SWEDEN,350,متوسط,أسعار قطع السوكيت الصناعية الثقيلة 1 بوصة درايف,https://www.fyind.com/ksa/en/tool-attachments-and-accessories/impact-socket,قطعة سوكيت صدم كبيرة مقاس 95مم بمحرك 1 بوصة من فئة الأدوات الصناعية الثقيلة عالية السعر.,True,False
62,1764,9-36.,"1"",IMPACT,36MM,SH,6PT,",قطعة سوكيت صدم مقاس 95 مم بمحرك 1 بوصة ست أضلاع.,3.0,EA,125.0,375.0,MOMENT,SWEDEN,350,متوسط,أسعار قطع السوكيت الصناعية الثقيلة 1 بوصة درايف,https://www.fyind.com/ksa/en/tool-attachments-and-accessories/impact-socket,قطعة سوكيت صدم كبيرة مقاس 95مم بمحرك 1 بوصة من فئة الأدوات الصناعية الثقيلة عالية السعر.,True,False
62,1765,9-41.,"1"",IMPACT,41MM,SH,6PT",دواية صدم قصيرة مقاس 60 مم لمفتاح 1 بوصة، سداسية الرأس.,2.0,EA,145.0,290.0,MOMENT,SWEDEN,130,منخفض,تقدير حسب فئة دوايات الصدم كبيرة الحجم,https://www.momenttools.com,دواية صدم كبيرة الحجم (60 مم) لمفتاح 1 بوصة قصير.,True,False
62,1766,9-50.,"1"",IMPACT,50MM,12PT,SH",مقبس صدم أسود مقاس 60 مم، 12 ضلعاً، لقياس دفع 1 بوصة.,1.0,EA,220.0,220.0,MOMENT,SWEDEN,300,متوسط,مرجع فئة مقابس الصدم الصناعية الكبيرة,http://www.protoindustrial.com/en/industrial-tools/PROTO/Impact-Sockets/Impact-Sockets-Individual/1c636cac-f382-440f-addc-45907e3bfeea_Proto%C2%AE-3%7C4%22-Drive-Impact-Sockets---12-Point/J07515T_Proto%C2%AE-3%7C4%22-Drive-Impact-Socket-15%7C16%22---12-Point,مقبس صدم بمقاس دفع 1 بوصة و60مم قياس هو من فئة المقابس الصناعية الكبيرة الحجم، وتزداد تكلفتها بشكل ملحوظ مع زيادة القياس مقارنة بالمقاسات الصغيرة.,True,False
62,1767,9D6K41,"1"",IMPACT,41MM,SH,12PT",دواية صدم قصيرة مقاس 60 مم لمفتاح 1 بوصة، سداسية الرأس.,1.0,EA,145.0,145.0,MOMENT,SWEDEN,130,منخفض,تقدير حسب فئة دوايات الصدم كبيرة الحجم,https://www.momenttools.com,دواية صدم كبيرة الحجم (60 مم) لمفتاح 1 بوصة قصير.,True,False
63,1768,2-2.9/16,"3/4DR,IMPACT,65MM.2.9/16,6PT,SH",بوكس صدمي مقاس 50 مم بمقبض 3/4 بوصة من مومنت.,3.0,EA,145.0,435.0,MOMENT,SWEDEN,245,متوسط,Momento - impact sockets category,https://www.momento.se/impact-sockets,البوكسات الصدمية بمقبض 3/4 بوصة من هذه الفئة تُباع عادة بين 50-80 دولاراً.,True,False
63,1769,9-65.,"1"",IMPACT,65MM,6PT,SH",مقبس صدم أسود مقاس 60 مم، 12 ضلعاً، لقياس دفع 1 بوصة.,2.0,EA,328.0,656.0,MOMENT,SWEDEN,300,متوسط,مرجع فئة مقابس الصدم الصناعية الكبيرة,http://www.protoindustrial.com/en/industrial-tools/PROTO/Impact-Sockets/Impact-Sockets-Individual/1c636cac-f382-440f-addc-45907e3bfeea_Proto%C2%AE-3%7C4%22-Drive-Impact-Sockets---12-Point/J07515T_Proto%C2%AE-3%7C4%22-Drive-Impact-Socket-15%7C16%22---12-Point,مقبس صدم بمقاس دفع 1 بوصة و60مم قياس هو من فئة المقابس الصناعية الكبيرة الحجم، وتزداد تكلفتها بشكل ملحوظ مع زيادة القياس مقارنة بالمقاسات الصغيرة.,True,False
63,1770,9-55L,"1"",IMPACT,55MM.L,6PT,SH",قطعة دباشة طويلة مقاس 55مم لمفتاح دريل 1 بوصة.,1.0,EA,371.0,371.0,MOMENT,SWEDEN,280,متوسط,Integrated Manufacturing & Supply,https://shop.intmfg.com/products/momento-metric-double-hex-impact-socket-a,قطعة دباشة طويلة كبيرة مقاس 55مم عيار 1 بوصة تقدر بسعر مرتفع لحجمها الكبير.,True,False
63,1771,9-55.,"1"",IMPACT,55MM SIZE,SH.6PT",مقبس صدم أسود مقاس 55 ملم، 6 أضلاع، لقياس دفع 1 بوصة.,5.0,EA,371.0,1855.0,MOMENT,SWEDEN,280,متوسط,مرجع فئة مقابس الصدم الكبيرة,http://www.protoindustrial.com/en/industrial-tools/PROTO/Impact-Sockets/Impact-Sockets-Individual/1c636cac-f382-440f-addc-45907e3bfeea_Proto%C2%AE-3%7C4%22-Drive-Impact-Sockets---12-Point/J07515T_Proto%C2%AE-3%7C4%22-Drive-Impact-Socket-15%7C16%22---12-Point,مقبس صدم مقاس 55مم لقياس دفع 1 بوصة، وهو أصغر قليلاً من مقاس 60مم المشابه (idx 478)، لذا سعره أقل قليلاً ضمن نفس فئة المقابس الصناعية الكبيرة.,True,False
63,1772,9-38.,"1"",IMPACT,38MM SIZE,SH.6PT",مقبس صدم أسود مقاس 55 ملم، 6 أضلاع، لقياس دفع 1 بوصة.,3.0,EA,132.0,396.0,MOMENT,SWEDEN,280,متوسط,مرجع فئة مقابس الصدم الكبيرة,http://www.protoindustrial.com/en/industrial-tools/PROTO/Impact-Sockets/Impact-Sockets-Individual/1c636cac-f382-440f-addc-45907e3bfeea_Proto%C2%AE-3%7C4%22-Drive-Impact-Sockets---12-Point/J07515T_Proto%C2%AE-3%7C4%22-Drive-Impact-Socket-15%7C16%22---12-Point,مقبس صدم مقاس 55مم لقياس دفع 1 بوصة، وهو أصغر قليلاً من مقاس 60مم المشابه (idx 478)، لذا سعره أقل قليلاً ضمن نفس فئة المقابس الصناعية الكبيرة.,True,False
63,1773,9-36L,"1"",IMPACT,36MM/L,6PT",بريمة دفع 1 بوصة مقاس 36 مم سداسية طويلة من مومنت.,2.0,EA,125.0,250.0,MOMENT,SWEDEN,130,منخفض,estimated from category benchmark,https://www.noon.com/saudi-en/tools-and-home-improvement/power-and-hand-tools/power-hand-tool-accessories/sockets-and-socket-sets/,بريمة دفع بوصة كاملة مقاس 36مم طويلة سداسية من علامة صناعية أعلى ثمناً للمقاسات الكبيرة.,True,False
63,1774,9-38L,"1"",IMPACT,38MM SIZE,LONG,6PT.1.1/2",بريمة دفع 1 بوصة مقاس 38 مم سداسية طويلة من مومنت.,2.0,EA,135.0,270.0,MOMENT,SWEDEN,140,منخفض,estimated from category benchmark,https://www.noon.com/saudi-en/tools-and-home-improvement/power-and-hand-tools/power-hand-tool-accessories/sockets-and-socket-sets/,بريمة دفع بوصة كاملة مقاس 38مم طويلة سداسية من علامة صناعية، سعرها أعلى للمقاسات الكبيرة.,True,False
63,1775,9-38.,"1"",IMPACT,38MM.SH.12PT,1.1/2",بريمة دفع 1 بوصة مقاس 38 مم 12 سن قصيرة من مومنت.,2.0,EA,135.0,270.0,MOMENT,SWEDEN,140,منخفض,estimated from category benchmark,https://www.noon.com/saudi-en/tools-and-home-improvement/power-and-hand-tools/power-hand-tool-accessories/sockets-and-socket-sets/,بريمة دفع بوصة كاملة مقاس 38مم قصيرة 12 سن من علامة صناعية كبيرة الحجم والثمن.,True,False
63,1776,9-46.,"1"",IMPACT,46MM,6PT,SH,1.13/16",مقبس صدم (دقشة) مقاس 1 بوصة قياس 46مم سداسي قصير.,3.0,EA,195.0,585.0,MOMENT,SWEDEN,120,منخفض,تقدير بناءً على أسعار مقابس الصدم مقاس 1 بوصة (Grainger/Proto),https://www.grainger.com/product/PROTO-Impact-Socket-1-2-in-Drive-1AX51,مقاس مقبس صدم كبير 1 بوصة يقارن بأسعار مقابس مماثلة من بروتو مع هامش لصعوبة توفر ماركة MOMENT.,True,False
63,1777,9-50.,"1"",IMPACT,50MM,6PT,SH",مقبس صدم أسود مقاس 60 مم، 12 ضلعاً، لقياس دفع 1 بوصة.,4.0,EA,220.0,880.0,MOMENT,SWEDEN,300,متوسط,مرجع فئة مقابس الصدم الصناعية الكبيرة,http://www.protoindustrial.com/en/industrial-tools/PROTO/Impact-Sockets/Impact-Sockets-Individual/1c636cac-f382-440f-addc-45907e3bfeea_Proto%C2%AE-3%7C4%22-Drive-Impact-Sockets---12-Point/J07515T_Proto%C2%AE-3%7C4%22-Drive-Impact-Socket-15%7C16%22---12-Point,مقبس صدم بمقاس دفع 1 بوصة و60مم قياس هو من فئة المقابس الصناعية الكبيرة الحجم، وتزداد تكلفتها بشكل ملحوظ مع زيادة القياس مقارنة بالمقاسات الصغيرة.,True,False
63,1778,9-46.,"1"",IMPACT,46MM,1.13/16,12PT,SH",قطعة دباشة كبيرة مقاس 46مم بـ12 سن لمفتاح دريل 1 بوصة.,2.0,EA,195.0,390.0,MOMENT,SWEDEN,250,متوسط,Integrated Manufacturing & Supply,https://shop.intmfg.com/products/momento-metric-double-hex-impact-socket-a,قطعة دباشة كبيرة مقاس 46مم عيار 1 بوصة بـ12 سن تقدر بسعر أعلى نظراً لحجمها.,True,False
63,1779,9-60.,"1"",IMPACT,60MM,12PT,SH.",مقبس صدم أسود مقاس 60 مم، 12 ضلعاً، لقياس دفع 1 بوصة.,2.0,EA,265.0,530.0,MOMENT,SWEDEN,300,متوسط,مرجع فئة مقابس الصدم الصناعية الكبيرة,http://www.protoindustrial.com/en/industrial-tools/PROTO/Impact-Sockets/Impact-Sockets-Individual/1c636cac-f382-440f-addc-45907e3bfeea_Proto%C2%AE-3%7C4%22-Drive-Impact-Sockets---12-Point/J07515T_Proto%C2%AE-3%7C4%22-Drive-Impact-Socket-15%7C16%22---12-Point,مقبس صدم بمقاس دفع 1 بوصة و60مم قياس هو من فئة المقابس الصناعية الكبيرة الحجم، وتزداد تكلفتها بشكل ملحوظ مع زيادة القياس مقارنة بالمقاسات الصغيرة.,True,False
63,1780,2-41.,"3/4DR,IMPACT,41MM,6PT,SH",بوكس صدمي مقاس 50 مم بمقبض 3/4 بوصة من مومنت.,2.0,EA,145.0,290.0,MOMENT,SWEDEN,245,متوسط,Momento - impact sockets category,https://www.momento.se/impact-sockets,البوكسات الصدمية بمقبض 3/4 بوصة من هذه الفئة تُباع عادة بين 50-80 دولاراً.,True,False
63,1781,2-38.,"3/4DR.,IMPACT,38MM,1.1/2,6PT",بيت دباب (سوكيت) كبير بقياس 70مم ودرفلة 1 بوصة و6 أضلاع.,2.0,EA,135.0,270.0,MOMENT,SWEDEN,400,متوسط,estimated from category benchmark (large 1in drive impact sockets),https://www.amazon.com/1-inch-drive-impact-socket-set/s?k=1+inch+drive+impact+socket+set,سوكيت دباب كبير بمقاس 70مم ودرفلة 1 بوصة أعلى سعراً من المقاسات الأصغر لثقل الحديد المستخدم.,True,False
63,1782,2-55L,"3/4DR.IMPACT,55MM/LONG,6PT",قطعة سوكيت صدم طويلة مقاس 55 مم بمحرك 3/4 بوصة.,3.0,EA,371.0,1113.0,MOMENT,SWEDEN,220,متوسط,أسعار قطع السوكيت الصناعية الثقيلة 3/4 بوصة درايف,https://www.fyind.com/ksa/en/tool-attachments-and-accessories/impact-socket,قطعة سوكيت صدم طويلة مقاس 55مم بمحرك 3/4 بوصة من فئة الأدوات الصناعية متوسطة إلى عالية السعر.,True,False
63,1783,9-41L,"1"",IMPACT,41MM,6PT,LONG",بريمة (سوكيت) دفع 1 بوصة مقاس 41 مم سداسية طويلة من مومنت.,2.0,EA,145.0,290.0,MOMENT,SWEDEN,150,منخفض,estimated from category benchmark,https://www.noon.com/saudi-en/tools-and-home-improvement/power-and-hand-tools/power-hand-tool-accessories/sockets-and-socket-sets/,بريمة دفع بوصة كاملة مقاس 41مم كبيرة وطويلة من علامة صناعية متخصصة، سعرها أعلى من المقاسات الصغيرة.,True,False
63,1784,2-46.,"3/4"",IMPACT,46MM,1.13/16,LONG,6PT",قطعة دباشة طويلة مقاس 46مم لمفتاح دريل 3/4 بوصة.,2.0,EA,195.0,390.0,MOMENT,SWEDEN,220,متوسط,Integrated Manufacturing & Supply,https://shop.intmfg.com/products/momento-metric-double-hex-impact-socket-a,قطعة دباشة طويلة مقاس 46مم عيار 3/4 بوصة تقدر بسعر مرتفع نسبياً لحجمها وطولها.,True,False
63,1785,2-55.,"3/4DR,55MM,6PT,SH",بيّة (سوكيت) قصيرة مقاس 55مم لمفتاح 3/4 بوصة.,1.0,EA,180.0,180.0,MOMENT,SWEDEN,110,منخفض,estimated from category benchmark,https://mdttools.com/product-category/hand-tools/impact-sockets/page/6/,بيّة كبيرة الحجم مقاس 55مم لمفتاح 3/4 بوصة، وهي فئة أعلى سعرًا من البيات الصغيرة.,True,False
63,1786,2-60.,"3/4DR.IMPACT,60MM,6PT,SH.",جوزة صدمة دق 3/4 إنش مقاس 60مم قصيرة سداسية من موومنت.,2.0,EA,210.0,420.0,MOMENT,SWEDEN,260,منخفض,"SK Tools – 3/4"" drive impact sockets benchmark",https://sktools.com/collections/impact-sockets-sets-drive-tools/3-4,سعر تقديري لجوزة صدمة دق 3/4 إنش مقاس 60مم كبيرة الحجم استنادًا إلى أسعار الجوز الكبيرة المماثلة.,True,False
63,1787,2-36L,"3/4DR,IMPACT,36MM,6PT",مقبس (لقمة) هوائي مقاس 3/4 بوصة قياس 36مم 6 سن من ماركة MOMENT.,1.0,EA,95.0,95.0,MOMENT,SWEDEN,90,منخفض,rodavigo.net (Palmera tools distributor),https://rodavigo.net/en/p/torx-impact-12-socket-12-e24-tx-palmera/50002646240,سعر تقديري لمقبس صدم هوائي 3/4 بوصة كبير الحجم بناءً على أسعار مقابس مماثلة من نفس الفئة لدى موزعين إقليميين.,True,False
63,1788,2-41L,"3/4DR.IMPACT,41MM,6PT,SH.",جوزة صدمة دق 3/4 إنش مقاس 60مم قصيرة سداسية من موومنت.,3.0,EA,110.0,330.0,MOMENT,SWEDEN,260,منخفض,"SK Tools – 3/4"" drive impact sockets benchmark",https://sktools.com/collections/impact-sockets-sets-drive-tools/3-4,سعر تقديري لجوزة صدمة دق 3/4 إنش مقاس 60مم كبيرة الحجم استنادًا إلى أسعار الجوز الكبيرة المماثلة.,True,False
63,1789,2-50.,"3/4DR,IMPACT,50MM,6PT,SH",بوكس صدمي مقاس 50 مم بمقبض 3/4 بوصة من مومنت.,7.0,EA,135.0,945.0,MOMENT,SWEDEN,245,متوسط,Momento - impact sockets category,https://www.momento.se/impact-sockets,البوكسات الصدمية بمقبض 3/4 بوصة من هذه الفئة تُباع عادة بين 50-80 دولاراً.,True,False
63,1790,9-36.,"1""DR.IMPACT,36MM,SH.6PT",بيّة صدمية قصيرة مقاس 36مم لمفتاح 1 بوصة.,1.0,EA,110.0,110.0,MOMENT,SWEDEN,180,منخفض,estimated from category benchmark,https://mdttools.com/product-category/hand-tools/impact-sockets/page/6/,بيّة صدمية كبيرة جدًا مقاس 36مم لمفتاح 1 بوصة، فئة أدوات ثقيلة أعلى سعرًا.,True,False
63,1791,9-41L,"1"",DR,IMPACT,6PT,SH.41MM",بيت دباب (سوكيت) ثقيل بقياسة درفلة 1 بوصة و6 أضلاع بمقاس 41مم.,4.0,EA,186.0,744.0,MOMENT,SWEDEN,260,متوسط,estimated from category benchmark (1in drive impact sockets),https://www.amazon.com/1-inch-drive-impact-sockets/s?k=1+inch+drive+impact+sockets,بيت دباب (سوكيت) بمقاس قياسة 1 بوصة و6 أضلاع من نوع مومنت يقع ضمن نطاق أسعار السوكيتات الثقيلة بنفس المقاس الكبير.,True,False
63,1792,9-70.,"1""DR,IMPACT,70MM,2.3/4,6PT",بيت دباب (سوكيت) كبير بقياس 70مم ودرفلة 1 بوصة و6 أضلاع.,1.0,EA,466.0,466.0,MOMENT,SWEDEN,400,متوسط,estimated from category benchmark (large 1in drive impact sockets),https://www.amazon.com/1-inch-drive-impact-socket-set/s?k=1+inch+drive+impact+socket+set,سوكيت دباب كبير بمقاس 70مم ودرفلة 1 بوصة أعلى سعراً من المقاسات الأصغر لثقل الحديد المستخدم.,True,False
63,1793,2-50L,"3/4DR,IMPACT,50MM,LONG,6PT",مقبس صدم طويل مقاس 30 مم بستة أضلاع لقياس دفع 1/2 بوصة.,2.0,EA,285.0,570.0,MOMENT,SWEDEN,55,متوسط,مرجع فئة مقابس الصدم (مقارنة مع بروتو),http://www.protoindustrial.com/en/industrial-tools/PROTO/Impact-Sockets/Impact-Sockets-Individual/1c636cac-f382-440f-addc-45907e3bfeea_Proto%C2%AE-3%7C4%22-Drive-Impact-Sockets---12-Point/J07515T_Proto%C2%AE-3%7C4%22-Drive-Impact-Socket-15%7C16%22---12-Point,مقبس صدم طويل مقاس 30مم ذو 6 أضلاع وقياس دفع 1/2 بوصة يقع ضمن نطاق أسعار المقاسات المتوسطة لمقابس الصدم الصناعية المشابهة من ماركات معروفة.,True,False
63,1794,9-46.,"1""DR.IMPACT,46MM,6PT,SH",جوزة صدمة دق 3/4 إنش مقاس 60مم قصيرة سداسية من موومنت.,1.0,EA,133.0,133.0,MOMENT,SWEDEN,260,منخفض,"SK Tools – 3/4"" drive impact sockets benchmark",https://sktools.com/collections/impact-sockets-sets-drive-tools/3-4,سعر تقديري لجوزة صدمة دق 3/4 إنش مقاس 60مم كبيرة الحجم استنادًا إلى أسعار الجوز الكبيرة المماثلة.,True,False
63,1795,2-36.,"3/4DR,IMPACT,36MM,SH.6PT",مقبس صدم أسود مقاس 26 ملم، 6 أضلاع، لقياس دفع 1/2 بوصة.,1.0,EA,110.0,110.0,MOMENT,SWEDEN,140,متوسط,مرجع فئة مقابس الصدم,http://www.protoindustrial.com/en/industrial-tools/PROTO/Impact-Sockets/Impact-Sockets-Individual/1c636cac-f382-440f-addc-45907e3bfeea_Proto%C2%AE-3%7C4%22-Drive-Impact-Sockets---12-Point/J07515T_Proto%C2%AE-3%7C4%22-Drive-Impact-Socket-15%7C16%22---12-Point,مقبس صدم متوسط الحجم (26مم) لقياس دفع 1/2 بوصة، ويقع ضمن النطاق السعري المعتاد لمقابس هذا القياس من ماركات صناعية مشابهة.,True,False
63,1796,2-46.,"3/4DR,IMPACT,46MM,6PT,LONG",بوكس صدمي طويل مقاس 33 مم بمقبض 3/4 بوصة من مومنت.,2.0,EA,155.0,310.0,MOMENT,SWEDEN,160,متوسط,Momento - impact sockets category,https://www.momento.se/impact-sockets,البوكسات الصدمية الطويلة بمقبض 3/4 بوصة من هذه الفئة تُباع عادة بين 35-55 دولاراً.,True,False
63,1797,2-34L,"3/4DR,IMPACT,34MM,SH.6PT",مقبس صدم أسود مقاس 26 ملم، 6 أضلاع، لقياس دفع 1/2 بوصة.,5.0,EA,125.0,625.0,MOMENT,SWEDEN,140,متوسط,مرجع فئة مقابس الصدم,http://www.protoindustrial.com/en/industrial-tools/PROTO/Impact-Sockets/Impact-Sockets-Individual/1c636cac-f382-440f-addc-45907e3bfeea_Proto%C2%AE-3%7C4%22-Drive-Impact-Sockets---12-Point/J07515T_Proto%C2%AE-3%7C4%22-Drive-Impact-Socket-15%7C16%22---12-Point,مقبس صدم متوسط الحجم (26مم) لقياس دفع 1/2 بوصة، ويقع ضمن النطاق السعري المعتاد لمقابس هذا القياس من ماركات صناعية مشابهة.,True,False
63,1798,2-38L,"3/4DR.IMPACT,38MM,LONG,6PT",قطعة دباشة طويلة مقاس 38مم لمفتاح دريل 3/4 بوصة.,2.0,EA,165.0,330.0,MOMENT,SWEDEN,170,متوسط,Integrated Manufacturing & Supply,https://shop.intmfg.com/products/momento-metric-double-hex-impact-socket-a,قطعة دباشة طويلة مقاس 38مم عيار 3/4 بوصة تقدر وفق أسعار القطع الطويلة المماثلة.,True,False
63,1799,4-30L,"1/2DR,IMPACT,30MM,LONG,6PT",مقبس صدم طويل مقاس 30 مم بستة أضلاع لقياس دفع 1/2 بوصة.,19.0,EA,100.0,1900.0,MOMENT,SWEDEN,55,متوسط,مرجع فئة مقابس الصدم (مقارنة مع بروتو),http://www.protoindustrial.com/en/industrial-tools/PROTO/Impact-Sockets/Impact-Sockets-Individual/1c636cac-f382-440f-addc-45907e3bfeea_Proto%C2%AE-3%7C4%22-Drive-Impact-Sockets---12-Point/J07515T_Proto%C2%AE-3%7C4%22-Drive-Impact-Socket-15%7C16%22---12-Point,مقبس صدم طويل مقاس 30مم ذو 6 أضلاع وقياس دفع 1/2 بوصة يقع ضمن نطاق أسعار المقاسات المتوسطة لمقابس الصدم الصناعية المشابهة من ماركات معروفة.,True,False
63,1800,4-19.,"1/2DR,IMPACT,19MM,SH.6PT",مقبس صدم أسود مقاس 26 ملم، 6 أضلاع، لقياس دفع 1/2 بوصة.,18.0,EA,28.0,504.0,MOMENT,SWEDEN,140,متوسط,مرجع فئة مقابس الصدم,http://www.protoindustrial.com/en/industrial-tools/PROTO/Impact-Sockets/Impact-Sockets-Individual/1c636cac-f382-440f-addc-45907e3bfeea_Proto%C2%AE-3%7C4%22-Drive-Impact-Sockets---12-Point/J07515T_Proto%C2%AE-3%7C4%22-Drive-Impact-Socket-15%7C16%22---12-Point,مقبس صدم متوسط الحجم (26مم) لقياس دفع 1/2 بوصة، ويقع ضمن النطاق السعري المعتاد لمقابس هذا القياس من ماركات صناعية مشابهة.,True,False
64,1801,45-15L,"1/2DR,IMPACT,15MM.LONG,6PT",بيت دباب (سوكيت) طويل بقياسة درفلة 1/2 بوصة و6 أضلاع بمقاس 15مم.,20.0,EA,35.0,700.0,MOMENT,SWEDEN,40,متوسط,estimated from category benchmark (1/2in drive impact sockets),https://www.amazon.com/Drive-Deep-Impact-Socket-Point/dp/B0026HGZ2W,سوكيت دباب طويل بمقاس 15مم ودرفلة 1/2 بوصة ضمن نطاق أسعار السوكيتات الطويلة الصغيرة.,True,False
64,1802,4-10.,"1/2DR,IMPACT,30MM,SH,6PT",دقشة (سوكيت) هوائية مقاس 30 مم لمفتاح 1/2 بوصة سداسية الرؤوس من مومنت.,16.0,EA,38.0,608.0,MOMENT,SWEDEN,90,متوسط,Amazon.com (Wright Tool 30mm impact socket),https://www.amazon.com/Wright-Tool-48-30MM-6-Point-Standard/dp/B002FCRFAO,دقشات هوائية مماثلة بمقاس 30 مم وقياس 1/2 بوصة من علامات أمريكية معروفة متوفرة في هذا النطاق السعري، ويمثل عائلة من 3 مقاسات.,True,False
64,1803,6D6K50,"1""DR,IMPACT,12PT,50MM,",بريمة دفع 1 بوصة مقاس 50 مم 12 سن من مومنت.,1.0,EA,235.0,235.0,MOMENT,SWEDEN,180,منخفض,estimated from category benchmark,https://www.noon.com/saudi-en/tools-and-home-improvement/power-and-hand-tools/power-hand-tool-accessories/sockets-and-socket-sets/,بريمة دفع بوصة كاملة مقاس 50مم 12 سن كبيرة الحجم فسعرها أعلى من المقاسات الصغيرة.,True,False
64,1804,9-48.,"1""DR,IMPACT,48MM,6PT,SH",بوكس صدمي مقاس 50 مم بمقبض 3/4 بوصة من مومنت.,2.0,EA,175.0,350.0,MOMENT,SWEDEN,245,متوسط,Momento - impact sockets category,https://www.momento.se/impact-sockets,البوكسات الصدمية بمقبض 3/4 بوصة من هذه الفئة تُباع عادة بين 50-80 دولاراً.,True,False
64,1805,4-30L,"1/2DR,IMPACT,30MM,LONG1.3/16",مقبس هوائي طويل مقاس 1/2 بوصة 30مم من ماركة MOMENT.,1.0,EA,42.0,42.0,MOMENT,SWEDEN,70,منخفض,rodavigo.net (Palmera tools distributor),https://rodavigo.net/en/p/torx-impact-12-socket-12-e24-tx-palmera/50002646240,سعر تقديري لمقبس صدم طويل كبير المقاس بناءً على أسعار مقابس مماثلة من نفس الفئة.,True,False
64,1806,4-17.,"1/2DR,IMPACT,17MM,6PT,SH.",بوكس صدمي مقاس 50 مم بمقبض 3/4 بوصة من مومنت.,19.0,EA,28.0,532.0,MOMENT,SWEDEN,245,متوسط,Momento - impact sockets category,https://www.momento.se/impact-sockets,البوكسات الصدمية بمقبض 3/4 بوصة من هذه الفئة تُباع عادة بين 50-80 دولاراً.,True,True
64,1807,4-29.,"1/2DR,IMPACT,29MM,SH,6PT",دقشة (سوكيت) هوائية مقاس 30 مم لمفتاح 1/2 بوصة سداسية الرؤوس من مومنت.,20.0,EA,33.0,660.0,MOMENT,SWEDEN,90,متوسط,Amazon.com (Wright Tool 30mm impact socket),https://www.amazon.com/Wright-Tool-48-30MM-6-Point-Standard/dp/B002FCRFAO,دقشات هوائية مماثلة بمقاس 30 مم وقياس 1/2 بوصة من علامات أمريكية معروفة متوفرة في هذا النطاق السعري، ويمثل عائلة من 3 مقاسات.,True,False
64,1808,4-32.,"1/2DR,IMPACT,32MM,6PT,SH",بوكس صدمي مقاس 50 مم بمقبض 3/4 بوصة من مومنت.,18.0,EA,38.0,684.0,MOMENT,SWEDEN,245,متوسط,Momento - impact sockets category,https://www.momento.se/impact-sockets,البوكسات الصدمية بمقبض 3/4 بوصة من هذه الفئة تُباع عادة بين 50-80 دولاراً.,True,False
64,1809,2-19L,"3/4DR.IMPACT,19MM=3/4.6PT,LONG",دقشة هوائية طويلة مقاس 19 مم لمفتاح 3/4 بوصة سداسية الرؤوس من مومنت.,17.0,EA,110.0,1870.0,MOMENT,SWEDEN,120,منخفض,تقدير حسب فئة المنتج,https://www.amazon.com/s?k=3/4+drive+impact+socket+19mm+long,دقشات المفتاح 3/4 بوصة الطويلة أعلى سعرًا من الدقشات القياسية بسبب حجمها ومتانتها.,True,False
64,1810,4-21L,"1/2DR,IMPACT,21MM,6PT,LONG",بوكس صدمي طويل مقاس 33 مم بمقبض 3/4 بوصة من مومنت.,2.0,EA,35.0,70.0,MOMENT,SWEDEN,160,متوسط,Momento - impact sockets category,https://www.momento.se/impact-sockets,البوكسات الصدمية الطويلة بمقبض 3/4 بوصة من هذه الفئة تُباع عادة بين 35-55 دولاراً.,True,False
64,1811,4-17L,"1/2DR,IMPACT,21MM,6PT,LONG",بوكس صدمي طويل مقاس 33 مم بمقبض 3/4 بوصة من مومنت.,13.0,EA,38.0,494.0,MOMENT,SWEDEN,160,متوسط,Momento - impact sockets category,https://www.momento.se/impact-sockets,البوكسات الصدمية الطويلة بمقبض 3/4 بوصة من هذه الفئة تُباع عادة بين 35-55 دولاراً.,True,False
64,1812,4-23L,"1/2DR,IMPACT,23MM,6PT,LONG",بوكس صدمي طويل مقاس 33 مم بمقبض 3/4 بوصة من مومنت.,19.0,EA,38.0,722.0,MOMENT,SWEDEN,160,متوسط,Momento - impact sockets category,https://www.momento.se/impact-sockets,البوكسات الصدمية الطويلة بمقبض 3/4 بوصة من هذه الفئة تُباع عادة بين 35-55 دولاراً.,True,False
64,1813,2-34L,"3/4DR,IMPACT,34MM,LONG,6PT,",جوزة (بيضة) صدمة دق 3/4 إنش مقاس 34مم طويلة سداسية من موومنت.,8.0,EA,118.0,944.0,MOMENT,SWEDEN,160,منخفض,"SK Tools – 3/4"" drive impact sockets benchmark",https://sktools.com/collections/impact-sockets-sets-drive-tools/3-4,سعر تقديري لجوزة (بيضة) دربكن دق 3/4 إنش مقاس 34مم طويلة استنادًا إلى أسعار الجوز الصناعية المماثلة الحجم.,True,False
64,1814,4-21L,"1/2DR,IMPACT,21MM,LONG,6PT",مقبس صدم طويل مقاس 30 مم بستة أضلاع لقياس دفع 1/2 بوصة.,15.0,EA,45.0,675.0,MOMENT,SWEDEN,55,متوسط,مرجع فئة مقابس الصدم (مقارنة مع بروتو),http://www.protoindustrial.com/en/industrial-tools/PROTO/Impact-Sockets/Impact-Sockets-Individual/1c636cac-f382-440f-addc-45907e3bfeea_Proto%C2%AE-3%7C4%22-Drive-Impact-Sockets---12-Point/J07515T_Proto%C2%AE-3%7C4%22-Drive-Impact-Socket-15%7C16%22---12-Point,مقبس صدم طويل مقاس 30مم ذو 6 أضلاع وقياس دفع 1/2 بوصة يقع ضمن نطاق أسعار المقاسات المتوسطة لمقابس الصدم الصناعية المشابهة من ماركات معروفة.,True,False
64,1815,4-32.,"1/2DR,IMPACT,32MM,SH,6PT,",مقبس هوائي قصير مقاس 1/2 بوصة 32مم من ماركة MOMENT.,1.0,EA,43.0,43.0,MOMENT,SWEDEN,65,منخفض,rodavigo.net (Palmera tools distributor),https://rodavigo.net/en/p/torx-impact-12-socket-12-e24-tx-palmera/50002646240,سعر تقديري لمقبس صدم قصير كبير المقاس بناءً على أسعار مقابس مماثلة من نفس الفئة.,True,False
64,1816,4-15.,"1/2DR,IMPACT,15MM,6PT,SH",بوكس صدمي مقاس 50 مم بمقبض 3/4 بوصة من مومنت.,19.0,EA,23.0,437.0,MOMENT,SWEDEN,245,متوسط,Momento - impact sockets category,https://www.momento.se/impact-sockets,البوكسات الصدمية بمقبض 3/4 بوصة من هذه الفئة تُباع عادة بين 50-80 دولاراً.,True,True
64,1817,4-28.,"1/2DR,IMPACT,28MM SIZE,6PT.SH",بوكس صدمي مقاس 28 مم بمقبض 1/2 بوصة من مومنت.,1.0,EA,35.0,35.0,MOMENT,SWEDEN,95,متوسط,Momento - impact sockets category,https://www.momento.se/impact-sockets,البوكسات الصدمية بمقبض 1/2 بوصة من هذه الفئة تُباع عادة بين 20-30 دولاراً.,True,False
64,1818,4-23.,"1/2DR,IMPACT,23MM,SH.6PT",مقبس صدم أسود مقاس 26 ملم، 6 أضلاع، لقياس دفع 1/2 بوصة.,2.0,EA,25.0,50.0,MOMENT,SWEDEN,140,متوسط,مرجع فئة مقابس الصدم,http://www.protoindustrial.com/en/industrial-tools/PROTO/Impact-Sockets/Impact-Sockets-Individual/1c636cac-f382-440f-addc-45907e3bfeea_Proto%C2%AE-3%7C4%22-Drive-Impact-Sockets---12-Point/J07515T_Proto%C2%AE-3%7C4%22-Drive-Impact-Socket-15%7C16%22---12-Point,مقبس صدم متوسط الحجم (26مم) لقياس دفع 1/2 بوصة، ويقع ضمن النطاق السعري المعتاد لمقابس هذا القياس من ماركات صناعية مشابهة.,True,False
64,1819,4-18.,"1/2DR,IMPACT,18MM,6PT,SH",بوكس صدمي مقاس 50 مم بمقبض 3/4 بوصة من مومنت.,1.0,EA,21.0,21.0,MOMENT,SWEDEN,245,متوسط,Momento - impact sockets category,https://www.momento.se/impact-sockets,البوكسات الصدمية بمقبض 3/4 بوصة من هذه الفئة تُباع عادة بين 50-80 دولاراً.,True,True
64,1820,4-26.,"1/2DR,IMPACT,26MM,SH.6PT",مقبس صدم أسود مقاس 26 ملم، 6 أضلاع، لقياس دفع 1/2 بوصة.,1.0,EA,25.0,25.0,MOMENT,SWEDEN,140,متوسط,مرجع فئة مقابس الصدم,http://www.protoindustrial.com/en/industrial-tools/PROTO/Impact-Sockets/Impact-Sockets-Individual/1c636cac-f382-440f-addc-45907e3bfeea_Proto%C2%AE-3%7C4%22-Drive-Impact-Sockets---12-Point/J07515T_Proto%C2%AE-3%7C4%22-Drive-Impact-Socket-15%7C16%22---12-Point,مقبس صدم متوسط الحجم (26مم) لقياس دفع 1/2 بوصة، ويقع ضمن النطاق السعري المعتاد لمقابس هذا القياس من ماركات صناعية مشابهة.,True,False
64,1821,2-33L,"3/4DR,IMPACT,33MM,6PT,LONG",بوكس صدمي طويل مقاس 33 مم بمقبض 3/4 بوصة من مومنت.,16.0,EA,118.0,1888.0,MOMENT,SWEDEN,160,متوسط,Momento - impact sockets category,https://www.momento.se/impact-sockets,البوكسات الصدمية الطويلة بمقبض 3/4 بوصة من هذه الفئة تُباع عادة بين 35-55 دولاراً.,True,False
64,1822,4-20L,"1/2DR,IMPACT,6PT,20MM.LONG",بريمة دفع 1/2 بوصة مقاس 20 مم سداسية طويلة.,7.0,EA,35.0,245.0,MOMENT,SWEDEN,30,منخفض,estimated from category benchmark,https://www.noon.com/saudi-en/tools-and-home-improvement/power-and-hand-tools/power-hand-tool-accessories/sockets-and-socket-sets/,بريمة دفع 1/2 بوصة مقاس 20مم سداسية طويلة سعرها متوسط ضمن فئة البريمات.,True,False
64,1823,4-30.,"1/2DR,IMPACT,30MM,SH,6PT",دقشة (سوكيت) هوائية مقاس 30 مم لمفتاح 1/2 بوصة سداسية الرؤوس من مومنت.,20.0,EA,38.0,760.0,MOMENT,SWEDEN,90,متوسط,Amazon.com (Wright Tool 30mm impact socket),https://www.amazon.com/Wright-Tool-48-30MM-6-Point-Standard/dp/B002FCRFAO,دقشات هوائية مماثلة بمقاس 30 مم وقياس 1/2 بوصة من علامات أمريكية معروفة متوفرة في هذا النطاق السعري، ويمثل عائلة من 3 مقاسات.,True,False
64,1824,4-13L,"1/2DR,IMPACT,13MM,LONG,6PT",مقبس صدم طويل مقاس 30 مم بستة أضلاع لقياس دفع 1/2 بوصة.,12.0,EA,23.0,276.0,MOMENT,SWEDEN,55,متوسط,مرجع فئة مقابس الصدم (مقارنة مع بروتو),http://www.protoindustrial.com/en/industrial-tools/PROTO/Impact-Sockets/Impact-Sockets-Individual/1c636cac-f382-440f-addc-45907e3bfeea_Proto%C2%AE-3%7C4%22-Drive-Impact-Sockets---12-Point/J07515T_Proto%C2%AE-3%7C4%22-Drive-Impact-Socket-15%7C16%22---12-Point,مقبس صدم طويل مقاس 30مم ذو 6 أضلاع وقياس دفع 1/2 بوصة يقع ضمن نطاق أسعار المقاسات المتوسطة لمقابس الصدم الصناعية المشابهة من ماركات معروفة.,True,False
64,1825,4-17L,"1/2DR.IMPACT,17MM,LONG,6PT.SH",قطعة دباشة هوائية طويلة مقاس 17مم لمفتاح دريل 1/2 بوصة.,19.0,EA,21.0,399.0,MOMENT,SWEDEN,85,متوسط,Integrated Manufacturing & Supply,https://shop.intmfg.com/products/momento-metric-double-hex-impact-socket-a,قطعة دباشة طويلة مقاس 17مم عيار 1/2 بوصة تقدر وفق أسعار مثيلاتها من قطع الدباشة الطويلة.,True,False
64,1826,4-22.,"1/2DR,IMPACT,22MM,SH.6PT",مقبس صدم أسود مقاس 26 ملم، 6 أضلاع، لقياس دفع 1/2 بوصة.,20.0,EA,32.0,640.0,MOMENT,SWEDEN,140,متوسط,مرجع فئة مقابس الصدم,http://www.protoindustrial.com/en/industrial-tools/PROTO/Impact-Sockets/Impact-Sockets-Individual/1c636cac-f382-440f-addc-45907e3bfeea_Proto%C2%AE-3%7C4%22-Drive-Impact-Sockets---12-Point/J07515T_Proto%C2%AE-3%7C4%22-Drive-Impact-Socket-15%7C16%22---12-Point,مقبس صدم متوسط الحجم (26مم) لقياس دفع 1/2 بوصة، ويقع ضمن النطاق السعري المعتاد لمقابس هذا القياس من ماركات صناعية مشابهة.,True,False
64,1827,4-18.,"1/2DR,IMPACT,18MM,SH.6PT,",قطعة دباشة هوائية مقاس 18مم لمفتاح دريل 1/2 بوصة.,17.0,EA,23.0,391.0,MOMENT,SWEDEN,85,متوسط,Integrated Manufacturing & Supply,https://shop.intmfg.com/products/momento-metric-double-hex-impact-socket-a,قطعة دباشة مقاس 18مم عيار 1/2 بوصة تقدر بنفس نطاق أسعار القطع المماثلة.,True,False
64,1828,4-26.,"1/2DR,IMPACT,26MM,SH.6PT",مقبس صدم أسود مقاس 26 ملم، 6 أضلاع، لقياس دفع 1/2 بوصة.,23.0,EA,40.0,920.0,MOMENT,SWEDEN,140,متوسط,مرجع فئة مقابس الصدم,http://www.protoindustrial.com/en/industrial-tools/PROTO/Impact-Sockets/Impact-Sockets-Individual/1c636cac-f382-440f-addc-45907e3bfeea_Proto%C2%AE-3%7C4%22-Drive-Impact-Sockets---12-Point/J07515T_Proto%C2%AE-3%7C4%22-Drive-Impact-Socket-15%7C16%22---12-Point,مقبس صدم متوسط الحجم (26مم) لقياس دفع 1/2 بوصة، ويقع ضمن النطاق السعري المعتاد لمقابس هذا القياس من ماركات صناعية مشابهة.,True,False
64,2498,10006,RECHARGABLE LIGHT كىيناكيم ةبمل,مصباح فحص ميكانيكي قابل لإعادة الشحن.,7.0,EA,180.0,1260.0,N.ELECTRI,USA,60,منخفض,تقدير عام لمصابيح الفحص القابلة للشحن,"https://www.amazon.sa/-/en/DIY-Tools-Draper/s?rh=n:12463390031,p_89:Draper",المصابيح الميكانيكية القابلة للشحن من فئة الأسعار المتوسطة الدنيا.,True,False
64,2499,10001,CIRCUIT TESTER-NATIONAL ELECTRIC سايق زاهج ةرئادلا,جهاز بسيط لاختبار الدوائر الكهربائية.,6.0,EA,80.0,480.0,N.ELECTRI,USA,30,متوسط,تقدير عام لأجهزة اختبار الدوائر الكهربائية البسيطة,https://www.noon.com/saudi-en/tools-and-home-improvement/electrical-16287/testers/,جهاز اختبار دائرة كهربائية بسيط يقارن بأسعار أدوات الفحص الكهربائي الاقتصادية.,True,False
64,2598,H212002,WERNER BA1000HARNESS -USAناما مازح,حزام أمان (هارنس) كامل الجسم من ماركة WERNER الأمريكية.,0.0,EA,390.0,0.0,NATIONA,USA,280,منخفض,estimated from category benchmark,https://www.amazon.sa/-/en/b?ie=UTF8&node=16620999031,سعر تقديري لحزام أمان كامل الجسم بالاستناد إلى أسعار معدات السلامة من ماركة WERNER الأمريكية المماثلة.,True,False
64,2599,T6111/6FTAF,HONEYWELL LANYARD-MEXICOناما عفر لبح,حبل رفع أمان (Safety Lanyard) من هانيويل، صناعة مكسيكية.,2.0,EA,250.0,500.0,NATIONA,USA,150,متوسط,estimated from category benchmark (Honeywell Miller lanyards),https://mdttools.com/shop/,سعر تقديري لحبل رفع أمان (لانيارد) صناعة هانيويل بمقارنته بأحبال السلامة المماثلة المستوردة من المكسيك.,True,False
65,2600,T5121-Z,HONEYWELL LANYARD-MEXICOناما عفر لبح,حبل رفع أمان (Safety Lanyard) من هانيويل، صناعة مكسيكية.,1.0,EA,280.0,280.0,NATIONA,USA,150,متوسط,estimated from category benchmark (Honeywell Miller lanyards),https://mdttools.com/shop/,سعر تقديري لحبل رفع أمان (لانيارد) صناعة هانيويل بمقارنته بأحبال السلامة المماثلة المستوردة من المكسيك.,True,False
65,2601,H432002,WERNER HARNESS -USAناما مازح,حزام أمان (سلامة) كامل الجسم يستخدم للعمل في المرتفعات.,3.0,EA,250.0,750.0,NATIONA,USA,280,متوسط,estimated from category benchmark (Werner USA),https://www.amazon.com/s?k=werner+full+body+harness,حزام أمان كامل الجسم من نوع Werner الأمريكية يقع ضمن نطاق أسعار أحزمة السلامة القياسية.,True,False
65,2602,216TWLS,HONEY WELL LANYARD-MEXICOنامل عفر لبح,حبل سلامة (لانيارد) يستخدم في معدات الحماية من السقوط.,2.0,EA,170.0,340.0,NATIONA,USA,110,متوسط,استدلال من فئة حبال السلامة (لانيارد),https://www.amazon.com/,حبل سلامة (لانيارد) من هانيويل يقدر وفق أسعار معدات السلامة من الارتفاعات المماثلة.,True,False
65,2633,SOK14/16HD,PHASE TESTER زافلا سايق,جهاز اختبار الطور الكهربائي (فيز تستر).,1.0,EA,110.0,110.0,NEWTECH,UNKNOWN,18,متوسط,Anaum Trading - Voltage Detectors,https://anaum.sa.com/collections/voltage-detector,جهاز اختبار الطور (فيز تستر) بسيط منخفض التكلفة.,True,False
65,2250,21902,END CUTTER ةعاطق,أداة قص طرفية (End Cutter) من نيكلسون.,6.0,EA,135.0,810.0,NICHLSON,USA,70,منخفض,estimated from category benchmark,https://mdttools.com/shop/,سعر تقديري لأداة قص طرفية (End Cutter) من نيكلسون بناءً على أسعار أدوات القص اليدوية المماثلة.,True,False
65,2533,232102NB,NUT SPANNER ةبح سار كفم,مفتاح صغير لفك وتركيب رؤوس الصواميل.,2.0,SET,110.0,220.0,NICHOLSO,USA,15,منخفض,estimated from category benchmark,https://www.amazon.sa/-/en/b?ie=UTF8&node=16620587031,مفتاح صواميل صغير من نيكلسون منخفض الثمن ضمن فئة المفاتيح البسيطة.,True,True
65,1829,2038-200,"NWS 8"" ADJUST.WRENCH لوزعم ةنابس",مفتاح إنجليزي قابل للتعديل معزول 1000 فولت بطول 8 بوصة من إن دبليو إس.,16.0,,250.0,4000.0,NWS,GERMANY,450,متوسط,NWS Tools - insulated wrench shop,https://shop.nws-tools.de/en/adjustable-wrench-1000v.html,المفاتيح المعزولة القابلة للتعديل من علامات منافسة مشابهة (Pro'sKit) تُباع بحوالي 91 دولاراً، وNWS كعلامة ألمانية أعلى جودة يُقدّر سعرها أعلى قليلاً.,True,False
65,1830,2020-6-80,"NWS 6MM,O/E لوزعم حاتفم",مفتاح شق مفرد معزول 1000 فولت مقاس 32 مم من إن دبليو إس.,16.0,,110.0,1760.0,NWS,GERMANY,320,متوسط,NWS Tools - adjustable/insulated wrench shop,https://shop.nws-tools.de/en/adjustable-wrench-1000v.html,المفاتيح المعزولة الكبيرة من NWS بمقاسات مشابهة تُباع بين 60-90 يورو نظراً لحجمها الكبير.,True,False
65,1831,2038-300,"NWS 12""-ADJUST.WR. لوزعم ةنابس",مفتاح إنجليزي قابل للتعديل معزول كهربائياً مقاس 12 بوصة.,1.0,,350.0,350.0,NWS,GERMANY,200,متوسط,Amazon.com (NWS 2038-300),https://www.amazon.com/NWS-2038-300-12-Adjustable-Wrench/dp/B00725A4CU,مفتاح قابل للتعديل معزول بمعيار VDE مقاس 12 بوصة من NWS الألمانية يقدر بسعر مرتفع مقارنة بالمفاتيح غير المعزولة.,True,False
65,1832,2020-32-260,"NWS 32MM,O/E لوزعم حاتفم",مفتاح شق مفرد معزول 1000 فولت مقاس 32 مم من إن دبليو إس.,9.0,,350.0,3150.0,NWS,GERMANY,320,متوسط,NWS Tools - adjustable/insulated wrench shop,https://shop.nws-tools.de/en/adjustable-wrench-1000v.html,المفاتيح المعزولة الكبيرة من NWS بمقاسات مشابهة تُباع بين 60-90 يورو نظراً لحجمها الكبير.,True,False
65,1833,2038-250,"NWS 10""ADJUST.WRENCH لوزعم ةنابس",مفتاح إنجليزي قابل للتعديل معزول 1000 فولت بطول 8 بوصة من إن دبليو إس.,1.0,EA,330.0,330.0,NWS,GERMANY,450,متوسط,NWS Tools - insulated wrench shop,https://shop.nws-tools.de/en/adjustable-wrench-1000v.html,المفاتيح المعزولة القابلة للتعديل من علامات منافسة مشابهة (Pro'sKit) تُباع بحوالي 91 دولاراً، وNWS كعلامة ألمانية أعلى جودة يُقدّر سعرها أعلى قليلاً.,True,False
65,1834,2013-8,NWS SKT 8MM ةلوزعم ةبح,بوكس معزول 1000 فولت مقاس 9 مم من إن دبليو إس.,19.0,,100.0,1900.0,NWS,GERMANY,75,متوسط,NWS Tools official shop,https://shop.nws-tools.de/,البوكسات المعزولة المفردة الصغيرة من NWS تُباع عادة بين 15-25 يورو.,True,False
65,1835,2013-9,NWS SKT 9MM ةلوزعم ةبح,بوكس معزول 1000 فولت مقاس 9 مم من إن دبليو إس.,19.0,,110.0,2090.0,NWS,GERMANY,75,متوسط,NWS Tools official shop,https://shop.nws-tools.de/,البوكسات المعزولة المفردة الصغيرة من NWS تُباع عادة بين 15-25 يورو.,True,False
65,1836,2018-3-130,nws allen 3mm لوزعم كى نلا,مفتاح ألن (سداسي) معزول كهربائياً مقاس 6 ملم من NWS.,23.0,,50.0,1150.0,NWS,GERMANY,75,متوسط,NWS Store (مرجع عام للماركة),https://store.nwsnext.com/,مفتاح ألن سداسي معزول كهربائياً مقاس 6مم من NWS الألمانية، وهذه الفئة من الأدوات المعزولة الصغيرة تُباع عادة بين 15-25 دولاراً أمريكياً.,True,False
65,1837,2018-6-140,nws allen 6mm لوزعم كى نلا,مفتاح ألن (سداسي) معزول كهربائياً مقاس 6 ملم من NWS.,15.0,,90.0,1350.0,NWS,GERMANY,75,متوسط,NWS Store (مرجع عام للماركة),https://store.nwsnext.com/,مفتاح ألن سداسي معزول كهربائياً مقاس 6مم من NWS الألمانية، وهذه الفئة من الأدوات المعزولة الصغيرة تُباع عادة بين 15-25 دولاراً أمريكياً.,True,False
65,1838,2018-3-130,allen key 3mm لوزعم كى نلا,مفتاح ألين (سداسي) معزول 1000 فولت مقاس 6 مم من إن دبليو إس.,29.0,PC,48.0,1392.0,NWS,GERMANY,60,متوسط,NWS Tools official shop,https://shop.nws-tools.de/,مفاتيح الألين المعزولة المفردة من NWS تُباع عادة بين 12-18 يورو.,True,False
65,1839,2018-4-120,allen key 4mm لوزعم كى نلا,مفتاح ألين (سداسي) معزول 1000 فولت مقاس 6 مم من إن دبليو إس.,5.0,PC,48.0,240.0,NWS,GERMANY,60,متوسط,NWS Tools official shop,https://shop.nws-tools.de/,مفاتيح الألين المعزولة المفردة من NWS تُباع عادة بين 12-18 يورو.,True,False
65,1840,2018-5-140,allen key 5mm لوزعم كى نلا,مفتاح ألين (سداسي) معزول 1000 فولت مقاس 6 مم من إن دبليو إس.,0.0,PC,58.0,0.0,NWS,GERMANY,60,متوسط,NWS Tools official shop,https://shop.nws-tools.de/,مفاتيح الألين المعزولة المفردة من NWS تُباع عادة بين 12-18 يورو.,True,False
65,1841,2018-6-140,allen key 6mm لوزعم كى نلا,مفتاح ألين (سداسي) معزول 1000 فولت مقاس 6 مم من إن دبليو إس.,23.0,PC,65.0,1495.0,NWS,GERMANY,60,متوسط,NWS Tools official shop,https://shop.nws-tools.de/,مفاتيح الألين المعزولة المفردة من NWS تُباع عادة بين 12-18 يورو.,True,False
65,1842,2018-8-150,allen key 8mm لوزعم كى نلا,مفتاح ألين (سداسي) معزول 1000 فولت مقاس 6 مم من إن دبليو إس.,4.0,PC,70.0,280.0,NWS,GERMANY,60,متوسط,NWS Tools official shop,https://shop.nws-tools.de/,مفاتيح الألين المعزولة المفردة من NWS تُباع عادة بين 12-18 يورو.,True,False
65,1843,2018-10-220,allen key 10mm لوزعم كى نلا,مفتاح ألين (سداسي) معزول 1000 فولت مقاس 6 مم من إن دبليو إس.,4.0,PC,75.0,300.0,NWS,GERMANY,60,متوسط,NWS Tools official shop,https://shop.nws-tools.de/,مفاتيح الألين المعزولة المفردة من NWS تُباع عادة بين 12-18 يورو.,True,False
65,1844,2018-12-260,allen key 12mm لوزعم كى نلا,مفتاح ألين (سداسي) معزول 1000 فولت مقاس 6 مم من إن دبليو إس.,1.0,PC,90.0,90.0,NWS,GERMANY,60,متوسط,NWS Tools official shop,https://shop.nws-tools.de/,مفاتيح الألين المعزولة المفردة من NWS تُباع عادة بين 12-18 يورو.,True,False
65,1845,2021-30-290,RING SPANNER 30MM لوزعم موتحم حاتفم,مفتاح ربط حلقي معزول كهربائياً مقاس 30 ملم من ماركة NWS.,10.0,PC,245.0,2450.0,NWS,GERMANY,360,متوسط,NWS Store (نموذج مشابه 22 ملم),https://store.nwsnext.com/itl-22mm-insulated-offset-ring-spanner.html,مفتاح حلقي معزول مقاس 30مم من NWS، وهو قريب من مقاس 32مم الموجود في نفس النطاق ويتوقع سعر قريب منه.,True,False
65,1846,2021-32-290,RING SPANNER 32MM موتخم لوزعم حاتفم,مفتاح حلقي معزول كهربائياً مقاس 32 ملم من ماركة NWS الألمانية.,10.0,PC,295.0,2950.0,NWS,GERMANY,380,متوسط,NWS Store (نموذج مشابه 22 ملم),https://store.nwsnext.com/itl-22mm-insulated-offset-ring-spanner.html,مفاتيح NWS المعزولة كهربائياً بمقاس 22مم تُباع بحوالي 68 دولاراً أمريكياً، والمقاس الأكبر (32مم) المطلوب هنا يُتوقع أن يكون أعلى سعراً بسبب زيادة الحجم.,True,False
65,1847,2038-200,ADJASTABLE SPANNER 200MM لوزعم ةنابس,مفتاح فرنساوي (قابل للتعديل) معزول بطول 200 مم من علامة NWS الألمانية.,16.0,PC,285.0,4560.0,NWS,GERMANY,190,مرتفع,ChadsToolbox / Mektronics (NWS 2038-200 قائمة فعلية),https://chadstoolbox.com/nws-171-52-200-adjustable-wrench-200-mm/,تم العثور على مفتاح فرنساوي مشابه جدًا من نفس العلامة NWS بمقاس 200 مم بسعر فعلي بين 39-51 دولارًا أمريكيًا في السوق الأمريكي.,True,False
65,1848,2038-250,ADJASTABLE SPANNER 250MM لوزعم ةنابس,مفتاح فرنساوي (قابل للتعديل) معزول بطول 200 مم من علامة NWS الألمانية.,1.0,PC,320.0,320.0,NWS,GERMANY,190,مرتفع,ChadsToolbox / Mektronics (NWS 2038-200 قائمة فعلية),https://chadstoolbox.com/nws-171-52-200-adjustable-wrench-200-mm/,تم العثور على مفتاح فرنساوي مشابه جدًا من نفس العلامة NWS بمقاس 200 مم بسعر فعلي بين 39-51 دولارًا أمريكيًا في السوق الأمريكي.,True,False
65,1849,2038-300,ADJASTABLE SPANNER 300MM لوزعم ةنابس,مفتاح فرنساوي (قابل للتعديل) معزول بطول 200 مم من علامة NWS الألمانية.,2.0,PC,395.0,790.0,NWS,GERMANY,190,مرتفع,ChadsToolbox / Mektronics (NWS 2038-200 قائمة فعلية),https://chadstoolbox.com/nws-171-52-200-adjustable-wrench-200-mm/,تم العثور على مفتاح فرنساوي مشابه جدًا من نفس العلامة NWS بمقاس 200 مم بسعر فعلي بين 39-51 دولارًا أمريكيًا في السوق الأمريكي.,True,False
65,1850,2013-8,SOCKET SPANNER 8MM ةلوزعم ةبح,بوكس معزول 1000 فولت مقاس 9 مم من إن دبليو إس.,17.0,PC,98.0,1666.0,NWS,GERMANY,75,متوسط,NWS Tools official shop,https://shop.nws-tools.de/,نفس الكود المتكرر (2013-9)؛ البوكسات المعزولة الصغيرة من NWS تُباع عادة بين 15-25 يورو.,True,False
65,1851,2013-9,SOCKET SPANNER 9MM ةلوزعم ةبح,بوكس معزول 1000 فولت مقاس 9 مم من إن دبليو إس.,17.0,PC,110.0,1870.0,NWS,GERMANY,75,متوسط,NWS Tools official shop,https://shop.nws-tools.de/,نفس الكود المتكرر (2013-9)؛ البوكسات المعزولة الصغيرة من NWS تُباع عادة بين 15-25 يورو.,True,False
66,1852,2020-6-80,SINGLE OPEN ENDED SPANNER 6MM حاتفم لوزعم ىدلب,مفتاح فرد الرأس مفرد مقاس 6 مم معزول كهربائياً.,16.0,PC,100.0,1600.0,NWS,GERMANY,115,متوسط,handtools-from-germany.com listing,https://www.handtools-from-germany.com,وُجد سعر فعلي بالدولار الأمريكي (23.88$) لنفس الكود 2020-6-80 من موزع ألماني متخصص في أدوات NWS المعزولة.,True,False
66,1853,2020-30-250,SINGLE OPEN ENDED SPANNER 30MMحاتفم لوزعم ىدلب,مفتاح مفتوح مفرد معزول 1000 فولت مقاس 30 مم من إن دبليو إس.,20.0,PC,230.0,4600.0,NWS,GERMANY,245,متوسط,NWS Tools - insulated wrench shop,https://shop.nws-tools.de/en/adjustable-wrench-1000v.html,استناداً لأسعار عائلة مفاتيح NWS المعزولة الكبيرة المشابهة التي تتراوح بين 55-70 يورو.,True,False
66,1854,2020-32-260,SINGLE OPEN ENDED SPANNER32MM حاتفم لوزعم ىدلب,مفتاح ربط مفتوح من طرف واحد معزول كهربائياً مقاس 32 ملم.,10.0,PC,235.0,2350.0,NWS,GERMANY,340,متوسط,NWS Store (مرجع عام للماركة),https://store.nwsnext.com/,مفتاح بلدي (مفتوح طرف واحد) معزول كهربائياً مقاس 32مم من NWS، ويقارب أسعار المفاتيح المعزولة المماثلة الأخرى من نفس الماركة.,True,False
66,2240,3631,LOGIC PROBE تلوفلا سايق راهج,قلم فحص منطقي (لوجيك بروب) لاختبار الدوائر الكهربائية في السيارات من أو تي سي.,20.0,,250.0,5000.0,OTC,USA,176,مرتفع,FCP Euro / Beach Audio - OTC 3631 listing,https://www.fcpeuro.com/products/heavy-duty-logic-probe-tester-otc-3631,تم العثور على نفس الموديل بالضبط (OTC 3631) لدى عدة موزعين بأسعار تتراوح بين 37-65 دولاراً أمريكياً.,True,False
66,2277,7314A,BALL JOINT سوكعلا ةنيجرز,أداة فك زرنيجة العكسة (طرف قضيب التوجيه) من علامة OTC الأمريكية.,21.0,EA,250.0,5250.0,OTC,USA,245,مرتفع,David's Heavy Duty Tool Sales (قائمة فعلية لـ OTC 7315A),https://davidsheavyduty.com/product/heavy-duty-tie-rod-and-ball-joint-remover/,تم العثور على المنتج بالضبط برمزه 7315A بسعر 65.27 دولارًا أمريكيًا في السوق الأمريكي، وبتحويله للريال السعودي (نحو 245 ريال) يعكس سعرًا واقعيًا لهذه الأداة المتخصصة في فك مفاصل التوجيه.,True,False
66,2282,7315A,BALL JOINT سوكعلا ةنيجرز,أداة فك زرنيجة العكسة (طرف قضيب التوجيه) من علامة OTC الأمريكية.,27.0,EA,350.0,9450.0,OTC,USA,245,مرتفع,David's Heavy Duty Tool Sales (قائمة فعلية لـ OTC 7315A),https://davidsheavyduty.com/product/heavy-duty-tie-rod-and-ball-joint-remover/,تم العثور على المنتج بالضبط برمزه 7315A بسعر 65.27 دولارًا أمريكيًا في السوق الأمريكي، وبتحويله للريال السعودي (نحو 245 ريال) يعكس سعرًا واقعيًا لهذه الأداة المتخصصة في فك مفاصل التوجيه.,True,False
66,2283,7815,BALL JOINT سوكعلا ةنيجرز,أداة فك زرنيجة العكسة (طرف قضيب التوجيه) من علامة OTC الأمريكية.,5.0,EA,450.0,2250.0,OTC,USA,245,مرتفع,David's Heavy Duty Tool Sales (قائمة فعلية لـ OTC 7315A),https://davidsheavyduty.com/product/heavy-duty-tie-rod-and-ball-joint-remover/,تم العثور على المنتج بالضبط برمزه 7315A بسعر 65.27 دولارًا أمريكيًا في السوق الأمريكي، وبتحويله للريال السعودي (نحو 245 ريال) يعكس سعرًا واقعيًا لهذه الأداة المتخصصة في فك مفاصل التوجيه.,True,False
66,2295,4748,belt tention gauge ريسلا دش سايق ةادا,جهاز قياس شد (توتر) سير المحرك من OTC.,39.0,EA,230.0,8970.0,OTC,USA,850,منخفض,تقدير فئوي لأجهزة قياس شد سيور المحرك من OTC,https://otctools.com/,جهاز قياس شد سير المحرك من OTC يعتبر أداة تشخيصية متخصصة، وهذه الفئة من أدوات OTC التشخيصية عادة أغلى من الأدوات اليدوية البسيطة.,True,False
66,2323,4639,BATTERY SERVICE KIT,طقم أدوات لصيانة وتنظيف أطراف بطارية السيارة (7 قطع).,3.0,KIT,435.0,1305.0,OTC,USA,130,منخفض,Ultra Tools Direct / Century Tool listings,https://www.centurytool.net/4639_OTC_Battery_Service_Tool_Kit_p/otc4639.htm,تم تأكيد وجود طقم OTC 4639 فعلياً لدى عدة موزعين أمريكيين متخصصين دون سعر ظاهر، فاعتُمد تقدير قياسي لأطقم صيانة أطراف البطارية المماثلة (7 قطع).,True,False
66,2375,7403,STEERING WHEEL PULLER,نازعة (مفكوك) لعجلة القيادة والبكرات والفلاي ويل من او تي سي، طراز 7403.,6.0,SET,365.0,2190.0,OTC,USA,217,مرتفع,Summit Racing / FCP Euro listing,https://www.summitracing.com/parts/otc-7403,تم العثور على السعر الفعلي لنفس الطراز والرقم 7403 لدى عدة موزعين أمريكيين (Summit Racing بسعر 52.99$ وFCP Euro بسعر 57.99$)، وتم تحويله وتعديله بهامش استيراد وشحن للسوق السعودي.,True,False
66,2604,7649,FUEL INJ.CLEANING KITتاخاخبلا فيظنت ةعومجم,طقم/جهاز لتنظيف حاقنات وقود المحرك من OTC.,3.0,KIT,2350.0,7050.0,OTC,USA,1700,متوسط,Summit Racing / Beach Audio (OTC 7649A مشابه),https://www.summitracing.com/parts/otc-7649a,طقم تنظيف حاقنات وقود مشابه جدًا لبند 308 (نفس العائلة برمز مختلف)، وأسعار السوق الأمريكي للموديل المشابه 7649A تتراوح بين 500-590 دولارًا.,True,False
66,2605,7649A,FUEL INJ.CLEANERتاخاخبلا فيظنت زاهج,جهاز احترافي لتنظيف حاقنات وقود المحرك (فويل إنجكشن كلينر) من OTC.,5.0,KIT,2480.0,12400.0,OTC,USA,1900,متوسط,Summit Racing / Zoro (OTC 7649A),https://www.summitracing.com/parts/otc-7649a,جهاز تنظيف حاقنات الوقود بالرمز 7649A وجد بسعر فعلي بين 500-590 دولارًا أمريكيًا في السوق الأمريكي، وهو جهاز معدات ورشة احترافي وليس مجرد أداة يدوية، لذا سعره أعلى بكثير من الأدوات اليدوية العادية.,True,False
66,2606,7448A,CANISTER INJ.TEST KITتاخاخبلا صحف زاهج,وعاء ضغط (كانستر) لتنظيف حاقنات الوقود يستخدم مع جهاز اختبار من OTC.,6.0,KIT,1300.0,7800.0,OTC,USA,1000,مرتفع,Summit Racing (OTC 7448A قائمة فعلية),https://www.summitracing.com/parts/otc-7448a,تم العثور على المنتج بالضبط برمزه 7448A بأسعار فعلية تتراوح بين 207-408 دولارًا أمريكيًا حسب المورد، وهو وعاء ضغط لتنظيف الحاقنات يستخدم مع معدات ورشة احترافية.,True,False
66,2607,7797,FUEL INJ.DIAGONIST COMB تاخاخبلا صحف زاهج,طقم تشخيص ضغط نظام حقن الوقود بمقياس ضغط ووصلات متعددة من OTC.,8.0,KIT,1020.0,8160.0,OTC,USA,800,منخفض,Toolsource / Amazon (OTC 7797),https://www.toolsource.com/injector-tools-c-1321_182_191/fuel-injection-combination-diagnostic-set-p-61391.html,طقم تشخيص ضغط حاقنات الوقود من OTC يشمل مقياس ضغط ووصلات متعددة لأنظمة حقن مختلفة، وهو أداة تشخيصية احترافية متوسطة السعر ضمن فئة أدوات OTC.,True,False
66,1855,790.116,AUTOMATIC WIRE STRIPPER كيتاموتا ةيارع,أداة عزل أسلاك أوتوماتيكية من بالميرا.,7.0,EA,620.0,4340.0,PALMERA,SPAIN,110,متوسط,Suministros Herco - علامة Palmera,https://suministrosherco.com/marcas/palmera,أدوات عزل الأسلاك الأوتوماتيكية من هذه الفئة تُباع عادة بين 25-40 يورو.,True,False
66,1856,614.61,رر WATER PUMP PLIER 1000V ةلوزعم ةقلتم ةيدارز,زردية (بنسة) مضخة مياه معزولة كهربائياً حتى 1000 فولت.,2.0,EA,130.0,260.0,PALMERA,SPAIN,90,متوسط,Tolsen Saudi Arabia - Water Pump Pliers,https://tolsentools.com.sa/products/water-pump-pliers-1,زردية مضخة مياه معزولة 1000 فولت أعلى ثمناً من الزراديق العادية بسبب العزل الكهربائي المعتمد.,True,False
66,1857,790.122/V,SELF ADJUSTING WIRE STRIPPER ةيارع,أداة عري أسلاك كهربائية ذاتية الضبط (Self Adjusting Wire Stripper) من بالميرا.,2.0,EA,450.0,900.0,PALMERA,SPAIN,55,متوسط,Amazon.es – Palmera hand tools,"https://www.amazon.es/-/en/Hand-Tools-Palmera-Power/s?rh=n:3049359031,p_4:Palmera",سعر تقديري لأداة عري أسلاك ذاتية الضبط من بالميرا بناءً على أسعار أدواتها المماثلة.,True,True
66,1858,671.425,"adustable WRENCH1000V-12"" لوزعم ةنابسا",مفتاح إنجليزي قابل للتعديل معزول 1000 فولت بطول 12 بوصة من بالميرا.,13.0,EA,240.0,3120.0,PALMERA,SPAIN,175,متوسط,Suministros Herco - علامة Palmera المعزولة,https://suministrosherco.com/marcas/palmera,الأدوات المعزولة من بالميرا بأحجام مشابهة تُباع بين 10-32 يورو للقطعة المفردة، وبما أن المفتاح القابل للتعديل أكبر حجماً قُدّر سعره أعلى قليلاً.,True,False
66,1859,671.42,"adustable WRENCH1000V-10"" لوزعم ةنابسا",مفتاح إنجليزي قابل للتعديل معزول 1000 فولت بطول 12 بوصة من بالميرا.,2.0,EA,215.0,430.0,PALMERA,SPAIN,175,متوسط,Suministros Herco - علامة Palmera المعزولة,https://suministrosherco.com/marcas/palmera,الأدوات المعزولة من بالميرا بأحجام مشابهة تُباع بين 10-32 يورو للقطعة المفردة، وبما أن المفتاح القابل للتعديل أكبر حجماً قُدّر سعره أعلى قليلاً.,True,False
66,1860,671.415,"adustable WRENCH1000V-8"" لوزعم ةنابسا",مفتاح إنجليزي قابل للتعديل معزول 1000 فولت بطول 12 بوصة من بالميرا.,6.0,EA,180.0,1080.0,PALMERA,SPAIN,175,متوسط,Suministros Herco - علامة Palmera المعزولة,https://suministrosherco.com/marcas/palmera,الأدوات المعزولة من بالميرا بأحجام مشابهة تُباع بين 10-32 يورو للقطعة المفردة، وبما أن المفتاح القابل للتعديل أكبر حجماً قُدّر سعره أعلى قليلاً.,True,False
66,1861,52.001/J,ALLEN KEY TORX T-10-T-40 سكروت كى نلا,طقم مفاتيح ألن تورکس من T10 إلى T40 من ماركة PALMERA.,1.0,SET,55.0,55.0,PALMERA,SPAIN,50,منخفض,rodavigo.net (Palmera tools distributor),https://rodavigo.net/en/p/torx-impact-12-socket-12-e24-tx-palmera/50002646240,سعر تقديري لطقم مفاتيح ألن تورکس بناءً على أسعار أطقم مفاتيح بالمرا المماثلة.,True,False
66,1862,229.930/J,ALLEN KEY-1/16 TO 3/8-BLACK شنا كى نلا,طقم مفاتيح ألن أسود من 1/16 إلى 3/8 بوصة من ماركة PALMERA.,1.0,SET,38.0,38.0,PALMERA,SPAIN,50,منخفض,rodavigo.net (Palmera tools distributor),https://rodavigo.net/en/p/torx-impact-12-socket-12-e24-tx-palmera/50002646240,سعر تقديري لطقم مفاتيح ألن بناءً على أسعار أطقم مفاتيح بالمرا المماثلة.,True,False
66,1863,229.912,"ALLEN KEY 1/16-1/2""شنا كى نلا",طقم مفاتيح ألن (سداسية) بمقاسات متعددة.,2.0,SET,55.0,110.0,PALMERA,SPAIN,40,منخفض,estimated from category benchmark,https://www.amazon.sa/-/en/b?ie=UTF8&node=16620567031,طقم مفاتيح ألن بمقاسات متعددة من 1/16 إلى 1/2 إنش.,True,False
66,1864,650.2,paLMERA knife 650.200 ةنيكس,سكين يدوية متعددة الاستخدامات.,1.0,,110.0,110.0,PALMERA,SPAIN,25,منخفض,estimated from category benchmark,https://www.amazon.sa/-/en/b?ie=UTF8&node=16620567031,سكين متعددة الاستخدامات من علامة بالميرا، سعر تقديري للسكاكين اليدوية.,True,False
66,1865,249.617/P,1/4DRSOKET SET5-114MM,طقم دباشة صغير عيار 1/4 بوصة بمقاسات من 5 إلى 14 ملم.,1.0,SET,340.0,340.0,PALMERA,SPAIN,150,منخفض,استدلال من فئة أطقم الدباشة الصغيرة,https://www.amazon.com/,طقم دباشة عيار 1/4 بوصة بمقاسات من 5-14مم من بالميرا يقدر وفق أسعار الأطقم الصغيرة المماثلة.,True,False
66,1866,252.11/P,3/8DR.INCH 19-8 بوبح مقطMM,طقم دباشة متري عيار 3/8 بوصة بمقاسات من 8 إلى 19 ملم.,1.0,SET,345.0,345.0,PALMERA,SPAIN,250,منخفض,استدلال من فئة أطقم الدباشة المترية,https://www.amazon.com/,طقم دباشة عيار 3/8 بوصة بمقاسات مترية من 8-19مم من بالميرا يقدر وفق أسعار الأطقم المماثلة.,True,False
66,1867,252.114/P,3/8DR.INCH 1/4-7/8 بوبح مقط,طقم دباشة بالبوصة عيار 3/8 بمقاسات من 1/4 إلى 7/8 بوصة.,1.0,SET,350.0,350.0,PALMERA,SPAIN,250,منخفض,استدلال من فئة أطقم الدباشة بالبوصة,https://www.amazon.com/,طقم دباشة عيار 3/8 بوصة بمقاسات إنشية من بالميرا يقدر وفق أسعار الأطقم المماثلة.,True,False
67,1868,260.610T,"3/4DR,IN,7/8-2"" بوبح مقط",طقم بوكسات صناعي ثقيل بعيار محرك 3/4 إنش يغطي مقاسات من 7/8 إلى 2 إنش.,6.0,SET,1950.0,11700.0,PALMERA,SPAIN,1000,منخفض,تقدير فئوي لأطقم بوكسات 3/4 إنش صناعية كبيرة,https://www.harborfreight.com/hand-tools/tool-sets/socket-ratchet-sets/3-4-in-drive.html,طقم بوكسات صناعي ثقيل بعيار 3/4 إنش يغطي مقاسات كبيرة من 7/8 إلى 2 إنش، وهذه الأطقم الصناعية الثقيلة تكون باهظة نسبيًا مقارنة بالأطقم المنزلية.,True,False
67,1869,650.2,KNIFE ةنيكس,سكين متعددة الاستخدامات من ماركة PALMERA.,1.0,EA,75.0,75.0,PALMERA,SPAIN,25,منخفض,estimated from category benchmark,https://www.amazon.sa/-/en/b?ie=UTF8&node=16620999031,سعر تقديري لسكين متعددة الاستخدامات بناءً على معيار أسعار السكاكين اليدوية العامة.,True,False
67,1870,#506.290,PH#0X200MM كفم,مفك براغي صليبة (فيليبس) رقم صفر بطول 200مم من بالميرا.,43.0,PCS,22.0,946.0,PALMERA,SPAIN,25,متوسط,Amazon.es – Palmera hand tools,"https://www.amazon.es/-/en/Hand-Tools-Palmera-Power/s?rh=n:3049359031,p_4:Palmera",سعر تقديري لمفك فيليبس صفر بطول 200مم من بالميرا الإسبانية بناءً على أسعار مفكاتها في السوق الأوروبي.,True,False
67,1871,506.252,"PH#2X25MM,STUBBY S.DR.-PH.2 كفم PH.0X75MM ,S/DR- كفم S/D.SLOT,.8MMX4X100 كفم PH#4,S/D.4X200MM-506.240 كفم PH#3,3X150,-506.230 كفم",مجموعة مفكات صغيرة مختلفة الأنواع (صليبة وعادي) من بالميرا.,13.0,PCS,22.0,286.0,PALMERA,SPAIN,30,منخفض,Amazon.sa - Draper screwdriver set listing,https://www.amazon.sa/-/en/Draper-78924-Soft-Grip-Precision-Screwdriver/dp/B001FCLV4Q,مجموعة مفكات صغيرة (صليبة وعادي) من بالميرا تقارب أسعار الأطقم الاقتصادية الصغيرة.,True,False
67,1872,#506.200,,مفك براغي من بالميرا الإسبانية.,4.0,PCS,15.0,60.0,PALMERA,SPAIN,25,منخفض,تقدير حسب فئة المنتج,https://www.amazon.com/s?k=palmera+screwdriver,مفكات البراغي الفردية من بالميرا الإسبانية اقتصادية السعر، ويمثل عائلة من 4 مقاسات.,True,False
67,1873,506.044,,مفك براغي من بالميرا الإسبانية.,5.0,PCS,15.0,75.0,PALMERA,SPAIN,25,منخفض,تقدير حسب فئة المنتج,https://www.amazon.com/s?k=palmera+screwdriver,مفكات البراغي الفردية من بالميرا الإسبانية اقتصادية السعر، ويمثل عائلة من 4 مقاسات.,True,False
67,1874,506.24,,مفك براغي من بالميرا الإسبانية.,1.0,PCS,45.0,45.0,PALMERA,SPAIN,25,منخفض,تقدير حسب فئة المنتج,https://www.amazon.com/s?k=palmera+screwdriver,مفكات البراغي الفردية من بالميرا الإسبانية اقتصادية السعر، ويمثل عائلة من 4 مقاسات.,True,False
67,1875,506.23,,مفك براغي من بالميرا الإسبانية.,64.0,PCS,28.0,1792.0,PALMERA,SPAIN,25,منخفض,تقدير حسب فئة المنتج,https://www.amazon.com/s?k=palmera+screwdriver,مفكات البراغي الفردية من بالميرا الإسبانية اقتصادية السعر، ويمثل عائلة من 4 مقاسات.,True,False
67,1876,#506.230,SCREDRIVER كفم,مفك براغي من بالميرا الإسبانية.,64.0,PCS,28.0,1792.0,PALMERA,SPAIN,25,منخفض,تقدير حسب فئة المنتج,https://www.amazon.com/s?k=palmera+screwdriver,مفكات البراغي الفردية من بالميرا الإسبانية اقتصادية السعر ومماثلة لبند آخر في هذه القائمة.,True,False
67,1877,PALMERA,"RING,SLUG,27MM موتخم قرط حاتفم",مفتاح قرط حلقي (Ring Slugging Wrench) مقاس 27مم من بالميرا.,5.0,EA,175.0,875.0,PALMERA,SPAIN,130,منخفض,Bolt Bank – Elora slugging wrench benchmark,https://www.boltbank.com/products/elora-27mm-ring-slogging-wrench,سعر تقديري لمفتاح قرط حلقي (ضرب بالمطرقة) مقاس 27مم من بالميرا بمقارنته بمفاتيح القرط المماثلة.,True,False
67,1878,0255918J,"O/E SET-1/4-1"" مقط-ىدلب حانفم",طقم مفاتيح مفتوحة الطرفين يغطي مقاسات من 1/4 إلى 1 إنش.,25.0,SET,230.0,5750.0,PALMERA,SPAIN,320,منخفض,تقدير فئوي لأطقم مفاتيح مفتوحة كبيرة النطاق,https://www.amazon.com/,طقم مفاتيح مفتوحة يغطي نطاقًا واسعًا من 1/4 إلى 1 إنش، وهذا النطاق الواسع من المقاسات يجعله أغلى من الأطقم الصغيرة المحدودة.,True,False
67,1879,0255918J,"O/E SET-1/4-1"" مقط-ىدلب حانفم",طقم مفاتيح مفتوحة الطرفين يغطي مقاسات من 1/4 إلى 1 إنش.,8.0,SET,230.0,1840.0,PALMERA,SPAIN,320,منخفض,تقدير فئوي لأطقم مفاتيح مفتوحة كبيرة النطاق,https://www.amazon.com/,طقم مفاتيح مفتوحة يغطي نطاقًا واسعًا من 1/4 إلى 1 إنش، وهذا النطاق الواسع من المقاسات يجعله أغلى من الأطقم الصغيرة المحدودة.,True,False
67,1880,190.024,SCREW DRIVER كفم,مفك براغي عادي.,1.0,EA,100.0,100.0,PALMERA,SPAIN,18,منخفض,Noon.com - Screwdriver benchmark,https://www.noon.com/saudi-en/phillips-screwdriver-ph3x150mm/Z7118ECBE6FE728A45388Z/p/,مفك براغي عادي من علامة بالميرا.,True,False
67,1881,1.1/4X1.1/16,"""O/E WRENCH ىدلب حاتفم",مفتاح بلدي مفتوح مقاس 1.1/4 × 1.1/16 بوصة.,2.0,EA,210.0,420.0,PALMERA,SPAIN,130,متوسط,تقدير حسب فئة مفاتيح البلدي الكبيرة,https://www.amazon.sa/-/en/b?ie=UTF8&node=16621001031,مفاتيح البلدي المفتوحة بمقاسات كبيرة (أكثر من بوصة) أغلى بكثير من المقاسات المترية الصغيرة.,True,False
67,1882,"15/16X1""",O/E WRENCH ىدلب حاتفم,مفتاح بلدي مفتوح مقاس 1.1/4 × 1.1/16 بوصة.,4.0,EA,45.0,180.0,PALMERA,SPAIN,130,متوسط,تقدير حسب فئة مفاتيح البلدي الكبيرة,https://www.amazon.sa/-/en/b?ie=UTF8&node=16621001031,مفاتيح البلدي المفتوحة بمقاسات كبيرة (أكثر من بوصة) أغلى بكثير من المقاسات المترية الصغيرة.,True,False
67,1883,"3/4X11/16""",O/E WRENCH ىدلب حاتفم,مفتاح بلدي مفتوح مقاس 1.1/4 × 1.1/16 بوصة.,1.0,EA,30.0,30.0,PALMERA,SPAIN,130,متوسط,تقدير حسب فئة مفاتيح البلدي الكبيرة,https://www.amazon.sa/-/en/b?ie=UTF8&node=16621001031,مفاتيح البلدي المفتوحة بمقاسات كبيرة (أكثر من بوصة) أغلى بكثير من المقاسات المترية الصغيرة.,True,False
67,1884,4X5,O/E WRENCH ىدلب حاتفم,مفتاح بلدي مفتوح مقاس 1.1/4 × 1.1/16 بوصة.,11.0,EA,12.0,132.0,PALMERA,SPAIN,130,متوسط,تقدير حسب فئة مفاتيح البلدي الكبيرة,https://www.amazon.sa/-/en/b?ie=UTF8&node=16621001031,مفاتيح البلدي المفتوحة بمقاسات كبيرة (أكثر من بوصة) أغلى بكثير من المقاسات المترية الصغيرة.,True,True
67,1885,5.5X7,O/E WRENCH ىدلب حاتفم,مفتاح بلدي مفتوح مقاس 1.1/4 × 1.1/16 بوصة.,16.0,EA,17.0,272.0,PALMERA,SPAIN,130,متوسط,تقدير حسب فئة مفاتيح البلدي الكبيرة,https://www.amazon.sa/-/en/b?ie=UTF8&node=16621001031,مفاتيح البلدي المفتوحة بمقاسات كبيرة (أكثر من بوصة) أغلى بكثير من المقاسات المترية الصغيرة.,True,False
67,1886,"15/16X1/2""",O/E WRENCH ىدلب حاتفم,مفتاح بلدي مفتوح مقاس 1.1/4 × 1.1/16 بوصة.,5.0,EA,45.0,225.0,PALMERA,SPAIN,130,متوسط,تقدير حسب فئة مفاتيح البلدي الكبيرة,https://www.amazon.sa/-/en/b?ie=UTF8&node=16621001031,مفاتيح البلدي المفتوحة بمقاسات كبيرة (أكثر من بوصة) أغلى بكثير من المقاسات المترية الصغيرة.,True,False
67,1887,264.048,"1/2DR.IMPACT,1.1/8 SIZE,6PT,SH. ءادوس ةبح",قطعة دباشة مقاس 1.1/8 بوصة لمفتاح دريل 1/2 بوصة.,6.0,EA,65.0,390.0,PALMERA,SPAIN,80,منخفض,استدلال من فئة قطع الدباشة,https://www.amazon.com/,قطعة دباشة مقاس 1.1/8 بوصة عيار 1/2 من بالميرا تقدر وفق أسعار القطع المتوسطة.,True,False
67,1888,264.046,"1/2DR,IMPACT,1.1/16 SIZE,6PT,SH.ءادوس ةبح",مقبض صدم نصف انش مقاس 1 1/16 بوصة سداسي قصير.,5.0,EA,65.0,325.0,PALMERA,SPAIN,70,متوسط,تقدير بناءً على أسعار مقابس الصدم 1/2 بوصة (PROTO),https://www.grainger.com/product/PROTO-Impact-Socket-1-2-in-Drive-1AX51,مقبض صدم نصف انش مقاس 1 1/16 بوصة سداسي قصير يقارن بأسعار مقابس مماثلة.,True,False
67,1889,264.03,"1/2DR,IMPACT,30MM SIZE,6PT,SH. ءادوس ةبح",بريمة دفع 1/2 بوصة مقاس 30 مم سداسية قصيرة.,6.0,EA,33.0,198.0,PALMERA,SPAIN,35,منخفض,estimated from category benchmark,https://www.noon.com/saudi-en/tools-and-home-improvement/power-and-hand-tools/power-hand-tool-accessories/sockets-and-socket-sets/,بريمة دفع 1/2 بوصة مقاس 30مم سداسية قصيرة كبيرة نسبياً فسعرها أعلى قليلاً.,True,False
67,1890,264.04,"1/2DR,IMPACT,15/16 SIZE,6PT,SH ءادوس ةبح",مقبس هوائي مقاس 1/2 بوصة 15/16 بوصة من ماركة PALMERA.,1.0,EA,38.0,38.0,PALMERA,SPAIN,48,منخفض,rodavigo.net (Palmera tools distributor),https://rodavigo.net/en/p/torx-impact-12-socket-12-e24-tx-palmera/50002646240,سعر تقديري لمقبس صدم متوسط الحجم بناءً على أسعار مقابس بالمرا المماثلة.,True,False
67,1891,264.029,"1/2DR,IMPACT,17MM SIZE,6PT.SH ءادوس ةبح",مقبس هوائي مقاس 1/2 بوصة قياس 17مم من ماركة PALMERA.,3.0,EA,28.0,84.0,PALMERA,SPAIN,35,منخفض,rodavigo.net (Palmera tools distributor),https://rodavigo.net/en/p/torx-impact-12-socket-12-e24-tx-palmera/50002646240,سعر تقديري لمقبس صدم متوسط الحجم بناءً على أسعار مقابس بالمرا المماثلة.,True,False
67,1892,264.037,"1/2DR,IMPACT,7/8 SIZE,6PT,SH",مقبس هوائي مقاس 1/2 بوصة 7/8 بوصة من ماركة PALMERA.,1.0,EA,33.0,33.0,PALMERA,SPAIN,45,منخفض,rodavigo.net (Palmera tools distributor),https://rodavigo.net/en/p/torx-impact-12-socket-12-e24-tx-palmera/50002646240,سعر تقديري لمقبس صدم متوسط الحجم بناءً على أسعار مقابس بالمرا المماثلة.,True,False
67,1893,270.621,"3/4X1"" ADAPTOR لوحم",محول بوكسات من مقاس 1 بوصة إلى 3/4 بوصة من بالميرا.,8.0,EA,175.0,1400.0,PALMERA,SPAIN,75,متوسط,Suministros Herco - علامة Palmera,https://suministrosherco.com/marcas/palmera,محولات البوكسات من هذه الفئة تُباع عادة بين 15-25 دولاراً حسب الجودة والعلامة التجارية.,True,False
67,1894,265.25,"3/4DR,IMAPCT,1.1/8 SIZE,6PT,SH ءادوس ةبح",بريمة (سوكيت) دفع 3/4 بوصة مقاس 1.1/8 بوصة سداسية قصيرة.,3.0,EA,100.0,300.0,PALMERA,SPAIN,70,منخفض,estimated from category benchmark,https://www.noon.com/saudi-en/tools-and-home-improvement/power-and-hand-tools/power-hand-tool-accessories/sockets-and-socket-sets/,بريمة دفع 3/4 بوصة قياس 1.1/8 بوصة كبيرة الحجم فتقدر أعلى من المقاسات الصغيرة المعتادة.,True,False
67,1895,265.241,"1/2DR,IMPACT,24MM,LONG,6PT ءادوس ةبح",بيّة صدمية طويلة مقاس 24مم لمفتاح 1/2 بوصة.,3.0,EA,35.0,105.0,PALMERA,SPAIN,55,متوسط,MDT Tools - Impact Sockets,https://mdttools.com/product-category/hand-tools/impact-sockets/page/6/,بيّة صدمية طويلة مقاس 24مم لمفتاح 1/2 بوصة، أعلى سعرًا من البيات القصيرة.,True,False
68,1896,265.246,"1/2DR,IMPACT,27MM,6PTLONG ةليوطءادوس ةبح",بريمة دفع 1/2 بوصة مقاس 27 مم سداسية طويلة.,7.0,EA,38.0,266.0,PALMERA,SPAIN,32,منخفض,estimated from category benchmark,https://www.noon.com/saudi-en/tools-and-home-improvement/power-and-hand-tools/power-hand-tool-accessories/sockets-and-socket-sets/,بريمة دفع 1/2 بوصة مقاس 27مم سداسية طويلة سعرها متوسط ضمن فئة البريمات الكبيرة.,True,False
68,1897,266.053,"1""DR.IMPACT,1.1/4,6PT,SH ءادوس ةبح",قطعة سوكيت صدم سوداء مقاس 1.1/4 بوصة بمحرك 1 بوصة.,7.0,EA,95.0,665.0,PALMERA,SPAIN,180,متوسط,أسعار قطع السوكيت الثقيلة 1 بوصة درايف,https://www.fyind.com/ksa/en/tool-attachments-and-accessories/impact-socket,قطع السوكيت الصناعية الثقيلة (1 بوصة درايف) أغلى بكثير من السوكيت المنزلي بسبب حجمها ومتانتها.,True,False
68,1898,264.038,"1/2DR.IMPACT,23MM,6PT.SH ءادوس ةبح",مقبس هوائي مقاس 1/2 بوصة 23مم من ماركة PALMERA.,3.0,EA,23.0,69.0,PALMERA,SPAIN,45,منخفض,rodavigo.net (Palmera tools distributor),https://rodavigo.net/en/p/torx-impact-12-socket-12-e24-tx-palmera/50002646240,سعر تقديري لمقبس صدم متوسط الحجم بناءً على أسعار مقابس بالمرا المماثلة.,True,False
68,1899,264.05,"1/2DR,IMPACT,30MM,SH. ءادوس ةبح",مقبس هوائي مقاس 1/2 بوصة 30مم من ماركة PALMERA.,1.0,EA,32.0,32.0,PALMERA,SPAIN,60,منخفض,rodavigo.net (Palmera tools distributor),https://rodavigo.net/en/p/torx-impact-12-socket-12-e24-tx-palmera/50002646240,سعر تقديري لمقبس صدم متوسط الحجم بناءً على أسعار مقابس بالمرا المماثلة.,True,False
68,1900,264.036,"1/2DR,IMPACT,22MM.6PT,SH ءادوس ةبح",مقبس هوائي مقاس 1/2 بوصة 22مم من ماركة PALMERA.,3.0,EA,23.0,69.0,PALMERA,SPAIN,44,منخفض,rodavigo.net (Palmera tools distributor),https://rodavigo.net/en/p/torx-impact-12-socket-12-e24-tx-palmera/50002646240,سعر تقديري لمقبس صدم متوسط الحجم بناءً على أسعار مقابس بالمرا المماثلة.,True,False
68,1901,264.03,"1/2DR,11/16,6PT,SH,IMPACT ءادوس ةبح",بيّة صدمية سوداء قصيرة مقاس 11/16 إنش.,3.0,EA,48.0,144.0,PALMERA,SPAIN,48,متوسط,MDT Tools - Impact Sockets,https://mdttools.com/product-category/hand-tools/impact-sockets/page/6/,بيّة صدمية قصيرة مقاس 11/16 إنش لمفتاح 1/2 بوصة.,True,False
68,1902,265.053,"3/4DR,IMPACT,12PT,SH,1.1/4 ءادوس ةبح",مقبس هوائي كبير مقاس 3/4 بوصة 1.1/4 بوصة 12 سن من ماركة PALMERA.,1.0,EA,75.0,75.0,PALMERA,SPAIN,100,منخفض,rodavigo.net (Palmera tools distributor),https://rodavigo.net/en/p/torx-impact-12-socket-12-e24-tx-palmera/50002646240,سعر تقديري لمقبس صدم كبير مقاس 3/4 بوصة بناءً على أسعار مقابس بالمرا المماثلة.,True,False
68,1903,265.268,"3/4DR.IMPACT,1.5/8,6PT,SH. ءادوس ةبح",قطعة سوكيت صدم سوداء مقاس 1.1/4 بوصة بمحرك 1 بوصة.,4.0,EA,130.0,520.0,PALMERA,SPAIN,180,متوسط,أسعار قطع السوكيت الثقيلة 1 بوصة درايف,https://www.fyind.com/ksa/en/tool-attachments-and-accessories/impact-socket,قطع السوكيت الصناعية الثقيلة (1 بوصة درايف) أغلى بكثير من السوكيت المنزلي بسبب حجمها ومتانتها.,True,False
68,1904,264.042,"1/2DR.IMPACT,25MM,6PT,SH. ءادوس ةبح",بيّة صدمية سوداء قصيرة مقاس 25مم لمفتاح 1/2 بوصة سداسية.,5.0,EA,38.0,190.0,PALMERA,SPAIN,42,متوسط,Amazon.sa - Impact Sockets category,https://mdttools.com/product-category/hand-tools/impact-sockets/page/6/,بيّة صدمية سوداء من علامة تجارية متوسطة الجودة (بالميرا) بمقاس 25مم قصيرة.,True,False
68,1905,264.027,"1/2DR,IMPACT,5/8 SIZE,6PT,SHءادوس ةبح",مقبض صدم نصف انش مقاس 1 1/16 بوصة سداسي قصير.,4.0,EA,38.0,152.0,PALMERA,SPAIN,70,متوسط,تقدير بناءً على أسعار مقابس الصدم 1/2 بوصة (PROTO),https://www.grainger.com/product/PROTO-Impact-Socket-1-2-in-Drive-1AX51,مقبض صدم نصف انش مقاس 1 1/16 بوصة سداسي قصير يقارن بأسعار مقابس مماثلة.,True,False
68,1906,264.045,"1/2DR,IMPACT,26MM,6PT,SH, ءادوس ةبح",بريمة دفع 1/2 بوصة مقاس 26 مم سداسية قصيرة.,8.0,EA,35.0,280.0,PALMERA,SPAIN,30,منخفض,estimated from category benchmark,https://www.noon.com/saudi-en/tools-and-home-improvement/power-and-hand-tools/power-hand-tool-accessories/sockets-and-socket-sets/,بريمة دفع 1/2 بوصة مقاس 26مم سداسية قصيرة سعر نموذجي للمقاسات المتوسطة الكبيرة.,True,False
68,1907,264.042,"1/2DR,IMPACT,25MM,SH,6PT ءادوس ةبح",مقبس هوائي مقاس 1/2 بوصة 25مم من ماركة PALMERA.,1.0,EA,40.0,40.0,PALMERA,SPAIN,48,منخفض,rodavigo.net (Palmera tools distributor),https://rodavigo.net/en/p/torx-impact-12-socket-12-e24-tx-palmera/50002646240,سعر تقديري لمقبس صدم متوسط الحجم بناءً على أسعار مقابس بالمرا المماثلة.,True,False
68,1908,264.716,"1/2DR.IMPACT,…,LONG,6PT ةليوط ءادوس ةبح",مقبس هوائي طويل مقاس 1/2 بوصة من ماركة PALMERA.,1.0,EA,25.0,25.0,PALMERA,SPAIN,55,منخفض,rodavigo.net (Palmera tools distributor),https://rodavigo.net/en/p/torx-impact-12-socket-12-e24-tx-palmera/50002646240,سعر تقديري لمقبس صدم طويل بناءً على أسعار مقابس بالمرا المماثلة.,True,False
68,1909,264.038,"1/2DR,IMPACT,23MM,SH.6PT ءادوس ةبح",مقبس هوائي مقاس 1/2 بوصة 23مم من ماركة PALMERA.,2.0,EA,30.0,60.0,PALMERA,SPAIN,45,منخفض,rodavigo.net (Palmera tools distributor),https://rodavigo.net/en/p/torx-impact-12-socket-12-e24-tx-palmera/50002646240,سعر تقديري لمقبس صدم متوسط الحجم بناءً على أسعار مقابس بالمرا المماثلة.,True,False
68,1914,266.075,"1""DR.IMPACT,1.13/16,6PT,SHG, ءادوس ةبح",قطعة سوكيت صدم سوداء مقاس 1.13/16 بوصة بمحرك 1 بوصة.,11.0,EA,95.0,1045.0,PALMERA,SPAIN,300,متوسط,أسعار قطع السوكيت الصناعية الثقيلة 1 بوصة درايف,https://www.fyind.com/ksa/en/tool-attachments-and-accessories/impact-socket,قطعة سوكيت صدم كبيرة مقاس 1.13/16 بوصة بمحرك 1 بوصة من فئة الأدوات الصناعية الثقيلة عالية السعر.,True,False
68,1920,"1/2X9/16""",OPENED WR. ىدلب حاتفم,مفتاح بلدي مفتوح مقاس 1.1/16 × 1.1/8 بوصة.,4.0,EA,22.0,88.0,PALMERA,SPAIN,110,متوسط,تقدير حسب فئة مفاتيح البلدي الكبيرة,https://www.amazon.sa/-/en/b?ie=UTF8&node=16621001031,مفتاح بلدي مفتوح بمقاس كبير (أكثر من بوصة) أغلى من المفاتيح المترية الصغيرة الشائعة.,True,False
68,1921,"7/8X15/16""",ر COMB.WR. كتشم حاتفم,مفتاح تركيبي مقاس 7/8×15/16 بوصة من ماركة PALMERA.,1.0,EA,25.0,25.0,PALMERA,SPAIN,45,منخفض,rodavigo.net (Palmera tools distributor),https://rodavigo.net/en/p/torx-impact-12-socket-12-e24-tx-palmera/50002646240,سعر تقديري لمفتاح تركيبي بناءً على أسعار مفاتيح بالمرا المماثلة.,True,False
68,1922,"3/4X11/16""",ring wrench موتخم حاتفم,مفتاح حلقي (رنج) مقاس كبير 32×36 مم من بالميرا.,3.0,EA,30.0,90.0,PALMERA,SPAIN,60,منخفض,estimated from category benchmark,https://mdttools.com/product-category/hand-tools/impact-sockets/page/6/,مفتاح حلقي كبير المقاس (32×36مم) يقدر سعره وفق فئة المفاتيح الصناعية الثقيلة.,True,False
68,1923,1.1/2X1.5/16,"""OPENED WR. ىدلب حاتفم",مفتاح بلدي مفتوح مقاس 1.1/16 × 1.1/8 بوصة.,1.0,EA,190.0,190.0,PALMERA,SPAIN,110,متوسط,تقدير حسب فئة مفاتيح البلدي الكبيرة,https://www.amazon.sa/-/en/b?ie=UTF8&node=16621001031,مفتاح بلدي مفتوح بمقاس كبير (أكثر من بوصة) أغلى من المفاتيح المترية الصغيرة الشائعة.,True,False
68,1924,1.1/16X1.1/8,OPENED WR. ىدلب حاتفم,مفتاح بلدي مفتوح مقاس 1.1/16 × 1.1/8 بوصة.,2.0,EA,220.0,440.0,PALMERA,SPAIN,110,متوسط,تقدير حسب فئة مفاتيح البلدي الكبيرة,https://www.amazon.sa/-/en/b?ie=UTF8&node=16621001031,مفتاح بلدي مفتوح بمقاس كبير (أكثر من بوصة) أغلى من المفاتيح المترية الصغيرة الشائعة.,True,False
68,1925,1.1/4X1.1/16,"""OPENED WR. ىدلب حاتفم",مفتاح بلدي مفتوح مقاس 1.1/16 × 1.1/8 بوصة.,2.0,EA,175.0,350.0,PALMERA,SPAIN,110,متوسط,تقدير حسب فئة مفاتيح البلدي الكبيرة,https://www.amazon.sa/-/en/b?ie=UTF8&node=16621001031,مفتاح بلدي مفتوح بمقاس كبير (أكثر من بوصة) أغلى من المفاتيح المترية الصغيرة الشائعة.,True,False
69,1926,27X29,ring wrench موتخم حاتفم,مفتاح حلقي (رنج) مقاس كبير 32×36 مم من بالميرا.,1.0,EA,55.0,55.0,PALMERA,SPAIN,60,منخفض,estimated from category benchmark,https://mdttools.com/product-category/hand-tools/impact-sockets/page/6/,مفتاح حلقي كبير المقاس (32×36مم) يقدر سعره وفق فئة المفاتيح الصناعية الثقيلة.,True,False
69,1927,32X36,ring wrench موتخم حاتفم,مفتاح حلقي (رنج) مقاس كبير 32×36 مم من بالميرا.,1.0,EA,135.0,135.0,PALMERA,SPAIN,60,منخفض,estimated from category benchmark,https://mdttools.com/product-category/hand-tools/impact-sockets/page/6/,مفتاح حلقي كبير المقاس (32×36مم) يقدر سعره وفق فئة المفاتيح الصناعية الثقيلة.,True,False
69,1928,"3/4X7/8""",ring wrench موتخم حاتفم,مفتاح حلقي (رنج) مقاس كبير 32×36 مم من بالميرا.,1.0,EA,26.0,26.0,PALMERA,SPAIN,60,منخفض,estimated from category benchmark,https://mdttools.com/product-category/hand-tools/impact-sockets/page/6/,مفتاح حلقي كبير المقاس (32×36مم) يقدر سعره وفق فئة المفاتيح الصناعية الثقيلة.,True,False
69,1929,788.02,ر VOLTAGE TESTER-4.5-380VAC ءابرهك تست,جهاز اختبار وكشف الجهد الكهربائي من 4.5 إلى 380 فولت متردد.,2.0,EA,145.0,290.0,PALMERA,SPAIN,30,منخفض,Anaum Trading - Electrical Testers (Saudi Arabia),https://anaum.sa.com/collections/general-purspose-testers,جهاز كشف الجهد الكهربائي 4.5-380 فولت يقارب أسعار كاشفات الجهد الاقتصادية في السوق.,True,False
69,1930,"15/16X1""",OPENED WR. ىدلب حاتفم,مفتاح بلدي مفتوح مقاس 1.1/16 × 1.1/8 بوصة.,2.0,EA,35.0,70.0,PALMERA,SPAIN,110,متوسط,تقدير حسب فئة مفاتيح البلدي الكبيرة,https://www.amazon.sa/-/en/b?ie=UTF8&node=16621001031,مفتاح بلدي مفتوح بمقاس كبير (أكثر من بوصة) أغلى من المفاتيح المترية الصغيرة الشائعة.,True,False
69,1931,"9/16""","1/2DR,SHORT,IMPACT,6PT,ةبح",بيّة صدمية سوداء قصيرة مقاس 9/16 إنش.,4.0,EA,35.0,140.0,PALMERA,SPAIN,40,متوسط,MDT Tools - Impact Sockets,https://mdttools.com/product-category/hand-tools/impact-sockets/page/6/,بيّة صدمية قصيرة مقاس 9/16 إنش لمفتاح 1/2 بوصة.,True,False
69,1932,256.072,FLEX.HEEAD HANDLE 3/8 ةكرحنم سأرب ةليصوت,مقبض توصيلة رأس مرن قياس 3/8 بوصة.,3.0,EA,195.0,585.0,PALMERA,SPAIN,35,متوسط,تقدير من فئة مقابض رأس مرن للمفكات نصف انش,"https://www.amazon.sa/-/en/DIY-Tools-Draper/s?rh=n:12463390031,p_89:Draper",مقبض رأس متحرك 3/8 بوصة أداة يدوية شائعة منخفضة التكلفة نسبياً.,True,False
69,1933,200MM,EXT.3/4DR ةليصوت,وصلة تمديد (إكستنشن) دفع 3/4 بوصة طول 200 مم.,2.0,EA,100.0,200.0,PALMERA,SPAIN,35,منخفض,estimated from category benchmark,https://www.noon.com/saudi-en/tools-and-home-improvement/power-and-hand-tools/power-hand-tool-accessories/sockets-and-socket-sets/,وصلة تمديد دفع 3/4 بوصة طول 200مم سعرها متوسط ضمن ملحقات البريمات.,True,False
69,1937,270.73,"1""X3/4"" ADAPTOR لوحم",محول بوكسات من مقاس 1 بوصة إلى 3/4 بوصة من بالميرا.,9.0,EA,330.0,2970.0,PALMERA,SPAIN,75,متوسط,Suministros Herco - علامة Palmera,https://suministrosherco.com/marcas/palmera,محولات البوكسات من هذه الفئة تُباع عادة بين 15-25 دولاراً حسب الجودة والعلامة التجارية.,True,False
69,1938,270.215,"3/8X1/2"" ADAPTOR لوحم",محول بوكسات من مقاس 1 بوصة إلى 3/4 بوصة من بالميرا.,3.0,EA,65.0,195.0,PALMERA,SPAIN,75,متوسط,Suministros Herco - علامة Palmera,https://suministrosherco.com/marcas/palmera,محولات البوكسات من هذه الفئة تُباع عادة بين 15-25 دولاراً حسب الجودة والعلامة التجارية.,True,False
69,1939,229.533,"ALLEN KEY-1/4"" كى نلا",مفتاح ألن (سداسي) فردي بمقاس 5/16 إنش.,50.0,EA,10.0,500.0,PALMERA,SPAIN,18,منخفض,تقدير فئوي لمفاتيح ألن الفردية,https://www.amazon.com/,مفتاح ألن (سداسي) فردي بمقاس 5/16 إنش، وهذه المفاتيح الفردية البسيطة رخيصة الثمن عادة.,True,False
69,1940,229.08,ALLEN KEY-8MM كى نلا,مفتاح ألين معزول مقاس 10 مم من بالميرا.,27.0,EA,14.0,378.0,PALMERA,SPAIN,65,متوسط,Suministros Herco - علامة Palmera,https://suministrosherco.com/marcas/palmera,مفاتيح الألين المعزولة المفردة من بالميرا بأحجام مشابهة تُباع عادة بين 15-22 دولاراً.,True,False
69,1941,229.07,ALLEN KEY-7MM كى نلا,مفتاح ألين معزول مقاس 10 مم من بالميرا.,70.0,EA,13.0,910.0,PALMERA,SPAIN,65,متوسط,Suministros Herco - علامة Palmera,https://suministrosherco.com/marcas/palmera,مفاتيح الألين المعزولة المفردة من بالميرا بأحجام مشابهة تُباع عادة بين 15-22 دولاراً.,True,False
69,1942,229.09,ALLEN KEY-9MM كى نلا,مفتاح ألين معزول مقاس 10 مم من بالميرا.,13.0,EA,14.0,182.0,PALMERA,SPAIN,65,متوسط,Suministros Herco - علامة Palmera,https://suministrosherco.com/marcas/palmera,مفاتيح الألين المعزولة المفردة من بالميرا بأحجام مشابهة تُباع عادة بين 15-22 دولاراً.,True,False
69,1943,229.1,ALLEN KEY-10MM كى نلا,مفتاح ألين معزول مقاس 10 مم من بالميرا.,93.0,EA,16.0,1488.0,PALMERA,SPAIN,65,متوسط,Suministros Herco - علامة Palmera,https://suministrosherco.com/marcas/palmera,مفاتيح الألين المعزولة المفردة من بالميرا بأحجام مشابهة تُباع عادة بين 15-22 دولاراً.,True,False
69,1944,229.536,"ALLEN KEY-5/16"" كى نلا",مفتاح ألن (سداسي) فردي بمقاس 5/16 إنش.,78.0,EA,32.0,2496.0,PALMERA,SPAIN,18,منخفض,تقدير فئوي لمفاتيح ألن الفردية,https://www.amazon.com/,مفتاح ألن (سداسي) فردي بمقاس 5/16 إنش، وهذه المفاتيح الفردية البسيطة رخيصة الثمن عادة.,True,False
69,1945,229.542,"ALLEN KEY-7/16"" كى نلا",مفتاح ألن (سداسي) فردي بمقاس 5/16 إنش.,28.0,EA,35.0,980.0,PALMERA,SPAIN,18,منخفض,تقدير فئوي لمفاتيح ألن الفردية,https://www.amazon.com/,مفتاح ألن (سداسي) فردي بمقاس 5/16 إنش، وهذه المفاتيح الفردية البسيطة رخيصة الثمن عادة.,True,False
69,1946,229.9,ALLEN KEY-9MM كى نلا,مفتاح ألين معزول مقاس 10 مم من بالميرا.,59.0,EA,14.0,826.0,PALMERA,SPAIN,65,متوسط,Suministros Herco - علامة Palmera,https://suministrosherco.com/marcas/palmera,مفاتيح الألين المعزولة المفردة من بالميرا بأحجام مشابهة تُباع عادة بين 15-22 دولاراً.,True,False
69,1947,229.539,"ALLEN KEY-3/8"" كى نلا",مفتاح ألن (سداسي) فردي بمقاس 5/16 إنش.,42.0,EA,18.0,756.0,PALMERA,SPAIN,18,منخفض,تقدير فئوي لمفاتيح ألن الفردية,https://www.amazon.com/,مفتاح ألن (سداسي) فردي بمقاس 5/16 إنش، وهذه المفاتيح الفردية البسيطة رخيصة الثمن عادة.,True,False
69,1948,229.53,"ALLEN KEY-7/32"" كى نلا",مفتاح ألن (سداسي) فردي بمقاس 5/16 إنش.,15.0,EA,30.0,450.0,PALMERA,SPAIN,18,منخفض,تقدير فئوي لمفاتيح ألن الفردية,https://www.amazon.com/,مفتاح ألن (سداسي) فردي بمقاس 5/16 إنش، وهذه المفاتيح الفردية البسيطة رخيصة الثمن عادة.,True,False
69,1949,229.536,"ALLEN KEY-5/16"" كى نلا",مفتاح ألن (سداسي) فردي بمقاس 5/16 إنش.,19.0,EA,30.0,570.0,PALMERA,SPAIN,18,منخفض,تقدير فئوي لمفاتيح ألن الفردية,https://www.amazon.com/,مفتاح ألن (سداسي) فردي بمقاس 5/16 إنش، وهذه المفاتيح الفردية البسيطة رخيصة الثمن عادة.,True,False
69,1950,229.542,"ALLEN KEY-7/16"" كى نلا",مفتاح ألن (سداسي) فردي بمقاس 5/16 إنش.,3.0,EA,35.0,105.0,PALMERA,SPAIN,18,منخفض,تقدير فئوي لمفاتيح ألن الفردية,https://www.amazon.com/,مفتاح ألن (سداسي) فردي بمقاس 5/16 إنش، وهذه المفاتيح الفردية البسيطة رخيصة الثمن عادة.,True,False
69,1951,8MM,ALLEN KEY -BLACK كى نلا,مفتاح ألن (سداسي) فردي مقاس 8 ملم بلون أسود.,26.0,EA,13.0,338.0,PALMERA,SPAIN,10,منخفض,استدلال من فئة مفاتيح ألن الفردية,https://www.amazon.com/,مفتاح ألن فردي مقاس 8مم يعد من أرخص أدوات اليد المتوفرة في السوق.,True,False
69,1952,8MM,ALLEN KEY-CHROME كى نلا,مفتاح ألن كروم مقاس 8مم من ماركة PALMERA.,6.0,EA,13.0,78.0,PALMERA,SPAIN,10,منخفض,rodavigo.net (Palmera tools distributor),https://rodavigo.net/en/p/torx-impact-12-socket-12-e24-tx-palmera/50002646240,سعر تقديري لمفتاح ألن مفرد بناءً على أسعار مفاتيح الألن المماثلة.,True,False
69,1953,"1/4""",ALLEN KEY كى نلا,مفتاح ألن (سداسي) فردي بمقاس 5/16 إنش.,27.0,EA,12.0,324.0,PALMERA,SPAIN,18,منخفض,تقدير فئوي لمفاتيح ألن الفردية,https://www.amazon.com/,مفتاح ألن (سداسي) فردي بمقاس 5/16 إنش، وهذه المفاتيح الفردية البسيطة رخيصة الثمن عادة.,True,False
69,1954,7MM,ALLEN KEY -BLACK-كى نلا,مفتاح ألن (سداسي) مفرد لون أسود مقاس 7 مم.,20.0,EA,12.0,240.0,PALMERA,SPAIN,8,منخفض,estimated from category benchmark,https://www.amazon.sa/-/en/b?ie=UTF8&node=16620587031,مفتاح ألن مفرد مقاس 7مم منخفض الثمن كباقي مفاتيح الألن الفردية.,True,False
69,1955,276.025,3-25MM TUBE CUTTER-ساحن ترساوم صقم,قاطعة أنابيب بسعة قطع من 3 إلى 25 ملم.,17.0,EA,95.0,1615.0,PALMERA,SPAIN,85,منخفض,تقدير حسب فئة قواطع الأنابيب,https://www.drapertools.com/product/10579/mini-pipe-cutter-3-22mm/,لم يُعثر على سعر مباشر لعلامة Palmera، والتقدير مبني على أسعار قواطع أنابيب مماثلة بنطاق قطع أوسع (3-25مم).,True,False
69,1956,180.024,SCREW PTIC GAUGE,مقياس خطوة اللولبة (بيتش جيج) من ماركة PALMERA.,1.0,EA,75.0,75.0,PALMERA,SPAIN,35,منخفض,estimated from category benchmark,https://www.amazon.sa/-/en/b?ie=UTF8&node=16620999031,سعر تقديري لمقياس خطوة اللولبة بالاستناد إلى معيار أسعار أدوات القياس اليدوية العامة.,True,False
69,1957,256.53,"SKT,12PT.13/16""",جوزة (بيضة) 12 سن مقاس 13/16 إنش من بالميرا.,22.0,EA,35.0,770.0,PALMERA,SPAIN,28,متوسط,Amazon.es – Palmera hand tools,"https://www.amazon.es/-/en/Hand-Tools-Palmera-Power/s?rh=n:3049359031,p_4:Palmera",سعر تقديري لجوزة 12 سن مقاس 13/16 إنش من بالميرا بناءً على أسعار جوز بالميرا المماثلة.,True,False
69,1958,pce-dc2,CLAMP METER AC/DC,جهاز قياس تيار كهربائي بالملقط (Clamp Meter) يقيس التيار المتردد والمستمر من ماركة PCE.,3.0,EA,330.0,990.0,PCE,GERMANY,320,متوسط,Anaum Trading – PCE clamp-on meters,https://anaum.sa.com/collections/clamp-on-meters,سعر تقديري لجهاز قياس تيار بالملقط AC/DC من PCE استنادًا إلى أسعار موزع PCE المعتمد في السعودية.,True,False
70,1959,PCE-889A,IR THERMOMETER,ميزان حرارة بالأشعة تحت الحمراء (IR Thermometer) من ماركة PCE.,1.0,EA,650.0,650.0,PCE,GERMANY,400,متوسط,Anaum Trading – PCE Instruments Saudi Arabia,https://anaum.sa.com/collections/pce,سعر تقديري لميزان حرارة بالأشعة تحت الحمراء موديل PCE-889A بناءً على أسعار أجهزة PCE المماثلة في السوق السعودي.,True,False
70,1960,PCE-777,IR THERMOMETER,ميزان حرارة بالأشعة تحت الحمراء (IR Thermometer) من ماركة PCE.,1.0,EA,300.0,300.0,PCE,GERMANY,400,متوسط,Anaum Trading – PCE Instruments Saudi Arabia,https://anaum.sa.com/collections/pce,سعر تقديري لميزان حرارة بالأشعة تحت الحمراء موديل PCE-889A بناءً على أسعار أجهزة PCE المماثلة في السوق السعودي.,True,False
70,1961,PCE-DPT1,"current (AC), voltage (TRMS) and frequency to determine active (kW), .",جهاز قياس كهربائي متعدد الوظائف (تيار وجهد وتردد) لتحديد القدرة الفعالة.,3.0,EA,870.0,2610.0,PCE,GERMANY,900,منخفض,PCE Instruments (مرجع عام للماركة),https://www.pce-instruments.com/us/measuring-instruments/test-meters/,الرمز PCE-DPT1 يطابق عادة جهاز قياس نقطة الندى/الرطوبة لدى الشركة المصنعة وليس عداد قدرة كهربائية كما يوحي الوصف، لذا هناك عدم يقين حول الهوية الدقيقة للجهاز، والسعر تقديري لجهاز قياس كهربائي متعدد الوظائف من نفس الفئة.,True,False
70,1962,PCE-007,ANEMOMETER ح يرلا ةعسر سايق زاهج,جهاز قياس سرعة الرياح ودرجة الحرارة (أنيمومتر) للاستخدامات الصناعية والتكييف.,2.0,EA,1550.0,3100.0,PCE,GERMANY,910,مرتفع,PCE Instruments official US site,https://www.pce-instruments.com/us/measuring-instruments/test-meters/anemometer-pce-instruments-anemometer-pce-007-det_50519.htm,تم العثور على السعر الرسمي لهذا الجهاز بالتحديد من موقع الشركة المصنعة PCE بسعر 243 دولاراً أمريكياً، وهو جهاز قياس سرعة رياح احترافي معروف.,True,False
70,1963,VT-2700,رر VIBRATION METER زاتهلاا سايق زاهج,جهاز قياس الاهتزازات (تسارع/سرعة/إزاحة) للآلات والمعدات الصناعية.,1.0,EA,2700.0,2700.0,PCE,GERMANY,900,متوسط,Radwell.com product listing,https://www.radwell.com/Buy/PCE%20INSTRUMENTS/PCE%20INSTRUMENTS/PCE-VT-2700,جهاز قياس الاهتزاز PCE-VT 2700 وُجدت له عروض أسعار متعددة تتراوح بين 210-266 دولاراً أمريكياً لدى موزعين أمريكيين، وهو جهاز قياس اهتزاز احترافي.,True,False
70,1964,PCE-FWS20,WEATHER STATION سقط ةطحم,محطة رصد جوي (Weather Station) احترافية من PCE.,1.0,EA,780.0,780.0,PCE,GERMANY,750,متوسط,PCE Instruments / Anaum Trading – Weather Station benchmark,https://anaum.sa.com/collections/pce,سعر تقديري لمحطة رصد جوي احترافية موديل PCE-FWS20 بناءً على أسعار محطات الطقس الاحترافية من PCE.,True,False
70,2630,36584,ALTERNATOR/BATTERY ANALIZERوميندلا صحف ةراطبلاو,جهاز بسيط لفحص واختبار حالة المولد والبطارية في السيارة.,7.0,EA,185.0,1295.0,PITSSBUR,USA,85,منخفض,تقدير عام لأجهزة اختبار المولد والبطارية الاقتصادية,https://www.harborfreight.com,علامة Pittsburgh غالباً اقتصادية (مرتبطة بمتاجر مثل Harbor Freight)، والتقدير مبني على فئة أجهزة اختبار المولد/البطارية البسيطة.,True,False
70,2631,67772,ر H.D.COMB.SQ ةكسرم ةيزاز,مسطرة زاوية مركبة قابلة للتعديل لقياس الزوايا القائمة.,9.0,EA,45.0,405.0,PITSSBUR,USA,70,منخفض,استدلال من فئة المساطر الزاوية,https://www.amazon.com/,مسطرة زاوية مركبة (كومبينيشن سكوير) تقدر وفق أسعار أدوات القياس اليدوية العامة.,True,False
70,2634,MDM201,"N36AQ-GIGITAL,DISTANCE METERةفاسملا سايق",جهاز رقمي لقياس المسافة.,2.0,EA,95.0,190.0,PITSSBUR,USA,85,منخفض,estimated from category benchmark,https://www.amazon.sa/-/en/measuring-tape/s?k=measuring+tape,جهاز قياس مسافة رقمي من فئة أدوات القياس الإلكترونية الاقتصادية.,True,False
70,2629,66319,"DIGI,THICKNESS GAGEةكامسلا سايق زاهج",جهاز رقمي لقياس سماكة المعادن أو الطلاء.,15.0,EA,85.0,1275.0,PITTSBUR,USA,150,منخفض,تقدير عام لأجهزة قياس السماكة الرقمية,https://www.amazon.sa/-/en/b?ie=UTF8&node=16621040031,أجهزة قياس السماكة الرقمية المحمولة من فئة الأسعار المتوسطة عادة ما تتراوح بين 100-250 ريال.,True,False
70,2272,4333,4333p-proto,أداة أو ملحق من بروتو الأمريكية رقم 4333، جودة صناعية عالية.,4.0,EA,470.0,1880.0,PROTO,USA,100,منخفض,تقدير حسب فئة المنتج,https://www.amazon.com/s?k=proto+tools,منتجات بروتو الأمريكية معروفة بجودتها الصناعية العالية وأسعارها الأعلى من المتوسط، لكن دون تحديد دقيق لهوية القطعة 4333.,True,False
70,2279,J46,ر CHISEL /PUNCH SET لترش مقط,طقم أزاميل ومناقر (شنابر) احترافي من علامة بروتو الأمريكية.,8.0,EA,750.0,6000.0,PROTO,USA,450,متوسط,Zoro / DGI Supply (Proto J46 صفحات منتج),https://www.zoro.com/proto-proto-j46-punch-chisel-sets-j46/i/G602572650/,طقم عزم ومناقر احترافي من 26 قطعة من علامة Proto الأمريكية المعروفة، وهذه الأطقم الاحترافية عالية الجودة تكون أعلى سعرًا من الأطقم الاقتصادية المماثلة.,True,False
70,2412,4333P,SEPERATOR نامور ةنيجرز,أداة فصل (فاصل محامل) تستخدم لنزع المحامل والتروس عن الأعمدة.,1.0,PC,550.0,550.0,PROTO,USA,160,متوسط,مرجع فئة أدوات بروتو الصناعية,http://www.protoindustrial.com/en/industrial-tools/PROTO/Impact-Sockets/Impact-Sockets-Individual/1c636cac-f382-440f-addc-45907e3bfeea_Proto%C2%AE-3%7C4%22-Drive-Impact-Sockets---12-Point/J07515T_Proto%C2%AE-3%7C4%22-Drive-Impact-Socket-15%7C16%22---12-Point,فاصل محامل (Separator/Bearing Splitter) من بروتو، وهي أداة ورش متخصصة متوسطة السعر ضمن نطاق منتجات الماركة الصناعية.,True,False
70,2413,4331P,SEPERATOR نامور ةنيجرز,أداة فصل (فاصل محامل) تستخدم لنزع المحامل والتروس عن الأعمدة.,5.0,PC,450.0,2250.0,PROTO,USA,160,متوسط,مرجع فئة أدوات بروتو الصناعية,http://www.protoindustrial.com/en/industrial-tools/PROTO/Impact-Sockets/Impact-Sockets-Individual/1c636cac-f382-440f-addc-45907e3bfeea_Proto%C2%AE-3%7C4%22-Drive-Impact-Sockets---12-Point/J07515T_Proto%C2%AE-3%7C4%22-Drive-Impact-Socket-15%7C16%22---12-Point,فاصل محامل (Separator/Bearing Splitter) من بروتو، وهي أداة ورش متخصصة متوسطة السعر ضمن نطاق منتجات الماركة الصناعية.,True,False
70,2538,7509,"3/4DR,IMPACT,9/16 SIZE,6PT,SH ءادوس ةبح",مقبس صدم أسود مقاس 15/16 بوصة، 12 ضلعاً، لقياس دفع 3/4 بوصة من بروتو.,9.0,EA,88.0,792.0,PROTO,USA,160,متوسط,Proto Industrial official page,http://www.protoindustrial.com/en/industrial-tools/PROTO/Impact-Sockets/Impact-Sockets-Individual/1c636cac-f382-440f-addc-45907e3bfeea_Proto%C2%AE-3%7C4%22-Drive-Impact-Sockets---12-Point/J07515T_Proto%C2%AE-3%7C4%22-Drive-Impact-Socket-15%7C16%22---12-Point,تم العثور على صفحة المنتج الرسمية لهذا الرمز بالتحديد لدى بروتو الصناعية، ومقابس الصدم الصناعية بهذا المقاس تُباع عادة بين 35-55 دولار أمريكي.,True,False
70,2539,7422,"1/2DR,IMPACT,11/16 SIZE,12PT.SH ءادوس ةبح",بيت دباب (سوكيت) أسود بدرفلة 1/2 بوصة و12 ضلع بمقاس 11/16 بوصة.,5.0,EA,68.0,340.0,PROTO,USA,56,متوسط,MSC Industrial - Proto Impact Socket,https://www.mscdirect.com/product/details/85035798,سوكيت بروتو بدرفلة 1/2 بوصة و12 ضلع بمقاس مقارب وُجد بسعر حوالي 23 دولاراً أمريكياً.,True,False
70,2541,7444,"1/2DR,IMPACT,1.3/8 SIZE,12PT,SH-ءادوس ةبح",مقبس صدم أسود مقاس 3/4 بوصة، 6 أضلاع، لقياس دفع 3/4 بوصة من بروتو.,10.0,EA,135.0,1350.0,PROTO,USA,120,متوسط,Proto Industrial official page,http://www.protoindustrial.com/en/industrial-tools/PROTO/Impact-Sockets/Impact-Sockets-Individual/1c636cac-f382-440f-addc-45907e3bfeea_Proto%C2%AE-3%7C4%22-Drive-Impact-Sockets---12-Point/J07515T_Proto%C2%AE-3%7C4%22-Drive-Impact-Socket-15%7C16%22---12-Point,مقبس صدم بمقاس 3/4 بوصة و6 أضلاع لقياس دفع 3/4 بوصة، وهو أصغر من الرمز المشابه 7515T الذي تم إيجاد صفحته الرسمية، لذا سعره أقل نسبياً.,True,False
70,2542,7515T,"3/4DR,IMPACT,15/16 SIZE,12PT,SH ءادوس ةبح",مقبس صدم أسود مقاس 15/16 بوصة، 12 ضلعاً، لقياس دفع 3/4 بوصة من بروتو.,9.0,EA,100.0,900.0,PROTO,USA,160,متوسط,Proto Industrial official page,http://www.protoindustrial.com/en/industrial-tools/PROTO/Impact-Sockets/Impact-Sockets-Individual/1c636cac-f382-440f-addc-45907e3bfeea_Proto%C2%AE-3%7C4%22-Drive-Impact-Sockets---12-Point/J07515T_Proto%C2%AE-3%7C4%22-Drive-Impact-Socket-15%7C16%22---12-Point,تم العثور على صفحة المنتج الرسمية لهذا الرمز بالتحديد لدى بروتو الصناعية، ومقابس الصدم الصناعية بهذا المقاس تُباع عادة بين 35-55 دولار أمريكي.,True,False
70,2543,7432,"1/2DR,IMPACT,1"" SIZE,12PT,SH ءادوس ةبح",مقبس صدم أسود مقاس 15/16 بوصة، 12 ضلعاً، لقياس دفع 3/4 بوصة من بروتو.,5.0,EA,60.0,300.0,PROTO,USA,160,متوسط,Proto Industrial official page,http://www.protoindustrial.com/en/industrial-tools/PROTO/Impact-Sockets/Impact-Sockets-Individual/1c636cac-f382-440f-addc-45907e3bfeea_Proto%C2%AE-3%7C4%22-Drive-Impact-Sockets---12-Point/J07515T_Proto%C2%AE-3%7C4%22-Drive-Impact-Socket-15%7C16%22---12-Point,تم العثور على صفحة المنتج الرسمية لهذا الرمز بالتحديد لدى بروتو الصناعية، ومقابس الصدم الصناعية بهذا المقاس تُباع عادة بين 35-55 دولار أمريكي.,True,False
70,2544,7412,"1/2DR,IMPACT,3/8 SIZE,12PT,SH ءادوس ةبح",مقبس صدم أسود مقاس 15/16 بوصة، 12 ضلعاً، لقياس دفع 3/4 بوصة من بروتو.,7.0,EA,60.0,420.0,PROTO,USA,160,متوسط,Proto Industrial official page,http://www.protoindustrial.com/en/industrial-tools/PROTO/Impact-Sockets/Impact-Sockets-Individual/1c636cac-f382-440f-addc-45907e3bfeea_Proto%C2%AE-3%7C4%22-Drive-Impact-Sockets---12-Point/J07515T_Proto%C2%AE-3%7C4%22-Drive-Impact-Socket-15%7C16%22---12-Point,تم العثور على صفحة المنتج الرسمية لهذا الرمز بالتحديد لدى بروتو الصناعية، ومقابس الصدم الصناعية بهذا المقاس تُباع عادة بين 35-55 دولار أمريكي.,True,False
70,2545,7411M,"1/2DR,IMPACT,11MM SIZE,6PT,SH ءادوس ةبح",بيّة صدمية سوداء قصيرة مقاس 11مم من علامة بروتو.,4.0,EA,35.0,140.0,PROTO,USA,70,منخفض,estimated from category benchmark,https://mdttools.com/product-category/hand-tools/impact-sockets/page/6/,بيّة صدمية من علامة أمريكية مرموقة (بروتو) أعلى جودة وسعرًا من البيات العادية.,True,False
70,2546,7424,"1/2DR,IMPACT,3/4 SIZE,6PT,SH. ءادوس ةبح",مقبس صدم أسود مقاس 15/16 بوصة، 12 ضلعاً، لقياس دفع 3/4 بوصة من بروتو.,4.0,EA,85.0,340.0,PROTO,USA,160,متوسط,Proto Industrial official page,http://www.protoindustrial.com/en/industrial-tools/PROTO/Impact-Sockets/Impact-Sockets-Individual/1c636cac-f382-440f-addc-45907e3bfeea_Proto%C2%AE-3%7C4%22-Drive-Impact-Sockets---12-Point/J07515T_Proto%C2%AE-3%7C4%22-Drive-Impact-Socket-15%7C16%22---12-Point,تم العثور على صفحة المنتج الرسمية لهذا الرمز بالتحديد لدى بروتو الصناعية، ومقابس الصدم الصناعية بهذا المقاس تُباع عادة بين 35-55 دولار أمريكي.,True,False
70,2547,7428,"1/2DR,IMPACT,7/8 SIZE,12PT,SH. ءادوس ةبح",مقبس صدم أسود مقاس 15/16 بوصة، 12 ضلعاً، لقياس دفع 3/4 بوصة من بروتو.,7.0,EA,90.0,630.0,PROTO,USA,160,متوسط,Proto Industrial official page,http://www.protoindustrial.com/en/industrial-tools/PROTO/Impact-Sockets/Impact-Sockets-Individual/1c636cac-f382-440f-addc-45907e3bfeea_Proto%C2%AE-3%7C4%22-Drive-Impact-Sockets---12-Point/J07515T_Proto%C2%AE-3%7C4%22-Drive-Impact-Socket-15%7C16%22---12-Point,تم العثور على صفحة المنتج الرسمية لهذا الرمز بالتحديد لدى بروتو الصناعية، ومقابس الصدم الصناعية بهذا المقاس تُباع عادة بين 35-55 دولار أمريكي.,True,False
70,2548,7430,"1/2DR,IMPACT,15/16 SIZE,SH.12PT ءادوس ةبح",مقبض صدم (دقشة) سوداء نصف انش مقاس 15/16 سداسي قصير.,11.0,PCS,48.0,528.0,PROTO,USA,90,متوسط,Proto Impact Socket 15/16 - Grainger,https://www.grainger.com/product/PROTO-Impact-Socket-1-2-in-Drive-1AX51,مقبض صدم من بروتو الأمريكية سعره نحو 19 دولاراً بالجملة في أمريكا مع هامش استيراد للسوق السعودي.,True,False
71,2549,7422,"1/2DR,IMPACT,11/16 SIZE,12PT.SH ءادوس ةبح",بيت دباب (سوكيت) أسود بدرفلة 1/2 بوصة و12 ضلع بمقاس 11/16 بوصة.,6.0,EA,60.0,360.0,PROTO,USA,56,متوسط,MSC Industrial - Proto Impact Socket,https://www.mscdirect.com/product/details/85035798,سوكيت بروتو بدرفلة 1/2 بوصة و12 ضلع بمقاس مقارب وُجد بسعر حوالي 23 دولاراً أمريكياً.,True,False
71,2558,7314,"1/2DR,IMPACT,7/16,12PT,LONG ةليوط ءادوس ةبح",مقبس هوائي طويل مقاس 1/2 بوصة 7/16 بوصة 12 سن من ماركة PROTO.,1.0,EA,95.0,95.0,PROTO,USA,75,منخفض,rodavigo.net (Palmera tools distributor),https://rodavigo.net/en/p/torx-impact-12-socket-12-e24-tx-palmera/50002646240,سعر تقديري لمقبس صدم من ماركة PROTO الأمريكية المعروفة بناءً على أسعار مقابس مماثلة في السوق.,True,False
71,2562,7521T,"3/4DR,12PT,1.5/16,SH.IMPACTءادوس ةبح",بريمة دفع 3/4 بوصة مقاس 1.5/16 بوصة 12 سن من بروتو.,4.0,EA,65.0,260.0,PROTO,USA,90,منخفض,estimated from category benchmark,https://www.noon.com/saudi-en/tools-and-home-improvement/power-and-hand-tools/power-hand-tool-accessories/sockets-and-socket-sets/,بريمة دفع 3/4 بوصة مقاس 1.5/16 بوصة 12 سن من علامة أمريكية معروفة (بروتو) أعلى ثمناً.,True,False
71,2567,7416,"1/2DR,IMPACT,12PT.SH.1/2 SIZEءادوس ةبح",قطعة دباشة مقاس 1/2 بوصة بـ12 سن من ماركة بروتو الأمريكية.,6.0,EA,65.0,390.0,PROTO,USA,100,متوسط,استدلال من فئة قطع بروتو الأصلية,https://www.amazon.com/,قطعة دباشة من ماركة بروتو الأمريكية المعروفة بجودتها العالية وسعرها الأعلى من المتوسط.,True,False
71,2568,7512,"3/4DR,IMPACT,3/4 SIZE,6PT,SH.ءادوس ةبح",مقبس صدم أسود مقاس 3/4 بوصة، 6 أضلاع، لقياس دفع 3/4 بوصة من بروتو.,16.0,EA,95.0,1520.0,PROTO,USA,120,متوسط,Proto Industrial official page,http://www.protoindustrial.com/en/industrial-tools/PROTO/Impact-Sockets/Impact-Sockets-Individual/1c636cac-f382-440f-addc-45907e3bfeea_Proto%C2%AE-3%7C4%22-Drive-Impact-Sockets---12-Point/J07515T_Proto%C2%AE-3%7C4%22-Drive-Impact-Socket-15%7C16%22---12-Point,مقبس صدم بمقاس 3/4 بوصة و6 أضلاع لقياس دفع 3/4 بوصة، وهو أصغر من الرمز المشابه 7515T الذي تم إيجاد صفحته الرسمية، لذا سعره أقل نسبياً.,True,False
71,2569,7424H,"1/2DR,IMPACT,3/4 SIZE,12PT,SH.ءادوس ةبح",مقبس صدم أسود مقاس 3/4 بوصة، 6 أضلاع، لقياس دفع 3/4 بوصة من بروتو.,4.0,EA,42.0,168.0,PROTO,USA,120,متوسط,Proto Industrial official page,http://www.protoindustrial.com/en/industrial-tools/PROTO/Impact-Sockets/Impact-Sockets-Individual/1c636cac-f382-440f-addc-45907e3bfeea_Proto%C2%AE-3%7C4%22-Drive-Impact-Sockets---12-Point/J07515T_Proto%C2%AE-3%7C4%22-Drive-Impact-Socket-15%7C16%22---12-Point,مقبس صدم بمقاس 3/4 بوصة و6 أضلاع لقياس دفع 3/4 بوصة، وهو أصغر من الرمز المشابه 7515T الذي تم إيجاد صفحته الرسمية، لذا سعره أقل نسبياً.,True,False
71,2584,"5/8""",EYE BOLTعفر رامسم,مسمار رفع (Eye Bolt) مقاس 3/8 بوصة.,6.0,EA,35.0,210.0,PROTO,USA,20,متوسط,تقدير عام لمسامير الرفع (Eye Bolt),https://www.amazon.sa/-/en/b?ie=UTF8&node=16621001031,مسامير الرفع (Eye Bolt) مقاس 3/8 بوصة من الأصناف الرخيصة القياسية.,True,False
71,2585,"3/8""",EYE BOLTعفر رامسم,مسمار رفع (Eye Bolt) مقاس 3/8 بوصة.,42.0,EA,25.0,1050.0,PROTO,USA,20,متوسط,تقدير عام لمسامير الرفع (Eye Bolt),https://www.amazon.sa/-/en/b?ie=UTF8&node=16621001031,مسامير الرفع (Eye Bolt) مقاس 3/8 بوصة من الأصناف الرخيصة القياسية.,True,False
71,2611,5849,"RATCHET 1""DR ةصوب 1 كيتاموتا دي",مفتاح دقشة (راتشيت) دق 1 إنش احترافي من بروتو.,2.0,EA,395.0,790.0,PROTO,USA,650,منخفض,"estimated from category benchmark (1"" drive professional ratchets)",https://www.harryepstein.com/,سعر تقديري لمفتاح دقشة (راتشيت) دق 1 إنش احترافي من بروتو الأمريكية بناءً على أسعار مفاتيح الدقشة الكبيرة عالية الجودة.,True,False
71,2614,940029,EYEBOLTعفر رامسم,مسمار رفع بعروة (آي بولت) من بروتو، يستخدم للرفع والتثبيت، يمثل عائلة من 3 مقاسات.,7.0,EA,30.0,210.0,PROTO,USA,55,متوسط,Grainger (Proto eyebolt listing),https://www.grainger.com/product/PROTO-Eyebolt-4R267,لم يُعثر على نفس رقم الموديل بدقة، لكن مسامير رفع مشابهة من نفس العلامة بروتو متوفرة لدى غرينجر بأسعار مقاربة لهذا التقدير.,True,False
71,2615,940026,EYEBOLTعفر رامسم,مسمار رفع بعروة (آي بولت) من بروتو، يستخدم للرفع والتثبيت، يمثل عائلة من 3 مقاسات.,33.0,EA,38.0,1254.0,PROTO,USA,55,متوسط,Grainger (Proto eyebolt listing),https://www.grainger.com/product/PROTO-Eyebolt-4R267,لم يُعثر على نفس رقم الموديل بدقة، لكن مسامير رفع مشابهة من نفس العلامة بروتو متوفرة لدى غرينجر بأسعار مقاربة لهذا التقدير.,True,False
71,2616,940020,EYEBOLTعفر رامسم,مسمار رفع بعروة (آي بولت) من بروتو، يستخدم للرفع والتثبيت، يمثل عائلة من 3 مقاسات.,32.0,EA,18.0,576.0,PROTO,USA,55,متوسط,Grainger (Proto eyebolt listing),https://www.grainger.com/product/PROTO-Eyebolt-4R267,لم يُعثر على نفس رقم الموديل بدقة، لكن مسامير رفع مشابهة من نفس العلامة بروتو متوفرة لدى غرينجر بأسعار مقاربة لهذا التقدير.,True,False
71,2642,J1987,"HEX KEY UPTO 1/2""",طقم مفاتيح ألن (سداسية) بمقاسات حتى 1/2 بوصة.,3.0,SET,110.0,330.0,PROTO,USA,130,متوسط,استدلال من فئة أطقم بروتو الأصلية,https://www.amazon.com/,طقم مفاتيح ألن حتى 1/2 بوصة من بروتو الأمريكية يقدر بسعر أعلى من المتوسط لجودة الماركة.,True,False
71,2309,DM-01,DIGITALMPSYCHROMETER,جهاز قياس الرطوبة ودرجة الحرارة الرقمي (سايكرومتر).,1.0,EA,440.0,440.0,REED,USA,450,متوسط,REED 8706 Digital Psychrometer - Walmart/HTSEI,https://www.walmart.com/ip/Reed-Instruments-Reed-8706-Digital-Psychrometer-Thermo-Hygrometer-8706/136448055,جهاز قياس رطوبة رقمي احترافي من ريد بسعر يتراوح 130-270 دولاراً في السوق الأمريكي مع هامش استيراد.,True,False
71,2353,37201,PITSBURGH-BRAKE BLEEDER,جهاز تنفيس (بليدر) لسائل الفرامل.,2.0,EA,50.0,100.0,REED,USA,85,منخفض,estimated from category benchmark,https://mdttools.com/,جهاز تنفيس فرامل (بريك بليدر)، أداة صيانة سيارات متخصصة.,True,False
71,2640,ST-610B,"THERMOMETER,TYPE K THERMOCOUPLE",جهاز قياس حرارة رقمي بحساس نوع K (ثيرموكابل) لدرجات حرارة عالية.,4.0,EA,375.0,1500.0,REED,USA,400,مرتفع,omnicontrols.com listing,https://www.omnicontrols.com,وُجد سعر فعلي لجهاز REED ST-610B بحدود 89 دولاراً أمريكياً من موزع متخصص بمعدات القياس الصناعية.,True,False
71,2267,1921,"puller,rimac",عدة سحب (بولر) عامة من ماركة RIMAC.,1.0,EA,70.0,70.0,RIMAC,USA,110,منخفض,mechmaxx.com (automotive equipment benchmark),https://mechmaxx.com/collections/wheel-balancer,سعر تقديري لعدة سحب عامة بالاستناد إلى معيار أسعار معدات السحب الميكانيكية المماثلة.,True,False
71,2269,4104,rimac,أداة أو ملحق من ماركة ريماك الإسبانية دون تفاصيل وصفية كافية.,1.0,EA,90.0,90.0,RIMAC,USA,220,منخفض,تقدير حسب فئة المنتج (أدوات ريماك الإسبانية),https://www.noon.com/saudi-en/tools-and-home-improvement/power-and-hand-tools/,الوصف غير كافٍ لتحديد نوع المنتج بدقة تحت ماركة Rimac، والسعر تقدير عام لأداة يدوية أو ملحق متوسط الفئة.,True,False
71,2270,13908,TRIPPLE LEG PULLER,عدة سحب ثلاثية الأرجل من ماركة RIMAC.,1.0,EA,70.0,70.0,RIMAC,USA,200,منخفض,mechmaxx.com (automotive equipment benchmark),https://mechmaxx.com/collections/wheel-balancer,سعر تقديري لعدة سحب ثلاثية الأرجل بالاستناد إلى معيار أسعار معدات السحب الأكبر حجمًا.,True,False
71,2271,1901,rimac,أداة أو ملحق من ماركة ريماك الإسبانية دون تفاصيل وصفية كافية.,2.0,EA,180.0,360.0,RIMAC,USA,220,منخفض,تقدير حسب فئة المنتج (أدوات ريماك الإسبانية),https://www.noon.com/saudi-en/tools-and-home-improvement/power-and-hand-tools/,الوصف غير كافٍ لتحديد نوع المنتج بدقة تحت ماركة Rimac، والسعر تقدير عام لأداة يدوية أو ملحق متوسط الفئة.,True,False
71,2273,4108,rimac,أداة أو ملحق من ماركة ريماك الإسبانية دون تفاصيل وصفية كافية.,1.0,EA,135.0,135.0,RIMAC,USA,220,منخفض,تقدير حسب فئة المنتج (أدوات ريماك الإسبانية),https://www.noon.com/saudi-en/tools-and-home-improvement/power-and-hand-tools/,الوصف غير كافٍ لتحديد نوع المنتج بدقة تحت ماركة Rimac، والسعر تقدير عام لأداة يدوية أو ملحق متوسط الفئة.,True,False
71,2274,4111,rimac,أداة أو ملحق من ماركة ريماك الإسبانية دون تفاصيل وصفية كافية.,2.0,EA,175.0,350.0,RIMAC,USA,220,منخفض,تقدير حسب فئة المنتج (أدوات ريماك الإسبانية),https://www.noon.com/saudi-en/tools-and-home-improvement/power-and-hand-tools/,الوصف غير كافٍ لتحديد نوع المنتج بدقة تحت ماركة Rimac، والسعر تقدير عام لأداة يدوية أو ملحق متوسط الفئة.,True,False
71,2275,4110,rimac,أداة أو ملحق من ماركة ريماك الإسبانية دون تفاصيل وصفية كافية.,1.0,EA,220.0,220.0,RIMAC,USA,220,منخفض,تقدير حسب فئة المنتج (أدوات ريماك الإسبانية),https://www.noon.com/saudi-en/tools-and-home-improvement/power-and-hand-tools/,الوصف غير كافٍ لتحديد نوع المنتج بدقة تحت ماركة Rimac، والسعر تقدير عام لأداة يدوية أو ملحق متوسط الفئة.,True,False
71,2276,1903,rimac,أداة أو ملحق من ماركة ريماك الإسبانية دون تفاصيل وصفية كافية.,1.0,EA,190.0,190.0,RIMAC,USA,220,منخفض,تقدير حسب فئة المنتج (أدوات ريماك الإسبانية),https://www.noon.com/saudi-en/tools-and-home-improvement/power-and-hand-tools/,الوصف غير كافٍ لتحديد نوع المنتج بدقة تحت ماركة Rimac، والسعر تقدير عام لأداة يدوية أو ملحق متوسط الفئة.,True,False
71,2278,596,rimac,أداة أو ملحق من ماركة ريماك الإسبانية دون تفاصيل وصفية كافية.,3.0,EA,360.0,1080.0,RIMAC,USA,220,منخفض,تقدير حسب فئة المنتج (أدوات ريماك الإسبانية),https://www.noon.com/saudi-en/tools-and-home-improvement/power-and-hand-tools/,الوصف غير كافٍ لتحديد نوع المنتج بدقة تحت ماركة Rimac، والسعر تقدير عام لأداة يدوية أو ملحق متوسط الفئة.,True,False
71,2284,2772,ADAPTOR TOYoTA لوحم,محول توصيل كهربائي أو ميكانيكي مخصص لسيارات تويوتا.,12.0,EA,30.0,360.0,RIMAC,USA,110,منخفض,استدلال من فئة قطع محولات السيارات,https://www.amazon.com/,محول توصيل خاص بسيارات تويوتا يقدر وفق أسعار قطع المحولات المتخصصة المماثلة.,True,False
71,2285,2774,ADAPTOR TOYATA-DIESEL/FORD لوحم,محول أداة خاص بمحركات ديزل تويوتا/فورد.,15.0,EA,35.0,525.0,RIMAC,USA,40,منخفض,تقدير عام لمحولات أدوات السيارات RIMAC,https://www.rimac-tools.com/,محول صغير خاص بمحركات ديزل تويوتا/فورد يقارن بأسعار قطع أدوات السيارات الصغيرة.,True,False
71,2286,2777,ADAPTOR TOYATA-DATSON بوحم,محول أداة خاص بسيارات تويوتا-داتسون.,14.0,EA,40.0,560.0,RIMAC,USA,40,منخفض,تقدير عام لمحولات أدوات السيارات RIMAC,https://www.rimac-tools.com/,محول صغير خاص بسيارات تويوتا-داتسون يقارن بأسعار قطع أدوات السيارات المتخصصة الصغيرة.,True,False
71,2287,202,"TUBE BENDER 1/8-1/2"" ترساوم ةيتنت",أداة ثني أنابيب متعددة المقاسات من 1/8 إلى 1/2 بوصة.,13.0,EA,35.0,455.0,RIMAC,USA,150,متوسط,تقدير عام لمثنيات الأنابيب متعددة المقاسات,https://www.rimac-tools.com/,مثني أنابيب متعدد المقاسات من 1/8 إلى 1/2 بوصة يقارن بأدوات السباكة المماثلة الأكبر حجماً.,True,False
71,2288,94,BRAKE TOOL KIT كيترلل مقط,طقم أدوات لخدمة وصيانة الفرامل.,1.0,kit,135.0,135.0,RIMAC,USA,220,منخفض,estimated from category benchmark,https://mdttools.com/,طقم أدوات متخصص لخدمة نظام الفرامل، سعر تقديري لأطقم الصيانة المتخصصة.,True,False
71,2289,344,PULLEY PULLER.ALTR.POWER STEERING,أداة قلع (زرزانة) متخصصة لسحب بكرة مضخة دركسيون القوة.,5.0,kit,150.0,750.0,RIMAC,USA,220,منخفض,estimated from category benchmark,https://www.ebay.com/b/Impact-Vehicle-Sockets-and-Socket-Sets-1in-Drive/179527/,أداة قلع بكرة دركسيون بالطاقة أداة متخصصة، والتقدير مبني على أسعار أدوات القلع الميكانيكية المشابهة.,True,False
72,2290,92,SUPER STRING PICKUP TOOL,أداة التقاط بسلك قوي (سوبر سترنغ).,3.0,ea,40.0,120.0,RIMAC,USA,45,منخفض,estimated from category benchmark,https://mdttools.com/,أداة التقاط متخصصة بسلك قوي، سعر تقديري لأدوات الالتقاط الميكانيكية.,True,False
72,2291,201,"TUBE BENDER 1/4"" ترساوم ةيانت",أداة تلوية (ثني) أنابيب صغيرة بمقاس 1/4 بوصة تستخدم في السباكة والتبريد.,25.0,ea,30.0,750.0,RIMAC,USA,110,منخفض,estimated from category benchmark,https://www.lislecorp.com/specialty-tools,أداة تلوية أنابيب صغيرة بمقاس 1/4 بوصة، سعرها يقع ضمن نطاق أدوات تشكيل الأنابيب اليدوية الرخيصة.,True,False
72,2293,151,PULLER SET ةنيجرز مقط,طقم نازعات (مفكوك) لسحب التروس والبلي من ريماك.,13.0,SET,150.0,1950.0,RIMAC,USA,200,منخفض,تقدير حسب فئة المنتج,https://www.amazon.com/s?k=gear+puller+set,أطقم النازعات (المفكوك) متعددة القطع متوسطة السعر مقارنة بالأداة المفردة.,True,False
72,2303,23,RIMAC WHEEL BALANCER-0023,جهاز موازنة إطارات (ويل بالانسر) من ماركة RIMAC.,1.0,ea,55.0,55.0,RIMAC,USA,2500,منخفض,mechmaxx.com (automotive equipment benchmark),https://mechmaxx.com/collections/wheel-balancer,سعر تقديري بحذر لجهاز موازنة إطارات بالاستناد إلى أسعار أجهزة الموازنة المماثلة نظرًا لعدم توفر سعر محدد لماركة RIMAC ولعدم وضوح ما إذا كانت القطعة جهازًا كاملاً أو ملحقًا له.,True,True
72,2336,670,FILTER WRENCH,مفتاح فك فلتر الزيت.,6.0,EA,30.0,180.0,RIMAC,USA,45,منخفض,estimated from category benchmark,https://www.amazon.sa/-/en/b?ie=UTF8&node=16620997031,مفتاح فك فلاتر الزيت، سعر تقديري بناءً على أدوات الصيانة اليدوية المماثلة.,True,False
72,2337,1614,"HONE,VALVE",أداة تجليخ (هون) لصمامات المحرك.,5.0,EA,38.0,190.0,RIMAC,USA,180,منخفض,estimated from category benchmark,https://mdttools.com/,أداة تجليخ صمامات المحرك (هون) وهي أداة ميكانيكية متخصصة نسبيًا محدودة الانتشار.,True,False
72,2338,107,GASKET SCRAPER,مكشطة يدوية لإزالة بقايا الحشوات (الجاسكت) عن الأسطح المعدنية.,7.0,EA,95.0,665.0,RIMAC,USA,40,منخفض,estimated from category benchmark (gasket scrapers),https://www.amazon.com/s?k=gasket+scraper,مكشطة حشوات (جاسكت) من رِماك ضمن نطاق أسعار المكاشط اليدوية البسيطة.,True,False
72,2340,121,PISTON RING EXPANDER,أداة توسيع حلقات المكبس (بيستون رينغ).,4.0,EA,30.0,120.0,RIMAC,USA,55,منخفض,estimated from category benchmark,https://mdttools.com/,أداة توسيع حلقات المكبس، أداة صيانة محركات متخصصة.,True,False
72,2341,39,THREAD RESTORING,أداة لإصلاح واستعادة القلاووظ (الحلوق) التالف.,13.0,EA,20.0,260.0,RIMAC,USA,30,منخفض,estimated from category benchmark,https://www.amazon.sa/-/en/b?ie=UTF8&node=16620587031,أداة إصلاح واستعادة القلاووظ التالف تقدر من فئة عدد الصيانة الميكانيكية الصغيرة.,True,False
72,2342,324,TORX BIT SET 10PC,طقم أطراف تورکس (Torx) 10 قطع.,4.0,EA,110.0,440.0,RIMAC,USA,35,متوسط,تقدير عام لأطقم أطراف التورکس الصغيرة,https://www.rimac-tools.com/,طقم أطراف تورکس 10 قطع من ريماك ضمن الفئة السعرية المتوسطة لأطقم الأطراف.,True,False
72,2343,7210,PARTS BRUSH,فرشاة تنظيف قطع الغيار.,5.0,EA,25.0,125.0,RIMAC,USA,12,منخفض,estimated from category benchmark,https://www.amazon.sa/-/en/b?ie=UTF8&node=16620567031,فرشاة تنظيف القطع الميكانيكية، سلعة استهلاكية رخيصة.,True,False
72,2344,4537,A/C CLUTCH HOLDING TOOL,أداة تثبيت قابض ضاغط مكيف السيارة.,3.0,EA,38.0,114.0,RIMAC,USA,80,منخفض,estimated from category benchmark,https://mdttools.com/,أداة تثبيت قابض التكييف عند فك وتركيب المكابس، أداة متخصصة لأنظمة التكييف بالسيارات.,True,False
72,2373,1614,VALVE HONE,أداة تجليخ (هون) لصمامات المحرك.,5.0,EA,35.0,175.0,RIMAC,USA,180,منخفض,estimated from category benchmark,https://mdttools.com/,نفس أداة تجليخ صمامات المحرك المتخصصة الواردة في سجل مماثل.,True,False
72,2414,151,"HUB,PULLER تابوه ةنيجرز",أداة سحب هبات العجلات (زرنيقة).,4.0,PC,120.0,480.0,RIMAC,USA,250,متوسط,تقدير بناءً على أسعار أدوات سحب الهبات المماثلة,https://tigertool.com/products/universal-hub-puller,أداة سحب هبات (زرنيقة) للسيارات، أعلى سعراً من الأدوات اليدوية العادية نظراً لتخصصها.,True,False
72,2624,1663,REPLACEMENT STONE SETتابابصلا خلج رجح,حجر صنفرة بديل (Replacement Stone) لآلة خلج الصمامات من ريماك.,7.0,SET,25.0,175.0,RIMAC,USA,80,منخفض,estimated from category benchmark,https://industrialtool.shop/,سعر تقديري لحجر صنفرة بديل لآلة خلج الصمامات من ريماك بناءً على أسعار قطع الغيار الصناعية المماثلة.,True,False
72,2625,1651,REPLACEMENT STONE SETتابابصلا خلج رجح,حجر صنفرة بديل (Replacement Stone) لآلة خلج الصمامات من ريماك.,9.0,SET,25.0,225.0,RIMAC,USA,80,منخفض,estimated from category benchmark,https://industrialtool.shop/,سعر تقديري لحجر صنفرة بديل لآلة خلج الصمامات من ريماك بناءً على أسعار قطع الغيار الصناعية المماثلة.,True,False
72,2626,1652,REPLACEMENT STONE SETتابابصلا خلج رجح,حجر صنفرة بديل (Replacement Stone) لآلة خلج الصمامات من ريماك.,7.0,SET,25.0,175.0,RIMAC,USA,80,منخفض,estimated from category benchmark,https://industrialtool.shop/,سعر تقديري لحجر صنفرة بديل لآلة خلج الصمامات من ريماك بناءً على أسعار قطع الغيار الصناعية المماثلة.,True,False
72,2627,1653,REPLACEMENT STONE SETتابابصلا خلج رجح,حجر صنفرة بديل (Replacement Stone) لآلة خلج الصمامات من ريماك.,9.0,SET,25.0,225.0,RIMAC,USA,80,منخفض,estimated from category benchmark,https://industrialtool.shop/,سعر تقديري لحجر صنفرة بديل لآلة خلج الصمامات من ريماك بناءً على أسعار قطع الغيار الصناعية المماثلة.,True,False
72,2628,1661,REPLACEMENT STONE SETتابابصلا خلج رجح,حجر صنفرة بديل (Replacement Stone) لآلة خلج الصمامات من ريماك.,5.0,SET,25.0,125.0,RIMAC,USA,80,منخفض,estimated from category benchmark,https://industrialtool.shop/,سعر تقديري لحجر صنفرة بديل لآلة خلج الصمامات من ريماك بناءً على أسعار قطع الغيار الصناعية المماثلة.,True,False
72,1965,170200,"ROTHEN,BASIN WRENCH لساعم حاتفم",مفتاح خاص لشد وفك صمامات المغاسل في الأماكن الضيقة.,7.0,EA,95.0,665.0,ROTH,SPAIN,110,متوسط,estimated from category benchmark (basin wrenches),https://www.amazon.com/s?k=basin+wrench,مفتاح مغاسل (روذنبيرغر) ضمن نطاق أسعار مفاتيح المغاسل القياسية في السوق.,True,False
72,1966,2.515,"BENDER,6,8,10MM ساحن ترساوم ةيانت",طقم مثني أنابيب نحاسية يدوي لمقاسات 6،8،10مم.,6.0,EA,80.0,480.0,ROTHENB,SPAIN,180,متوسط,Rothenberger Pipe Bender Set - Menards,https://www.menards.com/main/plumbing/rough-plumbing/pipe-tubing-hoses-fittings-accessories/plumbing-tools/pipe-bending-tools/rothenberger-tube-bender-set/24134/p-1444452510818.htm,طقم مثني أنابيب يدوي صغير من روثنبرغر لمقاسات 6،8،10مم، أرخص من طقم المثني الكبير المسعّر 420 دولاراً.,True,False
72,1967,761,"76102000,1/4,5/16,3/8"" ساحن ترساوم ةيانت",طقم لتلوية (ثني) الأنابيب النحاسية بثلاثة مقاسات مختلفة.,5.0,EA,130.0,650.0,ROTHENB,SPAIN,200,متوسط,estimated from category benchmark (Rothenberger tube benders),https://www.amazon.com/s?k=rothenberger+tube+bender,طقم تلوية أنابيب نحاسية بثلاثة مقاسات من روذنبيرغر ضمن نطاق أسعار أدوات تشكيل الأنابيب الاحترافية.,True,False
72,1968,ROTH.,"SPRING 1/2""BENDER ةيانت ةتسوس",نابض ثني الأنابيب النحاسية مقاس 5/8 بوصة من روتنبرجر.,32.0,EA,30.0,960.0,ROTHENB,SPAIN,95,متوسط,Rothenberger.com - bending springs category,https://rothenberger.com/us-en/manual-bending-devices/,نوابض الثني الأكبر حجماً (5/8 بوصة) من روتنبرجر تُباع عادة بين 20-30 دولاراً.,True,False
72,1969,ROTH.,"SPRING 5/8""BENDER ةيانت ةتسوس",نابض ثني الأنابيب النحاسية مقاس 5/8 بوصة من روتنبرجر.,49.0,EA,35.0,1715.0,ROTHENB,SPAIN,95,متوسط,Rothenberger.com - bending springs category,https://rothenberger.com/us-en/manual-bending-devices/,نوابض الثني الأكبر حجماً (5/8 بوصة) من روتنبرجر تُباع عادة بين 20-30 دولاراً.,True,False
72,1970,ROTH.,"SPRING 1/4"",BENDER ةيانت ةتسوس",نابض ثني الأنابيب النحاسية مقاس 3/8 بوصة من روتنبرجر.,44.0,EA,20.0,880.0,ROTHENB,SPAIN,85,متوسط,Rothenberger.com - bending spring 3/8 official page,https://rothenberger.com/us-en/manual-bending-devices/bending-spring-f-cu-outside-3-8-25188,نوابض الثني المماثلة من روتنبرجر بمقاسات قريبة تُباع عادة بين 15-25 دولاراً.,True,False
72,1971,ROTH.,"SPRING 5/8""BENDER ةيانت ةتسوس",نابض ثني الأنابيب النحاسية مقاس 5/8 بوصة من روتنبرجر.,19.0,EA,30.0,570.0,ROTHENB,SPAIN,95,متوسط,Rothenberger.com - bending springs category,https://rothenberger.com/us-en/manual-bending-devices/,نوابض الثني الأكبر حجماً (5/8 بوصة) من روتنبرجر تُباع عادة بين 20-30 دولاراً.,True,False
72,1972,ROTH.,"SPRING 7/16"",BENDER ةيانت ةتسوس",نابض ثني الأنابيب النحاسية مقاس 3/8 بوصة من روتنبرجر.,50.0,EA,30.0,1500.0,ROTHENB,SPAIN,85,متوسط,Rothenberger.com - bending spring 3/8 official page,https://rothenberger.com/us-en/manual-bending-devices/bending-spring-f-cu-outside-3-8-25188,نوابض الثني المماثلة من روتنبرجر بمقاسات قريبة تُباع عادة بين 15-25 دولاراً.,True,False
72,1973,ROTH.,"SPRING 1/2""BENDER ةيانت ةتسوس",نابض ثني الأنابيب النحاسية مقاس 5/8 بوصة من روتنبرجر.,10.0,EA,35.0,350.0,ROTHENB,SPAIN,95,متوسط,Rothenberger.com - bending springs category,https://rothenberger.com/us-en/manual-bending-devices/,نوابض الثني الأكبر حجماً (5/8 بوصة) من روتنبرجر تُباع عادة بين 20-30 دولاراً.,True,False
72,1974,ROTH.,"SPRING 3/8"",BENDER ةيانت ةتسوس",نابض ثني الأنابيب النحاسية مقاس 3/8 بوصة من روتنبرجر.,71.0,EA,25.0,1775.0,ROTHENB,SPAIN,85,متوسط,Rothenberger.com - bending spring 3/8 official page,https://rothenberger.com/us-en/manual-bending-devices/bending-spring-f-cu-outside-3-8-25188,نوابض الثني المماثلة من روتنبرجر بمقاسات قريبة تُباع عادة بين 15-25 دولاراً.,True,False
72,1976,"8""",PIPE WRENCH وبملج وبا,مفتاح أنابيب (بايب رنج) مقاس 8 بوصة.,8.0,EA,65.0,520.0,S.EGO,SPAIN,35,متوسط,تقدير عام لمفاتيح الأنابيب (بايب رنج) 8 بوصة,https://www.amazon.com/s?k=pipe+wrench+8+inch,مفتاح أنابيب (بايب رنج) صغير مقاس 8 بوصة من الأدوات اليدوية الشائعة متوسطة السعر.,True,False
72,1977,760,tube bender 15mmساحن ترساوم ةيانت,أداة يدوية لثني أنابيب النحاس مقاس 15 مم.,8.0,EA,120.0,960.0,S.EGO,SPAIN,120,منخفض,تقدير حسب فئة أدوات ثني الأنابيب,https://www.amazon.sa/-/en/pliers/s?k=pliers,أدوات ثني أنابيب النحاس اليدوية بمقاس صغير تقع عادة ضمن نطاق 80-150 ريال.,True,False
72,1978,2.5142,TUBE BENDERساحن ترساوم ةيانت,أداة يدوية لتلوية (ثني) الأنابيب النحاسية بمقاسات مختلفة.,3.0,EA,170.0,510.0,S.EGO,SPAIN,130,متوسط,estimated from category benchmark (copper tube benders),https://www.amazon.com/s?k=copper+tube+bender,أداة تلوية أنابيب نحاسية من S.EGO مشابهة للصنف 276 وبنفس الفئة السعرية.,True,False
73,1979,760,"TUBE BENDER 5/8""-ساحن ترساوم ةيانت2.5131",أداة يدوية لثني الأنابيب النحاسية مقاس 5/8 بوصة.,3.0,EA,110.0,330.0,S.EGO,SPAIN,90,متوسط,تقدير عام لمثنيات الأنابيب النحاسية اليدوية,https://www.rothenbergertools.us/44.html,مثني أنابيب نحاسية 5/8 بوصة يدوي يقارن بأدوات السباكة المماثلة في السوق.,True,False
73,1980,2.515,"6,8,10MM TUBE BENDER ساحن ترساوم ةيانت",أداة يدوية لثني الأنابيب النحاسية بعدة مقاسات.,6.0,EA,70.0,420.0,S.EGO,SPAIN,130,منخفض,استدلال من فئة أدوات ثني الأنابيب,https://www.amazon.com/,طقم ثني أنابيب نحاسية بمقاسات 6-8-10مم يقدر وفق أسعار أدوات التبريد والتكييف المماثلة.,True,False
73,1981,2.5141,TUBE BENDER ساحن ترساوم ةيانت,أداة يدوية لثني الأنابيب النحاسية مقاس 5/8 بوصة.,1.0,EA,130.0,130.0,S.EGO,SPAIN,90,متوسط,تقدير عام لمثنيات الأنابيب النحاسية اليدوية,https://www.rothenbergertools.us/44.html,مثني أنابيب نحاسية 5/8 بوصة يدوي يقارن بأدوات السباكة المماثلة في السوق.,True,False
73,1982,761,TUBE BENDER ساحن سراوم ةيانت,أداة يدوية لثني الأنابيب النحاسية.,5.0,EA,110.0,550.0,S.EGO,SPAIN,90,متوسط,تقدير عام لمثنيات الأنابيب النحاسية اليدوية,https://www.rothenbergertools.us/44.html,مثني أنابيب نحاسية يدوي يقارن بأدوات السباكة المماثلة في السوق.,True,False
73,1983,7.0227,BASIN WRENCH 63MMلساغم حاتفم,مفتاح أحواض مغاسل مقاس 63مم من ماركة S.EGO.,1.0,EA,82.0,82.0,S.EGO,SPAIN,55,منخفض,estimated from category benchmark,https://www.amazon.sa/-/en/b?ie=UTF8&node=16620999031,سعر تقديري لمفتاح أحواض مغاسل بالاستناد إلى أسعار أدوات السباكة المتخصصة المماثلة.,True,False
73,1984,2.5131,"TUBE BENDER 5/8""-ساحن ترساوم ةيانت2.5131",أداة يدوية لثني الأنابيب النحاسية مقاس 5/8 بوصة.,1.0,EA,110.0,110.0,S.EGO,SPAIN,90,متوسط,تقدير عام لمثنيات الأنابيب النحاسية اليدوية,https://www.rothenbergertools.us/44.html,مثني أنابيب نحاسية 5/8 بوصة يدوي يقارن بأدوات السباكة المماثلة في السوق.,True,False
73,1985,760,"15MM,2.5141-3/8"" ساخن ترساوم ةيانت",أداة يدوية لتلوية (ثني) الأنابيب النحاسية بمقاس 15 مليمتر.,5.0,EA,127.0,635.0,S.EGO,SPAIN,130,متوسط,estimated from category benchmark (copper tube benders),https://www.amazon.com/s?k=copper+tube+bender+15mm,أداة تلوية أنابيب نحاسية بمقاس 15مم من S.EGO ضمن نطاق أسعار أدوات تشكيل الأنابيب المماثلة.,True,False
73,1986,760,"7/16""-TUBE BENDERساحن ترساوم ةيانت",أداة يدوية لتلوية (ثني) الأنابيب النحاسية بمقاسات مختلفة.,2.0,EA,60.0,120.0,S.EGO,SPAIN,130,متوسط,estimated from category benchmark (copper tube benders),https://www.amazon.com/s?k=copper+tube+bender,أداة تلوية أنابيب نحاسية من S.EGO مشابهة للصنف 276 وبنفس الفئة السعرية.,True,False
73,1987,760,"6,8MM TUBE BENDER ساحن ترساوم ةيانت",أداة يدوية لثني أنابيب النحاس مقاس 6 و8 مم.,4.0,EA,60.0,240.0,S.EGO,SPAIN,70,منخفض,estimated from category benchmark,https://www.amazon.sa/-/en/b?ie=UTF8&node=16620587031,أداة ثني أنابيب نحاس مقاس 6،8مم أداة متخصصة في التبريد والتكييف.,True,False
73,1988,7222000,"7/8"" TUBE BENDER 22MMساحن ترساوم ةيانت",أداة يدوية لثني أنابيب النحاس مقاس 15 مم.,3.0,EA,105.0,315.0,S.EGO,SPAIN,120,منخفض,تقدير حسب فئة أدوات ثني الأنابيب,https://www.amazon.sa/-/en/pliers/s?k=pliers,أدوات ثني أنابيب النحاس اليدوية بمقاس صغير تقع عادة ضمن نطاق 80-150 ريال.,True,False
73,1989,725,"1.1/8"" TUBE CUTTER-ديدح ترساوم صفم",قاطع أنابيب نحاسية مقاس 1 1/8 بوصة.,5.0,EA,115.0,575.0,S.EGO,SPAIN,60,متوسط,تقدير عام لقاطعات الأنابيب النحاسية,https://www.rothenbergertools.us/44.html,قاطع أنابيب نحاسية بحجم 1 1/8 بوصة يقارن بأسعار أدوات السباكة اليدوية المماثلة.,True,False
73,1990,7.0045,"1/8-2"" PIPE CUTTER.ST,ديدح ترساوم صقم",قاطعة أنابيب معدنية يدوية بمدى قطع واسع من 1/8 حتى 2 بوصة.,5.0,EA,150.0,750.0,S.EGO,SPAIN,170,متوسط,estimated from category benchmark,https://www.amazon.com/s?k=pipe+cutter+1-8+to+2+inch,قاطعة مواسير حديدية بمدى قطع من 1/8 إلى 2 بوصة تقع ضمن نطاق قواطع الأنابيب المتوسطة الحجم.,True,False
73,1991,7.0017D,CUTTER WHEELساحن تاصقم ةسيرو,عجلة قطع بديلة لأداة قص أنابيب النحاس.,60.0,EA,20.0,1200.0,S.EGO,SPAIN,20,متوسط,تقدير عام لقطع الغيار لأدوات قص الأنابيب,https://www.amazon.sa/-/en/pliers/s?k=pliers,عجلة القطع البديلة لأداة قص أنابيب النحاس قطعة غيار صغيرة رخيصة الثمن.,True,False
73,1992,ECO13,DRILL 13MMمم13 دناتس ليرد,مثقب كهربائي عادي بقدرة فك 13 مم.,16.0,EA,850.0,13600.0,SCANTOO,DENMARK,220,منخفض,تقدير فئوي لمثاقب كهربائية قياسية بقدرة 13 مم,https://www.amazon.sa/-/en/b?ie=UTF8&node=51685905031,مثقب كهربائي كتلة قياسية بقدرة فك 13 مم من علامة اقتصادية (SCANTOO)، وهو ضمن الفئة السعرية المتوسطة للمثاقب الكهربائية العادية.,True,False
73,1993,860153100,BENCH GRINDER WITH STAND-6N ةنيكام3100 ةصوب 6 ةدعاقلا عم خلج,جلاخة (خلاجة) منضدية كهربائية 6 إنش مع قاعدة ثابتة.,4.0,EA,1770.0,7080.0,SCANTOO,DENMARK,450,منخفض,تقدير فئوي لجلاخات منضدية 6 إنش مع قاعدة,https://metalpolishingsupplies.co.uk/products/draper-6-250w-bench-grinder,جلاخة منضدية 6 إنش مع قاعدة ثابتة، وهذه الآلات الكهربائية الصغيرة تباع في نطاق سعري معتدل يشابه جلاخات دريبر المماثلة بقدرة 250 واط.,True,False
73,1994,860153200,BENCH GRINDER -8N-WITH STANDةصوب8 ليرد ةدعاقلا -عم,جلاخة طاولة (بنش جرايندر) مقاس 8 بوصة مزودة بقاعدة ثابتة.,1.0,EA,2490.0,2490.0,SCANTOO,DENMARK,1000,منخفض,Amazon.sa bench grinder listing,https://www.amazon.sa/-/en/577102-JBG-8A-8-Inch-Bench-Grinder/dp/B00004T9KW,جلاخة طاولة مقاس 8 بوصة مع قاعدة ثابتة تعد معدة ورشة كاملة، وأسعار الجلاخات الاحترافية بهذا الحجم مع القاعدة في السوق السعودي أعلى من الطرازات المنزلية الصغيرة.,True,False
73,1995,sca1300,"bender,sheet,1.2mm جاص ةيانت",ماكينة ثني صفائح معدنية سماكة 1.2 ملم من سكانتول.,1.0,EA,3500.0,3500.0,SCANTOOL,UNKNOWN,4200,منخفض,Hytek Marketing - Scantool sheet metal bending machines,https://hytekmarketing.biz/products/product-detail/folding-machines,سكانتول علامة دنماركية صناعية معروفة توزعها Hytek Marketing وغيرها، لكن لم يُعثر على سعر علني لهذا الموديل بالتحديد؛ التقدير مبني على هامش معتاد (نحو 20%) فوق التكلفة الداخلية 3500 لمعدات التصنيع الثقيلة.,True,False
73,1996,scan13s,"bender,sheet,2.25mm جاص ةيانت",ماكينة ثني صفائح معدنية سماكة 2.25 ملم من سكانتول.,2.0,EA,6500.0,13000.0,SCANTOOL,UNKNOWN,7800,منخفض,Hytek Marketing - Scantool sheet metal bending machines,https://hytekmarketing.biz/products/product-detail/bending-rollers,لا توجد قائمة سعر علنية للموديل بالتحديد؛ استُخدم نفس هامش السعر (نحو 20%) فوق التكلفة الداخلية 6500 لمعدات الثني الأكبر سعة.,True,False
73,1997,PSD14,"grinder ,with stand خلج ةنيكام",ماكينة جلخ صناعية مع حامل (ستاند) من سكانتول.,2.0,EA,9000.0,18000.0,SCANTOOL,UNKNOWN,10500,منخفض,Scantool.dk - Industrial belt grinder category,https://scantool.dk/en/product/industrial-belt-grinder-for-workshops-and-industry,سكانتول تنتج فعلاً مطاحن/جلاخات صناعية بأسعار تصل لآلاف الدولارات (مثال مماثل بيع بـ5485 دولار لموديل مختلف)؛ التقدير هنا هامش معتدل فوق التكلفة الداخلية 9000 لعدم توفر سعر مطابق تماماً.,True,False
73,1998,PSD10,"grinder ,with stand خلج ةنيكام",ماكينة جلخ صناعية مع حامل (ستاند) من سكانتول، طراز أصغر.,4.0,EA,8500.0,34000.0,SCANTOOL,UNKNOWN,9800,منخفض,Scantool.dk - Industrial belt grinder category,https://scantool.dk/en/product/industrial-belt-grinder-for-workshops-and-industry,نفس منطق التقدير للموديل الأكبر (PSD14) لكن بسعة أصغر، بهامش معتدل فوق التكلفة الداخلية 8500.,True,False
73,1999,SB30,"DRILL PRESS,GEAR TYPE,32MM مم32 ةرجش ليرد",مثقاب عمودي (دريل برس) ذو ناقل تروس سعة 32 ملم من سكانتول.,0.0,EA,9000.0,0.0,SCANTOOL,UNKNOWN,10500,منخفض,Scantool.dk - Geared drill press (SB32),https://scantool.dk/en/product/geared-drill-press,سكانتول/KEF لديها فعلاً موديل مشابه (SB 32) بنفس الفئة، لكن دون سعر علني؛ استُخدم هامش معتدل فوق التكلفة الداخلية 9000.,True,False
73,2000,ARBOGA,,قطعة غيار أو أداة عامة مرتبطة بماكينة ARBOGA من ماركة SCANTOOL.,2.0,E A,0.0,0.0,S C A N T O O L,DENMARK,150,منخفض,estimated from category benchmark,https://www.amazon.sa/-/en/b?ie=UTF8&node=16620999031,سعر تقديري عام لعدم وضوح طبيعة المنتج بدقة، استنادًا إلى معيار أسعار قطع غيار وأدوات الماكينات الصناعية العامة.,True,False
73,2001,ARBOGA,"8"" BENCH W/O STAND-B/WHITE",مثقاب منضدي (بنش درل) 8 بوصة بدون حامل من أربوغا/سكانتول.,3.0,EA,2500.0,7500.0,SCANTOOL,DENMARK,2900,منخفض,Arboga.dk - Geared drill press,https://arboga.dk/en/product/812,أربوغا علامة تابعة لمجموعة سكانتول ولديها فعلاً مثاقب منضدية مشابهة، لكن دون سعر علني لهذا الموديل بالتحديد؛ استُخدم هامش معتدل فوق التكلفة الداخلية 2500.,True,False
73,2002,36MM,MAGNETIC DRILL,مثقاب مغناطيسي سعة 36 ملم من سكانتول.,0.0,EA,3500.0,0.0,SCANTOOL,DENMARK,3800,متوسط,Albawardi Tools - RHINO Magnetic Drilling Machine (مرجع مقارن),https://albawarditools.com/product/rhino-magnetic-drilling-machine-up-to-50mm-220v/,مثقاب مغناطيسي بسعة مماثلة (RHINO حتى 50 ملم) يباع في السعودية بحوالي 2749 ريال؛ نظراً لأن سكانتول علامة أوروبية أعلى فئة، قُدّر السعر أعلى قليلاً وقريباً من التكلفة الداخلية 3500.,True,False
73,2003,50MM,MAGNETIC DRILL,مثقاب مغناطيسي سعة 50 ملم من سكانتول.,0.0,EA,6500.0,0.0,SCANTOOL,DENMARK,6800,متوسط,Albawardi Tools - RHINO Magnetic Drilling Machine (مرجع مقارن),https://albawarditools.com/product/rhino-magnetic-drilling-machine-up-to-50mm-220v/,مثقاب مغناطيسي بنفس السعة (50 ملم) من علامة اقتصادية يباع بالسعودية بحوالي 2749 ريال؛ الفارق هنا يعكس كون سكانتول علامة صناعية أوروبية أعلى سعراً، فقُدّر السعر قريباً من التكلفة الداخلية 6500.,True,False
73,2004,BAND,BAND SAWI BLADE,شفرة منشار شريطي (بند سو) لقطع المعادن.,17.0,EA,220.0,3740.0,SCANTOOL,DENMARK,230,متوسط,Home Depot - Band Saw Blades category,https://www.homedepot.com/b/Tools-Power-Tool-Accessories-Saw-Blades-Band-Saw-Blade/N-5yc1vZc2jk,شفرات مناشير الحديد الصناعية تبدأ من حوالي 37 دولار للشفرات القياسية وترتفع للأطوال الأكبر؛ السعر التقديري يتسق مع التكلفة الداخلية 220 لشفرة منشار شريطي صناعي.,True,False
73,2623,HR-705,RIVETERماشرب ةيدارز,مسدس بريّة (رزّاز) يدوي لتثبيت المسامير.,4.0,EA,45.0,180.0,SCS,USA,55,منخفض,estimated from category benchmark,https://www.amazon.sa/-/en/b?ie=UTF8&node=16620567031,مسدس بريّة يدوي (رزّاز) لتثبيت المسامير البرشامية.,True,False
73,2005,6031,TIG TORCH SR17-35/50 جيت شروت,رأس لحام (تورش) تيج طراز SR17 موصلة 35/50 من سولتر.,50.0,EA,300.0,15000.0,SOLTER,SPAIN,330,مرتفع,Solter.com - رأس لحام تيج SR-17V D35/50 (06031),https://www.solter.com/en_GB/shop/06031-torch-4m-tig-sr-17v-d35-50-40302,سعر رسمي فعلي من موقع الشركة المصنعة سولتر لنفس الرمز بالضبط (06031)، وهو 81.50 يورو، وبعد التحويل يقارب 330 ريال، أعلى قليلاً من التكلفة الداخلية 300.,True,False
73,2006,SB-1000T,WELDING M/C 160A تربما160 ماحل ةنيكام,ماكينة لحام قوسي (ترانسفورمر) محمولة سعة 160 أمبير من سولتر.,12.0,EA,675.0,8100.0,SOLTER,SPAIN,700,متوسط,Amazon.es - Solter SB-1000T Welding Transformer (فئة مشابهة),https://www.amazon.es/Solter-01053-Transformador-Soldadura-1000T/dp/B00CWKESAO,صفحة المنتج موجودة فعلياً لدى أمازون إسبانيا بنفس الموديل، لكن السعر لم يظهر مباشرة؛ استُخدم تقدير قريب من التكلفة الداخلية 675 المتوافق مع فئة لحامات المحولات (ترانسفورمر) البسيطة سعة 160 أمبير.,True,False
73,2007,310KIT,"AREOMIG 310,ST.ST.ALU.1.2MM ماحل ةنيكام",ماكينة لحام أسلاك (ميج/ماج) موديل أيروميغ 310 من سولتر، مزودة لعمل الستانلس ستيل والألمنيوم.,1.0,EA,6500.0,6500.0,SOLTER,SPAIN,7200,متوسط,Draulicfren.com - Solter AEROMIG 310 (56190),https://www.draulicfren.com/tienda/Aeromig-310-Solter-soldadura-56190_8189755-5-13_gp,سعر فعلي للموديل الأساسي AEROMIG 310 4R لدى موزع إسباني (1695 يورو بدون ضريبة)؛ نسخة الكِت الخاصة بالستانلس والألمنيوم (1.2 ملم) عادة أغلى قليلاً، فقُدّر السعر أعلى بما يتوافق مع التكلفة الداخلية 6500.,True,False
74,2008,2330HFPL,"AREROTIG,AC/DCK0085-65133-10-200A",ماكينة لحام تيج متقدمة AC/DC نبضية عالية التردد سعة حتى 200 أمبير من سولتر.,1.0,EA,8600.0,8600.0,SOLTER,SPAIN,9200,متوسط,Serkain.com - Solter AEROTIG 2330 HFP AC/DC,https://serkain.com/compra/soldadura/soldadura-electrica/soldador-inverter-tig-aerotig-2330-hfp-ac-dc/,وُجد سعر تاريخي (نحو 1970 يورو عام 2020) لنفس عائلة الموديل الكامل (كِت AC/DC عالي التردد)؛ بعد تعديل بسيط للتضخم والتحويل يتوافق تقريباً مع التكلفة الداخلية 8600.,True,False
74,2009,2050PRO,"ARC,TIG 200A,5MM ELECTRODEكراو جيت ماحل ةنيكام",ماكينة لحام إنفرتر مزدوجة الوظيفة (قوسي/تيج) سعة 200 أمبير من سولتر.,6.0,EA,1800.0,10800.0,SOLTER,SPAIN,2400,منخفض,Tokentools (أستراليا) - Solter ICON 2050 PRO Inverter Arc/TIG (مرجع فئة),https://weldingstore.tokentools.com.au/solter-icon-1850-inverter-arc-welder/,الموديل مؤكد التواجد لدى موزع أسترالي معتمد دون سعر ظاهر؛ استُخدم تقدير قياسي لماكينات لحام إنفرتر احترافية سعة 200 أمبير مزدوجة الوظيفة (قوسي/تيج) في السوق الخليجي.,True,False
74,2010,SB-1000-T,"230VAC,160AMP,ARC تربما 160 ماحل ةنيكام",ماكينة لحام قوسي (ترانسفورمر) 230 فولت سعة 160 أمبير من سولتر.,12.0,EA,750.0,9000.0,SOLTER,SPAIN,750,متوسط,Amazon.es - Solter SB-1000T Welding Transformer (فئة مشابهة),https://www.amazon.es/Solter-01053-Transformador-Soldadura-1000T/dp/B00CWKESAO,صنف مطابق تقريباً لعنصر آخر بنفس الفئة (SB-1000-T) بنفس السعة 160 أمبير 230 فولت، فاستُخدم نفس التقدير القريب من التكلفة الداخلية 750.,True,False
74,2011,56096,ARGON REG نوجرا مظنم,منظم ضغط غاز الأرجون للحام من سولتر.,12.0,EA,186.0,2232.0,SOLTER,SPAIN,223,منخفض,Solter.com - Gas Regulator category (فئة مشابهة),https://www.solter.com/en_GB/shop/product/56246-gas-regulator-r25-ar-co2-40534,لم يُعثر على الرمز 56096 تحديداً، لكن فئة منظمات الغاز (الأرجون/ثاني أكسيد الكربون) لدى سولتر تباع عادة بحدود 40-70 يورو، وهو ما يتوافق تقريباً مع التكلفة الداخلية 186.,True,False
74,2012,35-50-70,SOCKET ةليصوت,قابس توصيل (سوكيت) لكابل لحام مقاسات 35-50-70 ملم من سولتر.,10.0,SET,15.0,150.0,SOLTER,SPAIN,35,منخفض,تقدير من فئة موصلات لحام DINSE لدى سولتر,https://www.bauhaus.es/accesorios-para-soldar/solter-conector-para-cable-de-soldadura-dinse-hembra-fijo/p/23931480,موصلات كابل اللحام من سولتر (نوع دينسه) قطعة صغيرة رخيصة الثمن تباع عادة ببضعة يوروهات؛ السعر التقديري أعلى بوضوح من التكلفة الداخلية 15 كونه سعر تجزئة لقطعة غيار صغيرة.,True,False
74,2013,74401,10-25MM CONNECTOR-06337 ةليصوت,موصل (كونيكتور) كابل لحام مقاس 10-25 ملم من سولتر.,65.0,EA,15.0,975.0,SOLTER,SPAIN,30,منخفض,Bauhaus.es - Solter DINSE connector 10-25mm (فئة مشابهة),https://www.bauhaus.es/accesorios-para-soldar/solter-conector-para-cable-de-soldadura-dinse-hembra-fijo/p/23931480,موصل دينسه بنفس المقاس متوفر تجارياً لدى متاجر إسبانية بأسعار زهيدة؛ السعر التقديري يتسق مع فئة قطع غيار اللحام الصغيرة مقارنة بالتكلفة الداخلية 15.,True,False
74,2014,74413,35-50MM2-CONNECTOR-06340 ةليصوت,موصل (كونيكتور) كابل لحام مقاس 35-50 ملم مربع من سولتر.,48.0,EA,15.0,720.0,SOLTER,SPAIN,38,منخفض,تقدير من فئة موصلات لحام DINSE لدى سولتر,https://www.bauhaus.es/accesorios-para-soldar/solter-conector-para-cable-de-soldadura-dinse-hembra-fijo/p/23931480,موصل بمقاس أكبر (35-50 ملم مربع) من نفس عائلة الموصلات، فقُدّر سعره أعلى قليلاً من المقاس الأصغر.,True,False
74,2015,74400,10-25 CONNECTOR-06341 ةليصوت,موصل (كونيكتور) كابل لحام مقاس 10-25 ملم من سولتر.,40.0,PKT,7.0,280.0,SOLTER,SPAIN,22,منخفض,تقدير من فئة موصلات لحام DINSE لدى سولتر,https://www.bauhaus.es/accesorios-para-soldar/solter-conector-para-cable-de-soldadura-dinse-hembra-fijo/p/23931480,نفس فئة الموصل بمقاس 10-25 لكن بتكلفة داخلية أقل (7)، فقُدّر سعره في النطاق الأدنى لهذه الفئة من القطع الصغيرة.,True,False
74,2016,35ES21,CONNECTOR ةليصون,موصل (كونيكتور) كابل لحام من سولتر.,38.0,,10.0,380.0,SOLTER,SPAIN,28,منخفض,تقدير من فئة موصلات لحام DINSE لدى سولتر,https://www.bauhaus.es/accesorios-para-soldar/solter-conector-para-cable-de-soldadura-dinse-hembra-fijo/p/23931480,موصل عام من نفس فئة قطع غيار اللحام الصغيرة لدى سولتر، بسعر تجزئة يتجاوز التكلفة الداخلية 10 بهامش معتاد لقطع الغيار الصغيرة.,True,False
74,2017,6151,"ر 2.4MM,TUNGESTEN GREEN , يرتسجنت خيسا",إلكترود تنجستن أحمر (مطعّم بالثوريوم) مقاس 2.4 ملم للحام تيج من سولتر.,33.0,KIT,38.0,1254.0,SOLTER,SPAIN,95,منخفض,استنتاج من فئة إلكترودات التنجستن لدى سولتر,https://www.amazon.com/Solter-06151-Pure-Tungsten-Electrode-2-0-Mm/dp/B0108F5J0M,إلكترود توريوم أحمر بنفس المقاس والتكلفة الداخلية لعنصر مشابه (276)، فاعتُمد نفس التقدير السعري.,True,False
74,2018,6067,"ر 2.4MM,TUNGESTEN GREEN يرتسجنن خايسا",إلكترود تنجستن أخضر مقاس 2.4 ملم للحام تيج من سولتر (درجة مختلفة).,60.0,EA,50.0,3000.0,SOLTER,SPAIN,110,منخفض,استنتاج من فئة إلكترودات التنجستن لدى سولتر,https://www.amazon.com/Solter-06151-Pure-Tungsten-Electrode-2-0-Mm/dp/B0108F5J0M,نفس فئة إلكترودات التنجستن لكن بتكلفة داخلية أعلى (50) مما يوحي بدرجة سبيكة أعلى (كالسيريوم/اللانثانيوم)، فقُدّر سعره أعلى قليلاً من الكود المشابه.,True,False
74,2019,6151,"ر 2.4MM,TUNGSTEN RED 2.4DIA يرنسجنت خايسا",إلكترود تنجستن أحمر (مطعّم بالثوريوم) مقاس 2.4 ملم للحام تيج من سولتر.,9.0,EA,38.0,342.0,SOLTER,SPAIN,95,منخفض,استنتاج من فئة إلكترودات التنجستن لدى سولتر,https://www.amazon.com/Solter-06151-Pure-Tungsten-Electrode-2-0-Mm/dp/B0108F5J0M,إلكترود توريوم أحمر بنفس المقاس والتكلفة الداخلية لعنصر مشابه (276)، فاعتُمد نفس التقدير السعري.,True,False
74,2020,90249,"2.0MM,collet,PORTAELCTRODE ةبقر",كولية (رقبة تثبيت القطب) بمقاس 2.0 مم لشعلة لحام تيج من نوع بورتا إلكترود.,170.0,EA,10.0,1700.0,SOLTER,SPAIN,25,منخفض,سوق قطع شعلات لحام TIG المشابهة (Amazon.sa / industrialtool.shop),https://www.amazon.sa/-/en/Collet-2-4mm-Welding-Accessories-Wzsydn/dp/B0BN1KGV5B,لم يتم العثور على قائمة محددة لعلامة SOLTER، لكن قطع غيار مماثلة (كولية شعلة لحام TIG) في السوق السعودي تباع بأسعار قريبة من هذا المستوى لمقاسات صغيرة كهذه.,True,False
74,2021,90245,"1.0MM,COLLET BODY,DIFUSER,GAS ةبقر",جسم كولية وموزع غاز بمقاس 1.0 مم لشعلة لحام تيج من نوع سولتر.,43.0,EA,10.0,430.0,SOLTER,SPAIN,25,منخفض,سوق قطع شعلات لحام TIG المشابهة,https://industrialtool.shop/tig-welding-tig-torch-accessories-collet-body/,سعر تقديري لقطعة استهلاكية صغيرة من نوع جسم الكولية وموزع الغاز، بناءً على أسعار قطع مشابهة لشعلات TIG في السوق الخليجي.,True,False
74,2022,90240,".8MM,TIP",طرف نحاسي صغير (تيب) بقياس 0.8 مم لشعلة لحام.,38.0,EA,10.0,380.0,SOLTER,SPAIN,15,منخفض,تقدير فئوي لأطراف شعلة TIG,https://industrialtool.shop/tig-welding-tig-torch-accessories-collet/,طرف (تيب) شعلة لحام صغير جدًا 0.8 مم، وهذه القطع عادة من أرخص مستلزمات شعلات اللحام في السوق.,True,False
74,2023,90214,"1.6MM, BODY,DIFUSER,GAS ةبقر",جسم كولية وموزع غاز بمقاس 1.6 مم لشعلة لحام تيج.,39.0,EA,10.0,390.0,SOLTER,SPAIN,25,منخفض,سوق قطع شعلات لحام TIG المشابهة,https://industrialtool.shop/tig-welding-tig-torch-accessories-collet-body/,سعر تقديري مماثل لبقية أجسام الكولية وموزعات الغاز لمقاس 1.6 مم بناءً على أسعار السوق الخليجي لقطع الشعلات المماثلة.,True,False
74,2024,90215,"2.4MM,COLLET BODY,DIFUSER,GAS ةبقر",جسم كولية وموزع غاز بمقاس 2.4 مم لشعلة لحام تيج.,42.0,EA,10.0,420.0,SOLTER,SPAIN,25,منخفض,سوق قطع شعلات لحام TIG المشابهة,https://industrialtool.shop/tig-welding-tig-torch-accessories-collet-body/,سعر تقديري لجسم كولية وموزع غاز بمقاس 2.4 مم استنادًا لأسعار قطع الشعلات المشابهة في السوق.,True,False
74,2025,90216,"2.4MM,COLLET BODY,DIFUSER,GAS ةبقر",جسم كولية وموزع غاز بمقاس 2.4 مم لشعلة لحام تيج (رمز بديل).,10.0,EA,10.0,100.0,SOLTER,SPAIN,25,منخفض,سوق قطع شعلات لحام TIG المشابهة,https://industrialtool.shop/tig-welding-tig-torch-accessories-collet-body/,نفس القطعة بمقاس 2.4 مم لكن برمز مختلف (90216)، وتقدير السعر مطابق للقطعة المشابهة برمز 90215.,True,False
74,2026,90217,"3.2MM,COLLET BODY,DIFUSER,GAS ةبقر",جسم كولية وموزع غاز بمقاس 3.2 مم لشعلة لحام تيج.,25.0,EA,10.0,250.0,SOLTER,SPAIN,28,منخفض,سوق قطع شعلات لحام TIG المشابهة,https://industrialtool.shop/tig-welding-tig-torch-accessories-collet-body/,مقاس أكبر (3.2 مم) لذا سعره أعلى قليلًا من المقاسات الأصغر ضمن نفس فئة قطع الشعلات.,True,False
74,2027,90250,"2.4MM,collet,PORTAELCTRODE ةبقر",كولية (رقبة تثبيت القطب) بمقاس 2.4 مم لشعلة لحام تيج.,16.0,EA,10.0,160.0,SOLTER,SPAIN,22,منخفض,سوق قطع شعلات لحام TIG المشابهة,https://industrialtool.shop/tig-welding-tig-torch-accessories-collet/,كولية بورتا إلكترود بمقاس 2.4 مم، وسعرها التقديري قريب من كوليات الشعلات المشابهة في السوق.,True,False
74,2028,90247,"1.0MM,collet,PORTAELCTRODE ةبقر",كولية (رقبة تثبيت القطب) بمقاس 1.0 مم لشعلة لحام تيج.,51.0,EA,10.0,510.0,SOLTER,SPAIN,20,منخفض,سوق قطع شعلات لحام TIG المشابهة,https://industrialtool.shop/tig-welding-tig-torch-accessories-collet/,كولية صغيرة الحجم (1.0 مم)، وسعرها أقرب للحد الأدنى ضمن فئة الكوليات.,True,False
74,2029,90251,"3.2MM,collet,PORTAELCTRODE ةبقر",كولية (رقبة تثبيت القطب) بمقاس 3.2 مم لشعلة لحام تيج.,45.0,EA,10.0,450.0,SOLTER,SPAIN,25,منخفض,سوق قطع شعلات لحام TIG المشابهة,https://industrialtool.shop/tig-welding-tig-torch-accessories-collet/,كولية بمقاس 3.2 مم، وسعرها التقديري يتماشى مع أسعار الكوليات الأكبر حجمًا في نفس الفئة.,True,False
74,2230,97854,"KNIFE ,CARPET KNIFE,97854",سكين حاد مخصص لقطع مواد السجاد والفرش.,18.0,EA,20.0,360.0,SONDON,USA,40,منخفض,استدلال من فئة سكاكين السجاد,https://www.amazon.com/,سكين قطع سجاد يقدر وفق أسعار السكاكين الحرفية الاقتصادية.,True,False
74,2359,SRC,RIVETER ماشرب ةيدارز,مسدس (زردية) برشام يدوي لتثبيت البراشيم.,4.0,EA,49.0,196.0,SRC,USA,50,متوسط,Tolsen Saudi Arabia - Hand Riveter,https://tolsentools.com.sa/products/hand-riveter,مسدس برشام يدوي عادي يقارب أسعار المسدسات الاقتصادية المعروضة في السوق السعودي.,True,False
74,2033,60CM,ر Spirit level ءام ناترم,ميزان ماء احترافي بطول 80 سم من ستابيلا الألمانية.,31.0,EA,42.0,1302.0,STABILA,GERMANY,265,متوسط,Stabila.com - موازين الماء الاحترافية,https://www.stabila.com/en/products/details/type-80-as-spirit-level.html,موازين ستابيلا الاحترافية بطول 80 سم تُباع عادة بين 50-90 دولاراً حسب الطراز.,True,False
74,2034,30CM,ر Spirit level ءام ناترم,ميزان ماء احترافي بطول 80 سم من ستابيلا الألمانية.,5.0,EA,35.0,175.0,STABILA,GERMANY,265,متوسط,Stabila.com - موازين الماء الاحترافية,https://www.stabila.com/en/products/details/type-80-as-spirit-level.html,موازين ستابيلا الاحترافية بطول 80 سم تُباع عادة بين 50-90 دولاراً حسب الطراز.,True,False
74,2035,40CM,ر Spirit level ءام ناترم,ميزان ماء احترافي بطول 80 سم من ستابيلا الألمانية.,7.0,EA,37.0,259.0,STABILA,GERMANY,265,متوسط,Stabila.com - موازين الماء الاحترافية,https://www.stabila.com/en/products/details/type-80-as-spirit-level.html,موازين ستابيلا الاحترافية بطول 80 سم تُباع عادة بين 50-90 دولاراً حسب الطراز.,True,False
74,2036,50CM,ر Spirit level ءام ناترم,ميزان ماء احترافي بطول 80 سم من ستابيلا الألمانية.,7.0,EA,40.0,280.0,STABILA,GERMANY,265,متوسط,Stabila.com - موازين الماء الاحترافية,https://www.stabila.com/en/products/details/type-80-as-spirit-level.html,موازين ستابيلا الاحترافية بطول 80 سم تُباع عادة بين 50-90 دولاراً حسب الطراز.,True,False
75,2037,30CM,ر Spirit level ءام ناترم,ميزان ماء احترافي بطول 80 سم من ستابيلا الألمانية.,22.0,EA,35.0,770.0,STABILA,GERMANY,265,متوسط,Stabila.com - موازين الماء الاحترافية,https://www.stabila.com/en/products/details/type-80-as-spirit-level.html,موازين ستابيلا الاحترافية بطول 80 سم تُباع عادة بين 50-90 دولاراً حسب الطراز.,True,False
75,2038,80CM,ر Spirit level ءام ناترم,ميزان ماء احترافي بطول 80 سم من ستابيلا الألمانية.,26.0,EA,70.0,1820.0,STABILA,GERMANY,265,متوسط,Stabila.com - موازين الماء الاحترافية,https://www.stabila.com/en/products/details/type-80-as-spirit-level.html,موازين ستابيلا الاحترافية بطول 80 سم تُباع عادة بين 50-90 دولاراً حسب الطراز.,True,False
75,2039,120CM,"ر 48""-LEVEL ناترم",ميزان ماء احترافي طويل بطول 150 سم من ستابيلا.,4.0,EA,54.0,216.0,STABILA,GERMANY,375,متوسط,Stabila.com - موازين الماء الاحترافية,https://www.stabila.com/en/products/list/spirit-levels.html,موازين ستابيلا الطويلة بطول 150 سم تُباع عادة بين 90-130 دولاراً.,True,False
75,2040,150CM,"ر 59""-LEVEL ناترم",ميزان ماء احترافي طويل بطول 150 سم من ستابيلا.,19.0,EA,95.0,1805.0,STABILA,GERMANY,375,متوسط,Stabila.com - موازين الماء الاحترافية,https://www.stabila.com/en/products/list/spirit-levels.html,موازين ستابيلا الطويلة بطول 150 سم تُباع عادة بين 90-130 دولاراً.,True,False
75,2041,120CM,"ر 48""-LEVEL ناترم",ميزان ماء احترافي طويل بطول 150 سم من ستابيلا.,12.0,,75.0,900.0,STABILA,GERMANY,375,متوسط,Stabila.com - موازين الماء الاحترافية,https://www.stabila.com/en/products/list/spirit-levels.html,موازين ستابيلا الطويلة بطول 150 سم تُباع عادة بين 90-130 دولاراً.,True,False
75,2042,100CM,"ر 40""-LEVEL ناترم",ميزان ماء احترافي طويل بطول 150 سم من ستابيلا.,18.0,,85.0,1530.0,STABILA,GERMANY,375,متوسط,Stabila.com - موازين الماء الاحترافية,https://www.stabila.com/en/products/list/spirit-levels.html,موازين ستابيلا الطويلة بطول 150 سم تُباع عادة بين 90-130 دولاراً.,True,False
75,2043,200CM,SPIRIT LEVEL,ميزان تسوية (سبيريت ليفل) احترافي من ستابيلا بطول 200 سم.,9.0,EA,130.0,1170.0,STABILA,GERMANY,450,متوسط,أسعار ميزان ستابيلا 200 سم من متاجر أوروبية,https://www.tadaahshop.com/en/02292-stabila-aluminium-spirit-level-model-70-length-200cm-1-horizontal-and-1-vertical-vial.html,ميزان ستابيلا الألماني الاحترافي بطول 200 سم يباع بحوالي 90-100 جنيه إسترليني عالمياً وهو ما يعادل نحو 450 ريال.,True,False
75,2044,60CM,"ر STABILA,LEVELءام ناترم",ميزان ماء (مستوى) طول 60 سم من ستابيلا الألمانية.,30.0,EA,65.0,1950.0,STABILA,GERMANY,160,متوسط,Amazon.com (Stabila spirit levels),https://www.amazon.com/Stabila-70-60-Single-Plumb-Level/dp/B0001P0TMI,العلامة والمقاس (60 سم) مطابقان لمنتجات ستابيلا الفعلية التي تبدأ أسعارها من نحو 30 دولارًا للموديل الأساسي، وتم تعديل السعر ليعكس فئة أعلى شيوعًا في السوق الخليجي.,True,False
75,2045,30CM,"ر STABILA,LEVEL ءام ناترم",ميزان ماء (مستوى بناء) ألماني الصنع بطول 50 سنتيمتر.,5.0,EA,35.0,175.0,STABILA,GERMANY,90,متوسط,Amazon.sa - Stabila Spirit Level 50cm,https://www.amazon.sa/-/en/Stabila-Type-Spirit-Level-02283/dp/B003UAT6BQ,ميزان ماء (مستوى) ستابيلا بطول 50سم متوفر فعلياً في أمازون السعودية ضمن فئة أسعار مماثلة.,True,False
75,2046,40CM,"ر STABILA,LEVEL ءام ناترم",ميزان ماء (مستوى بناء) ألماني الصنع بطول 50 سنتيمتر.,5.0,EA,40.0,200.0,STABILA,GERMANY,90,متوسط,Amazon.sa - Stabila Spirit Level 50cm,https://www.amazon.sa/-/en/Stabila-Type-Spirit-Level-02283/dp/B003UAT6BQ,ميزان ماء (مستوى) ستابيلا بطول 50سم متوفر فعلياً في أمازون السعودية ضمن فئة أسعار مماثلة.,True,False
75,2047,50CM,"ر STABILA,LEVEL ءام ناترم",ميزان ماء (مستوى بناء) ألماني الصنع بطول 50 سنتيمتر.,6.0,EA,45.0,270.0,STABILA,GERMANY,90,متوسط,Amazon.sa - Stabila Spirit Level 50cm,https://www.amazon.sa/-/en/Stabila-Type-Spirit-Level-02283/dp/B003UAT6BQ,ميزان ماء (مستوى) ستابيلا بطول 50سم متوفر فعلياً في أمازون السعودية ضمن فئة أسعار مماثلة.,True,False
75,2346,749BZ-8RL,"DEPTH MICROMETER 0-8""",مقياس عمق مايكرومتري رقمي دقيق من ستاريت بمدى قياس من صفر حتى 8 بوصات.,1.0,set,3200.0,3200.0,STARRETT,USA,2600,متوسط,Transcat (نموذج مشابه 749BZ-12RL),https://www.transcat.com/starrett-749bz-12rl-68854-68854,لم يُعثر على السعر الدقيق للموديل 8 بوصة تحديداً، لكن موديلات ستاريت 749 الرقمية المماثلة (6 و12 بوصة) تُباع بأسعار تتراوح بين 500-800 دولار أمريكي، وهو مقياس عمق دقيق احترافي عالي الجودة.,True,False
75,2348,440Z-8RL,DEPTH GAUGE,ميكرومتر عمق (ديبث جيج) ميكانيكي دقيق من ستارت الأمريكية.,4.0,EA,1060.0,4240.0,STARRETT,USA,1500,مرتفع,Starrett.com / Transcat - عائلة موديلات 440,https://www.starrett.com/details?cat-no=440Z-6L,تم العثور على أسعار فعلية لعائلة موديلات ستارت 440 والتي تتراوح بين 370-570 دولاراً حسب المدى، وهذا الموديل بمواصفات مشابهة.,True,False
75,2349,78MZ,I/S MICROMETER-100-125MM,مايكرومتر داخلي دقيق لقياس الأقطار من 100-125 مم.,1.0,EA,1060.0,1060.0,STARRETT,USA,700,متوسط,تقدير حسب أسعار مايكرومترات ستارت الدقيقة,https://anaum.sa.com/collections/micrometer,المايكرومترات الداخلية الاحترافية من ستارت أدوات قياس دقيقة عالية السعر عالمياً.,True,False
75,2350,78MZ,I/S MICROMETER 100-125MM,مايكرومتر داخلي دقيق لقياس الأقطار من 100-125 مم.,1.0,EA,1060.0,1060.0,STARRETT,USA,700,متوسط,تقدير حسب أسعار مايكرومترات ستارت الدقيقة,https://anaum.sa.com/collections/micrometer,نفس فئة المايكرومتر الداخلي الاحترافي من ستارت بنفس المقاس.,True,False
75,2521,272A,RADIUS GAGE نونسلا سايق ةادا,أداة قياس دقيقة (مسطرة أنصاف أقطار) تستخدم لقياس تقوس الحواف والزوايا.,2.0,EA,160.0,320.0,STARRETT,USA,260,متوسط,eBay - Starrett Radius Gage,https://www.ebay.com/shop/starrett-radius-gage-set,مقاييس ستاريت لقياس نصف القطر تباع عادة بسعر مرجعي حوالي 100-130 دولاراً أمريكياً حسب الموديل.,True,False
75,2522,272MA,RADIUS GAGE نونسلا سايق ةادا,أداة قياس دقيقة (مسطرة أنصاف أقطار) تستخدم لقياس تقوس الحواف والزوايا.,3.0,EA,140.0,420.0,STARRETT,USA,260,متوسط,eBay - Starrett Radius Gage,https://www.ebay.com/shop/starrett-radius-gage-set,مقاييس ستاريت لقياس نصف القطر تباع عادة بسعر مرجعي حوالي 100-130 دولاراً أمريكياً حسب الموديل.,True,False
75,2523,476,SCREW PITCH نونسلا سايق ةادا,أداة قياس خطوة (شعرة) القلاووظ للتأكد من مطابقة البراغي والصواميل.,3.0,EA,160.0,480.0,STARRETT,USA,257,مرتفع,Starrett Screw Pitch Gage 476,https://www.ebay.com/b/starrett-screw-pitch-gage/bn_7024738277,موديل 476 من ستاريت لقياس خطوة القلاووظ وجد بسعر مطابق تقريباً 68.5 دولاراً أمريكياً.,True,False
75,2524,45458,SCREW PITCH نونسلا سايق ةادا,أداة قياس خطوة (شعرة) القلاووظ للتأكد من مطابقة البراغي والصواميل.,4.0,EA,65.0,260.0,STARRETT,USA,257,مرتفع,Starrett Screw Pitch Gage 476,https://www.ebay.com/b/starrett-screw-pitch-gage/bn_7024738277,موديل 476 من ستاريت لقياس خطوة القلاووظ وجد بسعر مطابق تقريباً 68.5 دولاراً أمريكياً.,True,False
75,2525,286,DRILL/STEEL WIRE GAGE كلاسلاا رطق سايق ةادا,أداة معايرة لقياس أقطار الأسلاك وريش الحفر بدقة.,1.0,EA,320.0,320.0,STARRETT,USA,220,متوسط,استدلال من فئة أدوات ستاريت الدقيقة,https://www.mcmaster.com/products/starrett-feeler-gauges/,مقياس أقطار الأسلاك والحفر من ستاريت الأمريكية يقدر بسعر مرتفع نسبياً نظراً لدقة الماركة.,True,False
75,2526,287,STEEL/WIRE GAGE كلاسلاا رطق سايق ةادا,أداة معدنية لقياس قطر الأسلاك والصفائح المعدنية.,3.0,EA,190.0,570.0,STARRETT,USA,420,متوسط,Starrett 281 Wire Gage - TestEquipmentUSA/Amazon,https://testequipmentusa.com/starrett-american-standard-wire-gage-0-36-range/,أداة قياس دقيقة من ستاريت (نحو 115-128 دولار في السوق الأمريكي) بسعر أعلى في السوق السعودي بسبب الاستيراد.,True,False
75,2527,172E,THICKNESS GAGE ةكامس سايق ةادا,ميزان سماكة (فيلر جيج) دقيق من ستارت الأمريكية.,19.0,EA,190.0,3610.0,STARRETT,USA,150,متوسط,Starrett.com - feeler/thickness gauges category,https://www.starrett.com/,أدوات قياس السماكة من ستارت في هذه الفئة تُباع عادة بين 30-50 دولاراً.,True,False
75,2528,229C,TELESCOPIC GAGE قمعلا سايق ةادا,أداة قياس تلسكوبية (تليسكوبيك جيج) لقياس أقطار الثقوب من ستاريت الأمريكية، موديل 229C.,5.0,EA,185.0,925.0,STARRETT,USA,280,متوسط,Starrett.com (229 series telescoping gage),https://www.starrett.com/details?cat-no=229A,طراز 229 من ستاريت الأمريكية مؤكد وموجود فعليًا لدى الشركة المصنعة وموزعين معتمدين؛ الأدوات المستعملة تباع من 10-18 دولارًا بينما القطعة الجديدة أعلى بكثير، وتم اعتماد تقدير متوسط للسوق الجديد، ويمثل عائلة من مقاسين.,True,False
75,2529,229B,TELESCOPIC GAGE قمعلا سايق ةادا,أداة قياس تلسكوبية (تليسكوبيك جيج) لقياس أقطار الثقوب من ستاريت الأمريكية، موديل 229C.,6.0,EA,130.0,780.0,STARRETT,USA,280,متوسط,Starrett.com (229 series telescoping gage),https://www.starrett.com/details?cat-no=229A,طراز 229 من ستاريت الأمريكية مؤكد وموجود فعليًا لدى الشركة المصنعة وموزعين معتمدين؛ الأدوات المستعملة تباع من 10-18 دولارًا بينما القطعة الجديدة أعلى بكثير، وتم اعتماد تقدير متوسط للسوق الجديد، ويمثل عائلة من مقاسين.,True,False
75,2617,267,TAPER GAGE-FEELER ربات- رلسسق,أداة قياس دقيقة (فيلر/تيبر جيج) لقياس الفراغات الصغيرة بدقة.,1.0,EA,345.0,345.0,STARRETT,USA,350,متوسط,MSC Industrial Supply / Little Machine Shop,https://www.mscdirect.com/product/details/86403342,أداة قياس دقيقة (تيبر جيج/فيلر) من ستاريت الأمريكية المعروفة بدقتها العالية وسعرها المرتفع نسبياً.,True,False
75,2339,4589,DISCK BRAKE PISTION CUBE,أداة تراجع مكبس فرامل الأقراص (ديسك بريك).,3.0,EA,35.0,105.0,STINGER,USA,45,منخفض,estimated from category benchmark,https://mdttools.com/,أداة تراجع مكبس فرامل الأقراص، أداة صيانة فرامل متخصصة.,True,False
75,2048,8345N,DIAL INDICATOR,جهاز قياس دقيق للانحراف (دايل إندكتور).,1.0,EA,495.0,495.0,STORM,ITALY,110,متوسط,تقدير عام لأجهزة قياس الميل (دايل إندكتور),https://www.grainger.com/category/machining/precision-measuring-tools/indicators-indicator-holders-accessories/dial-indicators-sets,جهاز قياس ميكانيكي دقيق (دايل إندكتور) بسعر متوسط بين الموديلات الاقتصادية والاحترافية.,True,False
75,2049,3040,0-25 O/S MICROMETER,مايكروميتر خارجي ميكانيكي بمدى 0-25مم.,1.0,EA,140.0,140.0,STORM,ITALY,90,متوسط,Anaum Trading - Micrometers,https://anaum.sa.com/collections/micrometer,مايكروميتر خارجي بمدى 0-25مم من علامة اقتصادية، أقل سعرًا من الماركات الفاخرة مثل ميتوتويو.,True,False
75,2050,2911,DIGITAL MICROMETER 25-50MM,ميكرومتر رقمي لقياس الأبعاد الخارجية بمدى 25-50 مم من ستورم.,13.0,EA,390.0,5070.0,STORM,ITALY,375,متوسط,Central Tools/Storm - أدوات القياس الدقيقة,https://www.centraltools.com/calipers/,استناداً لأسعار أدوات القياس الرقمية المماثلة من نفس العلامة (STORM) التي تتراوح بين 70-185 دولاراً حسب المدى والدقة.,True,False
75,2051,2261,"DEPTH GAUGE 200MM,DIGITAL",أداة قياس عمق رقمية (Digital Depth Gauge) مقاس 200مم من ستورم.,2.0,EA,435.0,870.0,STORM,ITALY,240,منخفض,Central Tools / ToolDiscounter – Storm gauges benchmark,https://www.centraltools.com/3m746-storm-digital-depth-gage.html,سعر تقديري لأداة قياس عمق رقمية مقاس 200مم من ستورم بناءً على أسعار أداة القياس الرقمية المماثلة.,True,False
75,2052,8190,5-30 INSIDE MICROMETER,ميكرومتر داخلي لقياس الأقطار الداخلية بنطاق 5-30 مم.,4.0,EA,360.0,1440.0,STORM,ITALY,220,منخفض,تقدير حسب فئة الميكرومتر الداخلي,https://www.mitutoyo.com,ميكرومتر داخلي دقيق بنطاق قياس 5-30 مم، والتقدير مبني على أسعار أدوات القياس الدقيقة المماثلة متوسطة الجودة.,True,False
75,2053,8191,25-50 INSOIDE MICROMETER,أداة قياس دقيقة (ميكرومتر داخلي) بمدى قياس من 25 إلى 50 مليمتر.,2.0,EA,300.0,600.0,STORM,ITALY,170,منخفض,estimated from category benchmark (inside micrometers),https://www.amazon.com/s?k=inside+micrometer+25-50mm,ميكرومتر داخلي بمدى 25-50مم من علامة ستورم الأقل شهرة، والتقدير مبني على أسعار الميكرومترات الداخلية المشابهة.,True,False
76,2054,2260,300MM-DEPTH GAUGE-DIGITAL,مقياس عمق رقمي طول 300 مم من ستورم.,4.0,EA,490.0,1960.0,STORM,ITALY,220,منخفض,تقدير حسب فئة المنتج,https://www.amazon.com/s?k=digital+depth+gauge+300mm,مقاييس العمق الرقمية بهذا المدى تقع عادة في هذا النطاق السعري لأدوات القياس شبه الدقيقة.,True,False
76,2055,2261,200MM-DEPTH GAUGE,أداة قياس عمق (Depth Gauge) مقاس 200مم من ستورم.,2.0,EA,396.0,792.0,STORM,ITALY,170,منخفض,Central Tools / ToolDiscounter – Storm gauges benchmark,https://www.tooldiscounter.com/brand/storm/digital-caliper,سعر تقديري لأداة قياس عمق مقاس 200مم من ستورم مطابق لأسعار عناصر مماثلة من نفس العلامة.,True,False
76,2056,4336,"SS,SQ 300X200",زاوية قياس من الستانلس ستيل مقاس 300×200مم.,1.0,EA,530.0,530.0,STORM,ITALY,70,متوسط,تقدير عام لزوايا وأدوات قياس الصلب,https://www.zoro.com/,أداة زاوية/تربيع من الصلب المقاوم بمقاس 300×200مم تقارن بأدوات القياس الصناعية.,True,True
76,2057,4346,SQUARE,زاوية قياس هندسية دقيقة (سكوير) للفحص والتحديد.,2.0,EA,683.0,1366.0,STORM,ITALY,140,منخفض,تقدير حسب فئة الزوايا الهندسية الدقيقة,https://www.drapertools.com,زاوية قياس دقيقة (سكوير)، والتقدير مبني على أسعار أدوات القياس الهندسية المماثلة.,True,False
76,2058,3041,3041N,أداة قياس دقيقة من ستورم، رقم الطراز 3041N (غير محدد بدقة).,12.0,EA,140.0,1680.0,STORM,ITALY,150,منخفض,تقدير حسب فئة المنتج,https://www.amazon.com/s?k=storm+measuring+instrument,وصف المنتج غير واضح بدقة كفاية لتحديد هويته الحقيقية، وتم اعتماد تقدير عام حسب فئة أدوات القياس من نفس العلامة (ستورم) الظاهرة في بنود أخرى بهذه القائمة.,True,False
76,2059,4342,"SS,SQ,100X70MM",زاوية قياس (سكوير) من الستانلس ستيل مقاس 100×70 مم من ستورم.,7.0,EA,220.0,1540.0,STORM,ITALY,95,منخفض,تقدير استناداً لفئة زوايا القياس الهندسية,https://www.centraltools.com/,لا يوجد سعر مباشر للكود المحدد؛ التقدير مبني على زوايا القياس الهندسية المماثلة التي تُباع بين 20-35 دولاراً.,True,False
76,2060,4332,"SS.SQ,100X70MM",زاوية مهندسين فولاذية (Steel Square) مقاس 100×70مم من ستورم.,5.0,EA,170.0,850.0,STORM,ITALY,100,منخفض,estimated from category benchmark,https://saudi.microless.com/thermometers/,سعر تقديري لزاوية مهندسين فولاذية مقاس 100×70مم من ستورم بناءً على أسعار أدوات القياس المماثلة.,True,False
76,2061,13584,"200MM,DEPTH GAUGE",مقياس عمق (دبث جيج) طول 200 مم.,1.0,EA,240.0,240.0,STORM,ITALY,50,منخفض,estimated from category benchmark,https://www.amazon.sa/-/en/b?ie=UTF8&node=16973894031,مقياس عمق (دبث جيج) طول 200مم من فئة أدوات القياس الدقيقة المتوسطة الثمن.,True,False
76,2062,2290,"DEPTH GAUGE,200MM",أداة قياس عمق (Depth Gauge) مقاس 200مم من ستورم.,4.0,EA,240.0,960.0,STORM,ITALY,170,منخفض,Central Tools / ToolDiscounter – Storm gauges benchmark,https://www.tooldiscounter.com/brand/storm/digital-caliper,سعر تقديري لأداة قياس عمق 200مم من ستورم مماثلة لعناصر أخرى من نفس الفئة.,True,False
76,2063,4330,"SS,SQ,50X40MM",زاوية قياس (سكوير) من الستانلس ستيل مقاس 100×70 مم من ستورم.,6.0,EA,90.0,540.0,STORM,ITALY,95,منخفض,تقدير استناداً لفئة زوايا القياس الهندسية,https://www.centraltools.com/,لا يوجد سعر مباشر للكود المحدد؛ التقدير مبني على زوايا القياس الهندسية المماثلة التي تُباع بين 20-35 دولاراً.,True,False
76,2064,4340,"SS,SQ,50X40MM",زاوية قياس (سكوير) من الستانلس ستيل مقاس 100×70 مم من ستورم.,8.0,EA,180.0,1440.0,STORM,ITALY,95,منخفض,تقدير استناداً لفئة زوايا القياس الهندسية,https://www.centraltools.com/,لا يوجد سعر مباشر للكود المحدد؛ التقدير مبني على زوايا القياس الهندسية المماثلة التي تُباع بين 20-35 دولاراً.,True,False
76,2065,2261,"DEPTH GAUGE,200MM,DIGITAL",أداة قياس عمق رقمية (Digital Depth Gauge) مقاس 200مم من ستورم.,2.0,EA,435.0,870.0,STORM,ITALY,240,منخفض,Central Tools / ToolDiscounter – Storm gauges benchmark,https://www.centraltools.com/3m746-storm-digital-depth-gage.html,سعر تقديري مطابق لأداة قياس العمق الرقمية المماثلة مقاس 200مم من ستورم.,True,False
76,2066,78N,DIAL CALIPER-300MM,فرجار قياس بمؤشر دائري (دايال كاليبر) بمدى قياس 300 ملم.,10.0,EA,260.0,2600.0,STORM,ITALY,400,متوسط,تقدير حسب فئة المنتج (فرجار دائري بمؤشر),https://www.noon.com/saudi-en/tools-and-home-improvement/power-and-hand-tools/,فرجار قياس بمؤشر دائري (دايال كاليبر) بمدى قياس كبير 300مم، وهذه الفئة من أدوات القياس الدقيقة تُباع عادة بين 80-150 دولاراً أمريكياً.,True,False
76,2067,3542,spirit level,ميزان فقاعة (مستوى) لقياس استواء الأسطح.,1.0,EA,1550.0,1550.0,STORM,ITALY,55,منخفض,تقدير حسب فئة ميزان الفقاعة (سبيرت ليفل),https://www.drapertools.com,لم يُعثر على سعر محدد لعلامة Storm، والتقدير مبني على أسعار موازين الفقاعة القياسية متوسطة الطول.,True,True
76,2068,77,DIAL CALIPER 200MM,كاليبر بمؤشر دوار (دايال كاليبر) بطول 200مم.,1.0,EA,175.0,175.0,STORM,ITALY,95,متوسط,Amazon.sa - Vernier Calipers,https://www.amazon.sa/-/en/b?ie=UTF8&node=28397835031,كاليبر بمؤشر دوار (دايال) مقاس 200مم من علامة اقتصادية.,True,False
76,2069,75N,DIAL CALIPER 150M,منقلة قياس (فرجار) بمؤشر عقارب مقاس 150مم من ستورم.,6.0,EA,150.0,900.0,STORM,ITALY,180,منخفض,Central Tools / ToolDiscounter – Storm gauges benchmark,https://www.tooldiscounter.com/brand/storm/digital-caliper,سعر تقديري لمنقلة قياس عقارب مقاس 150مم من ستورم بمقارنتها بالفرجار الرقمي لنفس العلامة.,True,False
76,2070,8190,"0-30MM,I/S",فرجار قياس داخلي بمدى من صفر إلى 30 ملم.,1.0,EA,330.0,330.0,STORM,ITALY,70,منخفض,استدلال من فئة الفرجار الداخلي,https://www.amazon.com/,فرجار قياس داخلي بمدى 0-30مم يقدر وفق أسعار أدوات القياس اليدوية الأساسية.,True,False
76,2071,2443M,PROTRACTOR 250-500MM,منقلة قياس زاوية (بروتراكتور).,1.0,EA,155.0,155.0,STORM,ITALY,75,منخفض,estimated from category benchmark,https://anaum.sa.com/collections/vernier-caliper,منقلة زاوية (بروتراكتور) لقياس الميل بمدى 250-500مم.,True,False
76,2072,1046,DIGITAL CALIPER 200MM,قدمة (كاليبر) رقمية بمدى 200 مم من ستورم.,10.0,EA,395.0,3950.0,STORM,ITALY,355,مرتفع,Central Tools - STORM digital caliper family,https://www.centraltools.com/3c301-storm-digital-caliper.html,تم العثور على أسعار فعلية لعائلة كاليبرات ستورم الرقمية التي تتراوح بين 69-186 دولاراً حسب المدى، وهذا يتوافق مع مدى 200 مم.,True,False
76,2073,3631N,mag.base,قاعدة مغناطيسية لتثبيت أدوات القياس والساعات المرجعية.,1.0,EA,230.0,230.0,STORM,ITALY,90,منخفض,estimated from category benchmark,https://www.amazon.sa/-/en/b?ie=UTF8&node=16973894031,قاعدة مغناطيسية (ماج بيس) لتثبيت أدوات القياس سعرها متوسط ضمن فئة الأدوات الدقيقة.,True,False
76,2074,45276,mag.base-oil feeder,وحدة تزويد زيت (أويل فيدر) بقاعدة مغناطيسية.,1.0,EA,230.0,230.0,STORM,ITALY,30,منخفض,estimated from category benchmark,https://www.amazon.sa/-/en/b?ie=UTF8&node=16620587031,وحدة تغذية زيت بقاعدة مغناطيسية أداة صغيرة إضافية أقل ثمناً من القاعدة الرئيسية.,True,True
76,2075,4060,HIEGHT GAUGE,مقياس ارتفاع دقيق (Height Gauge) من ستورم.,1.0,EA,850.0,850.0,STORM,ITALY,450,منخفض,estimated from category benchmark (precision height gauges),https://saudi.microless.com/thermometers/,سعر تقديري لمقياس ارتفاع دقيق (Height Gauge) من ستورم بمقارنته بأدوات القياس الدقيقة المماثلة.,True,False
76,2076,4021,"75CM,EDGEMSTRAIGHT W/BEVEL,ST.ST",مسطرة حادة (استريت إيدج) من الستانلس ستيل بطول 75 سم.,3.0,EA,480.0,1440.0,STORM,ITALY,180,منخفض,تقدير حسب فئة المساطر الحادة الدقيقة,https://www.mitutoyo.com,مسطرة حادة من الفولاذ المقاوم للصدأ بطول 75 سم، والتقدير مبني على أسعار أدوات القياس الدقيقة المماثلة.,True,False
76,2077,13640,"8"" DEPTH GAUGE",أداة قياس عمق (Depth Gauge) طولها 8 إنش من ماركة ستورم.,2.0,EA,490.0,980.0,STORM,ITALY,170,منخفض,Central Tools / ToolDiscounter – Storm gauges benchmark,https://www.tooldiscounter.com/brand/storm/digital-caliper,سعر تقديري لأداة قياس عمق ميكانيكية 8 إنش من ستورم استنادًا إلى أسعار أدوات القياس المماثلة لنفس العلامة.,True,False
76,2078,#00035,"150MM,CALIPER",فرجار (كاليبر) لقياس الأبعاد الداخلية والخارجية بدقة.,3.0,EA,130.0,390.0,STORM,ITALY,70,منخفض,استدلال من فئة الفرجار (كاليبر),https://www.amazon.com/,فرجار قياس (كاليبر) بطول 150مم يقدر وفق أسعار أدوات القياس اليدوية الأساسية.,True,False
76,2079,3961,EDGE KNIFE,سكين منفعة (Edge Knife) للاستخدامات العامة.,4.0,EA,65.0,260.0,STORM,ITALY,25,متوسط,تقدير عام لسكاكين المنفعة (Utility Knife),https://www.amazon.sa/-/en/torx-screwdriver/s?k=torx+screwdriver,سكين منفعة (Edge Knife) أداة قطع بسيطة رخيصة الثمن.,True,False
76,2080,4001,EDGE KNIFE,سكين منفعة (Edge Knife) للاستخدامات العامة.,8.0,EA,60.0,480.0,STORM,ITALY,25,متوسط,تقدير عام لسكاكين المنفعة (Utility Knife),https://www.amazon.sa/-/en/torx-screwdriver/s?k=torx+screwdriver,سكين منفعة (Edge Knife) أداة قطع بسيطة رخيصة الثمن.,True,False
76,2081,4002,EDGE KNIFE,سكين منفعة (Edge Knife) للاستخدامات العامة.,4.0,EA,65.0,260.0,STORM,ITALY,25,متوسط,تقدير عام لسكاكين المنفعة (Utility Knife),https://www.amazon.sa/-/en/torx-screwdriver/s?k=torx+screwdriver,سكين منفعة (Edge Knife) أداة قطع بسيطة رخيصة الثمن.,True,False
76,2082,PR50-S,WATER PR.PUMP ءاملا ترساوم رابتخا ةخضم,مضخة يدوية لاختبار ضغط أنابيب وتمديدات المياه.,4.0,EA,650.0,2600.0,SUPEREG,SPAIN,800,متوسط,تقدير حسب فئة المنتج (مضخات اختبار ضغط الماء),https://www.noon.com/saudi-en/tools-and-home-improvement/power-and-hand-tools/,مضخة اختبار ضغط الماء من ماركة Superego الإيطالية المتخصصة في أدوات السباكة، وهذه الفئة من المضخات اليدوية الاحترافية تُباع بين 150-250 يورو عادة.,True,False
76,2186,0270 series,"double flaring tool,tube pipes تابياب جيلفت",أداة تفليج (فليرنغ) مزدوجة لتشكيل أطراف أنابيب المعدن والفرامل.,3.0,SET,950.0,2850.0,SYKES,UK,420,منخفض,تقدير حسب فئة المنتج (أدوات سايكس),https://www.noon.com/saudi-en/tools-and-home-improvement/power-and-hand-tools/,طقم أداة فليرنغ مزدوج لأنابيب الفرامل من سايكس-بيكافانت، وهي أداة تخصصية لورش السيارات تتراوح أسعارها بين 60-100 جنيه إسترليني.,True,False
76,2187,8530600,slide hammer .تابوهلاو تاسكلاا ةنيجرز,مضرب انزلاقي (Slide Hammer) مع ملحقات لخلع الأطباق والمحاور في السيارات.,2.0,set,500.0,1000.0,SYKES,UK,380,متوسط,Sykes-Pickavant – Hub Pullers collection,https://sykes-pickavant.com/collections/hub-puller,سعر تقديري لطقم مضرب انزلاقي لخلع الأطباق والمحاور بناءً على أسعار منتجات ساكيس-بيكافانت المماثلة.,True,False
76,2188,8250500,"hub puller,5leg تابوه ةنيجرز",زرزانة (أداة قلع) خماسية الأرجل تستخدم لسحب طقم الهب في عجلات المركبات الثقيلة.,1.0,SET,750.0,750.0,SYKES,UK,400,منخفض,estimated from category benchmark (Sykes-Pickavant pullers),https://sykes-pickavant.com/collections/all-pullers,زرزانة هب (Hub Puller) بخمس أرجل هي أداة قلع ثقيلة، وسعرها أعلى من الزرزانات البسيطة ذات الرِجلين أو الثلاث.,True,False
77,2189,3138000,cyl.leakage tester تاردنلسلا بيسرت فشك زاهج,جهاز فحص تسريب الأسطوانات (كمبريشن) للمحركات من ساسك بيكافانت.,3.0,SET,1450.0,4350.0,SYKES,UK,1345,مرتفع,Zoro UK - Sykes-Pickavant Cylinder Leakage Tester,https://www.zoro.co.uk/shop/automotive/automotive-specialised-tools/cylinder-leakage-tester-petrol-kit/p/ZT1207536S,تم العثور على منتج مطابق تماماً من نفس الشركة المصنعة بسعر 279.99 جنيهاً إسترلينياً.,True,False
77,2190,8530000,hub puller c/w force screw تابوه ةنيجرز,زرجينة (سلاّبة) خلع طبات العجل (Hub Puller) مع مسمار قوة من ساكيس.,2.0,SET,450.0,900.0,SYKES,UK,400,متوسط,Sykes-Pickavant – Hub Pullers collection,https://sykes-pickavant.com/collections/hub-puller,سعر تقديري لزرجينة خلع طبات (هب) مع مسمار قوة من ساكيس-بيكافانت بناءً على أسعار طقم زرجينات الهب لديها.,True,False
77,2191,36100v2,piston caliper لمارف تريلاك,أداة إرجاع مكبس كاليبر الفرامل الهيدروليكي في السيارات.,9.0,SET,350.0,3150.0,SYKES,UK,320,منخفض,تقدير حسب فئة المنتج (أدوات سايكس),https://www.noon.com/saudi-en/tools-and-home-improvement/power-and-hand-tools/,أداة إرجاع مكبس كاليبر الفرامل من سايكس-بيكافانت، وهذه الفئة من أدوات ورش السيارات المتخصصة تتراوح أسعارها بين 250-400 ريال عادة.,True,False
77,2192,9810000,MULTI-BEARING EXTRACTOR لىب نامور ةنيجرز,أداة نزع محامل (رومان) متعددة الأحجام تستخدم في ورش السيارات.,5.0,SET,650.0,3250.0,SYKES,UK,600,منخفض,تقدير حسب فئة المنتج (أدوات سايكس المتخصصة),https://www.noon.com/saudi-en/tools-and-home-improvement/power-and-hand-tools/,أداة فك محامل متعددة الاستخدامات من ماركة Sykes-Pickavant البريطانية المتخصصة، وهذه الفئة من الأدوات الصناعية عادة ما تكون أعلى سعراً من الأدوات اليدوية العادية.,True,False
77,2193,31420000,"COMP.TESTER,DIESEL CAR طغض ةعاس",جهاز (ساعة) لقياس ضغط الانضغاط في أسطوانات محركات الديزل.,1.0,KIT,650.0,650.0,SYKES,UK,450,متوسط,estimated from category benchmark (diesel compression testers),https://www.amazon.com/s?k=diesel+compression+tester+kit,جهاز قياس ضغط الانضغاط لمحركات الديزل من سايكس ضمن نطاق أسعار أطقم فحص ضغط الديزل الاحترافية.,True,False
77,2196,164004,"feeler,long,sykes 01640040000 FEELER LONG",مسطرة قياس فراغات (فيلر) طويلة.,7.0,,75.0,525.0,SYKES,UK,40,متوسط,تقدير عام لمساطر قياس الفراغات (فيلر) الطويلة,https://www.amazon.com/s?k=feeler+gauge,مسطرة قياس فراغات طويلة من سايكس تقارن بأدوات القياس اليدوية المماثلة.,True,False
77,2197,650665,"650665v2,sykes,caliper",أداة قياس أو ضبط متخصصة (كاليبر) من ماركة سايكس.,6.0,,175.0,1050.0,SYKES,UK,200,منخفض,تقدير عام لأدوات قياس/ضبط الفرامل المتخصصة,https://www.amazon.sa/-/en/b?ie=UTF8&node=16620587031,أداة سايكس المتخصصة (قد تكون لضبط أسطوانة الفرامل) غير واضحة التفاصيل فقُدرت وفق أدوات الورش المتخصصة.,True,False
77,2198,8310000,sykes 08310000 PULLER ةنيجرز,أداة نزع (بولر/زرزينة) للمحامل أو التروس.,1.0,,350.0,350.0,SYKES,UK,380,منخفض,تقدير حسب فئة المنتج (أدوات سايكس),https://www.noon.com/saudi-en/tools-and-home-improvement/power-and-hand-tools/,أداة نزع (بولر) من سايكس-بيكافانت، وهذه الفئة من أدوات النزع المتخصصة تتراوح أسعارها بين 50-90 جنيهاً إسترلينياً.,True,False
77,2199,8290000,sykes-08290000 PULLER ةنيجرز,أداة نزع (بولر/زرزينة) للمحامل أو التروس.,1.0,,690.0,690.0,SYKES,UK,380,منخفض,تقدير حسب فئة المنتج (أدوات سايكس),https://www.noon.com/saudi-en/tools-and-home-improvement/power-and-hand-tools/,أداة نزع (بولر) من سايكس-بيكافانت، وهذه الفئة من أدوات النزع المتخصصة تتراوح أسعارها بين 50-90 جنيهاً إسترلينياً.,True,False
77,2200,8310000,sykes 08310000 PULLER ةنيجرز,أداة نزع (بولر/زرزينة) للمحامل أو التروس.,3.0,SET,460.0,1380.0,SYKES,UK,380,منخفض,تقدير حسب فئة المنتج (أدوات سايكس),https://www.noon.com/saudi-en/tools-and-home-improvement/power-and-hand-tools/,أداة نزع (بولر) من سايكس-بيكافانت، وهذه الفئة من أدوات النزع المتخصصة تتراوح أسعارها بين 50-90 جنيهاً إسترلينياً.,True,False
77,2201,2760000,AIR GUN-ءاوه سدسم,مسدس هواء مضغوط للتنظيف والنفخ.,3.0,,40.0,120.0,SYKES,UK,40,منخفض,estimated from category benchmark,https://www.amazon.sa/-/en/b?ie=UTF8&node=16620654031,مسدس هواء لأغراض النفخ والتنظيف بالهواء المضغوط.,True,False
77,2203,5830100,14PCS-BODY REPIARE KIT ةركمس حلاصا مقط,طقم هيدروليكي مكون من 14 قطعة لإصلاح وتقويم هياكل السيارات من ساسك.,2.0,KIT,2700.0,5400.0,SYKES,UK,864,متوسط,Sykes-Pickavant - أطقم إصلاح الهياكل الهيدروليكية,https://sykes-pickavant.com/,استناداً لأسعار أطقم إصلاح هياكل السيارات الهيدروليكية المماثلة من دريبر وساسك بيكافانت في السوق البريطاني التي تتراوح بين 130-200 جنيه إسترليني.,True,False
77,2204,5840100,19PCS-BODY REPAIRE KIT ةركمس حلاصا مقط,طقم إصلاح هياكل سيارات (سمكرة) احترافي مكون من 19 قطعة.,3.0,KIT,3200.0,9600.0,SYKES,UK,1100,منخفض,Sykes-Pickavant / eBay (طقم 58401 المشابه),https://www.ebay.com/itm/SYKES-PICKAVANT-Body-Repair-Set-Master-Kit-58401-/153396120169,طقم إصلاح هياكل احترافي من 19 قطعة من علامة سايكس المعروفة في إصلاح السيارات، وهذه الأطقم الاحترافية الكاملة تكون باهظة الثمن نسبيًا مقارنة بالأدوات الفردية.,True,False
77,2214,81500,BALL JOINT سوكعلا ةنيجرز,أداة فصل ميكانيكية لمفصل الكرة (البلية) في نظام التعليق.,2.0,PC,375.0,750.0,SYKES,UK,135,متوسط,Sykes-Pickavant Ball Joint Separator,https://sykes-pickavant.com/collections/mechanical-pullers-kits,فاصل مفصل الكرة (Ball Joint) من سايكس بيكافانت وُجد بسعر حوالي 36 دولاراً أمريكياً لدى موزعين.,True,False
77,2215,64906,SEPERATOR نامور ةنيجرز,أداة فصل (فراز) للمفاصل الكروية أو التوصيلات في السيارات من ساسك بيكافانت.,2.0,PC,680.0,1360.0,SYKES,UK,210,متوسط,Sykes-Pickavant Export - أدوات فصل المفاصل,https://sykespickavantexport.com/,أدوات الفصل المماثلة من هذه العلامة المتخصصة في أدوات السيارات تُباع عادة بين 40-70 دولاراً.,True,False
77,2216,93005,SEPERATOR نامور ةنيجرز,أداة فصل (فراز) للمفاصل الكروية أو التوصيلات في السيارات من ساسك بيكافانت.,2.0,PC,345.0,690.0,SYKES,UK,210,متوسط,Sykes-Pickavant Export - أدوات فصل المفاصل,https://sykespickavantexport.com/,أدوات الفصل المماثلة من هذه العلامة المتخصصة في أدوات السيارات تُباع عادة بين 40-70 دولاراً.,True,False
77,2217,950000,SEPERATOR نامور ةنيجرز,أداة فصل (فراز) للمفاصل الكروية أو التوصيلات في السيارات من ساسك بيكافانت.,4.0,PC,660.0,2640.0,SYKES,UK,210,متوسط,Sykes-Pickavant Export - أدوات فصل المفاصل,https://sykespickavantexport.com/,أدوات الفصل المماثلة من هذه العلامة المتخصصة في أدوات السيارات تُباع عادة بين 40-70 دولاراً.,True,False
77,2219,100130,"3LEG,HYD. كيلورديه ةنيدرز",طقم زرزانة هيدروليكية ثلاثية الأرجل لسحب المحامل والبكرات الثقيلة.,1.0,EA,750.0,750.0,SYKES,UK,750,منخفض,estimated from category benchmark (hydraulic pullers),https://sykes-pickavant.com/collections/hydraulic-pullers-kits,زرزانة هيدروليكية ثلاثية الأرجل أداة احترافية أعلى تكلفة من الزرزانات الميكانيكية البسيطة.,True,False
77,2220,P-082915,PULLER ةنيجرز,زرجينة (سلاّبة) خلع عامة من ساكيس-بيكافانت.,1.0,EA,450.0,450.0,SYKES,UK,280,متوسط,Sykes-Pickavant – Hub and Stud Pullers,https://sykes-pickavant.com/collections/hub-and-stud-pullers,سعر تقديري لزرجينة خلع عامة من ساكيس-بيكافانت بناءً على متوسط أسعار طقم زرجيناتها.,True,False
77,2221,P-082815,PULLER ةنيجرز,زرجينة (سلاّبة) خلع عامة من ساكيس-بيكافانت.,1.0,EA,450.0,450.0,SYKES,UK,280,متوسط,Sykes-Pickavant – Hub and Stud Pullers,https://sykes-pickavant.com/collections/hub-and-stud-pullers,سعر تقديري لزرجينة خلع عامة من ساكيس-بيكافانت بناءً على متوسط أسعار طقم زرجيناتها.,True,False
77,2222,806000,FORKةكوش دي,أداة شوكية معدنية لفصل المفاصل الكروية في نظام التوجيه.,23.0,EA,65.0,1495.0,SYKES,UK,110,منخفض,تقدير حسب فئة أدوات فك المفاصل الكروية (بيكل فورك),https://www.sykes-pickavant.com,أداة شوكية (فورك) تستخدم في فك مفاصل التوجيه الكروية في السيارات، والتقدير مبني على أسعار أدوات مشابهة.,True,False
77,2257,8060000,"sykes,puller ball joint,long",أداة سحب (فك) مفصل الكرة طويلة المدى من سايكس.,23.0,EA,270.0,6210.0,SYKES,USA,230,متوسط,Sykes-Pickavant الموقع الرسمي وقوائم مشابهة,https://sykes-pickavant.com/collections/ball-joint-removal,أداة سحب مفصل الكرة طويلة المدى من سايكس بيكافانت، وأدوات مشابهة من نفس العلامة وجدت بأسعار تتراوح بين 43-51 يورو/جنيه في السوق الأوروبي.,True,False
77,2226,LCB-50D,KNIFE-LCB-50D ةنيكس,سكين قطع (كتر) صناعي من تاجيما مع علبة شفرات احتياطية.,25.0,EA,28.0,700.0,TAJIMA,USA,30,متوسط,Amazon - Tajima LCB-50D,https://www.amazon.com/TAJIMA-Utility-Knives-Blades-Dispenser/dp/B001S2QO04,سكاكين وشفرات تاجيما المشابهة (LCB-50) وُجدت بسعر حوالي 7 دولارات أمريكية للعبوة.,True,False
77,2227,LC-501,KNIFE-LC-501 ةنيكس,سكين قطع (كتر) من ماركة تاجيما موديل LC-501.,21.0,EA,32.0,672.0,TAJIMA,USA,35,متوسط,أسعار سكاكين تاجيما في السوق الخليجي,https://www.amazon.sa/-/en/torx-screwdriver/s?k=torx+screwdriver,سكاكين تاجيما القابلة للكسر معروفة بجودتها وتباع عادة بين 25-45 ريال.,True,False
77,2228,LC-620,KNIFE-LC-620 ةنيكس,سكين قطع (كتر) من ماركة تاجيما موديل LC-501.,17.0,EA,35.0,595.0,TAJIMA,USA,35,متوسط,أسعار سكاكين تاجيما في السوق الخليجي,https://www.amazon.sa/-/en/torx-screwdriver/s?k=torx+screwdriver,سكاكين تاجيما القابلة للكسر معروفة بجودتها وتباع عادة بين 25-45 ريال.,True,False
77,2229,LC-661,KNFIE-LC-661 ةنيكس,سكين حرفي (كتر) من ماركة تاجيما اليابانية.,9.0,EA,35.0,315.0,TAJIMA,USA,70,متوسط,استدلال من فئة سكاكين تاجيما,https://www.amazon.com/tajima-tape-measure/s?k=tajima+tape+measure,سكين حرفي من تاجيما موديل LC-661 يقدر وفق أسعار سكاكين تاجيما المماثلة في السوق.,True,False
77,2231,LC360,KNIFE -TAJIMA ةنيكس,سكين قص (كتر) احترافي ياباني الصنع.,23.0,EA,22.0,506.0,TAJIMA,USA,30,متوسط,Tajima LC-360 Cutter Knife - ToolUp,https://toolup.com/products/tajima-lc-360-precision-craft-gri-with-slide-lock-blade-1-x-endura-blade,سكين قص ياباني احترافي من تاجيما بسعر جملة نحو 5.7 دولار مع هامش استيراد وبيع تجزئة بالسوق السعودي.,True,False
77,2232,LV-302,KNIFE ةنيكس,سكين حرفي (كتر) من ماركة تاجيما لقطع المواد.,17.0,EA,25.0,425.0,TAJIMA,USA,70,متوسط,استدلال من فئة سكاكين تاجيما,https://www.amazon.com/tajima-tape-measure/s?k=tajima+tape+measure,سعر تقديري لسكين تاجيما القياسي بناءً على أسعار منتجات تاجيما المماثلة في السوق.,True,False
77,2378,U-G-30B,30FT TAPE,شريط قياس (متر) طوله 30 قدم من علامة تاجيما.,20.0,EA,80.0,1600.0,TAJIMA,USA,100,متوسط,ToolsBoxSS listing,https://www.tooltoparts.com/product/tajima-gp-30bw-g-plus-30-ft-measuring-tape/,وُجد سعر فعلي بالدولار (حوالي 21$ بعد الخصم) لشريط قياس تاجيما 30 قدم من نفس الفئة.,True,False
78,2380,HI-16BW,"16FT,TAPE",شريط قياس معدني بطول 16 قدماً من ماركة تاجيما اليابانية.,9.0,EA,40.0,360.0,TAJIMA,USA,120,متوسط,Atlas Tools & Machinery / beavertools.com,https://beavertools.com/products/gs-16bw-tajima-gs-lock-tape-measure-steel-blade-16-ft-x-1-in,شريط قياس تاجيما بطول 16 قدماً يباع بحوالي 30-32 دولاراً أمريكياً في الأسواق العالمية.,True,False
78,2083,G30C,F-CLAMP-300MM بملاك فا,مشبك تثبيت (كلامب) على شكل حرف F بطول فتحة 600 ملم.,14.0,EA,36.0,504.0,TW,TW,80,منخفض,تقدير حسب فئة المنتج (مشابك إف),https://www.noon.com/saudi-en/tools-and-home-improvement/power-and-hand-tools/,مشبك تثبيت (كلامب) على شكل حرف F بطول 600مم، وهذه الفئة من مشابك النجارة الكبيرة تُباع عادة بين 15-30 دولاراً أمريكياً.,True,False
78,2084,G40C,F-CLAMP-400MM بملاك فا,مشبك تثبيت (كلامب) على شكل حرف F بطول فتحة 600 ملم.,20.0,EA,40.0,800.0,TW,TW,80,منخفض,تقدير حسب فئة المنتج (مشابك إف),https://www.noon.com/saudi-en/tools-and-home-improvement/power-and-hand-tools/,مشبك تثبيت (كلامب) على شكل حرف F بطول 600مم، وهذه الفئة من مشابك النجارة الكبيرة تُباع عادة بين 15-30 دولاراً أمريكياً.,True,False
78,2085,G60C,F-CLAMP-600MM بملاك فا,مشبك تثبيت (كلامب) على شكل حرف F بطول فتحة 600 ملم.,28.0,EA,45.0,1260.0,TW,TW,80,منخفض,تقدير حسب فئة المنتج (مشابك إف),https://www.noon.com/saudi-en/tools-and-home-improvement/power-and-hand-tools/,مشبك تثبيت (كلامب) على شكل حرف F بطول 600مم، وهذه الفئة من مشابك النجارة الكبيرة تُباع عادة بين 15-30 دولاراً أمريكياً.,True,False
78,2086,G80C,"F-CLAMP-800MM,G80C بملاك فا",مشبك تثبيت (كلامب) على شكل حرف F طول 1000 مم.,8.0,EA,56.0,448.0,TW,TW,120,منخفض,تقدير حسب فئة المنتج,https://www.amazon.com/s?k=f-clamp+1000mm,مشابك الـF الطويلة (1 متر) أعلى سعرًا من المقاسات الصغيرة نظرًا لطول القضيب المعدني.,True,False
78,2087,G100C,"F-CLAMP-1000MM,G100C بملاك فا",مشبك تثبيت (كلامب) على شكل حرف F طول 1000 مم.,22.0,EA,75.0,1650.0,TW,TW,120,منخفض,تقدير حسب فئة المنتج,https://www.amazon.com/s?k=f-clamp+1000mm,مشابك الـF الطويلة (1 متر) أعلى سعرًا من المقاسات الصغيرة نظرًا لطول القضيب المعدني.,True,False
78,2088,ATT100,"TEM.K TYPE 6 ةرارح بورب""",مسبار حرارة (ثيرموكابل) نوع K متوافق مع أجهزة قياس الحرارة من UEI.,7.0,EA,140.0,980.0,UEI,TW,110,منخفض,estimated from category benchmark,https://saudi.jazp.com/sa-en/screwdriver/ssc/1252,سعر تقديري لمسبار حرارة نوع K لجهاز قياس حرارة من UEI بناءً على أسعار مستشعرات الحرارة الصناعية المماثلة.,True,False
78,2089,DL49,"CLAMP-ON TESTER,DIGITALHVAC مىقر زاهج فييكتلل",جهاز قياس رقمي احترافي (كلامب ميتر) لأنظمة التكييف.,2.0,EA,560.0,1120.0,UEI,TW,450,متوسط,تقدير حسب أسعار أجهزة القياس الاحترافية للتكييف,https://www.kanbkam.com/sa/en/unit-ut203-digital-clamp-meters-B005HOPRRK,جهاز UEI الاحترافي لقياس تيار أنظمة التكييف من الفئة العالية مقارنة بأجهزة القياس العامة.,True,False
78,2202,YF-50L,ر ELECTRONIC TESTER تست,جهاز اختبار (تستر) إلكتروني للدوائر الكهربائية.,1.0,,220.0,220.0,UK,UK,25,متوسط,Anaum Trading - Electrical Testers (Saudi Arabia),https://anaum.sa.com/collections/general-purspose-testers,جهاز اختبار كهربائي إلكتروني بسيط يقارب أسعار أجهزة الفحص الاقتصادية في السوق.,True,True
78,2210,EPD-914,"PUNCHDOWN,JONARD شنب ةيدارز",أداة دفع (شنب) لأسلاك الاتصالات في لوحات التوزيع من جونارد.,14.0,EA,295.0,4130.0,UK,UK,124,مرتفع,RS Online / ISC Sales - Jonard EPD-914,https://us.rs-online.com/product/jonard/epd-914/70228641/,تم العثور على نفس الموديل بالضبط بسعر يتراوح بين 31.50-35 دولاراً أمريكياً لدى موزعين متخصصين.,True,False
78,2211,SOK40,SOK40/16HD PHASE 200-230V تازويفلا رابتخا,جهاز لفحص تتابع الفازات الكهربائية الثلاثية بجهد 200-230 فولت.,1.0,EA,650.0,650.0,UK,UK,170,منخفض,estimated from category benchmark (phase testers),https://www.amazon.com/s?k=phase+sequence+tester,جهاز فحص تتابع الفازات بجهد 200-230 فولت ضمن نطاق أسعار أجهزة الفحص الكهربائية المتوسطة.,True,False
78,2212,K-8031F,PHASE ROTATION زويفلا رابتخا,جهاز لاختبار تتابع الفازات الكهربائية (فيز روتيشن).,1.0,EA,550.0,550.0,UK,UK,120,منخفض,تقدير عام لأجهزة فحص تتابع الفازات الكهربائية,https://www.noon.com/saudi-en/tools-and-home-improvement/electrical-16287/testers/,جهاز اختبار تتابع الفاز الكهربائي يقارن بأجهزة الاختبار الكهربائية الصغيرة في السوق السعودي.,True,False
78,2213,YF-75,"PHASE SEQUENCE 110,220,480V زويفلا رابتخا",جهاز لاختبار تتابع أوجه التيار الكهربائي الثلاثي.,1.0,EA,390.0,390.0,UK,UK,250,متوسط,Anaum.sa / Extech phase sequence testers,https://anaum.sa.com/products/extech-480400,جهاز فحص تتابع الفازات (110-480 فولت) يقدر وفق أسعار أجهزة مماثلة كإكستك المتوفرة في السعودية.,True,False
78,2641,STE2,ELECTRONIC STETHOSCOPE,سماعة إلكترونية لتشخيص الأصوات غير الطبيعية داخل محرك السيارة.,2.0,KIT,1535.0,3070.0,UK,USA,150,منخفض,تقدير حسب فئة المنتج (سماعات تشخيص المحركات),https://www.noon.com/saudi-en/tools-and-home-improvement/power-and-hand-tools/,سماعة تشخيص إلكترونية للمحركات (Electronic Stethoscope) هي أداة تشخيص شائعة نسبياً بسعر معتدل يتراوح بين 30-60 دولاراً أمريكياً في السوق العالمي.,True,True
78,2238,EM151,ELKECTRONIC MANOMETER زاعلا طغض سايق زاهج ر ترساوملا ق ءاملاوا ي,جهاز مانومتر إلكتروني لقياس ضغط الغاز أو الماء.,2.0,,550.0,1100.0,UNI,USA,250,متوسط,تقدير حسب أسعار مقاييس الضغط الإلكترونية (مانومتر),https://www.kanbkam.com/sa/en/unit-ut203-digital-clamp-meters-B005HOPRRK,مقاييس الضغط الإلكترونية (مانومتر) أجهزة قياس دقيقة أغلى من أدوات اليد العادية.,True,False
78,2090,517.17,unior 1000v-bent nose ةلوزعم ةفوكم ةيدارز,زردية أنف منحني معزولة كهربائياً حتى 1000 فولت من يونيور.,4.0,EA,58.0,232.0,UNIOR,GERMANY,120,منخفض,Tolsen Saudi Arabia - Water Pump Pliers,https://tolsentools.com.sa/products/water-pump-pliers-1,زردية أنف منحني معزولة 1000 فولت من يونيور علامة أوروبية أعلى ثمناً بسبب العزل.,True,False
78,2091,"7/8X13/16""",O/E WRENCH ىدلب حاتفم,مفتاح بلدي مقاس 7/8×13/16 بوصة من ماركة UNIOR.,1.0,EA,35.0,35.0,UNIOR,GERMANY,38,منخفض,estimated from category benchmark,https://www.amazon.sa/-/en/b?ie=UTF8&node=16621007031,سعر تقديري لمفتاح بلدي بناءً على معيار أسعار مفاتيح يونيور المماثلة.,True,False
78,2096,2326,UNIVERSAL JOINT 3/4 ةيلصفم ةليصوت,مفصل عالمي (يونيفرسال جوينت) مقاس 3/4 بوصة من ماركة UNIOR.,1.0,EA,65.0,65.0,UNIOR,GERMANY,80,منخفض,estimated from category benchmark,https://www.amazon.sa/-/en/b?ie=UTF8&node=16620999031,سعر تقديري لمفصل عالمي كبير الحجم بالاستناد إلى معيار أسعار ملحقات المقابس الهوائية.,True,False
78,2242,356-412,JENSEN TOOL CASE ةبيقح,حقيبة أدوات صناعية أمريكية الصنع من جنسن لتنظيم ونقل عدة الأدوات اليدوية.,4.0,,1350.0,5400.0,USA,USA,825,منخفض,تقدير استناداً لفئة حقائب الأدوات الصناعية (Jensen Tools),https://www.jensentools.com/,لا يوجد سعر مباشر للموديل المحدد؛ التقدير مبني على معرفة عامة بفئة حقائب الأدوات الاحترافية الأمريكية المماثلة التي تتراوح بين 150-300 دولار أمريكي.,True,False
78,2296,2776,ADAPTOR TOYATA لوحم,محول/وصلة لحام صغيرة تستخدم في أعمال السيارات.,9.0,EA,35.0,315.0,USA,USA,40,منخفض,estimated from category benchmark,https://www.amazon.sa/-/en/b?ie=UTF8&node=16620587031,لا توجد بيانات دقيقة لهذا الصنف فالسعر مقدر من فئة الوصلات والمحولات الصغيرة المتنوعة.,True,False
78,2297,7209,POWER STEERING,أداة متخصصة لفك أو سحب أجزاء نظام التوجيه المعزز.,5.0,ea,240.0,1200.0,USA,USA,200,منخفض,تقدير عام لأدوات سحب مضخة التوجيه المعزز,https://www.amazon.sa/-/en/b?ie=UTF8&node=16620587031,أدوات سحب أجزاء التوجيه المعزز أدوات ورشة متخصصة متوسطة السعر لعدم وضوح الموديل بدقة.,True,False
78,2298,7185,POWER STEERING PUMP.ALT.PULEY,بكرة مضخة تعزيز التوجيه أو المولد الكهربائي للسيارة.,4.0,KIT,190.0,760.0,USA,USA,120,منخفض,تقدير عام لبكرات مضخات التوجيه,https://www.rockauto.com,بكرات مضخة التوجيه المعزز والمولد قطع غيار سيارات أمريكية عامة، والسعر يعتمد بشدة على الموديل، وهذا تقدير متوسط للفئة.,True,False
78,2299,7005,POWER STEERING PUMP.ALT.PULEY,بكرة مضخة تعزيز التوجيه أو المولد الكهربائي للسيارة.,5.0,KIT,175.0,875.0,USA,USA,120,منخفض,تقدير عام لبكرات مضخات التوجيه,https://www.rockauto.com,بكرات مضخة التوجيه المعزز والمولد قطع غيار سيارات أمريكية عامة، والسعر يعتمد بشدة على الموديل، وهذا تقدير متوسط للفئة.,True,False
78,2307,XR-2,LAN TESTER TRIPPLET,جهاز اختبار كابلات الشبكة (LAN).,1.0,KIT,450.0,450.0,USA,USA,100,منخفض,تقدير عام لأجهزة اختبار شبكات LAN,https://www.amazon.com/s?k=lan+cable+tester,جهاز اختبار كابلات شبكة (LAN Tester) أمريكي الصنع يقارن بأدوات اختبار الشبكات الاقتصادية.,True,False
79,2351,LP560,LOGIC PROBE,مسبار منطقي (Logic Probe) لاختبار الدوائر الإلكترونية موديل LP560.,9.0,EA,95.0,855.0,USA,USA,150,منخفض,estimated from category benchmark,https://mdttools.com/shop/,سعر تقديري لمسبار منطقي (Logic Probe) لاختبار الدوائر الإلكترونية بمقارنته بأدوات الاختبار المماثلة.,True,False
79,2352,ADF-200,"DIGITAL ELECTRICAL TESTER,AC/DC",جهاز اختبار كهربائي رقمي (Digital Electrical Tester) AC/DC.,2.0,EA,400.0,800.0,USA,USA,100,منخفض,estimated from category benchmark,https://mdttools.com/shop/,سعر تقديري لجهاز اختبار كهربائي رقمي AC/DC موديل ADF-200 بمقارنته بأجهزة الاختبار المماثلة.,True,False
79,2405,E-ERB,CLEAR GOGGLES ةراظن,نظارات سلامة شفافة لحماية العينين أثناء العمل.,21.0,EA,25.0,525.0,USA,USA,25,متوسط,Amazon.sa نتائج بحث نظارات السلامة,https://www.amazon.sa/-/en/safety-goggles/s?k=safety+goggles,نظارات سلامة شفافة عادية متوفرة على أمازون السعودية ضمن نطاق سعري يصل حتى 30-40 ريال حسب البحث المباشر في السوق المحلي.,True,False
79,2406,15144,CLEAR GOGGLES ةراظن,نظارات سلامة شفافة لحماية العينين أثناء العمل.,60.0,EA,25.0,1500.0,USA,USA,25,متوسط,Amazon.sa نتائج بحث نظارات السلامة,https://www.amazon.sa/-/en/safety-goggles/s?k=safety+goggles,نظارات سلامة شفافة عادية متوفرة على أمازون السعودية ضمن نطاق سعري يصل حتى 30-40 ريال حسب البحث المباشر في السوق المحلي.,True,False
79,2407,15144,CLEAR GOGGLES ةراظن,نظارات سلامة شفافة لحماية العينين أثناء العمل.,53.0,EA,25.0,1325.0,USA,USA,25,متوسط,Amazon.sa نتائج بحث نظارات السلامة,https://www.amazon.sa/-/en/safety-goggles/s?k=safety+goggles,نظارات سلامة شفافة عادية متوفرة على أمازون السعودية ضمن نطاق سعري يصل حتى 30-40 ريال حسب البحث المباشر في السوق المحلي.,True,False
79,2408,15655,CLEAR GOGGLES ةراظن,نظارات سلامة شفافة لحماية العينين أثناء العمل.,43.0,EA,25.0,1075.0,USA,USA,25,متوسط,Amazon.sa نتائج بحث نظارات السلامة,https://www.amazon.sa/-/en/safety-goggles/s?k=safety+goggles,نظارات سلامة شفافة عادية متوفرة على أمازون السعودية ضمن نطاق سعري يصل حتى 30-40 ريال حسب البحث المباشر في السوق المحلي.,True,False
79,2409,15143,CLEAR GOGGLES ةراظن,نظارات سلامة شفافة لحماية العينين أثناء العمل.,60.0,EA,25.0,1500.0,USA,USA,25,متوسط,Amazon.sa نتائج بحث نظارات السلامة,https://www.amazon.sa/-/en/safety-goggles/s?k=safety+goggles,نظارات سلامة شفافة عادية متوفرة على أمازون السعودية ضمن نطاق سعري يصل حتى 30-40 ريال حسب البحث المباشر في السوق المحلي.,True,False
79,2410,15147,CLEAR GOGGLES ةراظن,نظارات سلامة شفافة لحماية العينين أثناء العمل.,72.0,EA,25.0,1800.0,USA,USA,25,متوسط,Amazon.sa نتائج بحث نظارات السلامة,https://www.amazon.sa/-/en/safety-goggles/s?k=safety+goggles,نظارات سلامة شفافة عادية متوفرة على أمازون السعودية ضمن نطاق سعري يصل حتى 30-40 ريال حسب البحث المباشر في السوق المحلي.,True,False
79,2411,LP10A,LOGIC PROBE تلوفلا سايق راهج,مسبار منطقي (لوجيك بروب) لاختبار الدوائر الكهربائية.,1.0,EA,165.0,165.0,USA,USA,100,منخفض,estimated from category benchmark,https://anaum.sa.com/collections/general-purspose-testers,مسبار منطقي إلكتروني لاختبار الدوائر الكهربائية في السيارات.,True,False
79,2470,2002-6900,"REAMER,BACHARACH ةكابسلل ريوقت ةادا",أداة توسيع (ريمر) لأطراف أنابيب التبريد من طراز باكاراك الأمريكي.,40.0,EA,55.0,2200.0,USA,USA,150,منخفض,تقدير حسب فئة المنتج,https://www.amazon.com/s?k=bacharach+reamer,أداة الريمر الخاصة بشركة باكاراك لأنابيب التبريد تقع عادة في نطاق سعري متوسط لأدوات الصيانة المتخصصة.,True,False
79,2475,99998,ر FLOWMETER تازاغلل تيمولف,جهاز (فلومتر) لقياس معدل تدفق الغازات في الأنابيب.,1.0,EA,650.0,650.0,USA,USA,280,منخفض,estimated from category benchmark (gas flow meters),https://www.amazon.com/s?k=gas+flow+meter,جهاز قياس تدفق الغازات، والتقدير مبني على أسعار أجهزة قياس التدفق الصناعية المشابهة.,True,False
79,2486,LT90,RATCHET تيشتار حاتفم,مفتاح راتشيت (تريشتار) طويل.,1.0,EA,120.0,120.0,USA,USA,75,منخفض,Noon.com - Ratchet Handle,https://www.noon.com/saudi-en/ratchet-handle-1-2-dr/ZB56FC440E3184C8C31D9Z/p/,مفتاح راتشيت طويل، سعر تقديري بناءً على أسعار مقابض الراتشيت في السوق.,True,False
79,2608,2.0M,EXT.3/4DR 3/4 ةليصوت,وصلة تطويل (إكستنشن) لعدة الربط بدرفلة 3/4 بوصة.,7.0,EA,95.0,665.0,USA,USA,80,منخفض,estimated from category benchmark (3/4in drive extensions),https://www.amazon.com/s?k=3-4+drive+extension+bar,وصلة تطويل بدرفلة 3/4 بوصة ضمن نطاق أسعار وصلات التطويل القياسية لهذا المقاس.,True,False
79,2509,99950,"CUTTING TIP,NO.3,BLUE ءاقرز عطق ةيوف",فوهة قطع لشعلة اللحام مقاس رقم 3.,16.0,EA,30.0,480.0,VICTOR,USA,80,متوسط,Victor Cutting Torch Tips - Amazon/eBay,https://www.amazon.com/victor-cutting-torch-tips/s?k=victor+cutting+torch+tips,فوهة قطع لشعلة اللحام من فيكتور بسعر نحو 16-32 دولاراً بالسوق الأمريكي مع هامش استيراد.,True,False
79,2510,99951,"CUTTING TIP ,NO.2,RED ءارمح عطق ةينوف",فوهة قطع رقم 2 لونها أحمر من ماركة VICTOR.,3.0,EA,30.0,90.0,VICTOR,USA,80,منخفض,estimated from category benchmark,https://www.amazon.sa/-/en/b?ie=UTF8&node=16620999031,سعر تقديري لفوهة قطع أكسجين-أسيتيلين بالاستناد إلى أسعار مستلزمات اللحام واللحيم المماثلة.,True,False
79,2404,CR-50,"CAPACITANCE,RESISTANE",جهاز قياس محمول للسعة الكهربائية والمقاومة من علامة ويفتيك.,4.0,EA,560.0,2240.0,WAVETEK,USA,150,منخفض,عروض مستعملة على eBay وصفحة TEquipment,https://www.tequipment.net/WavetekMetermanCR50.html,هذا الجهاز (مقياس سعة ومقاومة) توقف تصنيعه منذ سنوات، وأحدث الأسعار المتاحة له في السوق العالمي مستعملة بحدود 28-46 دولارًا، وهو أقل بكثير من التكلفة الداخلية المسجلة (560)، ما يعكس أن الجهاز قديم الطراز وقيمته السوقية الحالية منخفضة.,True,False
79,2098,WGB,"27MM,RING,SLUGG قرط حاتفم",مفتاح ضرب حلقي مقاس 27 مم من دبليو جي بي.,15.0,EA,175.0,2625.0,WGB,GERMANY,165,منخفض,Mister Worker - slugging wrenches category,https://www.misterworker.com/en-us/wrenches/slugging-wrenches/2465,لا يوجد سعر مباشر للعلامة التجارية WGB؛ التقدير مبني على مفاتيح الضرب الحلقية المتوسطة الحجم المماثلة في السوق الصناعي.,True,False
79,2099,WGB,"24MM,RING,SLUGG قرط حاتفم",مفتاح ضرب حلقي مقاس 27 مم من دبليو جي بي.,6.0,EA,140.0,840.0,WGB,GERMANY,165,منخفض,Mister Worker - slugging wrenches category,https://www.misterworker.com/en-us/wrenches/slugging-wrenches/2465,لا يوجد سعر مباشر للعلامة التجارية WGB؛ التقدير مبني على مفاتيح الضرب الحلقية المتوسطة الحجم المماثلة في السوق الصناعي.,True,False
79,2100,WGB,"27MM,OPEN,SLUGG قرط حاتفم",مفتاح فم مفتوح ثقيل مخصص للطرق بالمطرقة (سلجينج رانش) بمقاس 27مم.,2.0,EA,175.0,350.0,WGB,GERMANY,140,منخفض,estimated from category benchmark (slugging wrenches),https://www.misterworker.com/en/wrenches/slugging-wrenches/2465,مفتاح طرق (سلجينج) مفتوح بمقاس 27مم، والتقدير مبني على أسعار مفاتيح الطرق الثقيلة المشابهة.,True,False
79,2101,WGB,"22MM,OPEN,SLUGG قرط حاتفم",مفتاح فم مفتوح ثقيل مخصص للطرق بالمطرقة (سلجينج رانش) بمقاس 27مم.,1.0,EA,110.0,110.0,WGB,GERMANY,140,منخفض,estimated from category benchmark (slugging wrenches),https://www.misterworker.com/en/wrenches/slugging-wrenches/2465,مفتاح طرق (سلجينج) مفتوح بمقاس 27مم، والتقدير مبني على أسعار مفاتيح الطرق الثقيلة المشابهة.,True,False
79,2102,WGB,"27MM,OPEN,SLUGG قرط حاتفم",مفتاح فم مفتوح ثقيل مخصص للطرق بالمطرقة (سلجينج رانش) بمقاس 27مم.,1.0,EA,175.0,175.0,WGB,GERMANY,140,منخفض,estimated from category benchmark (slugging wrenches),https://www.misterworker.com/en/wrenches/slugging-wrenches/2465,مفتاح طرق (سلجينج) مفتوح بمقاس 27مم، والتقدير مبني على أسعار مفاتيح الطرق الثقيلة المشابهة.,True,False
79,2103,WIESEMANN,"OPEN,SLUG,60MM قرط حاتفم",مفتاح قرط (طرق) مفتوح مقاس 60مم للاستخدام الصناعي الثقيل.,2.0,EA,285.0,570.0,WIESEMA,GERMANY,90,منخفض,تقدير عام لمفاتيح القرط الثقيلة (Slugging Wrench),https://www.ebay.com/b/VICTOR-Industrial-Gas-Cutting-Torches/182903/bn_7112367291,مفتاح قرط مفتوح ثقيل مقاس 60مم يستخدم مع المطرقة وهو أغلى من مفاتيح الرنج العادية.,True,False
79,2104,WIESEMANN,"41MM,SLUGG,OPEN قرط حاتفم",مفتاح طرق (سلاجينج) أحادي الفتحة مقاس 41 مم.,7.0,EA,185.0,1295.0,WIESEMA,GERMANY,220,منخفض,تقدير حسب فئة مفاتيح الطرق (سلاجينج) كبيرة المقاس,https://wiesemann1893.com/pages/english,مفتاح طرق أحادي الفتحة بمقاس كبير (41 مم) يستخدم مع المطرقة، والتقدير مبني على أسعار مفاتيح السلاجينج الثقيلة المماثلة.,True,False
79,2105,WIESEMANN,"65MM,OPEN,SLUGG قرط حاتفم",مفتاح قرط مفتوح (Open Slugging Wrench) مقاس 65مم من ويزيمان.,2.0,EA,295.0,590.0,WIESEMA,GERMANY,200,منخفض,Bolt Bank – Elora slugging wrench benchmark,https://www.boltbank.com/products/elora-27mm-ring-slogging-wrench,سعر تقديري لمفتاح قرط (ضرب بالمطرقة) مفتوح مقاس 65مم بناءً على أسعار مفاتيح القرط المماثلة من علامات ألمانية.,True,False
79,2106,WIESEMANN,"70MM,OPEN,SLUGG قرط حاتفم",مفتاح قرط مفتوح (Open Slugging Wrench) مقاس 65مم من ويزيمان.,1.0,EA,330.0,330.0,WIESEMA,GERMANY,200,منخفض,Bolt Bank – Elora slugging wrench benchmark,https://www.boltbank.com/products/elora-27mm-ring-slogging-wrench,سعر تقديري لمفتاح قرط (ضرب بالمطرقة) مفتوح مقاس 65مم بناءً على أسعار مفاتيح القرط المماثلة من علامات ألمانية.,True,False
79,2107,WIESEMANN,"75M,OPE,SLUGG قرط حاتفم",مفتاح طرق مفتوح كبير الحجم مقاس فتحة 75 ملم.,1.0,EA,355.0,355.0,WIESEMAN,GERMANY,300,متوسط,استدلال من فئة مفاتيح الطرق الكبيرة,https://www.amazon.com/,مفتاح طرق مفتوح (سلاجينج) مقاس 75مم يعتبر أداة صناعية كبيرة الحجم مرتفعة السعر نسبياً.,True,False
79,2108,WIESEMANN,"22MM,RING,SLUGG قرط حاتفم",مفتاح ضرب حلقي (رنج) مقاس 41 مم من ويزمان.,4.0,EA,130.0,520.0,WIESEMAN,GERMANY,245,منخفض,Mister Worker - slugging wrenches category,https://www.misterworker.com/en-us/wrenches/slugging-wrenches/2465,مفاتيح الضرب الحلقية الكبيرة المماثلة تُباع عادة بين 50-90 دولاراً حسب المقاس، ولا يوجد سعر محدد للعلامة ويزمان.,True,False
79,2109,WIESEMANN,"36MM,RING,SLUGG قرط حاتفم",مفتاح ضرب حلقي (رنج) مقاس 41 مم من ويزمان.,2.0,EA,160.0,320.0,WIESEMAN,GERMANY,245,منخفض,Mister Worker - slugging wrenches category,https://www.misterworker.com/en-us/wrenches/slugging-wrenches/2465,مفاتيح الضرب الحلقية الكبيرة المماثلة تُباع عادة بين 50-90 دولاراً حسب المقاس، ولا يوجد سعر محدد للعلامة ويزمان.,True,False
79,2110,WIESEMANN,"55MM,OPEN,SLUGG قرط حاتفم",مفتاح ضرب (طرق) مفتوح الفم مقاس 30 مم من ويزمان.,2.0,EA,245.0,490.0,WIESEMAN,GERMANY,205,منخفض,Mister Worker - slugging wrenches category,https://www.misterworker.com/en-us/wrenches/slugging-wrenches/2465,لا يوجد سعر محدد للعلامة التجارية ويزمان؛ التقدير مبني على مفاتيح الضرب الصناعية المماثلة التي تتراوح بين 40-70 دولاراً.,True,False
79,2111,WIESEMANN,"30MM,RING,SLUGG قرط حاتفم",مفتاح ضرب حلقي (رنج) مقاس 41 مم من ويزمان.,3.0,EA,220.0,660.0,WIESEMAN,GERMANY,245,منخفض,Mister Worker - slugging wrenches category,https://www.misterworker.com/en-us/wrenches/slugging-wrenches/2465,مفاتيح الضرب الحلقية الكبيرة المماثلة تُباع عادة بين 50-90 دولاراً حسب المقاس، ولا يوجد سعر محدد للعلامة ويزمان.,True,False
79,2112,WIESEMANN,"32MM,OPEN,SLUGG قرط حاتفم",مفتاح ضرب (طرق) مفتوح الفم مقاس 30 مم من ويزمان.,5.0,EA,230.0,1150.0,WIESEMAN,GERMANY,205,منخفض,Mister Worker - slugging wrenches category,https://www.misterworker.com/en-us/wrenches/slugging-wrenches/2465,لا يوجد سعر محدد للعلامة التجارية ويزمان؛ التقدير مبني على مفاتيح الضرب الصناعية المماثلة التي تتراوح بين 40-70 دولاراً.,True,False
80,2113,WIESEMANN,"30MM,OPEN,SLUGG قرط حاتفم",مفتاح ضرب (طرق) مفتوح الفم مقاس 30 مم من ويزمان.,8.0,EA,220.0,1760.0,WIESEMAN,GERMANY,205,منخفض,Mister Worker - slugging wrenches category,https://www.misterworker.com/en-us/wrenches/slugging-wrenches/2465,لا يوجد سعر محدد للعلامة التجارية ويزمان؛ التقدير مبني على مفاتيح الضرب الصناعية المماثلة التي تتراوح بين 40-70 دولاراً.,True,False
80,2114,WIESEMANN,"22MM,RING,SLUGG قرط حاتفم",مفتاح ضرب حلقي (رنج) مقاس 41 مم من ويزمان.,8.0,EA,110.0,880.0,WIESEMAN,GERMANY,245,منخفض,Mister Worker - slugging wrenches category,https://www.misterworker.com/en-us/wrenches/slugging-wrenches/2465,مفاتيح الضرب الحلقية الكبيرة المماثلة تُباع عادة بين 50-90 دولاراً حسب المقاس، ولا يوجد سعر محدد للعلامة ويزمان.,True,False
80,2115,WIESEMANN,"24MM,RING,SLUGG قرط حاتفم",مفتاح ضرب حلقي (رنج) مقاس 41 مم من ويزمان.,1.0,EA,140.0,140.0,WIESEMAN,GERMANY,245,منخفض,Mister Worker - slugging wrenches category,https://www.misterworker.com/en-us/wrenches/slugging-wrenches/2465,مفاتيح الضرب الحلقية الكبيرة المماثلة تُباع عادة بين 50-90 دولاراً حسب المقاس، ولا يوجد سعر محدد للعلامة ويزمان.,True,False
80,2116,WIESEMANN,"50MM,OPEN,SLUGG قرط حاتفم",مفتاح ضرب (طرق) مفتوح الفم مقاس 30 مم من ويزمان.,3.0,EA,290.0,870.0,WIESEMAN,GERMANY,205,منخفض,Mister Worker - slugging wrenches category,https://www.misterworker.com/en-us/wrenches/slugging-wrenches/2465,لا يوجد سعر محدد للعلامة التجارية ويزمان؛ التقدير مبني على مفاتيح الضرب الصناعية المماثلة التي تتراوح بين 40-70 دولاراً.,True,False
80,2117,WIESEMANN,"41MM,RING,SLUGG قرط حاتفم",مفتاح ضرب حلقي (رنج) مقاس 41 مم من ويزمان.,6.0,EA,180.0,1080.0,WIESEMAN,GERMANY,245,منخفض,Mister Worker - slugging wrenches category,https://www.misterworker.com/en-us/wrenches/slugging-wrenches/2465,مفاتيح الضرب الحلقية الكبيرة المماثلة تُباع عادة بين 50-90 دولاراً حسب المقاس، ولا يوجد سعر محدد للعلامة ويزمان.,True,False
80,2118,WIESEMANN,"46MM,RING,SLUGG قرط حاتفم",مفتاح ضرب حلقي (رنج) مقاس 41 مم من ويزمان.,1.0,EA,240.0,240.0,WIESEMAN,GERMANY,245,منخفض,Mister Worker - slugging wrenches category,https://www.misterworker.com/en-us/wrenches/slugging-wrenches/2465,مفاتيح الضرب الحلقية الكبيرة المماثلة تُباع عادة بين 50-90 دولاراً حسب المقاس، ولا يوجد سعر محدد للعلامة ويزمان.,True,False
80,2119,WIESEMANN,"RING SET,12PC,MM موتخم مقط",طقم مفاتيح رنغ حلقية مقاس بالمليمتر يتكون من 12 قطعة.,6.0,SET,275.0,1650.0,WIESEMAN,GERMANY,220,منخفض,تقدير حسب فئة المنتج (أطقم مفاتيح رنغ حلقية),https://wiesemann1893.com/pages/english,لم يتم العثور على سعر مباشر لهذا الطقم بعينه، والتقدير مبني على أسعار أطقم مفاتيح الرنغ المتشابهة 12 قطعة من علامات ألمانية مماثلة في السوق.,True,False
80,2120,WIESEMANN,"O/E SET-1/4-1.1/4"",12PCS شنلااب موتخم مقط",طقم مفاتيح حوتفم مطبوعة بمقاسات إنشية من 1/4 إلى 1.1/4 بوصة مكون من 12 قطعة من ويزمان.,13.0,SET,275.0,3575.0,WIESEMA,GERMANY,560,منخفض,تقدير استناداً لفئة أطقم المفاتيح المطبوعة الكبيرة,https://www.zoro.com/,لا يوجد سعر مباشر للعلامة التجارية ويزمان؛ التقدير مبني على أطقم المفاتيح المماثلة متعددة القطع (12 قطعة) بمقاسات إنشية كبيرة.,True,False
80,2121,250/12/C,"O/E WRENCH 12[CS,MM ىدلب مقط",طقم مفاتيح مفتوحة الطرفين مكون من 12 قطعة بالمقاس المتري.,6.0,SET,275.0,1650.0,WIESEMA,GERMANY,260,منخفض,تقدير فئوي لأطقم مفاتيح مفتوحة 12 قطعة,https://www.amazon.de/-/en/Wiesemann-Combination-Wrench-Set-81260/dp/B07SHH794R,طقم مفاتيح مفتوحة (بلدي) من 12 قطعة متري من علامة ألمانية متوسطة، ضمن نطاق سعري معقول لأطقم المفاتيح اليدوية.,True,False
80,2122,250/12/C,"O/E WRENCH 12[CS,MM ىدلب مقط",طقم مفاتيح مفتوحة الطرفين مكون من 12 قطعة بالمقاس المتري.,5.0,SET,275.0,1375.0,WIESEMA,GERMANY,260,منخفض,تقدير فئوي لأطقم مفاتيح مفتوحة 12 قطعة,https://www.amazon.de/-/en/Wiesemann-Combination-Wrench-Set-81260/dp/B07SHH794R,طقم مفاتيح مفتوحة (بلدي) من 12 قطعة متري من علامة ألمانية متوسطة، ضمن نطاق سعري معقول لأطقم المفاتيح اليدوية.,True,False
80,2123,250/12/C,"O/E WRENCH 12[CS,MM ىدلب مقط",طقم مفاتيح مفتوحة الطرفين مكون من 12 قطعة بالمقاس المتري.,4.0,SET,275.0,1100.0,WIESEMA,GERMANY,260,منخفض,تقدير فئوي لأطقم مفاتيح مفتوحة 12 قطعة,https://www.amazon.de/-/en/Wiesemann-Combination-Wrench-Set-81260/dp/B07SHH794R,طقم مفاتيح مفتوحة (بلدي) من 12 قطعة متري من علامة ألمانية متوسطة، ضمن نطاق سعري معقول لأطقم المفاتيح اليدوية.,True,False
80,2124,250/12/C,"O/E WRENCH 12[CS,MM ىدلب مقط",طقم مفاتيح مفتوحة الطرفين مكون من 12 قطعة بالمقاس المتري.,5.0,SET,275.0,1375.0,WIESEMA,GERMANY,260,منخفض,تقدير فئوي لأطقم مفاتيح مفتوحة 12 قطعة,https://www.amazon.de/-/en/Wiesemann-Combination-Wrench-Set-81260/dp/B07SHH794R,طقم مفاتيح مفتوحة (بلدي) من 12 قطعة متري من علامة ألمانية متوسطة، ضمن نطاق سعري معقول لأطقم المفاتيح اليدوية.,True,False
80,2125,250/12/C,"O/E WRENCH 12[CS,MM ىدلب مقط",طقم مفاتيح مفتوحة الطرفين مكون من 12 قطعة بالمقاس المتري.,1.0,SET,275.0,275.0,WIESEMA,GERMANY,260,منخفض,تقدير فئوي لأطقم مفاتيح مفتوحة 12 قطعة,https://www.amazon.de/-/en/Wiesemann-Combination-Wrench-Set-81260/dp/B07SHH794R,طقم مفاتيح مفتوحة (بلدي) من 12 قطعة متري من علامة ألمانية متوسطة، ضمن نطاق سعري معقول لأطقم المفاتيح اليدوية.,True,False
80,2126,250/12/C,"O/E WRENCH 12[CS,MM ىدلب مقط",طقم مفاتيح مفتوحة الطرفين مكون من 12 قطعة بالمقاس المتري.,15.0,SET,275.0,4125.0,WIESEMA,GERMANY,260,منخفض,تقدير فئوي لأطقم مفاتيح مفتوحة 12 قطعة,https://www.amazon.de/-/en/Wiesemann-Combination-Wrench-Set-81260/dp/B07SHH794R,طقم مفاتيح مفتوحة (بلدي) من 12 قطعة متري من علامة ألمانية متوسطة، ضمن نطاق سعري معقول لأطقم المفاتيح اليدوية.,True,False
80,2127,150/2/C,"RING WRENCH,12PC,MM موتخم مقط",طقم مفاتيح رنق (موتخم) مكون من 12 قطعة بالمقاس المتري.,28.0,SET,310.0,8680.0,WIESEMA,GERMANY,320,منخفض,تقدير فئوي لأطقم مفاتيح الرنق 12 قطعة,https://www.amazon.de/-/en/Wiesemann-Combination-Wrench-Set-81260/dp/B07SHH794R,طقم مفاتيح رنق مقفلة من 12 قطعة بالمقاس المتري من علامة ألمانية (ويسيما)، وهذه الأطقم متوسطة الجودة تقع عادة في هذا النطاق السعري.,True,False
80,2128,150/12/C,"RING WRENCH,12PC,MM موتخم مقط",طقم مفاتيح رنق (موتخم) مكون من 12 قطعة بالمقاس المتري.,8.0,SET,310.0,2480.0,WIESEMA,GERMANY,320,منخفض,تقدير فئوي لأطقم مفاتيح الرنق 12 قطعة,https://www.amazon.de/-/en/Wiesemann-Combination-Wrench-Set-81260/dp/B07SHH794R,طقم مفاتيح رنق مقفلة من 12 قطعة بالمقاس المتري من علامة ألمانية (ويسيما)، وهذه الأطقم متوسطة الجودة تقع عادة في هذا النطاق السعري.,True,False
80,2129,150/12/C,"RING WRENCH,12PC,MM موتخم مقط",طقم مفاتيح رنق (موتخم) مكون من 12 قطعة بالمقاس المتري.,8.0,SET,310.0,2480.0,WIESEMA,GERMANY,320,منخفض,تقدير فئوي لأطقم مفاتيح الرنق 12 قطعة,https://www.amazon.de/-/en/Wiesemann-Combination-Wrench-Set-81260/dp/B07SHH794R,طقم مفاتيح رنق مقفلة من 12 قطعة بالمقاس المتري من علامة ألمانية (ويسيما)، وهذه الأطقم متوسطة الجودة تقع عادة في هذا النطاق السعري.,True,False
80,2130,350/12/C,"ر COMB.WRENCH ,MM/12PC كتشم مقط",طقم مفاتيح رنج مكشتة 12 قطعة مقاسات مختلفة بالمليمتر.,2.0,SET,275.0,550.0,WIESEMA,GERMANY,220,متوسط,تقدير عام لأطقم مفاتيح الرنج المكشتة 12 قطعة,https://www.amazon.sa/-/en/clamp-meter/s?k=clamp+meter,طقم مكوّن من 12 مفتاح رنج مقاسات مختلفة يقارن بأسعار أطقم المفاتيح المماثلة.,True,False
80,2131,99949,"COMBINATIN WRENCH 7/8""",مفتاح تركيب (مفتاح إسباني) مقاس 7/8 بوصة.,60.0,EA,25.0,1500.0,WIESEMA,GERMANY,70,منخفض,تقدير حسب فئة مفاتيح التركيب الألمانية,https://wiesemann1893.com/pages/english,لم يُعثر على سعر مباشر لهذا المقاس، والتقدير مبني على أسعار مفاتيح التركيب المزدوجة المماثلة بمقاس كبير (7/8 بوصة).,True,False
80,2132,23MM,ر COMB.WRENCH كتشم حاتفم,مفتاح مشترك (فرنساوي) مزدوج المقاس 46×50 مم من علامة ويسيما الألمانية.,8.0,EA,26.0,208.0,WIESEMA,GERMANY,180,منخفض,تقدير فئوي لمفاتيح مشتركة كبيرة المقاس,https://www.amazon.de/-/en/Wiesemann-Combination-Wrench-Set-81260/dp/B07SHH794R,مفتاح مشترك (فرنساوي/رنق) بمقاس كبير جدًا 46×50 مم غير شائع، وهذه المقاسات الكبيرة من ماركة ويسيما الألمانية تكون أغلى بوضوح من المقاسات القياسية الصغيرة.,True,False
80,2133,32MM,ر COMB.WRENCH كتشم حاتفم,مفتاح مشترك (فرنساوي) مزدوج المقاس 46×50 مم من علامة ويسيما الألمانية.,27.0,EA,45.0,1215.0,WIESEMA,GERMANY,180,منخفض,تقدير فئوي لمفاتيح مشتركة كبيرة المقاس,https://www.amazon.de/-/en/Wiesemann-Combination-Wrench-Set-81260/dp/B07SHH794R,مفتاح مشترك (فرنساوي/رنق) بمقاس كبير جدًا 46×50 مم غير شائع، وهذه المقاسات الكبيرة من ماركة ويسيما الألمانية تكون أغلى بوضوح من المقاسات القياسية الصغيرة.,True,False
80,2134,22MM,ر COMB.WRENCH كتشم حاتفم,مفتاح مشترك (فرنساوي) مزدوج المقاس 46×50 مم من علامة ويسيما الألمانية.,28.0,EA,25.0,700.0,WIESEMA,GERMANY,180,منخفض,تقدير فئوي لمفاتيح مشتركة كبيرة المقاس,https://www.amazon.de/-/en/Wiesemann-Combination-Wrench-Set-81260/dp/B07SHH794R,مفتاح مشترك (فرنساوي/رنق) بمقاس كبير جدًا 46×50 مم غير شائع، وهذه المقاسات الكبيرة من ماركة ويسيما الألمانية تكون أغلى بوضوح من المقاسات القياسية الصغيرة.,True,False
80,2135,"1.5/8""",ر COMB.WRENCH كتشم حاتفم,مفتاح مشترك (فرنساوي) مزدوج المقاس 46×50 مم من علامة ويسيما الألمانية.,16.0,EA,210.0,3360.0,WIESEMA,GERMANY,180,منخفض,تقدير فئوي لمفاتيح مشتركة كبيرة المقاس,https://www.amazon.de/-/en/Wiesemann-Combination-Wrench-Set-81260/dp/B07SHH794R,مفتاح مشترك (فرنساوي/رنق) بمقاس كبير جدًا 46×50 مم غير شائع، وهذه المقاسات الكبيرة من ماركة ويسيما الألمانية تكون أغلى بوضوح من المقاسات القياسية الصغيرة.,True,False
80,2136,46X50,ر COMB.WRENCH كتشم حاتفم,مفتاح مشترك (فرنساوي) مزدوج المقاس 46×50 مم من علامة ويسيما الألمانية.,20.0,EA,195.0,3900.0,WIESEMA,GERMANY,180,منخفض,تقدير فئوي لمفاتيح مشتركة كبيرة المقاس,https://www.amazon.de/-/en/Wiesemann-Combination-Wrench-Set-81260/dp/B07SHH794R,مفتاح مشترك (فرنساوي/رنق) بمقاس كبير جدًا 46×50 مم غير شائع، وهذه المقاسات الكبيرة من ماركة ويسيما الألمانية تكون أغلى بوضوح من المقاسات القياسية الصغيرة.,True,False
80,2137,55MM,ر COMB.WRENCH كتشم حاتفم,مفتاح مشترك (فرنساوي) مزدوج المقاس 46×50 مم من علامة ويسيما الألمانية.,1.0,EA,185.0,185.0,WIESEMA,GERMANY,180,منخفض,تقدير فئوي لمفاتيح مشتركة كبيرة المقاس,https://www.amazon.de/-/en/Wiesemann-Combination-Wrench-Set-81260/dp/B07SHH794R,مفتاح مشترك (فرنساوي/رنق) بمقاس كبير جدًا 46×50 مم غير شائع، وهذه المقاسات الكبيرة من ماركة ويسيما الألمانية تكون أغلى بوضوح من المقاسات القياسية الصغيرة.,True,False
80,2138,34MM,ر COMB.WRENCH كتشم حاتفم,مفتاح مشترك (فرنساوي) مزدوج المقاس 46×50 مم من علامة ويسيما الألمانية.,23.0,EA,60.0,1380.0,WIESEMA,GERMANY,180,منخفض,تقدير فئوي لمفاتيح مشتركة كبيرة المقاس,https://www.amazon.de/-/en/Wiesemann-Combination-Wrench-Set-81260/dp/B07SHH794R,مفتاح مشترك (فرنساوي/رنق) بمقاس كبير جدًا 46×50 مم غير شائع، وهذه المقاسات الكبيرة من ماركة ويسيما الألمانية تكون أغلى بوضوح من المقاسات القياسية الصغيرة.,True,False
80,2139,38MM,ر COMB.WRENCH كتشم حاتفم,مفتاح مشترك (فرنساوي) مزدوج المقاس 46×50 مم من علامة ويسيما الألمانية.,19.0,EA,70.0,1330.0,WIESEMA,GERMANY,180,منخفض,تقدير فئوي لمفاتيح مشتركة كبيرة المقاس,https://www.amazon.de/-/en/Wiesemann-Combination-Wrench-Set-81260/dp/B07SHH794R,مفتاح مشترك (فرنساوي/رنق) بمقاس كبير جدًا 46×50 مم غير شائع، وهذه المقاسات الكبيرة من ماركة ويسيما الألمانية تكون أغلى بوضوح من المقاسات القياسية الصغيرة.,True,False
80,2140,34X36,O/E WRENCH ىدلب حاتفم,مفتاح ربط مفتوح الفم (أوبن إند) بمقاس صناعي كبير من فيسيما الألمانية.,2.0,EA,130.0,260.0,WIESEMA,GERMANY,280,منخفض,تقدير حسب فئة المنتج,https://www.amazon.de/-/en/Wiesemann-Combination-Wrench-Set-81260/dp/B07SHH794R,مفاتيح الربط المفتوحة بمقاسات كبيرة جدًا (1-13/16 إلى 2 بوصة) نادرة وأعلى سعرًا من المقاسات الشائعة، ويمثل عائلة من 5 مقاسات.,True,False
80,2141,32X36,O/E WRENCH ىدلب حاتفم,مفتاح ربط مفتوح الفم (أوبن إند) بمقاس صناعي كبير من فيسيما الألمانية.,1.0,EA,80.0,80.0,WIESEMA,GERMANY,280,منخفض,تقدير حسب فئة المنتج,https://www.amazon.de/-/en/Wiesemann-Combination-Wrench-Set-81260/dp/B07SHH794R,مفاتيح الربط المفتوحة بمقاسات كبيرة جدًا (1-13/16 إلى 2 بوصة) نادرة وأعلى سعرًا من المقاسات الشائعة، ويمثل عائلة من 5 مقاسات.,True,False
80,2142,"1.13/16X2""",O/E WRENCH ىدلب حاتفم,مفتاح ربط مفتوح الفم (أوبن إند) بمقاس صناعي كبير من فيسيما الألمانية.,7.0,EA,210.0,1470.0,WIESEMA,GERMANY,280,منخفض,تقدير حسب فئة المنتج,https://www.amazon.de/-/en/Wiesemann-Combination-Wrench-Set-81260/dp/B07SHH794R,مفاتيح الربط المفتوحة بمقاسات كبيرة جدًا (1-13/16 إلى 2 بوصة) نادرة وأعلى سعرًا من المقاسات الشائعة، ويمثل عائلة من 5 مقاسات.,True,False
80,2143,41MM,ر COMB.WRENCH كتشم حاتفم,مفتاح مشترك (فرنساوي) مزدوج المقاس 46×50 مم من علامة ويسيما الألمانية.,13.0,EA,80.0,1040.0,WIESEMA,GERMANY,180,منخفض,تقدير فئوي لمفاتيح مشتركة كبيرة المقاس,https://www.amazon.de/-/en/Wiesemann-Combination-Wrench-Set-81260/dp/B07SHH794R,مفتاح مشترك (فرنساوي/رنق) بمقاس كبير جدًا 46×50 مم غير شائع، وهذه المقاسات الكبيرة من ماركة ويسيما الألمانية تكون أغلى بوضوح من المقاسات القياسية الصغيرة.,True,False
80,2144,"1.3/8""",ر COMB.WRENCH كتشم حاتفم,مفتاح مشترك (فرنساوي) مزدوج المقاس 46×50 مم من علامة ويسيما الألمانية.,19.0,EA,140.0,2660.0,WIESEMA,GERMANY,180,منخفض,تقدير فئوي لمفاتيح مشتركة كبيرة المقاس,https://www.amazon.de/-/en/Wiesemann-Combination-Wrench-Set-81260/dp/B07SHH794R,مفتاح مشترك (فرنساوي/رنق) بمقاس كبير جدًا 46×50 مم غير شائع، وهذه المقاسات الكبيرة من ماركة ويسيما الألمانية تكون أغلى بوضوح من المقاسات القياسية الصغيرة.,True,False
81,2145,20MM,ر COMB.WRENCH كتشم حاتفم,مفتاح مشترك (فرنساوي) مزدوج المقاس 46×50 مم من علامة ويسيما الألمانية.,15.0,EA,22.0,330.0,WIESEMA,GERMANY,180,منخفض,تقدير فئوي لمفاتيح مشتركة كبيرة المقاس,https://www.amazon.de/-/en/Wiesemann-Combination-Wrench-Set-81260/dp/B07SHH794R,مفتاح مشترك (فرنساوي/رنق) بمقاس كبير جدًا 46×50 مم غير شائع، وهذه المقاسات الكبيرة من ماركة ويسيما الألمانية تكون أغلى بوضوح من المقاسات القياسية الصغيرة.,True,True
81,2146,"1.7/16""",ر COMB.WRENCH كتشم حاتفم,مفتاح مشترك (فرنساوي) مزدوج المقاس 46×50 مم من علامة ويسيما الألمانية.,3.0,EA,135.0,405.0,WIESEMA,GERMANY,180,منخفض,تقدير فئوي لمفاتيح مشتركة كبيرة المقاس,https://www.amazon.de/-/en/Wiesemann-Combination-Wrench-Set-81260/dp/B07SHH794R,مفتاح مشترك (فرنساوي/رنق) بمقاس كبير جدًا 46×50 مم غير شائع، وهذه المقاسات الكبيرة من ماركة ويسيما الألمانية تكون أغلى بوضوح من المقاسات القياسية الصغيرة.,True,False
81,2147,27MM,ر COMB.WRENCH كتشم حاتفم,مفتاح مشترك (فرنساوي) مزدوج المقاس 46×50 مم من علامة ويسيما الألمانية.,10.0,EA,38.0,380.0,WIESEMA,GERMANY,180,منخفض,تقدير فئوي لمفاتيح مشتركة كبيرة المقاس,https://www.amazon.de/-/en/Wiesemann-Combination-Wrench-Set-81260/dp/B07SHH794R,مفتاح مشترك (فرنساوي/رنق) بمقاس كبير جدًا 46×50 مم غير شائع، وهذه المقاسات الكبيرة من ماركة ويسيما الألمانية تكون أغلى بوضوح من المقاسات القياسية الصغيرة.,True,False
81,2148,"1.5/16""",ر COMB.WRENCH كتشم حاتفم,مفتاح مشترك (فرنساوي) مزدوج المقاس 46×50 مم من علامة ويسيما الألمانية.,13.0,EA,110.0,1430.0,WIESEMA,GERMANY,180,منخفض,تقدير فئوي لمفاتيح مشتركة كبيرة المقاس,https://www.amazon.de/-/en/Wiesemann-Combination-Wrench-Set-81260/dp/B07SHH794R,مفتاح مشترك (فرنساوي/رنق) بمقاس كبير جدًا 46×50 مم غير شائع، وهذه المقاسات الكبيرة من ماركة ويسيما الألمانية تكون أغلى بوضوح من المقاسات القياسية الصغيرة.,True,False
81,2149,"1.1/4""",ر COMB.WRENCH كتشم حاتفم,مفتاح مشترك (فرنساوي) مزدوج المقاس 46×50 مم من علامة ويسيما الألمانية.,25.0,EA,110.0,2750.0,WIESEMA,GERMANY,180,منخفض,تقدير فئوي لمفاتيح مشتركة كبيرة المقاس,https://www.amazon.de/-/en/Wiesemann-Combination-Wrench-Set-81260/dp/B07SHH794R,مفتاح مشترك (فرنساوي/رنق) بمقاس كبير جدًا 46×50 مم غير شائع، وهذه المقاسات الكبيرة من ماركة ويسيما الألمانية تكون أغلى بوضوح من المقاسات القياسية الصغيرة.,True,False
81,2150,28MM,ر COMB.WRENCH كتشم حاتفم,مفتاح مشترك (فرنساوي) مزدوج المقاس 46×50 مم من علامة ويسيما الألمانية.,33.0,EA,39.0,1287.0,WIESEMA,GERMANY,180,منخفض,تقدير فئوي لمفاتيح مشتركة كبيرة المقاس,https://www.amazon.de/-/en/Wiesemann-Combination-Wrench-Set-81260/dp/B07SHH794R,مفتاح مشترك (فرنساوي/رنق) بمقاس كبير جدًا 46×50 مم غير شائع، وهذه المقاسات الكبيرة من ماركة ويسيما الألمانية تكون أغلى بوضوح من المقاسات القياسية الصغيرة.,True,False
81,2151,26MM,ر COMB.WRENCH كتشم حاتفم,مفتاح مشترك (فرنساوي) مزدوج المقاس 46×50 مم من علامة ويسيما الألمانية.,36.0,EA,29.0,1044.0,WIESEMA,GERMANY,180,منخفض,تقدير فئوي لمفاتيح مشتركة كبيرة المقاس,https://www.amazon.de/-/en/Wiesemann-Combination-Wrench-Set-81260/dp/B07SHH794R,مفتاح مشترك (فرنساوي/رنق) بمقاس كبير جدًا 46×50 مم غير شائع، وهذه المقاسات الكبيرة من ماركة ويسيما الألمانية تكون أغلى بوضوح من المقاسات القياسية الصغيرة.,True,False
81,2152,21MM,ر COMB.WRENCH كتشم حاتفم,مفتاح مشترك (فرنساوي) مزدوج المقاس 46×50 مم من علامة ويسيما الألمانية.,17.0,EA,28.0,476.0,WIESEMA,GERMANY,180,منخفض,تقدير فئوي لمفاتيح مشتركة كبيرة المقاس,https://www.amazon.de/-/en/Wiesemann-Combination-Wrench-Set-81260/dp/B07SHH794R,مفتاح مشترك (فرنساوي/رنق) بمقاس كبير جدًا 46×50 مم غير شائع، وهذه المقاسات الكبيرة من ماركة ويسيما الألمانية تكون أغلى بوضوح من المقاسات القياسية الصغيرة.,True,False
81,2153,20MM,ر COMB.WRENCH كتشم حاتفم,مفتاح مشترك (فرنساوي) مزدوج المقاس 46×50 مم من علامة ويسيما الألمانية.,18.0,EA,26.0,468.0,WIESEMA,GERMANY,180,منخفض,تقدير فئوي لمفاتيح مشتركة كبيرة المقاس,https://www.amazon.de/-/en/Wiesemann-Combination-Wrench-Set-81260/dp/B07SHH794R,مفتاح مشترك (فرنساوي/رنق) بمقاس كبير جدًا 46×50 مم غير شائع، وهذه المقاسات الكبيرة من ماركة ويسيما الألمانية تكون أغلى بوضوح من المقاسات القياسية الصغيرة.,True,False
81,2154,41X46,RING WRENCHموتخم حاتفم,مفتاح ربط حلقي (رنج) مزدوج المقاس 41×46 مم من فيسيما الألمانية.,10.0,EA,185.0,1850.0,WIESEMA,GERMANY,300,منخفض,تقدير حسب فئة المنتج,https://www.amazon.de/-/en/Wiesemann-Combination-Wrench-Set-81260/dp/B07SHH794R,مفاتيح الربط الحلقية بمقاسات صناعية كبيرة جدًا (41×46 مم) أعلى سعرًا بكثير من المقاسات الشائعة.,True,False
81,2155,80493,WATER METER .كابس ةيدارز,مفتاح (زردية) لفتح وإغلاق عداد المياه.,19.0,EA,55.0,1045.0,WIESEMA,GERMANY,40,متوسط,تقدير عام لمفاتيح عداد المياه,https://www.amazon.sa/-/en/b?ie=UTF8&node=16621001031,مفتاح عداد المياه (زردية سباك) أداة سباكة بسيطة متوسطة السعر.,True,False
81,2156,23MM,ر COMB.WRENCH كتشم حاتفم,مفتاح مشترك (فرنساوي) مزدوج المقاس 46×50 مم من علامة ويسيما الألمانية.,43.0,EA,26.0,1118.0,WIESEMA,GERMANY,180,منخفض,تقدير فئوي لمفاتيح مشتركة كبيرة المقاس,https://www.amazon.de/-/en/Wiesemann-Combination-Wrench-Set-81260/dp/B07SHH794R,مفتاح مشترك (فرنساوي/رنق) بمقاس كبير جدًا 46×50 مم غير شائع، وهذه المقاسات الكبيرة من ماركة ويسيما الألمانية تكون أغلى بوضوح من المقاسات القياسية الصغيرة.,True,False
81,2157,25MM,ر COMB.WRENCH كتشم حاتفم,مفتاح مشترك (فرنساوي) مزدوج المقاس 46×50 مم من علامة ويسيما الألمانية.,9.0,EA,35.0,315.0,WIESEMA,GERMANY,180,منخفض,تقدير فئوي لمفاتيح مشتركة كبيرة المقاس,https://www.amazon.de/-/en/Wiesemann-Combination-Wrench-Set-81260/dp/B07SHH794R,مفتاح مشترك (فرنساوي/رنق) بمقاس كبير جدًا 46×50 مم غير شائع، وهذه المقاسات الكبيرة من ماركة ويسيما الألمانية تكون أغلى بوضوح من المقاسات القياسية الصغيرة.,True,False
81,2158,12X13,RING WRENCH موتخم حاتفم,مفتاح ربط حلقي (موتور) مزدوج المقاس 8 و9 ملم.,10.0,EA,18.0,180.0,WIESEMA,GERMANY,40,منخفض,تقدير حسب فئة المنتج,https://www.noon.com/saudi-en/tools-and-home-improvement/power-and-hand-tools/,مفتاح حلقي بمقاس صغير (8x9مم) من ماركة أقل شهرة، والسعر يقارب متوسط المفاتيح الحلقية العادية في هذه الفئة السعرية.,True,False
81,2159,14X15,RING WRENCH موتخم حاتفم,مفتاح ربط حلقي (موتور) مزدوج المقاس 8 و9 ملم.,10.0,EA,19.0,190.0,WIESEMA,GERMANY,40,منخفض,تقدير حسب فئة المنتج,https://www.noon.com/saudi-en/tools-and-home-improvement/power-and-hand-tools/,مفتاح حلقي بمقاس صغير (8x9مم) من ماركة أقل شهرة، والسعر يقارب متوسط المفاتيح الحلقية العادية في هذه الفئة السعرية.,True,False
81,2160,19/32X11/16,"""O/E WRENCH ىدلب حاتفم",مفتاح ربط مفتوح الفم (أوبن إند) بمقاس صناعي كبير من فيسيما الألمانية.,1.0,EA,45.0,45.0,WIESEMA,GERMANY,280,منخفض,تقدير حسب فئة المنتج,https://www.amazon.de/-/en/Wiesemann-Combination-Wrench-Set-81260/dp/B07SHH794R,مفاتيح الربط المفتوحة بمقاسات كبيرة جدًا (1-13/16 إلى 2 بوصة) نادرة وأعلى سعرًا من المقاسات الشائعة، ويمثل عائلة من 5 مقاسات.,True,False
81,2161,14X15,O/E WRENCH ىدلب حاتفم,مفتاح ربط مفتوح الفم (أوبن إند) بمقاس صناعي كبير من فيسيما الألمانية.,8.0,EA,22.0,176.0,WIESEMA,GERMANY,280,منخفض,تقدير حسب فئة المنتج,https://www.amazon.de/-/en/Wiesemann-Combination-Wrench-Set-81260/dp/B07SHH794R,مفاتيح الربط المفتوحة بمقاسات كبيرة جدًا (1-13/16 إلى 2 بوصة) نادرة وأعلى سعرًا من المقاسات الشائعة، ويمثل عائلة من 5 مقاسات.,True,True
81,2162,"9/16""",ر COMB.WRENCH كتشم حاتفم,مفتاح مشترك (فرنساوي) مزدوج المقاس 46×50 مم من علامة ويسيما الألمانية.,4.0,EA,16.0,64.0,WIESEMA,GERMANY,180,منخفض,تقدير فئوي لمفاتيح مشتركة كبيرة المقاس,https://www.amazon.de/-/en/Wiesemann-Combination-Wrench-Set-81260/dp/B07SHH794R,مفتاح مشترك (فرنساوي/رنق) بمقاس كبير جدًا 46×50 مم غير شائع، وهذه المقاسات الكبيرة من ماركة ويسيما الألمانية تكون أغلى بوضوح من المقاسات القياسية الصغيرة.,True,True
81,2163,25X28,O/E WRENCHىدلب حاتفم,مفتاح صدغي (بلدي) مزدوج المقاس 8×9 مم.,1.0,EA,45.0,45.0,WIESEMA,GERMANY,15,متوسط,MDT Tools Dammam - Hand tools category,https://mdttools.com/product-category/hand-tools/impact-sockets/page/6/,مفتاح صدغي بلدي مقاس صغير 8×9مم من ويزيما يقارب أسعار المفاتيح البلدية الاقتصادية.,True,False
81,2164,18X21,O/E WRENCHىدلب حاتفم,مفتاح صدغي (بلدي) مزدوج المقاس 8×9 مم.,2.0,EA,26.0,52.0,WIESEMA,GERMANY,15,متوسط,MDT Tools Dammam - Hand tools category,https://mdttools.com/product-category/hand-tools/impact-sockets/page/6/,مفتاح صدغي بلدي مقاس صغير 8×9مم من ويزيما يقارب أسعار المفاتيح البلدية الاقتصادية.,True,False
81,2165,17X22,O/E WRENCHىدلب حاتفم,مفتاح صدغي (بلدي) مزدوج المقاس 8×9 مم.,1.0,EA,25.0,25.0,WIESEMA,GERMANY,15,متوسط,MDT Tools Dammam - Hand tools category,https://mdttools.com/product-category/hand-tools/impact-sockets/page/6/,مفتاح صدغي بلدي مقاس صغير 8×9مم من ويزيما يقارب أسعار المفاتيح البلدية الاقتصادية.,True,False
81,2166,7X8,O/E WRENCHىدلب حاتفم,مفتاح صدغي (بلدي) مزدوج المقاس 8×9 مم.,5.0,EA,12.0,60.0,WIESEMA,GERMANY,15,متوسط,MDT Tools Dammam - Hand tools category,https://mdttools.com/product-category/hand-tools/impact-sockets/page/6/,مفتاح صدغي بلدي مقاس صغير 8×9مم من ويزيما يقارب أسعار المفاتيح البلدية الاقتصادية.,True,False
81,2167,8X9,O/E WRENCHىدلب حاتفم,مفتاح صدغي (بلدي) مزدوج المقاس 8×9 مم.,7.0,EA,13.0,91.0,WIESEMA,GERMANY,15,متوسط,MDT Tools Dammam - Hand tools category,https://mdttools.com/product-category/hand-tools/impact-sockets/page/6/,مفتاح صدغي بلدي مقاس صغير 8×9مم من ويزيما يقارب أسعار المفاتيح البلدية الاقتصادية.,True,False
81,2168,6X7,O/E WRENCHىدلب حاتفم,مفتاح صدغي (بلدي) مزدوج المقاس 8×9 مم.,1.0,EA,12.0,12.0,WIESEMA,GERMANY,15,متوسط,MDT Tools Dammam - Hand tools category,https://mdttools.com/product-category/hand-tools/impact-sockets/page/6/,مفتاح صدغي بلدي مقاس صغير 8×9مم من ويزيما يقارب أسعار المفاتيح البلدية الاقتصادية.,True,False
81,2169,9MM,ر COMB.WRENCHكتشم حاتفم,مفتاح تركيبي (كومبنيشن) مقاس 9مم من ماركة WIESEMA.,6.0,EA,13.0,78.0,WIESEMA,GERMANY,30,منخفض,estimated from category benchmark,https://www.amazon.sa/-/en/b?ie=UTF8&node=16621007031,سعر تقديري لمفتاح تركيبي صغير بناءً على معيار أسعار المفاتيح الألمانية المماثلة.,True,False
81,2170,8X9,RING WRENCH موتخم حاتفم,مفتاح ربط حلقي (موتور) مزدوج المقاس 8 و9 ملم.,45.0,EA,13.0,585.0,WIESEMA,GERMANY,40,منخفض,تقدير حسب فئة المنتج,https://www.noon.com/saudi-en/tools-and-home-improvement/power-and-hand-tools/,مفتاح حلقي بمقاس صغير (8x9مم) من ماركة أقل شهرة، والسعر يقارب متوسط المفاتيح الحلقية العادية في هذه الفئة السعرية.,True,False
81,2171,1.1/4X1.5/16,"""RING WRENCH موتخم حاتفم",مفتاح ربط حلقي (موتور) مزدوج المقاس 8 و9 ملم.,1.0,EA,170.0,170.0,WIESEMA,GERMANY,40,منخفض,تقدير حسب فئة المنتج,https://www.noon.com/saudi-en/tools-and-home-improvement/power-and-hand-tools/,مفتاح حلقي بمقاس صغير (8x9مم) من ماركة أقل شهرة، والسعر يقارب متوسط المفاتيح الحلقية العادية في هذه الفئة السعرية.,True,False
81,2172,"1X1.1/8""",RING WRENCH موتخم حاتفم,مفتاح ربط حلقي (موتور) مزدوج المقاس 8 و9 ملم.,1.0,EA,140.0,140.0,WIESEMA,GERMANY,40,منخفض,تقدير حسب فئة المنتج,https://www.noon.com/saudi-en/tools-and-home-improvement/power-and-hand-tools/,مفتاح حلقي بمقاس صغير (8x9مم) من ماركة أقل شهرة، والسعر يقارب متوسط المفاتيح الحلقية العادية في هذه الفئة السعرية.,True,False
81,2173,"3/4""",ر COMB.WRENCH كتشم حاتفم,مفتاح مشترك (فرنساوي) مزدوج المقاس 46×50 مم من علامة ويسيما الألمانية.,31.0,EA,25.0,775.0,WIESEMA,GERMANY,180,منخفض,تقدير فئوي لمفاتيح مشتركة كبيرة المقاس,https://www.amazon.de/-/en/Wiesemann-Combination-Wrench-Set-81260/dp/B07SHH794R,مفتاح مشترك (فرنساوي/رنق) بمقاس كبير جدًا 46×50 مم غير شائع، وهذه المقاسات الكبيرة من ماركة ويسيما الألمانية تكون أغلى بوضوح من المقاسات القياسية الصغيرة.,True,False
81,2174,36X41,RING WRENCH موتخم حاتفم,مفتاح ربط حلقي (موتور) مزدوج المقاس 8 و9 ملم.,2.0,EA,148.0,296.0,WIESEMA,GERMANY,40,منخفض,تقدير حسب فئة المنتج,https://www.noon.com/saudi-en/tools-and-home-improvement/power-and-hand-tools/,مفتاح حلقي بمقاس صغير (8x9مم) من ماركة أقل شهرة، والسعر يقارب متوسط المفاتيح الحلقية العادية في هذه الفئة السعرية.,True,False
81,2175,"1.1/8X1.1/4""",RING WRENCH موتخم حاتفم,مفتاح ربط حلقي (موتور) مزدوج المقاس 8 و9 ملم.,2.0,EA,180.0,360.0,WIESEMA,GERMANY,40,منخفض,تقدير حسب فئة المنتج,https://www.noon.com/saudi-en/tools-and-home-improvement/power-and-hand-tools/,مفتاح حلقي بمقاس صغير (8x9مم) من ماركة أقل شهرة، والسعر يقارب متوسط المفاتيح الحلقية العادية في هذه الفئة السعرية.,True,False
81,2176,27X30,RING WRENCH موتخم حاتفم,مفتاح ربط حلقي (موتور) مزدوج المقاس 8 و9 ملم.,13.0,EA,45.0,585.0,WIESEMA,GERMANY,40,منخفض,تقدير حسب فئة المنتج,https://www.noon.com/saudi-en/tools-and-home-improvement/power-and-hand-tools/,مفتاح حلقي بمقاس صغير (8x9مم) من ماركة أقل شهرة، والسعر يقارب متوسط المفاتيح الحلقية العادية في هذه الفئة السعرية.,True,False
81,2177,10X11,RING WRENCH موتخم حاتفم,مفتاح ربط حلقي (موتور) مزدوج المقاس 8 و9 ملم.,9.0,EA,16.0,144.0,WIESEMA,GERMANY,40,منخفض,تقدير حسب فئة المنتج,https://www.noon.com/saudi-en/tools-and-home-improvement/power-and-hand-tools/,مفتاح حلقي بمقاس صغير (8x9مم) من ماركة أقل شهرة، والسعر يقارب متوسط المفاتيح الحلقية العادية في هذه الفئة السعرية.,True,False
82,2178,7x8,RING WRENCH موتخم حاتفم,مفتاح ربط حلقي (موتور) مزدوج المقاس 8 و9 ملم.,6.0,EA,12.0,72.0,WIESEMA,GERMANY,40,منخفض,تقدير حسب فئة المنتج,https://www.noon.com/saudi-en/tools-and-home-improvement/power-and-hand-tools/,مفتاح حلقي بمقاس صغير (8x9مم) من ماركة أقل شهرة، والسعر يقارب متوسط المفاتيح الحلقية العادية في هذه الفئة السعرية.,True,False
82,2179,"3/4x25/32""",RING WRENCH موتخم حاتفم,مفتاح ربط حلقي (موتور) مزدوج المقاس 8 و9 ملم.,4.0,EA,23.0,92.0,WIESEMA,GERMANY,40,منخفض,تقدير حسب فئة المنتج,https://www.noon.com/saudi-en/tools-and-home-improvement/power-and-hand-tools/,مفتاح حلقي بمقاس صغير (8x9مم) من ماركة أقل شهرة، والسعر يقارب متوسط المفاتيح الحلقية العادية في هذه الفئة السعرية.,True,False
82,2180,"1/2x7/16""",RING WRENCH موتخم حاتفم,مفتاح ربط حلقي (موتور) مزدوج المقاس 8 و9 ملم.,4.0,EA,16.0,64.0,WIESEMA,GERMANY,40,منخفض,تقدير حسب فئة المنتج,https://www.noon.com/saudi-en/tools-and-home-improvement/power-and-hand-tools/,مفتاح حلقي بمقاس صغير (8x9مم) من ماركة أقل شهرة، والسعر يقارب متوسط المفاتيح الحلقية العادية في هذه الفئة السعرية.,True,False
82,2181,14MM,ر COMB.WRENCH كتشم حاتفم,مفتاح مشترك (فرنساوي) مزدوج المقاس 46×50 مم من علامة ويسيما الألمانية.,16.0,EA,16.0,256.0,WIESEMA,GERMANY,180,منخفض,تقدير فئوي لمفاتيح مشتركة كبيرة المقاس,https://www.amazon.de/-/en/Wiesemann-Combination-Wrench-Set-81260/dp/B07SHH794R,مفتاح مشترك (فرنساوي/رنق) بمقاس كبير جدًا 46×50 مم غير شائع، وهذه المقاسات الكبيرة من ماركة ويسيما الألمانية تكون أغلى بوضوح من المقاسات القياسية الصغيرة.,True,True
82,2182,19MM,ر COMB.WRENCH كتشم حاتفم,مفتاح مشترك (فرنساوي) مزدوج المقاس 46×50 مم من علامة ويسيما الألمانية.,5.0,EA,23.0,115.0,WIESEMA,GERMANY,180,منخفض,تقدير فئوي لمفاتيح مشتركة كبيرة المقاس,https://www.amazon.de/-/en/Wiesemann-Combination-Wrench-Set-81260/dp/B07SHH794R,مفتاح مشترك (فرنساوي/رنق) بمقاس كبير جدًا 46×50 مم غير شائع، وهذه المقاسات الكبيرة من ماركة ويسيما الألمانية تكون أغلى بوضوح من المقاسات القياسية الصغيرة.,True,False
82,2183,"1/2X7/16""",RING WRENCH موتخم حاتفم,مفتاح ربط حلقي (موتور) مزدوج المقاس 8 و9 ملم.,13.0,EA,22.0,286.0,WIESEMA,GERMANY,40,منخفض,تقدير حسب فئة المنتج,https://www.noon.com/saudi-en/tools-and-home-improvement/power-and-hand-tools/,مفتاح حلقي بمقاس صغير (8x9مم) من ماركة أقل شهرة، والسعر يقارب متوسط المفاتيح الحلقية العادية في هذه الفئة السعرية.,True,False
82,2184,"1/4""",ر COMB.WRENCH كتشم حاتفم,مفتاح كومبنيشن (مفتوح ومغلق) مقاس 1/2 بوصة.,13.0,EA,12.0,156.0,WIESMAN,GERMANY,40,منخفض,استدلال من فئة مفاتيح الكومبنيشن,https://www.amazon.com/,مفتاح كومبنيشن مقاس 1/2 بوصة من ماركة أقل شهرة يقدر بسعر اقتصادي.,True,False
82,2185,"1/2""",ر COMB.WRENCH كتشم حاتفم,مفتاح كومبنيشن (مفتوح ومغلق) مقاس 1/2 بوصة.,14.0,EA,17.0,238.0,WIESMAN,GERMANY,40,منخفض,استدلال من فئة مفاتيح الكومبنيشن,https://www.amazon.com/,مفتاح كومبنيشن مقاس 1/2 بوصة من ماركة أقل شهرة يقدر بسعر اقتصادي.,True,False
82,2253,517,"INTR.CIRCLIP PLIER 16"" ةصوب 16 ةليت ةيدارز",كماشة سحب حلقات دائرية (سيركلب) داخلية طويلة بطول 16 بوصة.,7.0,ea,480.0,3360.0,WILDE,USA,200,متوسط,Amazon.com listing,https://www.amazon.com/Wilde-517-Internal-Retaining-Pliers-120/dp/B00HRY3BOE,كماشة حلقات دائرية داخلية كبيرة الحجم (16 بوصة) من وايلد تعد أداة متخصصة صناعية أكبر من الحجم القياسي، لذا سعرها أعلى من الكماشات الصغيرة العادية.,True,False
82,2263,517,"INTR.CIRCLIP PLIER 16""",كماشة حلقات مرنة داخلية طويلة مقاس 16 بوصة.,1.0,EA,480.0,480.0,WILDE,USA,110,متوسط,Wilde Tool - أطقم كماشات الحلقات المرنة,https://wildetool.com/product-category/wrenches/,كماشة حلقات مرنة داخلية كبيرة الحجم 16 بوصة من وايلد الأمريكية أعلى سعراً من المقاسات الصغيرة.,True,False
82,2294,4298,linesman plier ىكينتكيم ةيدارز,كماشة كهربائي (لاينمان) بطول 8 بوصة من وايلد الأمريكية.,37.0,ea,110.0,4070.0,WILDE,USA,130,مرتفع,Wilde Tool official site / eBay listings,https://wildetool.com/product/8-linesman-pliers/,تم العثور على سعر المصنع المباشر (14.36 دولاراً) وأسعار تجزئة (30-40 دولاراً) لنفس المنتج من نفس الشركة.,True,False
82,2300,2032B,wilde 20032-b-rolling bar,عصا كسر (رولينج بار) ثقيلة من علامة وايلد.,25.0,EA,265.0,6625.0,WILDE,USA,230,منخفض,تقدير فئوي لعصي الكسر (رولينج بار) من وايلد,https://wildetool.com/,عصا كسر (رولينج بار) من علامة وايلد الأمريكية الصناعية، وهذه الأدوات الثقيلة الفردية معتدلة إلى مرتفعة السعر قليلاً مقارنة بالمفاتيح العادية.,True,False
82,2362,2375,PICK UP TOOL,أداة التقاط مغناطيسية للقطع الصغيرة.,8.0,EA,65.0,520.0,WILDE,USA,25,متوسط,تقدير عام لأدوات الالتقاط المغناطيسية,https://www.amazon.com/stores/WildeTool/Wrenches/page/F891D68D-EF16-48D9-8E88-37F47BBD4B68,أداة التقاط مغناطيسية صغيرة من وايلد ضمن الأدوات اليدوية الرخيصة.,True,False
82,2363,69-088,MIRROR,مرآة تفتيش يدوية صغيرة تستخدم للوصول للزوايا الضيقة أثناء الصيانة.,9.0,EA,40.0,360.0,WILDE,USA,30,منخفض,Wilde Tool (متجر الشركة),https://wildetool.com/shop/,مرآة تفتيش صغيرة من وايلد، وهي أداة يدوية رخيصة الثمن نسبياً حسب أسعار أدوات الفحص المشابهة.,True,False
82,2364,119-609,MIRROR,مرآة تفتيش يدوية صغيرة تستخدم للوصول للزوايا الضيقة أثناء الصيانة.,20.0,EA,20.0,400.0,WILDE,USA,30,منخفض,Wilde Tool (متجر الشركة),https://wildetool.com/shop/,مرآة تفتيش صغيرة من وايلد، وهي أداة يدوية رخيصة الثمن نسبياً حسب أسعار أدوات الفحص المشابهة.,True,False
82,2416,CCL3232,EXTRA LONG COLD CHISEL كبنس ليوط,إزميل برودة طويل جداً (كولد تشيزل).,16.0,EA,26.0,416.0,WILDE,USA,50,متوسط,تقدير عام لأزاميل البرودة الطويلة,https://www.amazon.com/stores/WildeTool/Wrenches/page/F891D68D-EF16-48D9-8E88-37F47BBD4B68,إزميل برودة طويل جداً من وايلد الأمريكية يقارن بأسعار الأزاميل الصناعية المماثلة.,True,False
82,2417,CC3232,COLD CHISELكبنس,إزميل بارد (Cold Chisel) صناعة أمريكية من ماركة وايلد.,14.0,EA,40.0,560.0,WILDE,USA,90,متوسط,Wilde Tool official shop – Cold Chisels,https://wildetool.com/product-category/chisels/cold-chisels/,سعر تقديري لإزميل بارد (كبنس) واحد بناءً على أسعار إزميلات وايلد الفردية في السوق الأمريكي محولة للريال.,True,False
82,2418,CC2832,COLD CHISELكبنس,إزميل بارد (Cold Chisel) صناعة أمريكية من ماركة وايلد.,10.0,EA,40.0,400.0,WILDE,USA,90,متوسط,Wilde Tool official shop – Cold Chisels,https://wildetool.com/product-category/chisels/cold-chisels/,سعر تقديري لإزميل بارد (كبنس) واحد بناءً على أسعار إزميلات وايلد الفردية في السوق الأمريكي محولة للريال.,True,False
82,2419,CCL1632,EXTRA LONG COLD CHISEL كبنس ليوط,إزميل برودة طويل جداً (كولد تشيزل).,1.0,EA,22.0,22.0,WILDE,USA,50,متوسط,تقدير عام لأزاميل البرودة الطويلة,https://www.amazon.com/stores/WildeTool/Wrenches/page/F891D68D-EF16-48D9-8E88-37F47BBD4B68,إزميل برودة طويل جداً من وايلد الأمريكية يقارن بأسعار الأزاميل الصناعية المماثلة.,True,False
82,2420,CD632,DIAMOND POINT CHISEL كبنس,إزميل برأس ألماسي (نقطة).,5.0,EA,28.0,140.0,WILDE,USA,45,منخفض,estimated from category benchmark,https://www.amazon.sa/-/en/b?ie=UTF8&node=16620567031,إزميل رأس ألماسي متخصص، سعر تقديري لأدوات القطع اليدوية الثقيلة.,True,False
82,2421,PS1032,SOLID PUNCH كبنس,مثقاب دفع صلب (Solid Punch) لإخراج المسامير والمحاور.,6.0,EA,26.0,156.0,WILDE,USA,25,متوسط,تقدير عام لمثاقب الدفع الصلبة (Punch),"https://www.amazon.sa/-/en/DIY-Tools-Draper/s?rh=n:12463390031,p_89:Draper",مثقاب الدفع الصلب أداة يدوية بسيطة من ماركة أمريكية معروفة الجودة متوسطة السعر.,True,False
82,2422,PLT632,LONG TAPER PINCHER كبنس,زردية (بنسة) طرف طويل ومدبب من وايلد.,5.0,EA,26.0,130.0,WILDE,USA,40,منخفض,estimated from category benchmark,https://www.amazon.sa/-/en/b?ie=UTF8&node=16620587031,زردية طرف طويل ومدبب من وايلد أداة متخصصة سعرها متوسط.,True,False
82,2423,PS532,SOLID PUNCH كبنس,مثقاب دفع صلب (Solid Punch) لإخراج المسامير والمحاور.,4.0,EA,23.0,92.0,WILDE,USA,25,متوسط,تقدير عام لمثاقب الدفع الصلبة (Punch),"https://www.amazon.sa/-/en/DIY-Tools-Draper/s?rh=n:12463390031,p_89:Draper",مثقاب الدفع الصلب أداة يدوية بسيطة من ماركة أمريكية معروفة الجودة متوسطة السعر.,True,False
82,2424,PS832,SOLID PUNCH كبنس,مثقاب دفع صلب (Solid Punch) لإخراج المسامير والمحاور.,5.0,EA,26.0,130.0,WILDE,USA,25,متوسط,تقدير عام لمثاقب الدفع الصلبة (Punch),"https://www.amazon.sa/-/en/DIY-Tools-Draper/s?rh=n:12463390031,p_89:Draper",مثقاب الدفع الصلب أداة يدوية بسيطة من ماركة أمريكية معروفة الجودة متوسطة السعر.,True,False
82,2425,PS332,SOLID PUNCH كبنس,مثقاب دفع صلب (Solid Punch) لإخراج المسامير والمحاور.,5.0,EA,22.0,110.0,WILDE,USA,25,متوسط,تقدير عام لمثاقب الدفع الصلبة (Punch),"https://www.amazon.sa/-/en/DIY-Tools-Draper/s?rh=n:12463390031,p_89:Draper",مثقاب الدفع الصلب أداة يدوية بسيطة من ماركة أمريكية معروفة الجودة متوسطة السعر.,True,False
82,2426,PLT532,LONG TAPER PINCHER كبنس,زردية (بنسة) طرف طويل ومدبب من وايلد.,3.0,EA,30.0,90.0,WILDE,USA,40,منخفض,estimated from category benchmark,https://www.amazon.sa/-/en/b?ie=UTF8&node=16620587031,زردية طرف طويل ومدبب من وايلد أداة متخصصة سعرها متوسط.,True,False
82,2427,CC1432,COLD CHISEL كبنس,إزميل (كبنس) بارد لقطع المعادن من وايلد الأمريكية.,1.0,EA,22.0,22.0,WILDE,USA,40,مرتفع,Wilde Tool official product page,https://wildetool.com/product/cold-chisel-5-8-cut/,تم العثور على أسعار فعلية لأزاميل وايلد المفردة المماثلة التي تتراوح بين 8-15 دولاراً.,True,False
82,2428,PC1432,CENTER PUNCH ببدم كبنس,مِنقب مركزي (سنبك) يستخدم لعمل علامة مركزية قبل الثقب في المعدن.,7.0,EA,22.0,154.0,WILDE,USA,25,متوسط,Wilde Tool - Center Punches,https://wildetool.com/product-category/punches/center-punches/,أسعار مناقب وايلد المركزية تتراوح فعلياً بين نحو 5 و9 دولارات أمريكية للقطعة.,True,False
82,2429,CC2432,COLD CHISEL كبنس,إزميل (كبنس) بارد لقطع المعادن من وايلد الأمريكية.,10.0,EA,45.0,450.0,WILDE,USA,40,مرتفع,Wilde Tool official product page,https://wildetool.com/product/cold-chisel-5-8-cut/,تم العثور على أسعار فعلية لأزاميل وايلد المفردة المماثلة التي تتراوح بين 8-15 دولاراً.,True,False
82,2430,PS732,SOLID PUNCH كبنس,مثقاب دفع صلب (Solid Punch) لإخراج المسامير والمحاور.,5.0,EA,28.0,140.0,WILDE,USA,25,متوسط,تقدير عام لمثاقب الدفع الصلبة (Punch),"https://www.amazon.sa/-/en/DIY-Tools-Draper/s?rh=n:12463390031,p_89:Draper",مثقاب الدفع الصلب أداة يدوية بسيطة من ماركة أمريكية معروفة الجودة متوسطة السعر.,True,False
82,2431,PS1232,SOLID PUNCH كبنس,مثقاب دفع صلب (Solid Punch) لإخراج المسامير والمحاور.,5.0,EA,55.0,275.0,WILDE,USA,25,متوسط,تقدير عام لمثاقب الدفع الصلبة (Punch),"https://www.amazon.sa/-/en/DIY-Tools-Draper/s?rh=n:12463390031,p_89:Draper",مثقاب الدفع الصلب أداة يدوية بسيطة من ماركة أمريكية معروفة الجودة متوسطة السعر.,True,False
82,2432,PPL1032,LONG PIN PINCH درط كبنس,منقب (سنبك) دبوس طويل يستخدم لدفع الدبابيس والمسامير الصغيرة خارج ثقوبها.,5.0,EA,50.0,250.0,WILDE,USA,30,متوسط,Wilde Tool - Pin Punches,https://wildetool.com/product-category/punches/pin-punches/,مناقب الدبوس الطويلة من وايلد تباع منفردة بسعر يقارب 6-9 دولارات أمريكية للقطعة.,True,False
83,2433,PPL632,LONG PIN PINCH درط كبنس,منقب (سنبك) دبوس طويل يستخدم لدفع الدبابيس والمسامير الصغيرة خارج ثقوبها.,5.0,EA,50.0,250.0,WILDE,USA,30,متوسط,Wilde Tool - Pin Punches,https://wildetool.com/product-category/punches/pin-punches/,مناقب الدبوس الطويلة من وايلد تباع منفردة بسعر يقارب 6-9 دولارات أمريكية للقطعة.,True,False
83,2434,PPL832,LONG PIN PINCH درط كبنس,منقب (سنبك) دبوس طويل يستخدم لدفع الدبابيس والمسامير الصغيرة خارج ثقوبها.,5.0,EA,45.0,225.0,WILDE,USA,30,متوسط,Wilde Tool - Pin Punches,https://wildetool.com/product-category/punches/pin-punches/,مناقب الدبوس الطويلة من وايلد تباع منفردة بسعر يقارب 6-9 دولارات أمريكية للقطعة.,True,False
83,2435,CP1232,CAPE CHISEL باك سار كبنس,إزميل رأس كيب (مستطيل الحد).,1.0,EA,26.0,26.0,WILDE,USA,35,منخفض,estimated from category benchmark,https://www.amazon.sa/-/en/b?ie=UTF8&node=16620567031,إزميل رأس كيب (مستطيل الحد) من علامة وايلد.,True,False
83,2436,CP832,CAPE CHISEL باك سار كبنس,إزميل رأس كيب (مستطيل الحد).,5.0,EA,20.0,100.0,WILDE,USA,35,منخفض,estimated from category benchmark,https://www.amazon.sa/-/en/b?ie=UTF8&node=16620567031,إزميل رأس كيب (مستطيل الحد) من علامة وايلد.,True,False
83,2437,PC1232,CENTER PUNCH ببدم كبنس,مِنقب مركزي (سنبك) يستخدم لعمل علامة مركزية قبل الثقب في المعدن.,5.0,EA,22.0,110.0,WILDE,USA,25,متوسط,Wilde Tool - Center Punches,https://wildetool.com/product-category/punches/center-punches/,أسعار مناقب وايلد المركزية تتراوح فعلياً بين نحو 5 و9 دولارات أمريكية للقطعة.,True,False
83,2438,PC2032,CENTER PUNCH ببدم كبنس,مِنقب مركزي (سنبك) يستخدم لعمل علامة مركزية قبل الثقب في المعدن.,9.0,EA,26.0,234.0,WILDE,USA,25,متوسط,Wilde Tool - Center Punches,https://wildetool.com/product-category/punches/center-punches/,أسعار مناقب وايلد المركزية تتراوح فعلياً بين نحو 5 و9 دولارات أمريكية للقطعة.,True,False
83,2439,CCL2432,COLD CHISEL كبنس,إزميل (كبنس) بارد لقطع المعادن من وايلد الأمريكية.,4.0,EA,55.0,220.0,WILDE,USA,40,مرتفع,Wilde Tool official product page,https://wildetool.com/product/cold-chisel-5-8-cut/,تم العثور على أسعار فعلية لأزاميل وايلد المفردة المماثلة التي تتراوح بين 8-15 دولاراً.,True,False
83,2440,PLT1032,LONG TAPER PINCHER ليوط كبنس,منقاش (كبنس) مدبب طويل (Long Taper Pincher) من وايلد.,5.0,EA,65.0,325.0,WILDE,USA,70,متوسط,Wilde Tool official shop – Punch & Chisel sets,https://wildetool.com/shop/,سعر تقديري لمنقاش (كبنس) مدبب طويل من وايلد بناءً على أسعار منتجات وايلد الفردية.,True,False
83,2441,PLT832,LONG TAPER PINCHER ليوط كبنس,منقاش (كبنس) مدبب طويل (Long Taper Pincher) من وايلد.,5.0,EA,50.0,250.0,WILDE,USA,70,متوسط,Wilde Tool official shop – Punch & Chisel sets,https://wildetool.com/shop/,سعر تقديري لمنقاش (كبنس) مدبب طويل من وايلد بناءً على أسعار منتجات وايلد الفردية.,True,False
83,2442,PLT732,LONG TAPER PINCHER ليوط كبنس,منقاش (كبنس) مدبب طويل (Long Taper Pincher) من وايلد.,5.0,EA,48.0,240.0,WILDE,USA,70,متوسط,Wilde Tool official shop – Punch & Chisel sets,https://wildetool.com/shop/,سعر تقديري لمنقاش (كبنس) مدبب طويل من وايلد بناءً على أسعار منتجات وايلد الفردية.,True,False
83,2443,CCL2032,COLD CHISEL كبنس,إزميل (كبنس) بارد لقطع المعادن من وايلد الأمريكية.,20.0,EA,48.0,960.0,WILDE,USA,40,مرتفع,Wilde Tool official product page,https://wildetool.com/product/cold-chisel-5-8-cut/,تم العثور على أسعار فعلية لأزاميل وايلد المفردة المماثلة التي تتراوح بين 8-15 دولاراً.,True,False
83,2444,PLT1232,LONG TAPER PINCHER ليوط درط كبنس,أداة طويلة مدببة الطرف تستخدم للمحاذاة والتثبيت.,5.0,EA,55.0,275.0,WILDE,USA,110,منخفض,استدلال من فئة أدوات وايلد المتخصصة,https://www.amazon.com/,كماشة/مخرز طويل مدبب من وايلد الأمريكية يقدر وفق أسعار الأدوات المتخصصة المماثلة.,True,False
83,2445,LB632,LINING UP BAR بيضق,قضيب معدني لمحاذاة الأنابيب أو الفتحات.,2.0,EA,35.0,70.0,WILDE,USA,70,متوسط,مقارنة بأسعار أدوات WILDE الأمريكية على eBay/Amazon,https://www.amazon.com/stores/WildeTool/Wrenches/page/F891D68D-EF16-48D9-8E88-37F47BBD4B68,قضيب محاذاة معدني احترافي من ماركة وايلد الأمريكية متوسط السعر بين الأدوات الصناعية.,True,False
83,2446,PS432,SOLID PUNCH كبنس,مثقاب دفع صلب (Solid Punch) لإخراج المسامير والمحاور.,5.0,EA,22.0,110.0,WILDE,USA,25,متوسط,تقدير عام لمثاقب الدفع الصلبة (Punch),"https://www.amazon.sa/-/en/DIY-Tools-Draper/s?rh=n:12463390031,p_89:Draper",مثقاب الدفع الصلب أداة يدوية بسيطة من ماركة أمريكية معروفة الجودة متوسطة السعر.,True,False
83,2447,PS632,SOLID PUNCH كبنس,مثقاب دفع صلب (Solid Punch) لإخراج المسامير والمحاور.,5.0,EA,22.0,110.0,WILDE,USA,25,متوسط,تقدير عام لمثاقب الدفع الصلبة (Punch),"https://www.amazon.sa/-/en/DIY-Tools-Draper/s?rh=n:12463390031,p_89:Draper",مثقاب الدفع الصلب أداة يدوية بسيطة من ماركة أمريكية معروفة الجودة متوسطة السعر.,True,False
83,2448,LB632,LINING UP BAR بيضق,قضيب معدني لمحاذاة الأنابيب أو الفتحات.,2.0,EA,30.0,60.0,WILDE,USA,70,متوسط,مقارنة بأسعار أدوات WILDE الأمريكية على eBay/Amazon,https://www.amazon.com/stores/WildeTool/Wrenches/page/F891D68D-EF16-48D9-8E88-37F47BBD4B68,قضيب محاذاة معدني احترافي من ماركة وايلد الأمريكية متوسط السعر بين الأدوات الصناعية.,True,False
83,2449,LB632,LINING UP BAR بيضق,قضيب معدني لمحاذاة الأنابيب أو الفتحات.,1.0,EA,30.0,30.0,WILDE,USA,70,متوسط,مقارنة بأسعار أدوات WILDE الأمريكية على eBay/Amazon,https://www.amazon.com/stores/WildeTool/Wrenches/page/F891D68D-EF16-48D9-8E88-37F47BBD4B68,قضيب محاذاة معدني احترافي من ماركة وايلد الأمريكية متوسط السعر بين الأدوات الصناعية.,True,False
83,2450,LB632,LINING UP BAR بيضق,قضيب معدني لمحاذاة الأنابيب أو الفتحات.,2.0,EA,30.0,60.0,WILDE,USA,70,متوسط,مقارنة بأسعار أدوات WILDE الأمريكية على eBay/Amazon,https://www.amazon.com/stores/WildeTool/Wrenches/page/F891D68D-EF16-48D9-8E88-37F47BBD4B68,قضيب محاذاة معدني احترافي من ماركة وايلد الأمريكية متوسط السعر بين الأدوات الصناعية.,True,False
83,2451,LB632,LINING UP BAR بيضق,قضيب معدني لمحاذاة الأنابيب أو الفتحات.,2.0,EA,30.0,60.0,WILDE,USA,70,متوسط,مقارنة بأسعار أدوات WILDE الأمريكية على eBay/Amazon,https://www.amazon.com/stores/WildeTool/Wrenches/page/F891D68D-EF16-48D9-8E88-37F47BBD4B68,قضيب محاذاة معدني احترافي من ماركة وايلد الأمريكية متوسط السعر بين الأدوات الصناعية.,True,False
83,2452,LB632,LINING UP BAR بيضق,قضيب معدني لمحاذاة الأنابيب أو الفتحات.,2.0,EA,30.0,60.0,WILDE,USA,70,متوسط,مقارنة بأسعار أدوات WILDE الأمريكية على eBay/Amazon,https://www.amazon.com/stores/WildeTool/Wrenches/page/F891D68D-EF16-48D9-8E88-37F47BBD4B68,قضيب محاذاة معدني احترافي من ماركة وايلد الأمريكية متوسط السعر بين الأدوات الصناعية.,True,False
83,2453,LB632,LINING UP BAR بيضق,قضيب معدني لمحاذاة الأنابيب أو الفتحات.,2.0,EA,30.0,60.0,WILDE,USA,70,متوسط,مقارنة بأسعار أدوات WILDE الأمريكية على eBay/Amazon,https://www.amazon.com/stores/WildeTool/Wrenches/page/F891D68D-EF16-48D9-8E88-37F47BBD4B68,قضيب محاذاة معدني احترافي من ماركة وايلد الأمريكية متوسط السعر بين الأدوات الصناعية.,True,False
83,2454,LB632,LINING UP BAR بيضق,قضيب معدني لمحاذاة الأنابيب أو الفتحات.,2.0,EA,30.0,60.0,WILDE,USA,70,متوسط,مقارنة بأسعار أدوات WILDE الأمريكية على eBay/Amazon,https://www.amazon.com/stores/WildeTool/Wrenches/page/F891D68D-EF16-48D9-8E88-37F47BBD4B68,قضيب محاذاة معدني احترافي من ماركة وايلد الأمريكية متوسط السعر بين الأدوات الصناعية.,True,False
83,2455,CC2032,COLD CHISEL كبنس,إزميل (كبنس) بارد لقطع المعادن من وايلد الأمريكية.,10.0,EA,26.0,260.0,WILDE,USA,40,مرتفع,Wilde Tool official product page,https://wildetool.com/product/cold-chisel-5-8-cut/,تم العثور على أسعار فعلية لأزاميل وايلد المفردة المماثلة التي تتراوح بين 8-15 دولاراً.,True,False
83,2456,LB632,LINING UP BAR بيضق,قضيب معدني لمحاذاة الأنابيب أو الفتحات.,2.0,EA,30.0,60.0,WILDE,USA,70,متوسط,مقارنة بأسعار أدوات WILDE الأمريكية على eBay/Amazon,https://www.amazon.com/stores/WildeTool/Wrenches/page/F891D68D-EF16-48D9-8E88-37F47BBD4B68,قضيب محاذاة معدني احترافي من ماركة وايلد الأمريكية متوسط السعر بين الأدوات الصناعية.,True,False
83,2457,LB632,LINING UP BAR بيضق,قضيب معدني لمحاذاة الأنابيب أو الفتحات.,2.0,EA,30.0,60.0,WILDE,USA,70,متوسط,مقارنة بأسعار أدوات WILDE الأمريكية على eBay/Amazon,https://www.amazon.com/stores/WildeTool/Wrenches/page/F891D68D-EF16-48D9-8E88-37F47BBD4B68,قضيب محاذاة معدني احترافي من ماركة وايلد الأمريكية متوسط السعر بين الأدوات الصناعية.,True,False
83,2458,CC1632,COLD CHISEL كبنس,إزميل (كبنس) بارد لقطع المعادن من وايلد الأمريكية.,20.0,EA,22.0,440.0,WILDE,USA,40,مرتفع,Wilde Tool official product page,https://wildetool.com/product/cold-chisel-5-8-cut/,تم العثور على أسعار فعلية لأزاميل وايلد المفردة المماثلة التي تتراوح بين 8-15 دولاراً.,True,False
83,2459,CC3232,COLD CHISEL كبنس,إزميل (كبنس) بارد لقطع المعادن من وايلد الأمريكية.,3.0,EA,22.0,66.0,WILDE,USA,40,مرتفع,Wilde Tool official product page,https://wildetool.com/product/cold-chisel-5-8-cut/,تم العثور على أسعار فعلية لأزاميل وايلد المفردة المماثلة التي تتراوح بين 8-15 دولاراً.,True,False
83,2460,PC1632,CENTER PUNCH ببدم كبنس,مِنقب مركزي (سنبك) يستخدم لعمل علامة مركزية قبل الثقب في المعدن.,10.0,EA,26.0,260.0,WILDE,USA,25,متوسط,Wilde Tool - Center Punches,https://wildetool.com/product-category/punches/center-punches/,أسعار مناقب وايلد المركزية تتراوح فعلياً بين نحو 5 و9 دولارات أمريكية للقطعة.,True,False
83,2461,PLT532,LONG TAPER PINCHER ليوط درط كبنس,أداة طويلة مدببة الطرف تستخدم للمحاذاة والتثبيت.,2.0,EA,35.0,70.0,WILDE,USA,110,منخفض,استدلال من فئة أدوات وايلد المتخصصة,https://www.amazon.com/,كماشة/مخرز طويل مدبب من وايلد الأمريكية يقدر وفق أسعار الأدوات المتخصصة المماثلة.,True,False
83,2462,CC832,COLD CHISEL كبنس,إزميل (كبنس) بارد لقطع المعادن من وايلد الأمريكية.,20.0,EA,20.0,400.0,WILDE,USA,40,مرتفع,Wilde Tool official product page,https://wildetool.com/product/cold-chisel-5-8-cut/,تم العثور على أسعار فعلية لأزاميل وايلد المفردة المماثلة التي تتراوح بين 8-15 دولاراً.,True,False
83,2463,PC832,CENTERPUNCH ببدم كبنس,عصا طرق مركزية (سنتر بنش) لتحديد نقاط الحفر.,20.0,EA,35.0,700.0,WILDE,USA,50,منخفض,تقدير حسب فئة عصي الطرق المركزية (سنتر بنش) الأمريكية,https://www.wildetool.com/product/center-punch-1-4-size/,تم تأكيد وجود المنتج فعلياً لدى عدة موزعين أمريكيين لكن دون سعر ظاهر، فاعتُمد تقدير قياسي لعصي الطرق المركزية المماثلة.,True,False
83,2464,CC1232,COLD CHISEL كبنس,إزميل (كبنس) بارد لقطع المعادن من وايلد الأمريكية.,20.0,EA,20.0,400.0,WILDE,USA,40,مرتفع,Wilde Tool official product page,https://wildetool.com/product/cold-chisel-5-8-cut/,تم العثور على أسعار فعلية لأزاميل وايلد المفردة المماثلة التي تتراوح بين 8-15 دولاراً.,True,False
83,2465,CC2032,COLD CHISEL كبنس,إزميل (كبنس) بارد لقطع المعادن من وايلد الأمريكية.,5.0,EA,26.0,130.0,WILDE,USA,40,مرتفع,Wilde Tool official product page,https://wildetool.com/product/cold-chisel-5-8-cut/,تم العثور على أسعار فعلية لأزاميل وايلد المفردة المماثلة التي تتراوح بين 8-15 دولاراً.,True,False
84,2466,CC1432,COLD CHISEL كبنس,إزميل (كبنس) بارد لقطع المعادن من وايلد الأمريكية.,1.0,EA,22.0,22.0,WILDE,USA,40,مرتفع,Wilde Tool official product page,https://wildetool.com/product/cold-chisel-5-8-cut/,تم العثور على أسعار فعلية لأزاميل وايلد المفردة المماثلة التي تتراوح بين 8-15 دولاراً.,True,False
84,2467,PC1032,CENTERPUNCH ببدم كبنس,عصا طرق مركزية (سنتر بنش) لتحديد نقاط الحفر.,20.0,EA,35.0,700.0,WILDE,USA,50,منخفض,تقدير حسب فئة عصي الطرق المركزية (سنتر بنش) الأمريكية,https://www.wildetool.com/product/center-punch-1-4-size/,تم تأكيد وجود المنتج فعلياً لدى عدة موزعين أمريكيين لكن دون سعر ظاهر، فاعتُمد تقدير قياسي لعصي الطرق المركزية المماثلة.,True,False
84,2468,CC1032,COLD CHISEL كبنس,إزميل (كبنس) بارد لقطع المعادن من وايلد الأمريكية.,20.0,EA,22.0,440.0,WILDE,USA,40,مرتفع,Wilde Tool official product page,https://wildetool.com/product/cold-chisel-5-8-cut/,تم العثور على أسعار فعلية لأزاميل وايلد المفردة المماثلة التي تتراوح بين 8-15 دولاراً.,True,False
84,2469,CCL1632,COLD CHISEL كبنس,إزميل (كبنس) بارد لقطع المعادن من وايلد الأمريكية.,1.0,EA,22.0,22.0,WILDE,USA,40,مرتفع,Wilde Tool official product page,https://wildetool.com/product/cold-chisel-5-8-cut/,تم العثور على أسعار فعلية لأزاميل وايلد المفردة المماثلة التي تتراوح بين 8-15 دولاراً.,True,False
84,2471,863,RATCEHT تيشتار حاتفم,مفتاح تيشتار (رنج بحركة تروسية) مزدوج المقاس.,4.0,EA,35.0,140.0,WILDE,USA,70,متوسط,Wilde Tool ratchet wrenches - Amazon/eBay,https://www.amazon.com/stores/WildeTool/Wrenches/page/F891D68D-EF16-48D9-8E88-37F47BBD4B68,مفتاح تيشتار من وايلد الأمريكية بسعر نحو 14-38 دولاراً حسب المقاس مع هامش استيراد.,True,False
84,2472,862,RATCEHT تيشتار حاتفم,مفتاح تيشتار (رنج بحركة تروسية) مزدوج المقاس.,3.0,EA,30.0,90.0,WILDE,USA,70,متوسط,Wilde Tool ratchet wrenches - Amazon/eBay,https://www.amazon.com/stores/WildeTool/Wrenches/page/F891D68D-EF16-48D9-8E88-37F47BBD4B68,مفتاح تيشتار من وايلد الأمريكية بسعر نحو 14-38 دولاراً حسب المقاس مع هامش استيراد.,True,False
84,2473,865,RATCEHT تيشتار حاتفم,مفتاح تيشتار (رنج بحركة تروسية) مزدوج المقاس.,5.0,EA,45.0,225.0,WILDE,USA,70,متوسط,Wilde Tool ratchet wrenches - Amazon/eBay,https://www.amazon.com/stores/WildeTool/Wrenches/page/F891D68D-EF16-48D9-8E88-37F47BBD4B68,مفتاح تيشتار من وايلد الأمريكية بسعر نحو 14-38 دولاراً حسب المقاس مع هامش استيراد.,True,False
84,2474,864,RATCEHT تيشتار حاتفم,مفتاح تيشتار (رنج بحركة تروسية) مزدوج المقاس.,2.0,EA,45.0,90.0,WILDE,USA,70,متوسط,Wilde Tool ratchet wrenches - Amazon/eBay,https://www.amazon.com/stores/WildeTool/Wrenches/page/F891D68D-EF16-48D9-8E88-37F47BBD4B68,مفتاح تيشتار من وايلد الأمريكية بسعر نحو 14-38 دولاراً حسب المقاس مع هامش استيراد.,True,False
84,2477,802,RATCHET تيشتار حاتفم,مفتاح راتشيت (تكة) صندوقي مزدوج المقاس من علامة وايلد.,1.0,EA,60.0,60.0,WILDE,USA,90,متوسط,قوائم Amazon/eBay لمفاتيح راتشيت ويلد,https://www.amazon.com/Wilde-Tool-864-Metric-Ratchet/dp/B00HRY3KMW,مفتاح راتشيت مزدوج المقاس من علامة Wilde الأمريكية موجود فعليًا على أمازون، وأسعار هذه الفئة من مفاتيح الراتشيت المفردة تتراوح بين 15-30 دولارًا أمريكيًا.,True,False
84,2478,990,RATCHET تيشتار حاتفم,مفتاح راتشيت (تكة) صندوقي مزدوج المقاس من علامة وايلد.,1.0,EA,55.0,55.0,WILDE,USA,90,متوسط,قوائم Amazon/eBay لمفاتيح راتشيت ويلد,https://www.amazon.com/Wilde-Tool-864-Metric-Ratchet/dp/B00HRY3KMW,مفتاح راتشيت مزدوج المقاس من علامة Wilde الأمريكية موجود فعليًا على أمازون، وأسعار هذه الفئة من مفاتيح الراتشيت المفردة تتراوح بين 15-30 دولارًا أمريكيًا.,True,False
84,2479,990,RATCHET تيشتار حاتفم,مفتاح راتشيت (تكة) صندوقي مزدوج المقاس من علامة وايلد.,8.0,EA,55.0,440.0,WILDE,USA,90,متوسط,قوائم Amazon/eBay لمفاتيح راتشيت ويلد,https://www.amazon.com/Wilde-Tool-864-Metric-Ratchet/dp/B00HRY3KMW,مفتاح راتشيت مزدوج المقاس من علامة Wilde الأمريكية موجود فعليًا على أمازون، وأسعار هذه الفئة من مفاتيح الراتشيت المفردة تتراوح بين 15-30 دولارًا أمريكيًا.,True,False
84,2480,802,RATCHET تيشتار حاتفم,مفتاح راتشيت (تكة) صندوقي مزدوج المقاس من علامة وايلد.,3.0,EA,60.0,180.0,WILDE,USA,90,متوسط,قوائم Amazon/eBay لمفاتيح راتشيت ويلد,https://www.amazon.com/Wilde-Tool-864-Metric-Ratchet/dp/B00HRY3KMW,مفتاح راتشيت مزدوج المقاس من علامة Wilde الأمريكية موجود فعليًا على أمازون، وأسعار هذه الفئة من مفاتيح الراتشيت المفردة تتراوح بين 15-30 دولارًا أمريكيًا.,True,False
84,2481,801,RATCHET تيشتار حاتفم,مفتاح راتشيت (تكة) صندوقي مزدوج المقاس من علامة وايلد.,9.0,EA,35.0,315.0,WILDE,USA,90,متوسط,قوائم Amazon/eBay لمفاتيح راتشيت ويلد,https://www.amazon.com/Wilde-Tool-864-Metric-Ratchet/dp/B00HRY3KMW,مفتاح راتشيت مزدوج المقاس من علامة Wilde الأمريكية موجود فعليًا على أمازون، وأسعار هذه الفئة من مفاتيح الراتشيت المفردة تتراوح بين 15-30 دولارًا أمريكيًا.,True,False
84,2482,803,RATCHET تيشتار حاتفم,مفتاح راتشيت (تكة) صندوقي مزدوج المقاس من علامة وايلد.,8.0,EA,58.0,464.0,WILDE,USA,90,متوسط,قوائم Amazon/eBay لمفاتيح راتشيت ويلد,https://www.amazon.com/Wilde-Tool-864-Metric-Ratchet/dp/B00HRY3KMW,مفتاح راتشيت مزدوج المقاس من علامة Wilde الأمريكية موجود فعليًا على أمازون، وأسعار هذه الفئة من مفاتيح الراتشيت المفردة تتراوح بين 15-30 دولارًا أمريكيًا.,True,False
84,2483,866,RATCHET تيشتار حاتفم,مفتاح راتشيت (تكة) صندوقي مزدوج المقاس من علامة وايلد.,4.0,EA,55.0,220.0,WILDE,USA,90,متوسط,قوائم Amazon/eBay لمفاتيح راتشيت ويلد,https://www.amazon.com/Wilde-Tool-864-Metric-Ratchet/dp/B00HRY3KMW,مفتاح راتشيت مزدوج المقاس من علامة Wilde الأمريكية موجود فعليًا على أمازون، وأسعار هذه الفئة من مفاتيح الراتشيت المفردة تتراوح بين 15-30 دولارًا أمريكيًا.,True,False
84,2484,867,RATCHET تيشتار حاتفم,مفتاح راتشيت (تكة) صندوقي مزدوج المقاس من علامة وايلد.,5.0,EA,58.0,290.0,WILDE,USA,90,متوسط,قوائم Amazon/eBay لمفاتيح راتشيت ويلد,https://www.amazon.com/Wilde-Tool-864-Metric-Ratchet/dp/B00HRY3KMW,مفتاح راتشيت مزدوج المقاس من علامة Wilde الأمريكية موجود فعليًا على أمازون، وأسعار هذه الفئة من مفاتيح الراتشيت المفردة تتراوح بين 15-30 دولارًا أمريكيًا.,True,False
84,2485,868,RATCHET تيشتار حاتفم,مفتاح راتشيت (تكة) صندوقي مزدوج المقاس من علامة وايلد.,8.0,EA,67.0,536.0,WILDE,USA,90,متوسط,قوائم Amazon/eBay لمفاتيح راتشيت ويلد,https://www.amazon.com/Wilde-Tool-864-Metric-Ratchet/dp/B00HRY3KMW,مفتاح راتشيت مزدوج المقاس من علامة Wilde الأمريكية موجود فعليًا على أمازون، وأسعار هذه الفئة من مفاتيح الراتشيت المفردة تتراوح بين 15-30 دولارًا أمريكيًا.,True,False
84,2487,862,RATCHET تيشتار حاتفم,مفتاح راتشيت (تكة) صندوقي مزدوج المقاس من علامة وايلد.,14.0,EA,30.0,420.0,WILDE,USA,90,متوسط,قوائم Amazon/eBay لمفاتيح راتشيت ويلد,https://www.amazon.com/Wilde-Tool-864-Metric-Ratchet/dp/B00HRY3KMW,مفتاح راتشيت مزدوج المقاس من علامة Wilde الأمريكية موجود فعليًا على أمازون، وأسعار هذه الفئة من مفاتيح الراتشيت المفردة تتراوح بين 15-30 دولارًا أمريكيًا.,True,False
84,2488,866,RATCHET تيشتار حاتفم,مفتاح راتشيت (تكة) صندوقي مزدوج المقاس من علامة وايلد.,12.0,EA,55.0,660.0,WILDE,USA,90,متوسط,قوائم Amazon/eBay لمفاتيح راتشيت ويلد,https://www.amazon.com/Wilde-Tool-864-Metric-Ratchet/dp/B00HRY3KMW,مفتاح راتشيت مزدوج المقاس من علامة Wilde الأمريكية موجود فعليًا على أمازون، وأسعار هذه الفئة من مفاتيح الراتشيت المفردة تتراوح بين 15-30 دولارًا أمريكيًا.,True,False
84,2489,864,RATCHET تيشتار حاتفم,مفتاح راتشيت (تكة) صندوقي مزدوج المقاس من علامة وايلد.,18.0,EA,55.0,990.0,WILDE,USA,90,متوسط,قوائم Amazon/eBay لمفاتيح راتشيت ويلد,https://www.amazon.com/Wilde-Tool-864-Metric-Ratchet/dp/B00HRY3KMW,مفتاح راتشيت مزدوج المقاس من علامة Wilde الأمريكية موجود فعليًا على أمازون، وأسعار هذه الفئة من مفاتيح الراتشيت المفردة تتراوح بين 15-30 دولارًا أمريكيًا.,True,False
84,2490,990,RATCHET تيشتار حاتفم,مفتاح راتشيت (تكة) صندوقي مزدوج المقاس من علامة وايلد.,9.0,EA,55.0,495.0,WILDE,USA,90,متوسط,قوائم Amazon/eBay لمفاتيح راتشيت ويلد,https://www.amazon.com/Wilde-Tool-864-Metric-Ratchet/dp/B00HRY3KMW,مفتاح راتشيت مزدوج المقاس من علامة Wilde الأمريكية موجود فعليًا على أمازون، وأسعار هذه الفئة من مفاتيح الراتشيت المفردة تتراوح بين 15-30 دولارًا أمريكيًا.,True,False
84,2491,867,RATCHET تيشتار حاتفم,مفتاح راتشيت (تكة) صندوقي مزدوج المقاس من علامة وايلد.,11.0,EA,58.0,638.0,WILDE,USA,90,متوسط,قوائم Amazon/eBay لمفاتيح راتشيت ويلد,https://www.amazon.com/Wilde-Tool-864-Metric-Ratchet/dp/B00HRY3KMW,مفتاح راتشيت مزدوج المقاس من علامة Wilde الأمريكية موجود فعليًا على أمازون، وأسعار هذه الفئة من مفاتيح الراتشيت المفردة تتراوح بين 15-30 دولارًا أمريكيًا.,True,False
84,2492,865,RATCHET تيشتار حاتفم,مفتاح راتشيت (تكة) صندوقي مزدوج المقاس من علامة وايلد.,12.0,EA,55.0,660.0,WILDE,USA,90,متوسط,قوائم Amazon/eBay لمفاتيح راتشيت ويلد,https://www.amazon.com/Wilde-Tool-864-Metric-Ratchet/dp/B00HRY3KMW,مفتاح راتشيت مزدوج المقاس من علامة Wilde الأمريكية موجود فعليًا على أمازون، وأسعار هذه الفئة من مفاتيح الراتشيت المفردة تتراوح بين 15-30 دولارًا أمريكيًا.,True,False
84,2493,864,RATCHET تيشتار حاتفم,مفتاح راتشيت (تكة) صندوقي مزدوج المقاس من علامة وايلد.,17.0,EA,48.0,816.0,WILDE,USA,90,متوسط,قوائم Amazon/eBay لمفاتيح راتشيت ويلد,https://www.amazon.com/Wilde-Tool-864-Metric-Ratchet/dp/B00HRY3KMW,مفتاح راتشيت مزدوج المقاس من علامة Wilde الأمريكية موجود فعليًا على أمازون، وأسعار هذه الفئة من مفاتيح الراتشيت المفردة تتراوح بين 15-30 دولارًا أمريكيًا.,True,False
84,2494,863,RATCHET تيشتار حاتفم,مفتاح راتشيت (تكة) صندوقي مزدوج المقاس من علامة وايلد.,14.0,EA,35.0,490.0,WILDE,USA,90,متوسط,قوائم Amazon/eBay لمفاتيح راتشيت ويلد,https://www.amazon.com/Wilde-Tool-864-Metric-Ratchet/dp/B00HRY3KMW,مفتاح راتشيت مزدوج المقاس من علامة Wilde الأمريكية موجود فعليًا على أمازون، وأسعار هذه الفئة من مفاتيح الراتشيت المفردة تتراوح بين 15-30 دولارًا أمريكيًا.,True,False
84,2495,866,RATCHET تيشتار حاتفم,مفتاح راتشيت (تكة) صندوقي مزدوج المقاس من علامة وايلد.,18.0,EA,55.0,990.0,WILDE,USA,90,متوسط,قوائم Amazon/eBay لمفاتيح راتشيت ويلد,https://www.amazon.com/Wilde-Tool-864-Metric-Ratchet/dp/B00HRY3KMW,مفتاح راتشيت مزدوج المقاس من علامة Wilde الأمريكية موجود فعليًا على أمازون، وأسعار هذه الفئة من مفاتيح الراتشيت المفردة تتراوح بين 15-30 دولارًا أمريكيًا.,True,False
84,2496,867,RATCHET تيشتار حاتفم,مفتاح راتشيت (تكة) صندوقي مزدوج المقاس من علامة وايلد.,12.0,EA,58.0,696.0,WILDE,USA,90,متوسط,قوائم Amazon/eBay لمفاتيح راتشيت ويلد,https://www.amazon.com/Wilde-Tool-864-Metric-Ratchet/dp/B00HRY3KMW,مفتاح راتشيت مزدوج المقاس من علامة Wilde الأمريكية موجود فعليًا على أمازون، وأسعار هذه الفئة من مفاتيح الراتشيت المفردة تتراوح بين 15-30 دولارًا أمريكيًا.,True,False
84,2497,868,RATCHET تيشتار حاتفم,مفتاح راتشيت (تكة) صندوقي مزدوج المقاس من علامة وايلد.,7.0,EA,65.0,455.0,WILDE,USA,90,متوسط,قوائم Amazon/eBay لمفاتيح راتشيت ويلد,https://www.amazon.com/Wilde-Tool-864-Metric-Ratchet/dp/B00HRY3KMW,مفتاح راتشيت مزدوج المقاس من علامة Wilde الأمريكية موجود فعليًا على أمازون، وأسعار هذه الفئة من مفاتيح الراتشيت المفردة تتراوح بين 15-30 دولارًا أمريكيًا.,True,False
84,2500,301S,BLOW GUN ءاوه سدسم,مسدس نفخ هواء مضغوط يستخدم لتنظيف الأجزاء وطرد الغبار.,27.0,EA,25.0,675.0,WILDE,USA,40,متوسط,estimated from category benchmark (Wilde blow guns),https://wildetool.com/shop/,سدسة هواء (بلو غن) من وايلد ضمن نطاق أسعار مسدسات نفخ الهواء القياسية.,True,False
84,2501,99943,"FLAT CHISEL ,24""/60CM كبنس",إزميل معدني مسطح طوله 24 بوصة (60 سم).,21.0,EA,65.0,1365.0,WILDE,USA,140,منخفض,تقدير حسب فئة أزاميل Wilde الأمريكية المسطحة,https://www.wildetool.com,إزميل مسطح كبير من نفس عائلة الإزميل السابق (99944) بمقاس 24 بوصة.,True,False
84,2502,99944,"PT,CHISEL,24""/60CM كبنس",إزميل معدني كبير طوله 24 بوصة (60 سم) لأعمال الطرق والتشكيل.,27.0,EA,60.0,1620.0,WILDE,USA,140,منخفض,تقدير حسب فئة أزاميل Wilde الأمريكية,https://www.wildetool.com,لم يتوفر سعر محدد لهذا المقاس الكبير (24 بوصة)، والتقدير يعتمد على أسعار أزاميل Wilde المماثلة المصنوعة في أمريكا من الفولاذ المقوى.,True,False
84,2503,RH2832,PRY BAR ةلتع,عتلة معدنية تستخدم للرفع والفصل بين الأجزاء.,3.0,EA,110.0,330.0,WILDE,USA,100,منخفض,استدلال من فئة عتلات الرفع (بري بار),https://www.amazon.com/,عتلة رفع (بري بار) من وايلد الأمريكية تقدر وفق أسعار العتلات الصناعية المماثلة.,True,False
84,2504,99945,NAIL REMOVER BAR ترماسملا عفرل ةلتع,عتلة إزالة مسامير من ماركة WILDE.,1.0,EA,65.0,65.0,WILDE,USA,50,منخفض,estimated from category benchmark,https://www.amazon.sa/-/en/b?ie=UTF8&node=16620999031,سعر تقديري لعتلة إزالة مسامير بالاستناد إلى معيار أسعار العتلات اليدوية العامة.,True,False
85,2505,99946,PRY BAR 60CM ةلتع,عتلة معدنية (بري بار) بطول 60 سم تستخدم للرفع والفك.,6.0,EA,110.0,660.0,WILDE,USA,75,متوسط,estimated from category benchmark (Wilde pry bars),https://wildetool.com/shop/,عتلة (بري بار) بطول 60سم من وايلد ضمن نطاق أسعار العتلات اليدوية القياسية.,True,False
85,2506,99947,"PT CHISEL,50CM/20"" ةببدم ةلتع",إزميل ثقيل مدبب (بوينت شيزل) طول 50 سم من وايلد الأمريكية.,29.0,EA,65.0,1885.0,WILDE,USA,70,متوسط,Wilde Tool (chisel/punch products),https://wildetool.com/product/20-piece-punch-chisel-set/,العلامة التجارية وايلد الأمريكية مؤكدة بجودة تصنيع عالية، وتم تقدير سعر القطعة المفردة استنادًا لسعر طقم كامل من 20 قطعة يبلغ نحو 93 دولارًا.,True,False
85,2507,99948,"FLAT CHISEL ,20""/50CM ةحطسم ةلتع",إزميل مسطح طول 50 سم من وايلد الأمريكية.,27.0,EA,65.0,1755.0,WILDE,USA,70,متوسط,Wilde Tool (chisel products),https://wildetool.com/product-category/chisels/,مماثل لبند إزميل وايلد الآخر في هذه القائمة من حيث العلامة التجارية والطول، وتم اعتماد نفس السعر التقديري.,True,False
85,2508,144,LIGHTER ماحل ةعلاو,ولاعة (شعلة) لأعمال اللحام.,5.0,EA,20.0,100.0,WILDE,USA,25,منخفض,estimated from category benchmark,https://www.amazon.sa/-/en/b?ie=UTF8&node=16620567031,ولاعة/شعلة للحام أو أعمال المعادن من علامة وايلد.,True,False
85,2532,SW7,WOODEN HANDLE S/D برشخ تاكفم مقط,طقم مفكات ذات مقبض خشبي تقليدي.,3.0,SET,140.0,420.0,WILDE,USA,110,منخفض,استدلال من فئة أطقم المفكات,https://www.amazon.com/,طقم مفكات بمقبض خشبي من وايلد يقدر وفق أسعار أطقم المفكات الاحترافية.,True,False
85,2534,803,RATCHET-5/8X11/16 تيشتار حاتفم,مفتاح تيشتار مزدوج المقاس 5/8×11/16 بوصة.,6.0,EA,85.0,510.0,WILDE,USA,70,متوسط,Wilde Tool ratchet wrenches - Amazon/eBay,https://www.amazon.com/stores/WildeTool/Wrenches/page/F891D68D-EF16-48D9-8E88-37F47BBD4B68,مفتاح تيشتار مزدوج 5/8×11/16 بوصة من وايلد الأمريكية بسعر متوسط للأدوات الصناعية.,True,False
85,2535,804,"RATCHET,3/4X7/8 تيشتار حاتفم",مفتاح تيشتار مزدوج المقاس 3/4×7/8 بوصة.,6.0,EA,85.0,510.0,WILDE,USA,75,متوسط,Wilde Tool ratchet wrenches - Amazon/eBay,https://www.amazon.com/stores/WildeTool/Wrenches/page/F891D68D-EF16-48D9-8E88-37F47BBD4B68,مفتاح تيشتار مزدوج 3/4×7/8 بوصة من وايلد الأمريكية أكبر مقاساً وأعلى سعراً قليلاً.,True,False
85,2645,G262-B/BB,SLIP JOINT PLIER,زردية عامة الاستخدام ذات مفصل منزلق قابل لتغيير فتحة الفك.,10.0,EA,60.0,600.0,WILDE,USA,55,متوسط,estimated from category benchmark (Wilde slip joint pliers),https://wildetool.com/product-category/pliers/,زردية مفصل منزلق (سليب جوينت) من وايلد ضمن نطاق أسعار الزرديات اليدوية القياسية.,True,False
85,2646,S25,S/DRIVER,مفك براغي فردي من علامة وايلد الأمريكية.,7.0,EA,19.0,133.0,WILDE,USA,35,منخفض,تقدير فئوي لمفكات وايلد الفردية,https://wildetool.com/,مفك فردي من علامة Wilde الأمريكية المعروفة بجودتها الصناعية، وهذه المفكات الفردية أغلى قليلاً من المفكات الاقتصادية العامة.,True,False
85,2647,S46,S/DRIVER,مفك براغي فردي من علامة وايلد الأمريكية.,7.0,EA,27.0,189.0,WILDE,USA,35,منخفض,تقدير فئوي لمفكات وايلد الفردية,https://wildetool.com/,مفك فردي من علامة Wilde الأمريكية المعروفة بجودتها الصناعية، وهذه المفكات الفردية أغلى قليلاً من المفكات الاقتصادية العامة.,True,False
85,2648,S85/C,S/DRIVER,مفك براغي فردي من علامة وايلد الأمريكية.,3.0,EA,24.0,72.0,WILDE,USA,35,منخفض,تقدير فئوي لمفكات وايلد الفردية,https://wildetool.com/,مفك فردي من علامة Wilde الأمريكية المعروفة بجودتها الصناعية، وهذه المفكات الفردية أغلى قليلاً من المفكات الاقتصادية العامة.,True,False
85,2649,S86/C,S/DRIVER,مفك براغي فردي من علامة وايلد الأمريكية.,1.0,EA,32.0,32.0,WILDE,USA,35,منخفض,تقدير فئوي لمفكات وايلد الفردية,https://wildetool.com/,مفك فردي من علامة Wilde الأمريكية المعروفة بجودتها الصناعية، وهذه المفكات الفردية أغلى قليلاً من المفكات الاقتصادية العامة.,True,False
85,2650,S104,S/DRIVER,مفك براغي فردي من علامة وايلد الأمريكية.,4.0,EA,25.0,100.0,WILDE,USA,35,منخفض,تقدير فئوي لمفكات وايلد الفردية,https://wildetool.com/,مفك فردي من علامة Wilde الأمريكية المعروفة بجودتها الصناعية، وهذه المفكات الفردية أغلى قليلاً من المفكات الاقتصادية العامة.,True,False
85,2651,S142,S/DRIVER,مفك براغي فردي من علامة وايلد الأمريكية.,10.0,EA,10.0,100.0,WILDE,USA,35,منخفض,تقدير فئوي لمفكات وايلد الفردية,https://wildetool.com/,مفك فردي من علامة Wilde الأمريكية المعروفة بجودتها الصناعية، وهذه المفكات الفردية أغلى قليلاً من المفكات الاقتصادية العامة.,True,False
85,2652,S653/C,S/DRIVER,مفك براغي فردي من علامة وايلد الأمريكية.,1.0,EA,16.0,16.0,WILDE,USA,35,منخفض,تقدير فئوي لمفكات وايلد الفردية,https://wildetool.com/,مفك فردي من علامة Wilde الأمريكية المعروفة بجودتها الصناعية، وهذه المفكات الفردية أغلى قليلاً من المفكات الاقتصادية العامة.,True,False
85,2653,P442/C,S/DRIVER,مفك براغي فردي من علامة وايلد الأمريكية.,1.0,EA,13.0,13.0,WILDE,USA,35,منخفض,تقدير فئوي لمفكات وايلد الفردية,https://wildetool.com/,مفك فردي من علامة Wilde الأمريكية المعروفة بجودتها الصناعية، وهذه المفكات الفردية أغلى قليلاً من المفكات الاقتصادية العامة.,True,False
85,2654,P653/C,S/DRIVER,مفك براغي فردي من علامة وايلد الأمريكية.,4.0,EA,15.0,60.0,WILDE,USA,35,منخفض,تقدير فئوي لمفكات وايلد الفردية,https://wildetool.com/,مفك فردي من علامة Wilde الأمريكية المعروفة بجودتها الصناعية، وهذه المفكات الفردية أغلى قليلاً من المفكات الاقتصادية العامة.,True,False
85,2655,S43,S/DRIVER,مفك براغي فردي من علامة وايلد الأمريكية.,11.0,EA,15.0,165.0,WILDE,USA,35,منخفض,تقدير فئوي لمفكات وايلد الفردية,https://wildetool.com/,مفك فردي من علامة Wilde الأمريكية المعروفة بجودتها الصناعية، وهذه المفكات الفردية أغلى قليلاً من المفكات الاقتصادية العامة.,True,False
85,2656,S44/C,S/DRIVER,مفك براغي فردي من علامة وايلد الأمريكية.,5.0,EA,15.0,75.0,WILDE,USA,35,منخفض,تقدير فئوي لمفكات وايلد الفردية,https://wildetool.com/,مفك فردي من علامة Wilde الأمريكية المعروفة بجودتها الصناعية، وهذه المفكات الفردية أغلى قليلاً من المفكات الاقتصادية العامة.,True,False
85,2657,P220/C,S/DRIVER,مفك براغي فردي من علامة وايلد الأمريكية.,7.0,EA,10.0,70.0,WILDE,USA,35,منخفض,تقدير فئوي لمفكات وايلد الفردية,https://wildetool.com/,مفك فردي من علامة Wilde الأمريكية المعروفة بجودتها الصناعية، وهذه المفكات الفردية أغلى قليلاً من المفكات الاقتصادية العامة.,True,False
85,2658,S22,S/DRIVER,مفك براغي فردي من علامة وايلد الأمريكية.,1.0,EA,10.0,10.0,WILDE,USA,35,منخفض,تقدير فئوي لمفكات وايلد الفردية,https://wildetool.com/,مفك فردي من علامة Wilde الأمريكية المعروفة بجودتها الصناعية، وهذه المفكات الفردية أغلى قليلاً من المفكات الاقتصادية العامة.,True,False
85,2659,P331,S/DRIVER,مفك براغي فردي من علامة وايلد الأمريكية.,13.0,EA,11.0,143.0,WILDE,USA,35,منخفض,تقدير فئوي لمفكات وايلد الفردية,https://wildetool.com/,مفك فردي من علامة Wilde الأمريكية المعروفة بجودتها الصناعية، وهذه المفكات الفردية أغلى قليلاً من المفكات الاقتصادية العامة.,True,False
85,2660,S42,S/DRIVER,مفك براغي فردي من علامة وايلد الأمريكية.,12.0,EA,10.0,120.0,WILDE,USA,35,منخفض,تقدير فئوي لمفكات وايلد الفردية,https://wildetool.com/,مفك فردي من علامة Wilde الأمريكية المعروفة بجودتها الصناعية، وهذه المفكات الفردية أغلى قليلاً من المفكات الاقتصادية العامة.,True,False
85,2661,S14,S/DRIVER,مفك براغي فردي من علامة وايلد الأمريكية.,6.0,EA,11.0,66.0,WILDE,USA,35,منخفض,تقدير فئوي لمفكات وايلد الفردية,https://wildetool.com/,مفك فردي من علامة Wilde الأمريكية المعروفة بجودتها الصناعية، وهذه المفكات الفردية أغلى قليلاً من المفكات الاقتصادية العامة.,True,False
85,2662,S64,S/DRIVER,مفك براغي فردي من علامة وايلد الأمريكية.,9.0,EA,17.0,153.0,WILDE,USA,35,منخفض,تقدير فئوي لمفكات وايلد الفردية,https://wildetool.com/,مفك فردي من علامة Wilde الأمريكية المعروفة بجودتها الصناعية، وهذه المفكات الفردية أغلى قليلاً من المفكات الاقتصادية العامة.,True,False
85,2663,S22,S/DRIVER,مفك براغي فردي من علامة وايلد الأمريكية.,11.0,EA,10.0,110.0,WILDE,USA,35,منخفض,تقدير فئوي لمفكات وايلد الفردية,https://wildetool.com/,مفك فردي من علامة Wilde الأمريكية المعروفة بجودتها الصناعية، وهذه المفكات الفردية أغلى قليلاً من المفكات الاقتصادية العامة.,True,False
85,2664,S83/C,S/DRIVER,مفك براغي فردي من علامة وايلد الأمريكية.,3.0,EA,17.0,51.0,WILDE,USA,35,منخفض,تقدير فئوي لمفكات وايلد الفردية,https://wildetool.com/,مفك فردي من علامة Wilde الأمريكية المعروفة بجودتها الصناعية، وهذه المفكات الفردية أغلى قليلاً من المفكات الاقتصادية العامة.,True,False
85,2665,P653/HT,S/DRIVER,مفك براغي فردي من علامة وايلد الأمريكية.,18.0,EA,75.0,1350.0,WILDE,USA,35,منخفض,تقدير فئوي لمفكات وايلد الفردية,https://wildetool.com/,مفك فردي من علامة Wilde الأمريكية المعروفة بجودتها الصناعية، وهذه المفكات الفردية أغلى قليلاً من المفكات الاقتصادية العامة.,True,False
85,2666,S85/HT,S/DRIVER,مفك براغي فردي من علامة وايلد الأمريكية.,10.0,EA,79.0,790.0,WILDE,USA,35,منخفض,تقدير فئوي لمفكات وايلد الفردية,https://wildetool.com/,مفك فردي من علامة Wilde الأمريكية المعروفة بجودتها الصناعية، وهذه المفكات الفردية أغلى قليلاً من المفكات الاقتصادية العامة.,True,False
85,2667,S126/HT,S/DRIVER,مفك براغي فردي من علامة وايلد الأمريكية.,7.0,EA,100.0,700.0,WILDE,USA,35,منخفض,تقدير فئوي لمفكات وايلد الفردية,https://wildetool.com/,مفك فردي من علامة Wilde الأمريكية المعروفة بجودتها الصناعية، وهذه المفكات الفردية أغلى قليلاً من المفكات الاقتصادية العامة.,True,False
85,2668,S86/HT,S/DRIVER,مفك براغي فردي من علامة وايلد الأمريكية.,19.0,EA,70.0,1330.0,WILDE,USA,35,منخفض,تقدير فئوي لمفكات وايلد الفردية,https://wildetool.com/,مفك فردي من علامة Wilde الأمريكية المعروفة بجودتها الصناعية، وهذه المفكات الفردية أغلى قليلاً من المفكات الاقتصادية العامة.,True,False
85,2669,S85/HT,S/DRIVER,مفك براغي فردي من علامة وايلد الأمريكية.,4.0,EA,80.0,320.0,WILDE,USA,35,منخفض,تقدير فئوي لمفكات وايلد الفردية,https://wildetool.com/,مفك فردي من علامة Wilde الأمريكية المعروفة بجودتها الصناعية، وهذه المفكات الفردية أغلى قليلاً من المفكات الاقتصادية العامة.,True,False
85,2670,SW10,S/DRIVER SET PH.5PCS,طقم مفكات صليبة (فيليبس) مكون من 5 قطع.,6.0,SET,250.0,1500.0,WILDE,USA,140,منخفض,تقدير حسب فئة أطقم المفكات الاحترافية الأمريكية,https://www.wildetool.com,طقم مفكات فيليبس احترافي من علامة أمريكية معروفة بجودة التصنيع، والتقدير مبني على فئة الأسعار المماثلة.,True,False
86,2671,S25,S/DRIVER,مفك براغي فردي من علامة وايلد الأمريكية.,11.0,EA,19.0,209.0,WILDE,USA,35,منخفض,تقدير فئوي لمفكات وايلد الفردية,https://wildetool.com/,مفك فردي من علامة Wilde الأمريكية المعروفة بجودتها الصناعية، وهذه المفكات الفردية أغلى قليلاً من المفكات الاقتصادية العامة.,True,False
86,2672,P331,S/DRIVER,مفك براغي فردي من علامة وايلد الأمريكية.,7.0,EA,11.0,77.0,WILDE,USA,35,منخفض,تقدير فئوي لمفكات وايلد الفردية,https://wildetool.com/,مفك فردي من علامة Wilde الأمريكية المعروفة بجودتها الصناعية، وهذه المفكات الفردية أغلى قليلاً من المفكات الاقتصادية العامة.,True,False
86,2673,S46,S/DRIVER,مفك براغي فردي من علامة وايلد الأمريكية.,11.0,EA,27.0,297.0,WILDE,USA,35,منخفض,تقدير فئوي لمفكات وايلد الفردية,https://wildetool.com/,مفك فردي من علامة Wilde الأمريكية المعروفة بجودتها الصناعية، وهذه المفكات الفردية أغلى قليلاً من المفكات الاقتصادية العامة.,True,False
86,2674,S442/C,S/DRIVER,مفك براغي فردي من علامة وايلد الأمريكية.,10.0,EA,13.0,130.0,WILDE,USA,35,منخفض,تقدير فئوي لمفكات وايلد الفردية,https://wildetool.com/,مفك فردي من علامة Wilde الأمريكية المعروفة بجودتها الصناعية، وهذه المفكات الفردية أغلى قليلاً من المفكات الاقتصادية العامة.,True,False
86,2675,S14,S/DRIVER,مفك براغي فردي من علامة وايلد الأمريكية.,6.0,EA,11.0,66.0,WILDE,USA,35,منخفض,تقدير فئوي لمفكات وايلد الفردية,https://wildetool.com/,مفك فردي من علامة Wilde الأمريكية المعروفة بجودتها الصناعية، وهذه المفكات الفردية أغلى قليلاً من المفكات الاقتصادية العامة.,True,False
86,2676,S83/C,S/DRIVER,مفك براغي فردي من علامة وايلد الأمريكية.,8.0,EA,17.0,136.0,WILDE,USA,35,منخفض,تقدير فئوي لمفكات وايلد الفردية,https://wildetool.com/,مفك فردي من علامة Wilde الأمريكية المعروفة بجودتها الصناعية، وهذه المفكات الفردية أغلى قليلاً من المفكات الاقتصادية العامة.,True,False
86,2678,143,"8"" INSPECTION MIRROR",مرآة فحص تلسكوبية بقطر 8 بوصة لفحص الأماكن الضيقة.,20.0,EA,75.0,1500.0,WILDE,USA,65,منخفض,تقدير حسب فئة مرايا الفحص,https://www.wildetool.com,مرآة فحص تلسكوبية قياسية، والتقدير مبني على أسعار المرايا المماثلة بقطر 8 بوصة.,True,False
86,2679,159A,MAGNETIC TELESCOPIC POCKET PICKUP,أداة مغناطيسية تلسكوبية جيبية لالتقاط الأجزاء المعدنية الصغيرة الساقطة.,10.0,EA,65.0,650.0,WILDE,USA,40,متوسط,estimated from category benchmark (Wilde magnetic pickup tools),https://wildetool.com/shop/,أداة التقاط مغناطيسية تلسكوبية من وايلد ضمن نطاق أسعار أدوات الالتقاط المغناطيسية القياسية.,True,False
86,2304,78050,DIGITAL ANEMOMETER-YELLOWJACKET زاهج ح يرلا ةعسر سايق,جهاز رقمي لقياس سرعة الرياح (أنيمومتر) من ماركة يلو جاكيت.,4.0,EA,750.0,3000.0,YELLOW,USA,280,متوسط,تقدير حسب فئة المنتج (أنيمومترات ريتشي/يلو جاكيت),https://www.noon.com/saudi-en/tools-and-home-improvement/power-and-hand-tools/,أنيمومتر رقمي من ماركة Yellow Jacket المعروفة في أدوات التكييف، وهذه الفئة من الأجهزة تُباع عادة بين 60-90 دولاراً أمريكياً.,True,False
86,2376,77940,VAC OIL PUMP,مضخة تفريغ زيت لأنظمة التكييف من ماركة يلو جاكيت.,4.0,EA,650.0,2600.0,YELLOWJA,UNKNOWN,700,منخفض,تقدير حسب فئة المنتج (مضخات فراغ يلو جاكيت),https://www.noon.com/saudi-en/tools-and-home-improvement/power-and-hand-tools/,نفس الرمز التقريبي لمضخة زيت التفريغ الظاهرة سابقاً تحت ماركة أخرى (فيلدسبيس)، وتتوافق أسعار مضخات التفريغ لأنظمة التكييف من هذه الفئة مع النطاق المذكور.,True,False
86,2609,YOL.75,BRASS HAMMER .ساحن شوكاش75,مطرقة (شاكوش) نحاسية بقطر رأس 75 مم.,14.0,EA,195.0,2730.0,YOL.TW,USA,120,منخفض,تقدير استناداً لفئة المطارق النحاسية,https://www.amazon.com/s?k=brass+hammer+75mm,لا يوجد سعر مباشر للعلامة التجارية؛ التقدير مبني على المطارق النحاسية المماثلة في السوق التي تتراوح بين 25-40 دولاراً.,True,False
86,2610,YOL.50,BRASS HAMMER .50 ساحن شوكاش,مطرقة (شاكوش) نحاسية بقطر رأس 75 مم.,9.0,EA,125.0,1125.0,YOL.TW,USA,120,منخفض,تقدير استناداً لفئة المطارق النحاسية,https://www.amazon.com/s?k=brass+hammer+75mm,لا يوجد سعر مباشر للعلامة التجارية؛ التقدير مبني على المطارق النحاسية المماثلة في السوق التي تتراوح بين 25-40 دولاراً.,True,False
86,2261,945,yost 4.1/4,منجلة (فايس) طاولة معدنية مقاس 4.25 بوصة من ماركة يوست.,3.0,EA,450.0,1350.0,YOST,USA,380,متوسط,Yost Vises official collection page,https://yostvises.com/collections/bench-vises,منجلة (فايس) طاولة من يوست بمقاس قريب من 4.5 بوصة، وموديلات يوست المماثلة تُباع بأسعار تجزئة تتراوح بين 60-115 دولاراً أمريكياً حسب المنفذ.,True,False
86,2262,750,yost 5.1/8,منجلة (فايس) طاولة معدنية مقاس 4.25 بوصة من ماركة يوست.,2.0,EA,650.0,1300.0,YOST,USA,380,متوسط,Yost Vises official collection page,https://yostvises.com/collections/bench-vises,منجلة (فايس) طاولة من يوست بمقاس قريب من 4.5 بوصة، وموديلات يوست المماثلة تُباع بأسعار تجزئة تتراوح بين 60-115 دولاراً أمريكياً حسب المنفذ.,True,False
86,2263,36923,scraper,مكشطة يدوية.,3.0,ea,45.0,135.0,DRAPER,UNKNOWN(=BRAND PLACEHOLDER),20,منخفض,estimated from category benchmark,https://www.amazon.sa/-/en/b?ie=UTF8&node=16620567031,مكشطة يدوية، سعر تقديري لأدوات الورشة اليدوية البسيطة.,True,False
