page,sn,code,descr,qty,uom,uc,tc,brand_clean,coo_clean
1,2603,07516T,"1.5/16""SHORT,12PT,IMPACT ةبح",9.0,EA,85.0,765.0,07516T,USA
1,1,20X22,ring wrench موتخم حاتفم,4.0,EA,25.0,100.0,ACESSA,SPAIN
1,2,08-104,ر 50-75MM O/S تيموركيم,1.0,EA,290.0,290.0,ACHA,SPAIN
1,3,17-244,V.CALIPER 200MM مم200 تريلاك,1.0,EA,60.0,60.0,ACHA,SPAIN
1,4,08-108,ر MICROMETER 100-125MM تيموركيم,4.0,EA,190.0,760.0,ACHA,SPAIN
1,5,08-110,ر MICROMETER 125-150MM تيموركيم,7.0,EA,250.0,1750.0,ACHA,SPAIN
1,6,08-106,ر MICROMETER 75-100MM تيموركيم,6.0,EA,160.0,960.0,ACHA,SPAIN
1,7,12-244,CALIPER 200MM مم200 تريلاك,1.0,EA,180.0,180.0,ACHA,SPAIN
1,2249,ADV.,"DRILL BIT SET,29PC,INCH شنلااب ليرد شير مقط",30.0,SET,550.0,16500.0,ADVANTA,USA
1,2313,CA7024,CABLE TESTER,1.0,EA,2500.0,2500.0,AEMC,USA
1,2209,RVA801,ANEMOMETER حايرلا ةعسر سايق زاهج,3.0,EA,3800.0,11400.0,ALNOR,UK
1,8,12MM,"SDS,DRILL BITسا ىد سا ةشير",15.0,EA,25.0,375.0,ALPEN,AUSTRIA
1,9,16MM,"SDS,DRILL BITسا ىد سا ةشير",30.0,EA,35.0,1050.0,ALPEN,AUSTRIA
1,10,20MM,"SDS,DRILL BITسا ىد سا ةشير",42.0,EA,55.0,2310.0,ALPEN,AUSTRIA
1,11,20MM,"SDS,DRILL BITسا ىد سا ةشير",47.0,EA,55.0,2585.0,ALPEN,AUSTRIA
1,12,6.5MM,"SDS,DRILL BIT-SHORTسا ىد سا ةشير",82.0,EA,15.0,1230.0,ALPEN,AUSTRIA
1,13,16MM,"SDS,DRILL BITسا ىد سا ةشير",46.0,EA,35.0,1610.0,ALPEN,AUSTRIA
1,14,16MM,"SDS,DRILL BITسا ىد سا ةشير",19.0,EA,35.0,665.0,ALPEN,AUSTRIA
1,15,16MM,SDS DRILL BIT-SHORTةترصق سا ىد سا ةشير,3.0,EA,35.0,105.0,ALPEN,AUSTRIA
1,16,20MM,SDS DRILL BIT-Lةليوط سا ىد سا ةشير,13.0,EA,55.0,715.0,ALPEN,AUSTRIA
1,17,7MM,HSS DRILL BIT BOX 10PC,18.0,PKT,80.0,1440.0,ALPEN,AUSTRIA
1,18,5.5MM,HSS DRILL BIT BOX 10PC-62445501 شير مقط,10.0,PKT,60.0,600.0,ALPEN,AUSTRIA
1,19,4.5MM,HSS DRILL BIT-10PC/PKT-62404501 شير مقط,42.0,PKT,5.0,210.0,ALPEN,AUSTRIA
1,20,6MM,HSS DRILL BIT-10PC/PKT-62406001 شير مقط,89.0,PKT,6.0,534.0,ALPEN,AUSTRIA
1,21,6.5MM,HSS DRILL BIT-10PC/PKT-62406501 شير مقط,26.0,PKT,8.0,208.0,ALPEN,AUSTRIA
2,22,15MM,"HSS DRILL BUT,10PC/PKT-62415001 شير مقط",24.0,PKT,20.0,480.0,ALPEN,AUSTRIA
2,23,13MM,HSS DRILL BUT-10PC/PKT-62413001 شير مقط,1.0,PKT,15.0,15.0,ALPEN,AUSTRIA
2,24,18MM,"SDS,DRILL BITسا ىد سا ةشير",48.0,EA,60.0,2880.0,ALPEN,AUSTRIA
2,25,18MM,"SDS,DRILL BITسا ىد سا ةشير",19.0,EA,60.0,1140.0,ALPEN,AUSTRIA
2,26,6.5MM,"SDS,DRILL BITسا ىد سا ةشير",10.0,EA,15.0,150.0,ALPEN,AUSTRIA
2,27,16MM,"SDS,DRILL BITسا ىد سا ةشير",14.0,EA,45.0,630.0,ALPEN,AUSTRIA
2,28,10MM,"SDS,DRILL BITسا ىد سا ةشير",12.0,EA,35.0,420.0,ALPEN,AUSTRIA
2,29,12MM,"SDS,DRILL BITسا ىد سا ةشير",12.0,EA,40.0,480.0,ALPEN,AUSTRIA
2,30,14MM,"SDS,DRILL BITسا ىد سا ةشير",1.0,EA,48.0,48.0,ALPEN,AUSTRIA
2,31,20MM,"SDS,DRILL BITسا ىد سا ةشير",2.0,EA,55.0,110.0,ALPEN,AUSTRIA
2,32,6MM,"SDS,DRILL BITسا ىد سا ةشير",6.0,EA,15.0,90.0,ALPEN,AUSTRIA
2,33,12MM,"SDS,DRILL BITسا ىد سا ةشير",7.0,EA,40.0,280.0,ALPEN,AUSTRIA
2,34,18MM,"SDS,DRILL BITسا ىد سا ةشير",4.0,EA,75.0,300.0,ALPEN,AUSTRIA
2,35,10MM,SDS DRILL BIT-Lةليوط سا ىد سا ةشير,3.0,EA,30.0,90.0,ALPEN,AUSTRIA
2,36,10MM,SDS DRILL BIT-MEDIUMسا ىد سا ةشير,3.0,EA,30.0,90.0,ALPEN,AUSTRIA
2,37,10MM,SDS DRILL BIT-SHORTةترصق سا ىد سا ةشير,3.0,EA,33.0,99.0,ALPEN,AUSTRIA
2,38,"7/32""",HSS 10PC/PKT-ديدح شير تكب13164,11.0,PKT,10.0,110.0,ALPEN,AUSTRIA
2,39,5MM,HSS 10PC/PKT-ديدح شير تكب62405001,70.0,PKT,8.0,560.0,ALPEN,AUSTRIA
2,40,18MM,"SDS,DRILL BITسا ىد سا ةشير",12.0,EA,65.0,780.0,ALPEN,AUSTRIA
2,41,6MM,"SDS,DRILL BITسا ىد سا ةشير",39.0,EA,13.0,507.0,ALPEN,AUSTRIA
2,42,7MM,"SDS,DRILL BITسا ىد سا ةشير",1.0,EA,13.0,13.0,ALPEN,AUSTRIA
2,43,4MM,"SDS,DRILL BITسا ىد سا ةشير",1.0,EA,12.0,12.0,ALPEN,AUSTRIA
2,44,3.5MM,"SDS,DRILL BITسا ىد سا ةشير",0.0,PKT,5.0,0.0,ALPEN,AUSTRIA
2,45,18MM,"SDS,DRILL BITسا ىد سا ةشير",67.0,EA,65.0,4355.0,ALPEN,AUSTRIA
2,46,12MM,"SDS,DRILL BITسا ىد سا ةشير",29.0,EA,40.0,1160.0,ALPEN,AUSTRIA
2,47,8MM,SDS 83708001/250MM/L سا ىد سا ةشير,28.0,EA,18.0,504.0,ALPEN,AUSTRIA
2,48,8MM,SDS 160MM/Lسا ىد سا ةشير,23.0,EA,12.0,276.0,ALPEN,AUSTRIA
2,49,10MM,SDS 310MM/L سا ىد سا ةشير84710001,77.0,EA,12.0,924.0,ALPEN,AUSTRIA
2,50,10MM,SDS 260MM/L سا ىد سا ةشير82710001,4.0,EA,12.0,48.0,ALPEN,AUSTRIA
2,51,6MM,SDS DRILL BIT سا ىد سا ةشير83706001,69.0,EA,9.0,621.0,ALPEN,AUSTRIA
2,52,13MM,SDS DRILL BIT 83713001 سا ىد سا ةشير,52.0,EA,43.0,2236.0,ALPEN,AUSTRIA
3,53,20MM,SDS DRILL BIT سا ىد سا ةشير,27.0,EA,75.0,2025.0,ALPEN,AUSTRIA
3,54,4MM,SDS DRILL BIT 83704001 سا ىد سا ةشير,20.0,EA,8.0,160.0,ALPEN,AUSTRIA
3,55,16MM,SDS DRILL BIT 83716001 سا ىد سا ةشير,51.0,EA,55.0,2805.0,ALPEN,AUSTRIA
3,56,16MM,"SDS DRILL BIT,SHORT سا ىد سا ةشير",14.0,EA,55.0,770.0,ALPEN,AUSTRIA
3,57,10MM,"SDS DRILL BIT,LONG 260MMسا ىد سا ةشير",93.0,EA,30.0,2790.0,ALPEN,AUSTRIA
3,58,10MM,SDS DRILL BIT..LONG 260MMسا ىد سا ةشير,25.0,EA,30.0,750.0,ALPEN,AUSTRIA
3,59,12MM,SDS DRILL BIT 60MM/Lسا ىد سا ةشير,23.0,EA,35.0,805.0,ALPEN,AUSTRIA
3,60,10MM,"SDS DRILL BIT,SHORTسا ىد سا ةشير",25.0,EA,33.0,825.0,ALPEN,AUSTRIA
3,61,20MM,"SDS,DRILL BITسا ىد سا ةشير",46.0,EA,75.0,3450.0,ALPEN,AUSTRIA
3,62,18MM,"SDS,DRILL BITسا ىد سا ةشير",55.0,EA,65.0,3575.0,ALPEN,AUSTRIA
3,63,16MM,"SDS,DRILL BITسا ىد سا ةشير",5.0,EA,55.0,275.0,ALPEN,AUSTRIA
3,64,16MM,"SDS,DRILL BITسا ىد سا ةشير",3.0,EA,55.0,165.0,ALPEN,AUSTRIA
3,65,16MM,"SDS,DRILL BITسا ىد سا ةشير",6.0,EA,55.0,330.0,ALPEN,AUSTRIA
3,66,7MM,"SDS,DRILL BITسا ىد سا ةشير",37.0,EA,12.0,444.0,ALPEN,AUSTRIA
3,67,2MM,HSS ديدج ةشير62402001,21.0,PKT,2.0,42.0,ALPEN,AUSTRIA
3,68,2.5MM,HSS ديدح ةشير62402501,21.0,PKT,2.0,42.0,ALPEN,AUSTRIA
3,69,3.5MM,HSS ديدح ةشير62403501,26760.0,EA,2.0,53520.0,ALPEN,AUSTRIA
3,70,"3/16""",HSS ديدح ةشير,4.0,PKT,2.0,8.0,ALPEN,AUSTRIA
3,71,14MM,SDS سا ىد سا ةشير83714001,73.0,EA,40.0,2920.0,ALPEN,AUSTRIA
3,72,10MM,"SDS,DRILL BITسا ىد سا ةشير",22.0,EA,33.0,726.0,ALPEN,AUSTRIA
3,73,10MM,SDS سا ىد سا ةشير82710001,39.0,EA,33.0,1287.0,ALPEN,AUSTRIA
3,74,10MM,"SDS,DRILL BITسا ىد سا ةشير",40.0,EA,33.0,1320.0,ALPEN,AUSTRIA
3,75,16MM,SDS سا ىد سا ةشير81716001,33.0,EA,55.0,1815.0,ALPEN,AUSTRIA
3,76,5MM,"SDS,DRILL BITسا ىد سا ةشير",105.0,EA,8.0,840.0,ALPEN,AUSTRIA
3,77,7.5MM,HSS ديدح شير تكب62407501,17.0,PKT,8.0,136.0,ALPEN,AUSTRIA
3,78,8.5MM,HSS ديدح شير تكب62408001,9.0,PKT,9.0,81.0,ALPEN,AUSTRIA
3,79,4MM,"HSS,10PC/PKTديدح شير تكاب",12.0,PKT,3.0,36.0,ALPEN,AUSTRIA
3,80,6.5MM,"HSS,10PC/PKTديدح شير تكاب",13.0,PKT,4.0,52.0,ALPEN,AUSTRIA
3,81,5.5MM,"HSS,10PC/PKTديدح شير تكاب",2.0,PKT,3.0,6.0,ALPEN,AUSTRIA
3,82,4MM,"HSS,10PC/PKTديدح شير تكاب",1.0,PKT,2.0,2.0,ALPEN,AUSTRIA
3,83,12MM,SDS 260MM/L 82710001 سا ىد سا ةشير,19.0,EA,20.0,380.0,ALPEN,AUSTRIA
3,84,14MM,"SDS,DRILL BITسا ىد سا ةشير",27.0,EA,45.0,1215.0,ALPEN,AUSTRIA
3,85,10MM,"SDS,DRILL BITسا ىد سا ةشير",4.0,EA,33.0,132.0,ALPEN,AUSTRIA
4,86,4MM,"SDS,DRILL BITسا ىد سا ةشير",1.0,EA,8.0,8.0,ALPEN,AUSTRIA
4,87,5MM,"SDS,DRILL BITسا ىد سا ةشير",1.0,EA,8.0,8.0,ALPEN,AUSTRIA
4,88,18MM,"SDS,DRILL BITسا ىد سا ةشير",3.0,EA,65.0,195.0,ALPEN,AUSTRIA
4,89,20MM,"SDS,DRILL BITسا ىد سا ةشير",1.0,EA,75.0,75.0,ALPEN,AUSTRIA
4,90,7MM,"SDS,DRILL BITسا ىد سا ةشير",1.0,EA,12.0,12.0,ALPEN,AUSTRIA
4,91,3.5MM,HSS62403501. ديدح ةشر,0.0,PKT,3.0,0.0,ALPEN,AUSTRIA
4,92,3.5MM,HSS62403501. ديدح ةشر,0.0,PKT,3.0,0.0,ALPEN,AUSTRIA
4,93,4MM,HSSديدح ةشر,14.0,PKT,3.0,42.0,ALPEN,AUSTRIA
4,94,"5/8""",HSS PKT 3PC-ديدح شر تكب62415871,31.0,PKT,25.0,775.0,ALPEN,AUSTRIA
4,95,12MM,"SDS,SHORTسا ىد سا ةشير",8.0,EA,40.0,320.0,ALPEN,AUSTRIA
4,96,16MM,82716001 سا ىد سا ةشير,7.0,EA,55.0,385.0,ALPEN,AUSTRIA
4,97,14MM,SDSسا ىد سا ةشير,7.0,EA,45.0,315.0,ALPEN,AUSTRIA
4,98,5MM,SDS سا ىد سا ةشير80705001,12.0,EA,15.0,180.0,ALPEN,AUSTRIA
4,99,5MM,SDS سا ىد سا ةشير80705001,1.0,EA,15.0,15.0,ALPEN,AUSTRIA
4,100,6MM,SDS سا ىد سا ةشير80706001,1.0,EA,15.0,15.0,ALPEN,AUSTRIA
4,101,4MM,SDS سا ىد سا ةشير80704001,1.0,EA,12.0,12.0,ALPEN,AUSTRIA
4,2308,ADF-200,"AC/DC,OHM,AMP,CONTINUITY",1.0,EA,180.0,180.0,AMPROBE,USA
4,2399,THWD-5,HUMIDITY/TEMP. ةرارحو ةبوطر زاهج,2.0,EA,795.0,1590.0,AMPROBE,USA
4,2402,TH-1,HUMIDITY/TEMP.,4.0,EA,650.0,2600.0,AMPROBE,USA
4,2265,220,pro200k-aramada,5.0,EA,495.0,2475.0,ARMADA,USA
4,2622,PRO220K,TONE/FENERATOR/PROBE KIT كلاسا فشاك فتاوه,5.0,EA,400.0,2000.0,ARMADA,USA
4,2530,2-PCS,DIESEL GUN لزيد سدسم,6.0,EA,40.0,240.0,AVITE,USA
4,2400,710,"TYPE K,DUAL INPUT,THERMOMETER ةرارح زاهج",2.0,EA,650.0,1300.0,B/K,USA
4,2638,262,TONE/FENERATOR/PROBE KIT كلاسا فشاك فتاوه,2.0,EA,345.0,690.0,B/K,USA
4,102,99915,BESEY F-CRAPM-100MM,9.0,,30.0,270.0,BESEY,GERMANY
4,103,10X11,RING WRENCH موتخم حاتفم,5.0,EA,16.0,80.0,BODM.,GERMANY
4,104,99941,"O/E WRENCH 12[CS,MM ىدلب مقط",3.0,SET,245.0,735.0,BODMAN,GERMANY
4,105,14X15,O/E WRENCH ىدلب حاتفم,10.0,EA,18.0,180.0,BODMAN,GERMANY
4,106,10X11,O/E WRENCH ىدلب حاتفم,10.0,EA,16.0,160.0,BODMAN,GERMANY
4,107,20X22,O/E WRENCH ىدلب حاتفم,11.0,EA,35.0,385.0,BODMAN,GERMANY
5,108,6X7,O/E WRENCH ىدلب حاتفم,12.0,EA,12.0,144.0,BODMAN,GERMANY
5,109,12X13,O/E WRENCH ىدلب حاتفم,10.0,EA,17.0,170.0,BODMAN,GERMANY
5,110,8X9,O/E WRENCH ىدلب حاتفم,12.0,EA,16.0,192.0,BODMAN,GERMANY
5,111,12MM,ر COMB.WRENCH كتشم حاتفم,35.0,EA,16.0,560.0,BODMAN,GERMANY
5,2280,80751,"B-80751 O/E,INCHمقط حوتفم حاتفم",6.0,EA,800.0,4800.0,BONNEY,USA
5,2536,"25/32""",O/E WRENCH ىدلب حاتفم,2.0,EA,35.0,70.0,BONNEY,USA
5,2537,I-5224L,"3/4DR,IMPACT,3/4 SIZE,6PT,LONG ءادوس ةبح ةليوط",8.0,EA,55.0,440.0,BONNEY,USA
5,2540,1.1/16L,"3/4DR,IMPACT,1.1/16 SIZE,6PT,LONG ءادوس ةبح ةليوط",4.0,EA,110.0,440.0,BONNEY,USA
5,2561,"1""L","3/4DR,IMPACT,6PT,1""SIZE ءادوس ةبح",11.0,EA,75.0,825.0,BONNEY,USA
5,2570,"25/32""",ر COMB.WR.كتشم حاتفم,21.0,EA,26.0,546.0,BONNEY,USA
5,2571,"3/4X13/16""",ring wrench موتخم حاتفم,8.0,EA,45.0,360.0,BONNEY,USA
5,2677,"13/16""","skt-12pt,1/2dr",11.0,EA,35.0,385.0,BONNEY,USA
5,2244,GPL4,"100ft,3m داعبلاا باسح زاهج",1.0,ea,1200.0,1200.0,BOSCH,USA
5,2246,GPL3,"100F,30M,2PT,LASER داعبلاا سايق زاهج",1.0,EA,450.0,450.0,BOSCH,USA
5,2247,GPLI5,"100F,30M,2PT,LASER داعبلاا سايق زاهج",1.0,ea,1350.0,1350.0,BOSCH,USA
5,2248,GPL3T,"ر TORPEDO,3PT ناترم",2.0,ea,530.0,1060.0,BOSCH,USA
5,2644,X387099E,SAFETY BELT,1.0,EA,1350.0,1350.0,BOUKINHAM,USA
5,112,60/0,SEPERATOR,2.0,PC,0.0,0.0,BUCO,GERMANY
5,113,10/3A,"3LEG,PULLER لجر 3 ةنيجرز",1.0,EA,1400.0,1400.0,BUCO,GERMANY
5,114,23/5,"3LEG,PULLER,20INCH لجر 3 ةنيجرز",3.0,EA,550.0,1650.0,BUCO,GERMANY
5,115,22/6,"2LEG,PULLER 26INCHلجر 2 ةنيجرز",3.0,EA,690.0,2070.0,BUCO,GERMANY
5,116,22/4,"2LEG,PULLER,16INCHلجر2 ةنيجرز",2.0,EA,495.0,990.0,BUCO,GERMANY
5,117,22/5,"2LEG,PULLER 20INCHلجر2 ةنيجرز",3.0,EA,550.0,1650.0,BUCO,GERMANY
5,2519,MAXT II,GAS DETECTOR نويرفلا فشاك,1.0,EA,3200.0,3200.0,BW,USA
5,2520,MICROCLIP X,LGAS DETECTOR نويرفلا فشاك,1.0,EA,2300.0,2300.0,BW,USA
6,118,99942,"100-125MM,O/S MICROMETER",3.0,EA,450.0,1350.0,CARL,GERMANY
6,119,99916,DIAL CALIPER,5.0,EA,190.0,950.0,CARL,GERMANY
6,123,99900,cal.bent nose ةفوكعم ةدارز,16.0,,55.0,880.0,CARL.,GERMANY
6,124,"1.1/4X1.3/8""",O/E WRENCH ىدلب حاتفم,1.0,EA,210.0,210.0,CARL.S,GERMANY
6,125,1.1/2X1.5/16,"""O/E WRENCH ىدلب حاتقم",1.0,EA,210.0,210.0,CARL.S,GERMANY
6,126,"13/16X7/8""",O/E WRENCHىدلب حاتفم,5.0,EA,35.0,175.0,CARL.S,GERMANY
6,127,"1X15/16""",ر COMB.WRENCH كتشم حاتفم,35.0,EA,32.0,1120.0,CARL.S,GERMANY
6,129,CARL.,"RATCHET,1/4DR كيتامتا دي",58.0,EA,30.0,1740.0,CARL.SH.,GERMANY
6,2512,67034,POSITEST-FM ةيوبلا ةكامس زاهج,1.0,EA,1595.0,1595.0,CHECKLIN,USA
6,2513,66142,POSITET -FM ةيوبلا ةكامس ساهج,1.0,EA,1595.0,1595.0,CHECKLIN,USA
6,2514,PT-F,POSITEST-F-66879 ةيوبلا ةكامس زاهج,1.0,EA,1595.0,1595.0,CHECKLIN,USA
6,2515,PT-FM,POSITEST-FM-66879 ةيوبلا ةكامس زاهج,1.0,EA,1595.0,1595.0,CHECKLIN,USA
6,2516,41398,PAINTCHECK ةيوبلا ةكامس زاهج,1.0,EA,2300.0,2300.0,CHECKLIN,USA
6,2517,41397,PAINTCHECK ةيوبلا ةكامس زاهج,1.0,EA,2528.0,2528.0,CHECKLIN,USA
6,2518,41395,PAINTCHECK ةيوبلا ةكامس زاهج,1.0,EA,2528.0,2528.0,CHECKLIN,USA
6,130,1.5T,"CHAIN BLOCK,2.5M عفر شنو",7.0,EA,415.0,2905.0,CITY,JAPAN
6,131,1T,"CHAIN BLOCK,2.5M عفر شنو",20.0,EA,350.0,7000.0,CITY,JAPAN
6,132,.5T,"CHAIN BLOCK,2.5M عفر شنو",13.0,EA,320.0,4160.0,CITY,JAPAN
6,133,3T,"CHAIN BLOCK,3M عفر شنو",9.0,EA,660.0,5940.0,CITY,JAPAN
6,134,5T,"CHAIN BLOCK,3M عفر شنو",4.0,EA,1100.0,4400.0,CITY,JAPAN
6,135,10T,"CHAIN BLOCK,3M عفر شنو",2.0,EA,4370.0,8740.0,CITY,JAPAN
6,136,IW-1101,"IMPACT WRENCH 1""ءاوهلا لىع حاتقم",3.0,EA,1800.0,5400.0,CITY,JAPAN
6,137,IW-1202S,"IMPACT WRENCH 1/2"" ءاوهلا لىع جاتفم",2.0,EA,550.0,1100.0,CITY,JAPAN
6,139,L10154,BACKSAW,48.0,EA,40.0,1920.0,COCACO,GERMANY
6,142,L10154,BACK SAW راشنم,50.0,,26.0,1300.0,COCACO,GERMANY
6,143,99913,16 INCH WOOD SAW بشخ راشنم,29.0,,30.0,870.0,COCACO,GERMANY
7,144,99914,18 INCH WOOD SAW بشخ راشنم,13.0,,22.0,286.0,COCACO,GERMANY
7,145,X-2480,"3/8DR,INCH",16.0,SET,395.0,6320.0,COCACO,GERMANY
7,146,X-1410,"1/4DR,MM-4-14MM",7.0,SET,390.0,2730.0,COCACO,GERMANY
7,147,400A,EARTH CLAMP 500A,31.0,EA,35.0,1085.0,COCACO,GERMANY
7,148,250A,EARTH CLAMP 250A,37.0,EA,30.0,1110.0,COCACO,GERMANY
7,149,300A,HOLDER,6.0,EA,30.0,180.0,COCACO,GERMANY
7,150,150A,HOLDER,19.0,EA,30.0,570.0,COCACO,GERMANY
7,151,150A,EARTH CLAMP 150A,42.0,EA,30.0,1260.0,COCACO,GERMANY
7,152,150A,EARTH CLAMP,57.0,EA,30.0,1710.0,COCACO,GERMANY
7,153,18660016,SPARK PLUG,37.0,EA,40.0,1480.0,COCACO,GERMANY
7,154,18660021,SPARK PLUG,37.0,EA,40.0,1480.0,COCACO,GERMANY
7,155,19301 0035,"PLASTIC HAMMEER-YELLOW,35MM",51.0,EA,35.0,1785.0,COCACO,GERMANY
7,156,19301 0022,"PLASTIC HAMMEER-YELLOW,22MM",28.0,EA,25.0,700.0,COCACO,GERMANY
7,157,L11803 0010,"10MM,CHUCK+KEY حاتفم عم فرظ",4.0,EA,18.0,72.0,COCACO,GERMANY
7,158,L11803 0016,"16MM,CHUCK مم16 ليرد فرظ",8.0,EA,35.0,280.0,COCACO,GERMANY
7,159,L11803 0010,CHUCK 10MM مم10 ليرد فرظ,14.0,EA,18.0,252.0,COCACO,GERMANY
7,160,L11803 0013,"13MM,CHUCK مم13 ليد فرظ",24.0,EA,25.0,600.0,COCACO,GERMANY
7,161,COCACO,NEST WOOD SAW راشنم مقط,5.0,SET,35.0,175.0,COCACO,GERMANY
7,162,09-400,ر CHISEL /PUNCH SET تلاترش مقط,31.0,SET,70.0,2170.0,COCACO,GERMANY
7,163,100W,SOLDERING IRON 100W-WOOD HANDLEةيواك,3.0,EA,80.0,240.0,COCACO,GERMANY
7,164,40W,SOLDERING IRON 40W-WOOD HANDLEةيواك,9.0,EA,70.0,630.0,COCACO,GERMANY
7,165,200W,SOLDERING IRON 200W-WOOD HANDLE ةيواك,4.0,EA,110.0,440.0,COCACO,GERMANY
7,166,150W,SOLDERING IRON 150W-WOOD HANDLEةيواك,11.0,EA,96.0,1056.0,COCACO,GERMANY
7,170,17052.221,SEAL PULLER فوص ةنيجرز,12.0,EA,390.0,4680.0,COCACO,GERMANY
7,171,15063 2100,ر 100Mسايق طيسر,6.0,EA,390.0,2340.0,COCACO,GERMANY
7,172,15051 2050,ر 20Mسايق طيسر,10.0,EA,125.0,1250.0,COCACO,GERMANY
7,173,15053 2050,ر 50Mسايق طيسر,31.0,EA,170.0,5270.0,COCACO,GERMANY
7,174,15051 2030,ر 30Mسايق طيسر,11.0,EA,110.0,1210.0,COCACO,GERMANY
7,175,15051 2050,ر 20Mسايق طيسر,13.0,EA,125.0,1625.0,COCACO,GERMANY
7,176,15051 2050,ر 20M سايق طيسر,5.0,EA,125.0,625.0,COCACO,GERMANY
8,177,15078 2100,ر 100M-IBM سايق طيسر,12.0,EA,380.0,4560.0,COCACO,GERMANY
8,178,15051 1030,ر 30M سايق طيسر,11.0,EA,95.0,1045.0,COCACO,GERMANY
8,179,15051 2050,ر 20M سايق طيسر,12.0,EA,125.0,1500.0,COCACO,GERMANY
8,180,14627 0015,SCRAPER 3SQ ةثلثم ةطشقم,12.0,EA,55.0,660.0,COCACO,GERMANY
8,181,14626 0015,CURVED SCRAPER ةرعقم ةطشقم,11.0,EA,55.0,605.0,COCACO,GERMANY
8,182,14627 0300,SCRAPER 3SQ ةثلثم ةطشقم,40.0,EA,65.0,2600.0,COCACO,GERMANY
8,185,9MM,HOLLOW PUNCH تكساك شيوخت كبنس,130.0,EA,15.0,1950.0,COCACO,GERMANY
8,186,42MM,HOLLOW PUNCH تكساك شيوخت كبنس,26.0,EA,135.0,3510.0,COCACO,GERMANY
8,187,40MM,HOLLOW PUNCH تكساك شيوخت كبنس,18.0,EA,135.0,2430.0,COCACO,GERMANY
8,188,38MM,HOLLOW PUNCH تكساك شيوخت كبنس,20.0,EA,120.0,2400.0,COCACO,GERMANY
8,189,44MM,HOLLOW PUNCH تكساك شيوخت كبنس,16.0,EA,155.0,2480.0,COCACO,GERMANY
8,190,43MM,HOLLOW PUNCH تكساك شيوخت كبنس,10.0,EA,145.0,1450.0,COCACO,GERMANY
8,191,50MM,HOLLOW PUNCH تكساك شيوخت كبنس,5.0,EA,220.0,1100.0,COCACO,GERMANY
8,192,12MM,HOLLOW PUNCH تكساك شيوخت كبنس,100.0,EA,20.0,2000.0,COCACO,GERMANY
8,193,13MM,HOLLOW PUNCH تكساك شيوخت كبنس,80.0,EA,20.0,1600.0,COCACO,GERMANY
8,194,11MM,HOLLOW PUNCH تكساك شيوخت كبنس,30.0,EA,18.0,540.0,COCACO,GERMANY
8,195,8MM,HOLLOW PUNCH تكساك شيوخت كبنس,30.0,EA,15.0,450.0,COCACO,GERMANY
8,196,7MM,HOLLOW PUNCH تكساك شيوخت كبنس,30.0,EA,15.0,450.0,COCACO,GERMANY
8,197,10MM,HOLLOW PUNCH تكساك شيوخت كبنس,70.0,EA,15.0,1050.0,COCACO,GERMANY
8,198,14MM,HOLLOW PUNCH تكساك شيوخت كبنس,1.0,EA,20.0,20.0,COCACO,GERMANY
8,199,45MM,HOLLOW PUNCH تكساك شيوخت كبنس,7.0,EA,160.0,1120.0,COCACO,GERMANY
8,200,17MM,HOLLOW PUNCH تكساك شيوخت كبنس,4.0,EA,23.0,92.0,COCACO,GERMANY
8,201,37MM,HOLLOW PUNCH تكساك شيوخت كبنس,2.0,EA,110.0,220.0,COCACO,GERMANY
8,202,48MM,HOLLOW PUNCH تكساك شيوخت كبنس,6.0,EA,185.0,1110.0,COCACO,GERMANY
8,203,49MM,HOLLOW PUNCH تكساك شيوخت كبنس,2.0,EA,210.0,420.0,COCACO,GERMANY
8,204,9MM,HOLLOW PUNCH تكساك شيوخت كبنس,30.0,EA,15.0,450.0,COCACO,GERMANY
8,205,47MM,HOLLOW PUNCH تكساك شيوخت كبنس,31.0,EA,180.0,5580.0,COCACO,GERMANY
8,206,15MM,HOLLOW PUNCH تكساك شيوخت كبنس,50.0,EA,20.0,1000.0,COCACO,GERMANY
8,207,16MM,HOLLOW PUNCH تكساك شيوخت كبنس,50.0,EA,21.0,1050.0,COCACO,GERMANY
8,208,13MM,HOLLOW PUNCH تكساك شيوخت كبنس,20.0,EA,16.0,320.0,COCACO,GERMANY
8,209,29MM,HOLLOW PUNCH تكساك شيوخت كبنس,30.0,EA,75.0,2250.0,COCACO,GERMANY
9,210,44MM,HOLLOW PUNCH تكساك شيوخت كبنس,22.0,EA,155.0,3410.0,COCACO,GERMANY
9,211,40MM,HOLLOW PUNCH تكساك شيوخت كبنس,2.0,EA,135.0,270.0,COCACO,GERMANY
9,212,46MM,HOLLOW PUNCH تكساك شيوخت كبنس,4.0,EA,170.0,680.0,COCACO,GERMANY
9,213,47MM,HOLLOW PUNCH تكساك شيوخت كبنس,54.0,EA,185.0,9990.0,COCACO,GERMANY
9,214,47MM,HOLLOW PUNCH تكساك شيوخت كبنس,1.0,EA,185.0,185.0,COCACO,GERMANY
9,215,39MM,HOLLOW PUNCH تكساك شيوخت كبنس,1.0,EA,125.0,125.0,COCACO,GERMANY
9,216,42MM,HOLLOW PUNCH تكساك شيوخت كبنس,2.0,EA,135.0,270.0,COCACO,GERMANY
9,217,29MM,HOLLOW PUNCH تكساك شيوخت كبنس,10.0,EA,75.0,750.0,COCACO,GERMANY
9,218,50MM,HOLLOW PUNCH تكساك شيوخت كبنس,13.0,EA,220.0,2860.0,COCACO,GERMANY
9,219,48MM,HOLLOW PUNCH تكساك شيوخت كبنس,24.0,EA,210.0,5040.0,COCACO,GERMANY
9,220,49MM,HOLLOW PUNCH تكساك شيوخت كبنس,2.0,EA,210.0,420.0,COCACO,GERMANY
9,221,50MM,HOLLOW PUNCH تكساك شيوخت كبنس,1.0,EA,220.0,220.0,COCACO,GERMANY
9,222,47MM,HOLLOW PUNCH تكساك شيوخت كبنس,3.0,EA,185.0,555.0,COCACO,GERMANY
9,223,45MM,HOLLOW PUNCH تكساك شيوخت كبنس,16.0,EA,160.0,2560.0,COCACO,GERMANY
9,224,44MM,HOLLOW PUNCH تكساك شيوخت كبنس,5.0,EA,155.0,775.0,COCACO,GERMANY
9,225,41MM,HOLLOW PUNCH تكساك شيوخت كبنس,1.0,EA,138.0,138.0,COCACO,GERMANY
9,226,6MM,HOLLOW PUNCH تكساك شيوخت كبنس,80.0,EA,12.0,960.0,COCACO,GERMANY
9,227,7MM,HOLLOW PUNCH تكساك شيوخت كبنس,10.0,EA,12.0,120.0,COCACO,GERMANY
9,228,9MM,HOLLOW PUNCH تكساك شيوخت كبنس,10.0,EA,15.0,150.0,COCACO,GERMANY
9,229,15MM,HOLLOW PUNCH تكساك شيوخت كبنس,2.0,EA,22.0,44.0,COCACO,GERMANY
9,230,36MM,HOLLOW PUNCH تكساك شيوخت كبنس,2.0,EA,105.0,210.0,COCACO,GERMANY
9,231,32MM,HOLLOW PUNCH تكساك شيوخت كبنس,4.0,EA,82.0,328.0,COCACO,GERMANY
9,232,39MM,HOLLOW PUNCH تكساك شيوخت كبنس,3.0,EA,125.0,375.0,COCACO,GERMANY
9,233,45MM,HOLLOW PUNCH تكساك شيوخت كبنس,2.0,EA,160.0,320.0,COCACO,GERMANY
9,234,6MM,HOLLOW PUNCH تكساك شيوخت كبنس,10.0,EA,14.0,140.0,COCACO,GERMANY
9,235,3MM,HOLLOW PUNCH تكساك شيوخت كبنس,50.0,EA,14.0,700.0,COCACO,GERMANY
9,236,4MM,HOLLOW PUNCH تكساك شيوخت كبنس,20.0,EA,14.0,280.0,COCACO,GERMANY
9,237,10MM,HOLLOW PUNCH تكساك شيوخت كبنس,40.0,EA,16.0,640.0,COCACO,GERMANY
9,238,46MM,HOLLOW PUNCH تكساك شيوخت كبنس,2.0,EA,170.0,340.0,COCACO,GERMANY
9,239,47MM,HOLLOW PUNCH تكساك شيوخت كبنس,11.0,EA,185.0,2035.0,COCACO,GERMANY
9,240,43MM,HOLLOW PUNCH تكساك شيوخت كبنس,20.0,EA,140.0,2800.0,COCACO,GERMANY
9,241,46MM,HOLLOW PUNCH تكساك شيوخت كبنس,20.0,EA,170.0,3400.0,COCACO,GERMANY
9,242,43MM,HOLLOW PUNCH تكساك شيوخت كبنس,20.0,EA,140.0,2800.0,COCACO,GERMANY
10,243,49MM,HOLLOW PUNCH تكساك شيوخت كبنس,3.0,EA,185.0,555.0,COCACO,GERMANY
10,244,41MM,HOLLOW PUNCH تكساك شيوخت كبنس,8.0,EA,135.0,1080.0,COCACO,GERMANY
10,245,39MM,HOLLOW PUNCH تكساك شيوخت كبنس,1.0,EA,125.0,125.0,COCACO,GERMANY
10,246,44MM,HOLLOW PUNCH تكساك شيوخت كبنس,4.0,EA,155.0,620.0,COCACO,GERMANY
10,247,45MM,HOLLOW PUNCH تكساك شيوخت كبنس,4.0,EA,160.0,640.0,COCACO,GERMANY
10,248,39MM,HOLLOW PUNCH تكساك شيوخت كبنس,19.0,EA,125.0,2375.0,COCACO,GERMANY
10,249,17MM,HOLLOW PUNCH تكساك شيوخت كبنس,27.0,EA,22.0,594.0,COCACO,GERMANY
10,250,11MM,HOLLOW PUNCH تكساك شيوخت كبنس,8.0,EA,16.0,128.0,COCACO,GERMANY
10,251,40MM,HOLLOW PUNCH تكساك شيوخت كبنس,14.0,EA,135.0,1890.0,COCACO,GERMANY
10,252,37MM,HOLLOW PUNCH تكساك شيوخت كبنس,1.0,EA,110.0,110.0,COCACO,GERMANY
10,253,21MM,HOLLOW PUNCH تكساك شيوخت كبنس,3.0,EA,40.0,120.0,COCACO,GERMANY
10,254,15MM,HOLLOW PUNCH تكساك شيوخت كبنس,24.0,EA,21.0,504.0,COCACO,GERMANY
10,255,46MM,HOLLOW PUNCH تكساك شيوخت كبنس,14.0,EA,170.0,2380.0,COCACO,GERMANY
10,256,44MM,HOLLOW PUNCH تكساك شيوخت كبنس,21.0,EA,155.0,3255.0,COCACO,GERMANY
10,257,29MM,HOLLOW PUNCH تكساك شيوخت كبنس,8.0,EA,75.0,600.0,COCACO,GERMANY
10,258,23MM,HOLLOW PUNCH تكساك شيوخت كبنس,1.0,EA,46.0,46.0,COCACO,GERMANY
10,259,29MM,HOLLOW PUNCH تكساك شيوخت كبنس,1.0,EA,75.0,75.0,COCACO,GERMANY
10,260,37MM,HOLLOW PUNCH تكساك شيوخت كبنس,11.0,EA,110.0,1210.0,COCACO,GERMANY
10,261,31MM,HOLLOW PUNCH تكساك شيوخت كبنس,20.0,EA,80.0,1600.0,COCACO,GERMANY
10,262,23MM,HOLLOW PUNCH تكساك شيوخت كبنس,25.0,EA,46.0,1150.0,COCACO,GERMANY
10,263,18MM,HOLLOW PUNCH تكساك شيوخت كبنس,50.0,EA,35.0,1750.0,COCACO,GERMANY
10,264,39MM,HOLLOW PUNCH تكساك شيوخت كبنس,1.0,EA,125.0,125.0,COCACO,GERMANY
10,265,13MM,HOLLOW PUNCH تكساك شيوخت كبنس,16.0,EA,22.0,352.0,COCACO,GERMANY
10,266,10MM,HOLLOW PUNCH تكساك شيوخت كبنس,11.0,EA,20.0,220.0,COCACO,GERMANY
10,267,19MM,HOLLOW PUNCH تكساك شيوخت كبنس,31.0,EA,35.0,1085.0,COCACO,GERMANY
10,268,7MM,HOLLOW PUNCH تكساك شيوخت كبنس,40.0,EA,15.0,600.0,COCACO,GERMANY
10,269,6MM,HOLLOW PUNCH تكساك شيوخت كبنس,1.0,EA,15.0,15.0,COCACO,GERMANY
10,270,18MM,HOLLOW PUNCH تكساك شيوخت كبنس,19.0,EA,33.0,627.0,COCACO,GERMANY
10,271,22MM,HOLLOW PUNCH تكساك شيوخت كبنس,14.0,EA,43.0,602.0,COCACO,GERMANY
10,272,37MM,HOLLOW PUNCH تكساك شيوخت كبنس,12.0,EA,110.0,1320.0,COCACO,GERMANY
10,273,34MM,HOLLOW PUNCH تكساك شيوخت كبنس,7.0,EA,89.0,623.0,COCACO,GERMANY
10,274,20MM,HOLLOW PUNCH تكساك شيوخت كبنس,8.0,EA,36.0,288.0,COCACO,GERMANY
10,275,31MM,HOLLOW PUNCH تكساك شيوخت كبنس,3.0,EA,80.0,240.0,COCACO,GERMANY
11,276,27MM,HOLLOW PUNCH تكساك شيوخت كبنس,1.0,EA,69.0,69.0,COCACO,GERMANY
11,277,38MM,HOLLOW PUNCH تكساك شيوخت كبنس,5.0,EA,120.0,600.0,COCACO,GERMANY
11,278,16MM,HOLLOW PUNCH تكساك شيوخت كبنس,25.0,EA,28.0,700.0,COCACO,GERMANY
11,279,3MM,HOLLOW PUNCH تكساك شيوخت كبنس,33.0,EA,15.0,495.0,COCACO,GERMANY
11,280,12MM,HOLLOW PUNCH تكساك شيوخت كبنس,56.0,EA,20.0,1120.0,COCACO,GERMANY
11,281,36MM,HOLLOW PUNCH تكساك شيوخت كبنس,1.0,EA,105.0,105.0,COCACO,GERMANY
11,282,35MM,HOLLOW PUNCH تكساك شيوخت كبنس,4.0,EA,93.0,372.0,COCACO,GERMANY
11,283,40MM,HOLLOW PUNCH تكساك شيوخت كبنس,1.0,EA,135.0,135.0,COCACO,GERMANY
11,284,40MM,HOLLOW PUNCH تكساك شيوخت كبنس,8.0,EA,135.0,1080.0,COCACO,GERMANY
11,285,33MM,HOLLOW PUNCH تكساك شيوخت كبنس,14.0,EA,82.0,1148.0,COCACO,GERMANY
11,286,36MM,HOLLOW PUNCH تكساك شيوخت كبنس,11.0,EA,105.0,1155.0,COCACO,GERMANY
11,287,14MM,HOLLOW PUNCH تكساك شيوخت كبنس,1.0,EA,25.0,25.0,COCACO,GERMANY
11,288,32MM,HOLLOW PUNCH تكساك شيوخت كبنس,8.0,EA,82.0,656.0,COCACO,GERMANY
11,289,18MM,HOLLOW PUNCH تكساك شيوخت كبنس,5.0,EA,33.0,165.0,COCACO,GERMANY
11,290,41MM,HOLLOW PUNCH تكساك شيوخت كبنس,7.0,EA,135.0,945.0,COCACO,GERMANY
11,291,42MM,HOLLOW PUNCH تكساك شيوخت كبنس,1.0,EA,135.0,135.0,COCACO,GERMANY
11,292,10MM,HOLLOW PUNCH تكساك شيوخت كبنس,84.0,EA,18.0,1512.0,COCACO,GERMANY
11,293,6MM,HOLLOW PUNCH تكساك شيوخت كبنس,16.0,EA,15.0,240.0,COCACO,GERMANY
11,294,21MM,HOLLOW PUNCH تكساك شيوخت كبنس,14.0,EA,40.0,560.0,COCACO,GERMANY
11,295,4MM,HOLLOW PUNCH تكساك شيوخت كبنس,23.0,EA,15.0,345.0,COCACO,GERMANY
11,296,17MM,HOLLOW PUNCH تكساك شيوخت كبنس,21.0,EA,30.0,630.0,COCACO,GERMANY
11,297,10MM,HOLLOW PUNCH تكساك شيوخت كبنس,27.0,EA,18.0,486.0,COCACO,GERMANY
11,298,"11/32""",HOLLOW PUNCH تكساك شيوخت كبنس,12.0,EA,16.0,192.0,COCACO,GERMANY
11,299,33MM,HOLLOW PUNCH تكساك شيوخت كبنس,12.0,EA,82.0,984.0,COCACO,GERMANY
11,300,22MM,HOLLOW PUNCH تكساك شيوخت كبنس,10.0,EA,43.0,430.0,COCACO,GERMANY
11,301,19MM,HOLLOW PUNCH تكساك شيوخت كبنس,2.0,EA,35.0,70.0,COCACO,GERMANY
11,302,17MM,HOLLOW PUNCH تكساك شيوخت كبنس,10.0,EA,30.0,300.0,COCACO,GERMANY
11,303,35MM,HOLLOW PUNCH تكساك شيوخت كبنس,3.0,EA,93.0,279.0,COCACO,GERMANY
11,304,36MM,HOLLOW PUNCH تكساك شيوخت كبنس,1.0,EA,105.0,105.0,COCACO,GERMANY
11,305,10MM,HOLLOW PUNCH تكساك شيوخت كبنس,10.0,EA,18.0,180.0,COCACO,GERMANY
11,306,21MM,HOLLOW PUNCH تكساك شيوخت كبنس,14.0,EA,40.0,560.0,COCACO,GERMANY
11,307,34MM,HOLLOW PUNCH تكساك شيوخت كبنس,9.0,EA,89.0,801.0,COCACO,GERMANY
11,308,34MM,HOLLOW PUNCH تكساك شيوخت كبنس,7.0,EA,89.0,623.0,COCACO,GERMANY
12,309,37MM,HOLLOW PUNCH تكساك شيوخت كبنس,5.0,EA,110.0,550.0,COCACO,GERMANY
12,310,27MM,HOLLOW PUNCH تكساك شيوخت كبنس,12.0,EA,69.0,828.0,COCACO,GERMANY
12,311,8MM,"5/16""",115.0,EA,15.0,1725.0,COCACO,GERMANY
12,312,33MM,HOLLOW PUNCH تكساك شيوخت كبنس,1.0,EA,82.0,82.0,COCACO,GERMANY
12,313,17MM,HOLLOW PUNCH تكساك شيوخت كبنس,36.0,EA,30.0,1080.0,COCACO,GERMANY
12,314,5MM,HOLLOW PUNCH تكساك شيوخت كبنس,70.0,EA,15.0,1050.0,COCACO,GERMANY
12,315,9MM,HOLLOW PUNCH تكساك شيوخت كبنس,30.0,EA,15.0,450.0,COCACO,GERMANY
12,316,41MM,HOLLOW PUNCH تكساك شيوخت كبنس,13.0,EA,135.0,1755.0,COCACO,GERMANY
12,317,1709.025,PINCH OFF PLIER ةقانخ ةدارز,77.0,EA,65.0,5005.0,COCACO,GERMANY
12,318,17885 0000,lazy tongue ةتسوس ماشرب ةيدارز,10.0,EA,175.0,1750.0,COCACO,GERMANY
12,319,15405 3201,"FEELER GAUGE 12"" ةصوب 12 ترييف",20.0,SET,120.0,2400.0,COCACO,GERMANY
12,2396,PHTESTER10,COLEPARMER حلاملاا زاهج,1.0,EA,450.0,450.0,COLEPARME,USA
12,2355,6700001,ر 2m-WOODEN ءام ناترم,71.0,EA,20.0,1420.0,COOPER,USA
12,2356,6700025,ر 1m-WOODEN ءام ناترم,12.0,EA,20.0,240.0,COOPER,USA
12,2357,6700023,ر 2M-WOODEN ءام ناترم,3.0,EA,30.0,90.0,COOPER,USA
12,2358,43361,,3.0,EA,45.0,135.0,COOPER,USA
12,2595,120982020,"RATCHETDOWN,2000KG,6M,35MM دش مازخ",18.0,EA,150.0,2700.0,COOPER,USA
12,2572,crosby,"D-SHACKLE 17T,1.1/2""لكاش ىد",10.0,EA,420.0,4200.0,CROSBY,USA
12,2573,crosby,"D-SHACKLE 8.1/2 TON,1""لكاش ىد",16.0,EA,165.0,2640.0,CROSBY,USA
12,2574,crosby,"D-SHACKLE 3/4"" لكاش ىد",3.0,EA,145.0,435.0,CROSBY,USA
12,2575,crosby,"D-SHACKLE 25T,1.3/4""لكاش ىد",4.0,EA,624.0,2496.0,CROSBY,USA
12,2576,crosby,"D-SHACKLE 12TON,1.1/4""",35.0,EA,249.0,8715.0,CROSBY,USA
12,2577,crosby,"EYE BOLT 1.1/2""عفر رامسم",1.0,EA,245.0,175.0,CROSBY,USA
12,2578,crosby,"EYE BOLT 3/8""عفر رامسم",16.0,EA,18.0,30.0,CROSBY,USA
12,2579,crosby,"EYE BOLT 1/4""عفر رامسم",15.0,EA,18.0,18.0,CROSBY,USA
12,2580,crosby,"EYE BOLT 3/16""عقر رامسم",11.0,EA,18.0,45.0,CROSBY,USA
12,2581,crosby,EYE BOLT Mعفر رامسم12,4.0,EA,45.0,35.0,CROSBY,USA
12,2582,crosby,"EYE BOLT 3/4"" عفر رامسم",20.0,EA,68.0,68.0,CROSBY,USA
12,2583,crosby,"EYE BOLT 1""عفر رامسم",10.0,EA,110.0,85.0,CROSBY,USA
12,2586,crosby,"D-SHACKLE 1/2""-2TON لكاش ىد",22.0,EA,30.0,175.0,CROSBY,USA
12,320,45865,WOOD CHISEL SET/3PCS بشخ كبنس,20.0,SET,75.0,1500.0,DRAPER,UNKNOWN(=BRAND PLACEHOLDER)
12,321,56385,"HOLESAW KIT,12PCS/SET شيوخت مقط",33.0,KIT,395.0,13035.0,DRAPER,UNKNOWN(=BRAND PLACEHOLDER)
12,322,59773,SILICONE GUN-10468 نوكيليس سدسم,25.0,EA,25.0,625.0,DRAPER,UNKNOWN(=BRAND PLACEHOLDER)
13,323,58247,SILICONE GUN نوكيليس سدسم,12.0,EA,25.0,300.0,DRAPER,UNKNOWN(=BRAND PLACEHOLDER)
13,324,83028,f-flamp 200mm بملاك فا,8.0,EA,30.0,240.0,DRAPER,UNKNOWN(=BRAND PLACEHOLDER)
13,325,83036,F-flamp 250mm بملاك فا,8.0,EA,32.0,256.0,DRAPER,UNKNOWN(=BRAND PLACEHOLDER)
13,326,51084,"C-CRAMP 8"" بملاك سى",18.0,EA,60.0,1080.0,DRAPER,UNKNOWN(=BRAND PLACEHOLDER)
13,327,51085,"C-CRAMP 6"" بملاك سى",15.0,EA,45.0,675.0,DRAPER,UNKNOWN(=BRAND PLACEHOLDER)
13,328,8704,HACKSAW SMALL راشتم,28.0,EA,15.0,420.0,DRAPER,UNKNOWN(=BRAND PLACEHOLDER)
13,329,31985,PLASTIC PIPE CUTTER كيتسلاب صقم,31.0,EA,160.0,4960.0,DRAPER,UNKNOWN(=BRAND PLACEHOLDER)
13,330,54465,PLASTIC PIPE CUTTER كيتسلاب صقم,6.0,EA,200.0,1200.0,DRAPER,UNKNOWN(=BRAND PLACEHOLDER)
13,331,68733,DRAPER-BASIN WRENCH لساغم حاتفم,34.0,EA,48.0,1632.0,DRAPER,UNKNOWN(=BRAND PLACEHOLDER)
13,332,55806,AUTO-WIRE STRIPPER كلاسا ةيارع,30.0,EA,48.0,1440.0,DRAPER,UNKNOWN(=BRAND PLACEHOLDER)
13,333,56027,STAPLER ةسابد,28.0,EA,48.0,1344.0,DRAPER,UNKNOWN(=BRAND PLACEHOLDER)
13,334,48435,STAPLER ةسابد,27.0,EA,85.0,2295.0,DRAPER,UNKNOWN(=BRAND PLACEHOLDER)
13,335,48435,STAPLER ةسابد,20.0,EA,85.0,1700.0,DRAPER,UNKNOWN(=BRAND PLACEHOLDER)
13,336,13851,STAPLER ةسابد,19.0,EA,110.0,2090.0,DRAPER,UNKNOWN(=BRAND PLACEHOLDER)
13,337,43364,PLANE ةراف,9.0,EA,110.0,990.0,DRAPER,UNKNOWN(=BRAND PLACEHOLDER)
13,338,45241,PLANE ةراف,11.0,EA,155.0,1705.0,DRAPER,UNKNOWN(=BRAND PLACEHOLDER)
13,339,42496,"CLAW HAMMER,8686 برلخم شوكاش",45.0,EA,45.0,2025.0,DRAPER,UNKNOWN(=BRAND PLACEHOLDER)
13,340,30493,TESTER صحاف,136.0,EA,38.0,5168.0,DRAPER,UNKNOWN(=BRAND PLACEHOLDER)
13,341,13657,CRIMPER سبك ةدارز,50.0,EA,25.0,1250.0,DRAPER,UNKNOWN(=BRAND PLACEHOLDER)
13,342,69176,VDE.LONG NOSE ةلوزعم ليوط زوب ةدارز,50.0,EA,50.0,2500.0,DRAPER,UNKNOWN(=BRAND PLACEHOLDER)
13,343,9783,S/D كفم,66.0,SET,40.0,2640.0,DRAPER,UNKNOWN(=BRAND PLACEHOLDER)
13,344,29613,S/D كفم,50.0,SET,110.0,5500.0,DRAPER,UNKNOWN(=BRAND PLACEHOLDER)
13,345,64846,"WRECKING BAR,NAIL REMOVER BAR",34.0,EA,38.0,1292.0,DRAPER,UNKNOWN(=BRAND PLACEHOLDER)
13,346,9414,S/D كفم,50.0,SET,30.0,1500.0,DRAPER,UNKNOWN(=BRAND PLACEHOLDER)
13,347,13692,"HACK SAW FRAME,300MM راشنم",10.0,EA,30.0,300.0,DRAPER,UNKNOWN(=BRAND PLACEHOLDER)
13,348,44962,"FILE,METAL,SET درابم مقط",51.0,SET,68.0,3468.0,DRAPER,UNKNOWN(=BRAND PLACEHOLDER)
13,349,31563,ST/BRUSH ديدح ةشرق,61.0,EA,18.0,1098.0,DRAPER,UNKNOWN(=BRAND PLACEHOLDER)
13,350,13657,CRIMPER سبك ةدارز,61.0,EA,25.0,1525.0,DRAPER,UNKNOWN(=BRAND PLACEHOLDER)
13,351,22286,"TUBE BENDER,COPPER…ساحن ترساوم ةيانت",24.0,EA,130.0,3120.0,DRAPER,UNKNOWN(=BRAND PLACEHOLDER)
13,352,78915,"PIPE WRENCH 8"" وبملج وبا",17.0,EA,48.0,816.0,DRAPER,UNKNOWN(=BRAND PLACEHOLDER)
13,353,78916,"PIPE WRENCH10"" وبملج وبا",17.0,EA,60.0,1020.0,DRAPER,UNKNOWN(=BRAND PLACEHOLDER)
13,354,78917,"PIPE WRENCH 12"" وبملج وبا",15.0,EA,78.0,1170.0,DRAPER,UNKNOWN(=BRAND PLACEHOLDER)
13,355,78921,"PIPE WRENCH 24"",600MM وبماج وبا",14.0,EA,195.0,2730.0,DRAPER,UNKNOWN(=BRAND PLACEHOLDER)
14,356,51762,FLARING TOOL SET جيلفت مقط,11.0,SET,185.0,2035.0,DRAPER,UNKNOWN(=BRAND PLACEHOLDER)
14,357,88603,"ADJ.WRENCH 250MM,10"" ةنابس",21.0,EA,65.0,1365.0,DRAPER,UNKNOWN(=BRAND PLACEHOLDER)
14,358,52681,"ADJ,WRENCH 10"" ةنابس",13.0,EA,65.0,845.0,DRAPER,UNKNOWN(=BRAND PLACEHOLDER)
14,359,30063,"ADJ/WRENCH 10"" ةنابس",16.0,EA,65.0,1040.0,DRAPER,UNKNOWN(=BRAND PLACEHOLDER)
14,360,64490,CAR.SQراجن ةيواز,29.0,EA,35.0,1015.0,DRAPER,UNKNOWN(=BRAND PLACEHOLDER)
14,361,31375,CAR.SQراجن ةيواز,4.0,EA,30.0,120.0,DRAPER,UNKNOWN(=BRAND PLACEHOLDER)
14,362,IREGA,"ADJ/WRENCH 10""ةنابس",1.0,EA,65.0,65.0,DRAPER,UNKNOWN(=BRAND PLACEHOLDER)
14,363,EGAMASTER,"ADJ.WRENCH 250MM,10""ةنابس",5.0,EA,65.0,325.0,DRAPER,UNKNOWN(=BRAND PLACEHOLDER)
14,364,73070,HEX KEY-FOLDER كى نلا,59.0,SET,38.0,2242.0,DRAPER,UNKNOWN(=BRAND PLACEHOLDER)
14,365,90026,monkey wrench بارغ حاتفم,39.0,ea,45.0,1755.0,DRAPER,UNKNOWN(=BRAND PLACEHOLDER)
14,366,90029,monkey wrench بارع حاتغم,56.0,EA,65.0,3640.0,DRAPER,UNKNOWN(=BRAND PLACEHOLDER)
14,367,75299,ر MEASRING TAPE 5M سايق تم,10.0,EA,18.0,180.0,DRAPER,UNKNOWN(=BRAND PLACEHOLDER)
14,368,51637,"CHISEL,FL,ططبم ليمزا",10.0,EA,23.0,230.0,DRAPER,UNKNOWN(=BRAND PLACEHOLDER)
14,369,2890,KNIFE ةنيكس,26.0,EA,20.0,520.0,DRAPER,UNKNOWN(=BRAND PLACEHOLDER)
14,370,8694,KNIFE-DRAPER ةنيكس,31.0,EA,15.0,465.0,DRAPER,UNKNOWN(=BRAND PLACEHOLDER)
14,372,9414,S/D SET تاكفم مقط,106.0,SET,40.0,4240.0,DRAPER,UNKNOWN(=BRAND PLACEHOLDER)
14,373,63510,S/D SOCKET HEAD ةبح سار كفم,28.0,SET,120.0,3360.0,DRAPER,UNKNOWN(=BRAND PLACEHOLDER)
14,374,27017,TORX S/D SET سدسم كفم,37.0,SET,75.0,2775.0,DRAPER,UNKNOWN(=BRAND PLACEHOLDER)
14,375,27029,S/D MECH.SET كىيمتكيم تاكفم مقط,16.0,SET,60.0,960.0,DRAPER,UNKNOWN(=BRAND PLACEHOLDER)
14,376,45362,رر SLIP JOINT PLIER 45362 ةقلتم ةدارز,30.0,EA,47.0,1410.0,DRAPER,UNKNOWN(=BRAND PLACEHOLDER)
14,377,56618,"رر SLIP JOINT PLIER,56618 ةقلتم ةيدارز",47.0,EA,37.0,1739.0,DRAPER,UNKNOWN(=BRAND PLACEHOLDER)
14,378,8677,ر CRIMPER-WITH TERMINALS لماتلا عم سبك مقط,177.0,EA,20.0,3540.0,DRAPER,UNKNOWN(=BRAND PLACEHOLDER)
14,379,79579,"ر LEVEL,230MM,MAGNITEC ناترم",5.0,EA,18.0,90.0,DRAPER,UNKNOWN(=BRAND PLACEHOLDER)
14,380,9715,"ر LEVEL,BOAT LEVEL ناترم",47.0,EA,27.0,1269.0,DRAPER,UNKNOWN(=BRAND PLACEHOLDER)
14,381,2883,KNIFE-DRAPER ةنيكس,6.0,KIT,35.0,210.0,DRAPER,UNKNOWN(=BRAND PLACEHOLDER)
14,382,38477,GLASS CUTTER جاجز ةعاطق,57.0,EA,35.0,1995.0,DRAPER,UNKNOWN(=BRAND PLACEHOLDER)
14,383,54488,DRILL STAND ليرد ةدعاق-دناتس,11.0,EA,185.0,2035.0,DRAPER,UNKNOWN(=BRAND PLACEHOLDER)
14,384,69234,S/D VDE لوزعم كفم,26.0,SET,235.0,6110.0,DRAPER,UNKNOWN(=BRAND PLACEHOLDER)
14,385,90CM,ر 900MM-9514 مس90 ناترم,45.0,EA,55.0,2475.0,DRAPER,UNKNOWN(=BRAND PLACEHOLDER)
14,386,90CM,ر 900MM-9514 مس90 ناترم,25.0,EA,55.0,1375.0,DRAPER,UNKNOWN(=BRAND PLACEHOLDER)
14,387,90CM,ر 900MM-9514 مس90 ناترم,9.0,EA,55.0,495.0,DRAPER,UNKNOWN(=BRAND PLACEHOLDER)
15,388,90CM,ر 900MM-9514 مس90 ناترم,10.0,EA,55.0,550.0,DRAPER,UNKNOWN(=BRAND PLACEHOLDER)
15,389,120CM,ر 1200MM-9515-LEVEL م1.2 ناترم,39.0,EA,60.0,2340.0,DRAPER,UNKNOWN(=BRAND PLACEHOLDER)
15,390,40394,TOOL CASE ةبيقح,12.0,EA,185.0,2220.0,DRAPER,UNKNOWN(=BRAND PLACEHOLDER)
15,391,71166,MAGNETIC BIT HOLDER طنغمم بوبح كسام,22.0,EA,40.0,880.0,DRAPER,UNKNOWN(=BRAND PLACEHOLDER)
15,392,34196,"SPRING DIVIDER,O/S حىراخ لجرب",16.0,EA,35.0,560.0,DRAPER,UNKNOWN(=BRAND PLACEHOLDER)
15,393,34237,"SPRING DIVIDER,O/S حىراخ لجرب",16.0,EA,35.0,560.0,DRAPER,UNKNOWN(=BRAND PLACEHOLDER)
15,394,41933,SCRA[ER/STRIPPER ةيارعو ةطشقم,37.0,EA,35.0,1295.0,DRAPER,UNKNOWN(=BRAND PLACEHOLDER)
15,395,13459,MAGNETIC BIT HOLDER طنغمم بوبح كسام,17.0,KIT,35.0,595.0,DRAPER,UNKNOWN(=BRAND PLACEHOLDER)
15,396,48566,TOOL BOX ةدع قودنص,7.0,EA,285.0,1995.0,DRAPER,UNKNOWN(=BRAND PLACEHOLDER)
15,397,86674,TOOL BOX ةدع قودنص,8.0,EA,180.0,1440.0,DRAPER,UNKNOWN(=BRAND PLACEHOLDER)
15,398,86672,TOOL BOX 86674-ةدع قودنص,4.0,EA,155.0,620.0,DRAPER,UNKNOWN(=BRAND PLACEHOLDER)
15,399,19674,PIN PUNCH درط كنس,50.0,EA,70.0,3500.0,DRAPER,UNKNOWN(=BRAND PLACEHOLDER)
15,400,54488,DRILL STAND ليرد ةدعاق-دناتس,13.0,EA,220.0,2860.0,DRAPER,UNKNOWN(=BRAND PLACEHOLDER)
15,401,55360,IMPACT WR ءاوهلا لىع حاتفم,9.0,EA,560.0,5040.0,DRAPER,UNKNOWN(=BRAND PLACEHOLDER)
15,402,64210,SPRAY GUN ةيوب سدسم,5.0,EA,200.0,1000.0,DRAPER,UNKNOWN(=BRAND PLACEHOLDER)
15,403,89707,FEED SPARY GUN ةيوب سدسم,3.0,EA,275.0,825.0,DRAPER,UNKNOWN(=BRAND PLACEHOLDER)
15,404,9709,FEED SPARY GUN ةيوب سدسم,3.0,EA,165.0,495.0,DRAPER,UNKNOWN(=BRAND PLACEHOLDER)
15,405,65865,FEED SPARY GUN ةيوب سدسم,1.0,EA,155.0,155.0,DRAPER,UNKNOWN(=BRAND PLACEHOLDER)
15,406,62226,CRIMPER سبك ةدارز,43.0,EA,50.0,2150.0,DRAPER,UNKNOWN(=BRAND PLACEHOLDER)
15,407,10263,MIRROR كىيناكيم ةيارم,50.0,EA,25.0,1250.0,DRAPER,UNKNOWN(=BRAND PLACEHOLDER)
15,408,52616,TIMING LIGHT تاركبلا ترس طباض,6.0,EA,130.0,780.0,DRAPER,UNKNOWN(=BRAND PLACEHOLDER)
15,409,79345,"DRILL BIT SET,MM,25PC شير مقط",1.0,SET,295.0,295.0,DRAPER,UNKNOWN(=BRAND PLACEHOLDER)
15,410,43697,"DRILL BIT SET 1/16-1/2-INCH,29PCشير مقط",1.0,SET,395.0,395.0,DRAPER,UNKNOWN(=BRAND PLACEHOLDER)
15,411,41375,TRY SQ.ةيواز,30.0,EA,48.0,1440.0,DRAPER,UNKNOWN(=BRAND PLACEHOLDER)
15,412,41375,TRY SQ.ةيواز,0.0,EA,35.0,0.0,DRAPER,UNKNOWN(=BRAND PLACEHOLDER)
15,413,64507,TRY SQ.ةيواز,4.0,EA,38.0,152.0,DRAPER,UNKNOWN(=BRAND PLACEHOLDER)
15,414,68872,"SINK,PIPE CLEANER ترساوم فيظنت ةتسوس",14.0,EA,25.0,350.0,DRAPER,UNKNOWN(=BRAND PLACEHOLDER)
15,415,19782,RIVERTER ماشرب ةيدارز,0.0,KIT,70.0,0.0,DRAPER,UNKNOWN(=BRAND PLACEHOLDER)
15,416,43855,HOLESAW KIT-7PCS شيوخت مقط,14.0,KIT,180.0,2520.0,DRAPER,UNKNOWN(=BRAND PLACEHOLDER)
15,417,13658,CRIMPER سبك ةدارز,201.0,KIT,48.0,9648.0,DRAPER,UNKNOWN(=BRAND PLACEHOLDER)
15,418,13658,CRIMPER سبك ةدارز,24.0,KIT,48.0,1152.0,DRAPER,UNKNOWN(=BRAND PLACEHOLDER)
15,419,3240,"30M,RINGING LINE كيتسلاب-ءانب طيخ",13.0,ROLL,67.0,871.0,DRAPER,UNKNOWN(=BRAND PLACEHOLDER)
15,420,34477,FILE CLEANER فيظنت درابم مفط,22.0,EA,13.0,286.0,DRAPER,UNKNOWN(=BRAND PLACEHOLDER)
16,421,10409,VALVE CYL.GRINDING تامامصلا خلج ةادا,51.0,EA,7.0,357.0,DRAPER,UNKNOWN(=BRAND PLACEHOLDER)
16,422,14097,S/D METAL حىررهاوج كفم,50.0,SET,20.0,1000.0,DRAPER,UNKNOWN(=BRAND PLACEHOLDER)
16,423,20644,S/D COLOR كفم,18.0,SET,25.0,450.0,DRAPER,UNKNOWN(=BRAND PLACEHOLDER)
16,424,43402,"ر AIR TREATMENT FILTER,REG, سفنت تلف مظنم",4.0,EA,380.0,1520.0,DRAPER,UNKNOWN(=BRAND PLACEHOLDER)
16,425,79565,AIR DIE GRINDER ءاوهلا لىع خلج خوراص,12.0,KIT,140.0,1680.0,DRAPER,UNKNOWN(=BRAND PLACEHOLDER)
16,426,55108,NUT SPLITER ليماوص لصاف,13.0,SET,100.0,1300.0,DRAPER,UNKNOWN(=BRAND PLACEHOLDER)
16,427,20556,DIE GRINDER ءاوهلا لىع خوراص,32.0,SET,170.0,5440.0,DRAPER,UNKNOWN(=BRAND PLACEHOLDER)
16,428,71166,MAGNETIC BIT HOLDER طنغمم بوبح كسام,18.0,EA,20.0,360.0,DRAPER,UNKNOWN(=BRAND PLACEHOLDER)
16,429,55108,NUT SPLITER ليماوص لصاف,31.0,SET,100.0,3100.0,DRAPER,UNKNOWN(=BRAND PLACEHOLDER)
16,430,69266,"ر PLIER,160MM,COMB.كتشم ةيدا رز",7.0,EA,18.0,126.0,DRAPER,UNKNOWN(=BRAND PLACEHOLDER)
16,431,69284,FLAP WHEEL 60GRIT ةشرف,18.0,EA,28.0,504.0,DRAPER,UNKNOWN(=BRAND PLACEHOLDER)
16,432,68891,"PLIER,SIDE CUTTER,160MM ةعاطق",16.0,EA,37.0,592.0,DRAPER,UNKNOWN(=BRAND PLACEHOLDER)
16,433,38896,WIRE TWISTING PLIER كلاسا فل ةيدارز,79.0,EA,120.0,9480.0,DRAPER,UNKNOWN(=BRAND PLACEHOLDER)
16,434,68884,"ر PLIER,COMB,180MM كتشم ةيدارز",56.0,EA,40.0,2240.0,DRAPER,UNKNOWN(=BRAND PLACEHOLDER)
16,435,44146,"PLIER,SIDE CUTTER,180MM ةعاطق",94.0,EA,25.0,2350.0,DRAPER,UNKNOWN(=BRAND PLACEHOLDER)
16,436,69170,"ر PLIER,VDE,160MM,COMB.ةلوزعم كتشم ةيدارز",27.0,EA,50.0,1350.0,DRAPER,UNKNOWN(=BRAND PLACEHOLDER)
16,437,44146,"PLIER,SIDE CUTTER,180MMةعاطق ةيدارز",24.0,EA,25.0,600.0,DRAPER,UNKNOWN(=BRAND PLACEHOLDER)
16,438,69171,"PLIER,VDE,COMB.180MM ةلوزعم ةعاطق ةيدارز",40.0,EA,50.0,2000.0,DRAPER,UNKNOWN(=BRAND PLACEHOLDER)
16,439,69184,"رر PLIER,VDE,WATER PUMP ةلوزعم ةقلتم ةدارز",25.0,EA,85.0,2125.0,DRAPER,UNKNOWN(=BRAND PLACEHOLDER)
16,440,45362,"رر AND 56618,WATER PUMP PLIERةقلتم ةيدارز",48.0,EA,35.0,1680.0,DRAPER,UNKNOWN(=BRAND PLACEHOLDER)
16,441,69179,"PLIER,VDE ,DIAGONAL CUTTER 180MMةعاطق ةلوزعم",25.0,EA,55.0,1375.0,DRAPER,UNKNOWN(=BRAND PLACEHOLDER)
16,442,45362,"رر WATER PUMP PLIER,240MM ةقلتم ةدارز",29.0,EA,35.0,1015.0,DRAPER,UNKNOWN(=BRAND PLACEHOLDER)
16,443,38275,"WIRE STRIPPER,ةيارع",8.0,EA,118.0,944.0,DRAPER,UNKNOWN(=BRAND PLACEHOLDER)
16,444,69183,"PLIER,VDE,WIRE STRIPPER 160MM",59.0,EA,50.0,2950.0,DRAPER,UNKNOWN(=BRAND PLACEHOLDER)
16,445,69178,"PLIER,VDE,DIAGONAL SIDE CUTTER 160",15.0,EA,55.0,825.0,DRAPER,UNKNOWN(=BRAND PLACEHOLDER)
16,446,44143,"PLIER,LONG NOSE,200MM",33.0,EA,25.0,825.0,DRAPER,UNKNOWN(=BRAND PLACEHOLDER)
16,447,68883,"PLIER,COMB,160MM",51.0,EA,45.0,2295.0,DRAPER,UNKNOWN(=BRAND PLACEHOLDER)
16,448,68884,"PLIER,COMB.180MM",63.0,EA,47.0,2961.0,DRAPER,UNKNOWN(=BRAND PLACEHOLDER)
16,449,69265,END CUTTER,5.0,EA,135.0,675.0,DRAPER,UNKNOWN(=BRAND PLACEHOLDER)
16,450,14027,"240MM,SLEF SHEET METAL WORK",1.0,EA,55.0,55.0,DRAPER,UNKNOWN(=BRAND PLACEHOLDER)
17,451,81642,"SELF GRIP C CLAMP,280MM",8.0,EA,45.0,360.0,DRAPER,UNKNOWN(=BRAND PLACEHOLDER)
17,452,33836,SELF GRIP METAL WORK 3PC,6.0,kit,145.0,870.0,DRAPER,UNKNOWN(=BRAND PLACEHOLDER)
17,453,37870,7PC FLARING TOOL KIT,4.0,kit,185.0,740.0,DRAPER,UNKNOWN(=BRAND PLACEHOLDER)
17,454,40390,QUICK RELEASE DPV 70MM,2.0,EA,60.0,120.0,DRAPER,UNKNOWN(=BRAND PLACEHOLDER)
17,455,29586,"S/D BIT-RATCHET,",16.0,EA,35.0,560.0,DRAPER,UNKNOWN(=BRAND PLACEHOLDER)
17,456,36583,AITOMOTIVE TESTER 6-24V,123.0,EA,40.0,4920.0,DRAPER,UNKNOWN(=BRAND PLACEHOLDER)
17,457,37347,SHIPPING HAMMER,77.0,EA,25.0,1925.0,DRAPER,UNKNOWN(=BRAND PLACEHOLDER)
17,458,9227,"5M,MEASURING TAPE",13.0,EA,10.0,130.0,DRAPER,UNKNOWN(=BRAND PLACEHOLDER)
17,459,61094,CRIMPING PLIER TV CABLES,10.0,EA,270.0,2700.0,DRAPER,UNKNOWN(=BRAND PLACEHOLDER)
17,460,44053,HEX RATCHET CRIMPER,29.0,ea,280.0,8120.0,DRAPER,UNKNOWN(=BRAND PLACEHOLDER)
17,461,35574,220MM CRIMPING TOOL,6.0,ea,290.0,1740.0,DRAPER,UNKNOWN(=BRAND PLACEHOLDER)
17,462,88293,SELF GRIP PLIER 3PC,48.0,ea,130.0,6240.0,DRAPER,UNKNOWN(=BRAND PLACEHOLDER)
17,463,35371,"SELF GRIP PLIER,ST.190MM",3.0,ea,26.0,78.0,DRAPER,UNKNOWN(=BRAND PLACEHOLDER)
17,464,89124,"SELF GRIP PLIER,ST.250MM",22.0,ea,40.0,880.0,DRAPER,UNKNOWN(=BRAND PLACEHOLDER)
17,465,9215,VISE CURVED-225MM,43.0,ea,20.0,860.0,DRAPER,UNKNOWN(=BRAND PLACEHOLDER)
17,466,89126,SELF GRIP LONG NOSE,47.0,EA,45.0,2115.0,DRAPER,UNKNOWN(=BRAND PLACEHOLDER)
17,467,11903,"vise grip 7"" long nose",15.0,ea,36.0,540.0,DRAPER,UNKNOWN(=BRAND PLACEHOLDER)
17,468,69924,TYRE P.GAUGE,21.0,ea,55.0,1155.0,DRAPER,UNKNOWN(=BRAND PLACEHOLDER)
17,469,43133,POCKET AIR BLOW GUN,46.0,ea,26.0,1196.0,DRAPER,UNKNOWN(=BRAND PLACEHOLDER)
17,470,73072,"HEX KEY,BALL POINT,",25.0,SET,35.0,875.0,DRAPER,UNKNOWN(=BRAND PLACEHOLDER)
17,471,71388,"LED LIGHT ,HEAD 4AA",35.0,EA,45.0,1575.0,DRAPER,UNKNOWN(=BRAND PLACEHOLDER)
17,472,39669,CLAW PICK UP S/D,12.0,EA,15.0,180.0,DRAPER,UNKNOWN(=BRAND PLACEHOLDER)
17,473,71462,WIPPER ARM PULLER,5.0,EA,45.0,225.0,DRAPER,UNKNOWN(=BRAND PLACEHOLDER)
17,474,52335,CALIPER WIND BACK,8.0,EA,130.0,1040.0,DRAPER,UNKNOWN(=BRAND PLACEHOLDER)
17,475,63637,REV.PUNCH PLIER 2.0-4.5MM,5.0,EA,40.0,200.0,DRAPER,UNKNOWN(=BRAND PLACEHOLDER)
17,476,37442,COMPRESSION TYESTER,1.0,EA,79.0,79.0,DRAPER,UNKNOWN(=BRAND PLACEHOLDER)
17,477,73071,"HEX,Afكى نلا",10.0,SET,30.0,300.0,DRAPER,UNKNOWN(=BRAND PLACEHOLDER)
17,478,73071,"HEX,Afكى نلا",33.0,SET,30.0,990.0,DRAPER,UNKNOWN(=BRAND PLACEHOLDER)
17,479,73073,"HEX,BALL,AF ةروك سار كى نلا",38.0,SET,30.0,1140.0,DRAPER,UNKNOWN(=BRAND PLACEHOLDER)
17,480,73072,"HEX,BALL,AF ةروك سار كى نلا",11.0,SET,30.0,330.0,DRAPER,UNKNOWN(=BRAND PLACEHOLDER)
17,481,73072,"HEX,BALL,AF ةروك سار كى نلا",10.0,SET,30.0,300.0,DRAPER,UNKNOWN(=BRAND PLACEHOLDER)
17,482,73073,"HEX,BALL,AF ةروك سار كى نلا",36.0,SET,30.0,1080.0,DRAPER,UNKNOWN(=BRAND PLACEHOLDER)
17,483,73043,"HEX,BALL,AF ةروك سار كى نلا",17.0,SET,28.0,476.0,DRAPER,UNKNOWN(=BRAND PLACEHOLDER)
18,484,73043,"HEX,BALL,AF ةروك سار كى نلا",16.0,SET,28.0,448.0,DRAPER,UNKNOWN(=BRAND PLACEHOLDER)
18,485,69924,TYRE P.GAUGE تارفكلا طغض سايق,48.0,EA,45.0,2160.0,DRAPER,UNKNOWN(=BRAND PLACEHOLDER)
18,486,69730,D.HANDLE WITH SCREEN CUTTER تارارب عطاق كيبابشلا,8.0,EA,130.0,1040.0,DRAPER,UNKNOWN(=BRAND PLACEHOLDER)
18,487,18053,HOLE SAW KIT 6 BLADE شيزخت مقط,23.0,SET,55.0,1265.0,DRAPER,UNKNOWN(=BRAND PLACEHOLDER)
18,488,79990,ROLLER FRAME رللور,24.0,EA,20.0,480.0,DRAPER,UNKNOWN(=BRAND PLACEHOLDER)
18,489,39224,"SCISSORS,CU/ALU.CUTTER موينملاو ساحن صقم",63.0,EA,36.0,2268.0,DRAPER,UNKNOWN(=BRAND PLACEHOLDER)
18,490,54503,STETHOSCOPE كىيناكيم ةعامس,29.0,EA,48.0,1392.0,DRAPER,UNKNOWN(=BRAND PLACEHOLDER)
18,491,27591,SCREW HOLDING/2PC SET جودزم كفم,6.0,SET,45.0,270.0,DRAPER,UNKNOWN(=BRAND PLACEHOLDER)
18,492,45783,"VICE 6""ةمزلم",21.0,EA,400.0,8400.0,DRAPER,UNKNOWN(=BRAND PLACEHOLDER)
18,493,45317,bybass secatur-WOODةعارز ضقم,27.0,EA,55.0,1485.0,DRAPER,UNKNOWN(=BRAND PLACEHOLDER)
18,494,76779,"tinmans snip set,3pcs ةبح 3 تاضقم مقط",20.0,SET,90.0,1800.0,DRAPER,UNKNOWN(=BRAND PLACEHOLDER)
18,495,43862,4 WAY WRENCH عىابر ةكابس حاتفم,7.0,EA,35.0,245.0,DRAPER,UNKNOWN(=BRAND PLACEHOLDER)
18,496,11534,HYD.BRAKE HOSE CLAMP تازوه ةدارز,14.0,EA,18.0,252.0,DRAPER,UNKNOWN(=BRAND PLACEHOLDER)
18,497,73183,DIGITAL TYRE GAUGE ةيمقر تارفكلا سايق,6.0,EA,70.0,420.0,DRAPER,UNKNOWN(=BRAND PLACEHOLDER)
18,498,43134,AIR BLOW GUN ءاوه سدسم,24.0,EA,20.0,480.0,DRAPER,UNKNOWN(=BRAND PLACEHOLDER)
18,499,89716,DOWN LIGHT HOLE SAW KIT بشخ شيوخت مقط,13.0,EA,55.0,715.0,DRAPER,UNKNOWN(=BRAND PLACEHOLDER)
18,500,13743,VOLTAGE/METAL DETECTOR تلوفلا سايق,34.0,EA,45.0,1530.0,DRAPER,UNKNOWN(=BRAND PLACEHOLDER)
18,501,9519,ر SPIRIT LEVEL 230MM ءام ناترم,86.0,EA,22.0,1892.0,DRAPER,UNKNOWN(=BRAND PLACEHOLDER)
18,502,19754,OBSTRUCTION SPANNER فوكعم حاتفم,52.0,SET,65.0,3380.0,DRAPER,UNKNOWN(=BRAND PLACEHOLDER)
18,503,49417,TILE CUTTER طلبم ةيدارز,50.0,EA,35.0,1750.0,DRAPER,UNKNOWN(=BRAND PLACEHOLDER)
18,504,42989,TORCH LIGHT شروت,16.0,ea,35.0,560.0,DRAPER,UNKNOWN(=BRAND PLACEHOLDER)
18,505,5175,"LED LIGHT ,شروت",2.0,EA,30.0,60.0,DRAPER,UNKNOWN(=BRAND PLACEHOLDER)
18,506,10094,FEELER GAUGE رليييف,3.0,EA,15.0,45.0,DRAPER,UNKNOWN(=BRAND PLACEHOLDER)
18,507,41438,DECARB BRUSH FLAT TOP ةيرئاد ةشرف,26.0,EA,15.0,390.0,DRAPER,UNKNOWN(=BRAND PLACEHOLDER)
18,508,41431,ROTARY WIRE BRUSH ةيرئاد ةشرف,8.0,EA,15.0,120.0,DRAPER,UNKNOWN(=BRAND PLACEHOLDER)
18,509,41437,DECARB BRUSH FLAT TOP ةيرئاد ةشرف,2.0,EA,15.0,30.0,DRAPER,UNKNOWN(=BRAND PLACEHOLDER)
18,510,56177,COMB.2/3 LEG PULLER لجر 3و 2 ةنيجرز,14.0,ea,150.0,2100.0,DRAPER,UNKNOWN(=BRAND PLACEHOLDER)
18,511,56178,HYD.HUB PULLER تابوه ةنيجرز,3.0,ea,290.0,870.0,DRAPER,UNKNOWN(=BRAND PLACEHOLDER)
18,512,68614,COIL SPRING COMPRESSOR تادعاسم ةنيجرز,3.0,SET,230.0,690.0,DRAPER,UNKNOWN(=BRAND PLACEHOLDER)
18,513,82805,HEEL BAR رويل,10.0,ea,50.0,500.0,DRAPER,UNKNOWN(=BRAND PLACEHOLDER)
19,514,57841,RUBBER GREASE GUN HOSE 300MM زوه ةمحشم,33.0,ea,25.0,825.0,DRAPER,UNKNOWN(=BRAND PLACEHOLDER)
19,515,13913,BALL JOINT PULLER(19MM CAP) تاسكا ةميجرز,23.0,ea,40.0,920.0,DRAPER,UNKNOWN(=BRAND PLACEHOLDER)
19,516,76779,TINMANS SNIPS 3PC CRV SET ةبح 3 تاضقم مقط,4.0,SET,110.0,440.0,DRAPER,UNKNOWN(=BRAND PLACEHOLDER)
19,517,13711,DIY 5 PC.MASONRY DRILL SET رادج شير مقط,73.0,SET,18.0,1314.0,DRAPER,UNKNOWN(=BRAND PLACEHOLDER)
19,518,78474,50MM ROUND MAGNIFIER يربكت ةسدع,20.0,ea,10.0,200.0,DRAPER,UNKNOWN(=BRAND PLACEHOLDER)
19,519,78475,65MM ROUND MAGNIFIER يربكت ةسدع,17.0,ea,18.0,306.0,DRAPER,UNKNOWN(=BRAND PLACEHOLDER)
19,520,78476,70MM ROUND MAGNIFIER يربكت ةسدع,19.0,EA,22.0,418.0,DRAPER,UNKNOWN(=BRAND PLACEHOLDER)
19,521,33831,ى FACESHIELD TO BS2092/1 هجو قاو,3.0,EA,110.0,330.0,DRAPER,UNKNOWN(=BRAND PLACEHOLDER)
19,522,54722,1 PAIR OF 6 TONNE AXLE STANDS ةرايس لماح,8.0,PR,580.0,4640.0,DRAPER,UNKNOWN(=BRAND PLACEHOLDER)
19,523,43134,AIR BLOW GUN ءاوه سدسم,1.0,EA,15.0,15.0,DRAPER,UNKNOWN(=BRAND PLACEHOLDER)
19,524,7219,MICRO WELDING CLAMP-4PC ماحل كسام مفط,5.0,SET,100.0,500.0,DRAPER,UNKNOWN(=BRAND PLACEHOLDER)
19,525,19193,DOOR TRIM REMOVAL TOOL باوبا ربر ةعازن,7.0,EA,20.0,140.0,DRAPER,UNKNOWN(=BRAND PLACEHOLDER)
19,526,68613,HACKSAW راشنم,29.0,EA,25.0,725.0,DRAPER,UNKNOWN(=BRAND PLACEHOLDER)
19,527,83010,F-CRAMP بملاك فا,4.0,EA,30.0,120.0,DRAPER,UNKNOWN(=BRAND PLACEHOLDER)
19,528,96400,F-CRAMP 200MM بملاك فا,16.0,EA,30.0,480.0,DRAPER,UNKNOWN(=BRAND PLACEHOLDER)
19,529,16448,"SKT,75PC,1/4DR.ع بر بوبح مقط",20.0,SET,495.0,9900.0,DRAPER,UNKNOWN(=BRAND PLACEHOLDER)
19,530,2366,"3/8DR,35PCSبوبح مقط",1.0,SET,380.0,380.0,DRAPER,UNKNOWN(=BRAND PLACEHOLDER)
19,531,43646,"3/8DR,25PC بوبح مقط",2.0,SET,380.0,760.0,DRAPER,UNKNOWN(=BRAND PLACEHOLDER)
19,532,16466,"30PC,1/2DR بوبح مقط",5.0,SET,355.0,1775.0,DRAPER,UNKNOWN(=BRAND PLACEHOLDER)
19,533,43647,"31PC,1/2DR بوبح مقط",2.0,SET,420.0,840.0,DRAPER,UNKNOWN(=BRAND PLACEHOLDER)
19,534,2357,"30PC,1/2DR بوبح مقط",2.0,SET,395.0,790.0,DRAPER,UNKNOWN(=BRAND PLACEHOLDER)
19,535,2367,"3/8DR,18PC بوبح مقط",14.0,SET,350.0,4900.0,DRAPER,UNKNOWN(=BRAND PLACEHOLDER)
19,536,16361,"39PC,1/2DR بوبح مقط",3.0,SET,450.0,1350.0,DRAPER,UNKNOWN(=BRAND PLACEHOLDER)
19,537,37317,ر ر TESTER تيم تست,93.0,EA,60.0,5580.0,DRAPER,UNKNOWN(=BRAND PLACEHOLDER)
19,538,56781,DIAL INICATOR لاياد سايق ةعاس,34.0,EA,240.0,8160.0,DRAPER,UNKNOWN(=BRAND PLACEHOLDER)
19,539,51831,DIAL INICATOR لاياد سايق ةعاس,35.0,EA,240.0,8400.0,DRAPER,UNKNOWN(=BRAND PLACEHOLDER)
19,540,3108,SECURITY BIT 42PCS ةعطق 42 نونس مقط,22.0,SET,155.0,3410.0,DRAPER,UNKNOWN(=BRAND PLACEHOLDER)
19,541,2578,"3/4DR,17PC,MM ةعطق 17 ب وبح مقط",6.0,SET,1700.0,10200.0,DRAPER,UNKNOWN(=BRAND PLACEHOLDER)
20,542,2359,"SKT 37PCS,1/2DR. ةعطق 37 بوبح مقط",5.0,SET,480.0,2400.0,DRAPER,UNKNOWN(=BRAND PLACEHOLDER)
20,543,56437,NON CONTACT THERMOMETER رنيمومرث,3.0,EA,510.0,1530.0,DRAPER,UNKNOWN(=BRAND PLACEHOLDER)
20,544,46600,ر O/S MICROMETER25-50 DIGITAL حىرراخ تيموركيم,19.0,EA,390.0,7410.0,DRAPER,UNKNOWN(=BRAND PLACEHOLDER)
20,545,46604,ر O/S MICROMETER 25-50MM حىرراخ تيموركيم,5.0,EA,130.0,650.0,DRAPER,UNKNOWN(=BRAND PLACEHOLDER)
20,546,54417,DIAL CALIPER لاياد تريلاك,1.0,EA,175.0,175.0,DRAPER,UNKNOWN(=BRAND PLACEHOLDER)
20,547,46610,"DIGITAL V.CALIER ,DUAL جودزم تريلاك",1.0,EA,140.0,140.0,DRAPER,UNKNOWN(=BRAND PLACEHOLDER)
20,548,34381,Soft Grip Screwdriver Set (81-Piece)تاكفم مقط ةعطق81,2.0,SET,185.0,370.0,DRAPER,UNKNOWN(=BRAND PLACEHOLDER)
20,549,46603,O/S MICROMETER 0-25MM,30.0,EA,120.0,3600.0,DRAPER,UNKNOWN(=BRAND PLACEHOLDER)
20,550,78997,ر DMM مىقر تميتلم,27.0,EA,210.0,5670.0,DRAPER,UNKNOWN(=BRAND PLACEHOLDER)
20,551,89029,SKT 3/4DR.26PC/SETةعطق 26 بوبح مقط,15.0,set,1800.0,27000.0,DRAPER,UNKNOWN(=BRAND PLACEHOLDER)
20,552,43858,ر CLAMP METER ةشامك تمتيم,5.0,EA,140.0,700.0,DRAPER,UNKNOWN(=BRAND PLACEHOLDER)
20,553,79000,ر DIGITAL CLAMP METER مىقر ةشامك تمتلم,3.0,EA,165.0,495.0,DRAPER,UNKNOWN(=BRAND PLACEHOLDER)
20,554,15101,ر ر IR THERMOMETER رترل تيمومرث,9.0,EA,170.0,1530.0,DRAPER,UNKNOWN(=BRAND PLACEHOLDER)
20,555,51346,PROBES تابورب,53.0,EA,45.0,2385.0,DRAPER,UNKNOWN(=BRAND PLACEHOLDER)
20,556,33606,"BRAKE,PISTON CALIPER لمارف ةنيجرز",7.0,KIT,325.0,2275.0,DRAPER,UNKNOWN(=BRAND PLACEHOLDER)
20,557,50995,SOUND LEVEL توصلا ةدش سايق,2.0,EA,380.0,760.0,DRAPER,UNKNOWN(=BRAND PLACEHOLDER)
20,558,40105,OIL FILT.CUP.15PC تيزلا طغض مقط,3.0,KIT,390.0,1170.0,DRAPER,UNKNOWN(=BRAND PLACEHOLDER)
20,559,50094,HYD.PULLER KIT كيلورديه ةنيجرز,4.0,KIT,550.0,2200.0,DRAPER,UNKNOWN(=BRAND PLACEHOLDER)
20,560,34546,SOUND LEVEL توضلا ةدش سايق,3.0,EA,320.0,960.0,DRAPER,UNKNOWN(=BRAND PLACEHOLDER)
20,561,43051,PETROLENGINE COMP.TESTER تيزلا طغض,2.0,KIT,650.0,1300.0,DRAPER,UNKNOWN(=BRAND PLACEHOLDER)
20,562,59085,universal valve spring compressor تابابلا ةادا,2.0,KIT,550.0,1100.0,DRAPER,UNKNOWN(=BRAND PLACEHOLDER)
20,563,51830,ر DIAL GAUGE 0-10MM سرؤمب سايق ةادا,4.0,EA,220.0,880.0,DRAPER,UNKNOWN(=BRAND PLACEHOLDER)
20,564,46608,DIGITAL DIAL GAUGE ةيمقر سايق ةادا,40.0,EA,260.0,10400.0,DRAPER,UNKNOWN(=BRAND PLACEHOLDER)
20,565,30805,"3PC PULLEY WHEEL PULLER KIT, تاركب ةنيجرز",7.0,SET,700.0,4900.0,DRAPER,UNKNOWN(=BRAND PLACEHOLDER)
20,566,43051,PETROLENGINE COMP.TESTER طغض سايق ةادا تيزلا,20.0,SET,650.0,13000.0,DRAPER,UNKNOWN(=BRAND PLACEHOLDER)
20,567,56637,BEAR/SEAL DRIFT KIT,5.0,SET,270.0,1350.0,DRAPER,UNKNOWN(=BRAND PLACEHOLDER)
20,568,19778,37PC BCOMP.BEARING DRIFT KI نامرلا جارخا مقطT,5.0,SET,1500.0,7500.0,DRAPER,UNKNOWN(=BRAND PLACEHOLDER)
21,569,46604,MICROMETER 25-50MM,39.0,EA,110.0,4290.0,DRAPER,UNKNOWN(=BRAND PLACEHOLDER)
21,570,52379,"CALIPER 200MM/8"" ةصوب 8 تريلاك",15.0,EA,138.0,2070.0,DRAPER,UNKNOWN(=BRAND PLACEHOLDER)
21,571,50590,"CALIPER 150MM/6"" ةصوب 150/6 تريلاك",13.0,EA,125.0,1625.0,DRAPER,UNKNOWN(=BRAND PLACEHOLDER)
21,572,65781,DIAL GAUGEلاياد سايق ةعاس,82.0,EA,220.0,18040.0,DRAPER,UNKNOWN(=BRAND PLACEHOLDER)
21,573,24816,DIGITAL CALIPER 150MM مىقر تريلاك,25.0,EA,235.0,5875.0,DRAPER,UNKNOWN(=BRAND PLACEHOLDER)
21,574,89461,COMPASS ةلصوب,21.0,EA,70.0,1470.0,DRAPER,UNKNOWN(=BRAND PLACEHOLDER)
21,575,72090,"ر BATTERY LOAD TESTER , ةيراطب تست",79.0,EA,180.0,14220.0,DRAPER,UNKNOWN(=BRAND PLACEHOLDER)
21,576,18927,"RATCHET S/D ,BITS ةبج7 عم تشتار كفم",70.0,EA,20.0,1400.0,DRAPER,UNKNOWN(=BRAND PLACEHOLDER)
21,577,50809,11PC.S/D SET ةعطق 11 تاكفم مقط,35.0,SET,110.0,3850.0,DRAPER,UNKNOWN(=BRAND PLACEHOLDER)
21,578,18060,TILE CUTTER 160 طلاب ةعاطق,30.0,EA,12.0,360.0,DRAPER,UNKNOWN(=BRAND PLACEHOLDER)
21,579,14145,CLAMP-ON HOBBY VISE 50MM ةلواط ةنيجرز,7.0,EA,36.0,252.0,DRAPER,UNKNOWN(=BRAND PLACEHOLDER)
21,580,69250,FLAP WHEEL 60GRIT ةسرف,24.0,EA,20.0,480.0,DRAPER,UNKNOWN(=BRAND PLACEHOLDER)
21,581,36431,رر WATER PUMP PLIER 250MM ةقلتم ةيدارز,54.0,EA,30.0,1620.0,DRAPER,UNKNOWN(=BRAND PLACEHOLDER)
21,582,19735,CIRCLIP PLIER SET 5PC هليت ةدارز مقط,86.0,EA,45.0,3870.0,DRAPER,UNKNOWN(=BRAND PLACEHOLDER)
21,583,14078,ر CABINET HANDLE S/D SET لدناه ن كفم,36.0,EA,55.0,1980.0,DRAPER,UNKNOWN(=BRAND PLACEHOLDER)
21,584,77584,ر OIL FILTER WRENCH 100M تيز تلف,21.0,EA,25.0,525.0,DRAPER,UNKNOWN(=BRAND PLACEHOLDER)
21,585,29613,S/D SET تاكفم مقط,9.0,SET,110.0,990.0,DRAPER,UNKNOWN(=BRAND PLACEHOLDER)
21,586,27026,AIR DRILL 10MM ءاوهلا لىع ليرد,16.0,EA,245.0,3920.0,DRAPER,UNKNOWN(=BRAND PLACEHOLDER)
21,587,51677,ر PULLER2 AND 3LEG لجر و 2 يرجرز,18.0,EA,480.0,8640.0,DRAPER,UNKNOWN(=BRAND PLACEHOLDER)
21,588,65549,WIRE FEEDER كلاسا ةنيجرز,6.0,EA,45.0,270.0,DRAPER,UNKNOWN(=BRAND PLACEHOLDER)
21,589,56141,FLEXABLE FUNNEL 3PC,14.0,EA,16.0,224.0,DRAPER,UNKNOWN(=BRAND PLACEHOLDER)
21,590,69674,3PC FUNNEL SET عمق,11.0,EA,15.0,165.0,DRAPER,UNKNOWN(=BRAND PLACEHOLDER)
21,591,69674,3PC FUNNEL SETعمق,8.0,EA,15.0,120.0,DRAPER,UNKNOWN(=BRAND PLACEHOLDER)
21,592,43853,"FUNNEL,SET 4PC عمق",16.0,EA,30.0,480.0,DRAPER,UNKNOWN(=BRAND PLACEHOLDER)
21,593,72976,"TOOL ROOLS PVC,8POCKET بيج 8 تكوب",29.0,set,25.0,725.0,DRAPER,UNKNOWN(=BRAND PLACEHOLDER)
21,594,57555,AIR STAPPLER 8-25MM ءاوهلا لىع ةسابد,2.0,KIT,370.0,740.0,DRAPER,UNKNOWN(=BRAND PLACEHOLDER)
21,595,18936,RUBBER SANDING BLOCK ربر ةرفنص بلاق,52.0,EA,10.0,520.0,DRAPER,UNKNOWN(=BRAND PLACEHOLDER)
21,596,63307,"HELMET,WHITE ءاضيب ةذوخ",8.0,EA,25.0,200.0,DRAPER,UNKNOWN(=BRAND PLACEHOLDER)
21,597,30973,SHEAR FOR ASSIJA ةجيسا صقم,17.0,EA,30.0,510.0,DRAPER,UNKNOWN(=BRAND PLACEHOLDER)
21,598,39451,INSIDE SPRING CALIPER 150MM لىخاد تريلاك,7.0,EA,20.0,140.0,DRAPER,UNKNOWN(=BRAND PLACEHOLDER)
21,599,34237,O/S SPRING CALIPER 150MM حىرراخ تريلاك,9.0,EA,20.0,180.0,DRAPER,UNKNOWN(=BRAND PLACEHOLDER)
21,600,9715,"ر SPIRIT LEVEL 9"" ةصوب 9 ناترم",21.0,EA,18.0,378.0,DRAPER,UNKNOWN(=BRAND PLACEHOLDER)
21,601,43358,"BRICK TRWOEL 11"" نيرطسم",2.0,EA,40.0,80.0,DRAPER,UNKNOWN(=BRAND PLACEHOLDER)
22,602,37871,ر 3LEG FILTER SPANNER 75-120MM تلف,29.0,EA,40.0,1160.0,DRAPER,UNKNOWN(=BRAND PLACEHOLDER)
22,603,33598,MAG.BASE FOR 150MM VISE ةمزلم ةدعاق,77.0,EA,35.0,2695.0,DRAPER,UNKNOWN(=BRAND PLACEHOLDER)
22,604,68921,BENDING SPRING 22MMX600MMةتسوس ةيانت,11.0,EA,27.0,297.0,DRAPER,UNKNOWN(=BRAND PLACEHOLDER)
22,605,9220,TROWEL 150MM نيرطسم,27.0,EA,12.0,324.0,DRAPER,UNKNOWN(=BRAND PLACEHOLDER)
22,606,36324,NEEDLE FILE 6PC مقط دترم,24.0,EA,30.0,720.0,DRAPER,UNKNOWN(=BRAND PLACEHOLDER)
22,607,30959,RIVETER ماشرب ةيدارز,29.0,EA,49.0,1421.0,DRAPER,UNKNOWN(=BRAND PLACEHOLDER)
22,608,14132,FRAME ROD SAW راشنم,11.0,EA,25.0,275.0,DRAPER,UNKNOWN(=BRAND PLACEHOLDER)
22,609,57428,JINUOR HACK SAW راشنم,11.0,EA,15.0,165.0,DRAPER,UNKNOWN(=BRAND PLACEHOLDER)
22,610,33544,150MM WOOD FILE بشخ دترم,72.0,EA,5.0,360.0,DRAPER,UNKNOWN(=BRAND PLACEHOLDER)
22,611,53095,TR.JACK 200KG,0.0,set,0.0,0.0,DRAPER,UNKNOWN(=BRAND PLACEHOLDER)
22,612,19782,RIVETER ماشرب ةيدارز,71.0,EA,70.0,4970.0,DRAPER,UNKNOWN(=BRAND PLACEHOLDER)
22,613,19782,RIVETERماشرب ةيدارز,0.0,EA,70.0,0.0,DRAPER,UNKNOWN(=BRAND PLACEHOLDER)
22,614,13963,HAND RIVTERماشرب ةيدارز,10.0,EA,49.0,490.0,DRAPER,UNKNOWN(=BRAND PLACEHOLDER)
22,615,43716,"CORE BIT,DIAMOND سام شيوخت ةشير",10.0,EA,340.0,3400.0,DRAPER,UNKNOWN(=BRAND PLACEHOLDER)
22,616,13840,HAND DRILL ىودي ليرد,10.0,EA,90.0,900.0,DRAPER,UNKNOWN(=BRAND PLACEHOLDER)
22,617,36522,"RULL,1M-WOOD بشخ ةرطسم",2.0,EA,40.0,80.0,DRAPER,UNKNOWN(=BRAND PLACEHOLDER)
22,618,13867,SPARK PLUG WRENCHحىراوب حاتفم,22.0,EA,30.0,660.0,DRAPER,UNKNOWN(=BRAND PLACEHOLDER)
22,619,89918,"TORCH,ALU. فاشك",15.0,EA,15.0,225.0,DRAPER,UNKNOWN(=BRAND PLACEHOLDER)
22,620,9220,TROWEL نيرطسم,7.0,EA,13.0,91.0,DRAPER,UNKNOWN(=BRAND PLACEHOLDER)
22,621,43361,PLASTER TROWEL ةيوست نيرطسم,2.0,EA,45.0,90.0,DRAPER,UNKNOWN(=BRAND PLACEHOLDER)
22,622,19704,TROWEL نيرطسم,4.0,EA,23.0,92.0,DRAPER,UNKNOWN(=BRAND PLACEHOLDER)
22,623,43358,TROWEL نيرطسم,6.0,EA,40.0,240.0,DRAPER,UNKNOWN(=BRAND PLACEHOLDER)
22,624,9218,TROWEL نيرطسم,2.0,EA,18.0,36.0,DRAPER,UNKNOWN(=BRAND PLACEHOLDER)
22,625,78277,TX-STAR BIT SET ةمجن بوبح مقط,32.0,EA,60.0,1920.0,DRAPER,UNKNOWN(=BRAND PLACEHOLDER)
22,626,49376,ر METRIC TAP لىمللاب يرنست حاتفم,4.0,SET,175.0,700.0,DRAPER,UNKNOWN(=BRAND PLACEHOLDER)
22,627,37329,ر TAP/WR. يرنست حاتفم,12.0,EA,35.0,420.0,DRAPER,UNKNOWN(=BRAND PLACEHOLDER)
22,628,43489,10MM HSS BIT ديدح ةشير,24.0,EA,10.0,240.0,DRAPER,UNKNOWN(=BRAND PLACEHOLDER)
22,629,43575,6.5MM HSS ديدح ليرد ةشير,31.0,EA,7.0,217.0,DRAPER,UNKNOWN(=BRAND PLACEHOLDER)
22,630,43486,7MM HSS ديدح ليرد ةشير,5.0,EA,7.0,35.0,DRAPER,UNKNOWN(=BRAND PLACEHOLDER)
22,631,76081,8MM COBALT تلابوك ةشير,8.0,EA,22.0,176.0,DRAPER,UNKNOWN(=BRAND PLACEHOLDER)
22,632,43579,10MM MASONARY رادج ةشير,47.0,EA,10.0,470.0,DRAPER,UNKNOWN(=BRAND PLACEHOLDER)
22,633,76071,3.5MM COBALT تلابوك ةشير,4.0,EA,7.0,28.0,DRAPER,UNKNOWN(=BRAND PLACEHOLDER)
22,634,53854,"4MM HSS,10PC/PKTديدح ةشير مقط",32.0,EA,6.0,192.0,DRAPER,UNKNOWN(=BRAND PLACEHOLDER)
23,635,43602,"12MM,SDS سا ىد سا ةشير",13.0,EA,35.0,455.0,DRAPER,UNKNOWN(=BRAND PLACEHOLDER)
23,636,38081,MECH.CREEPER كىيناكيم ةفاحز,3.0,EA,125.0,375.0,DRAPER,UNKNOWN(=BRAND PLACEHOLDER)
23,637,76068,2.5 COBALT DRILLS تلابوك ةشير,34.0,EA,5.0,170.0,DRAPER,UNKNOWN(=BRAND PLACEHOLDER)
23,638,43582,"12X150MM,MASONARY DRILLS رادج ةسير",15.0,EA,11.0,165.0,DRAPER,UNKNOWN(=BRAND PLACEHOLDER)
23,639,33080,MAG.PICK UP TOOL كىيناكيملل طاقتلا ةادا,5.0,EA,25.0,125.0,DRAPER,UNKNOWN(=BRAND PLACEHOLDER)
23,640,38081,MECH.CREEPER كىيناكيم ةفاحز,9.0,EA,120.0,1080.0,DRAPER,UNKNOWN(=BRAND PLACEHOLDER)
23,641,30427,SAND BLASTER KIT لمر شر ةنيكام,4.0,KIT,450.0,1800.0,DRAPER,UNKNOWN(=BRAND PLACEHOLDER)
23,642,13838,8MM DOUBLE PINUON HAND DRILL ىودي ليررد ةراجنلل,2.0,EA,65.0,130.0,DRAPER,UNKNOWN(=BRAND PLACEHOLDER)
23,643,43576,7X150MM MASONARY DRILLS رادج ةشير,74.0,EA,7.0,518.0,DRAPER,UNKNOWN(=BRAND PLACEHOLDER)
23,644,45785,"SWIVEL BASE FOR 150MM,VISE 6 ةمزلم""",9.0,EA,60.0,540.0,DRAPER,UNKNOWN(=BRAND PLACEHOLDER)
23,645,74697,SHARPENIG STONE 100X25MM نس رجح,58.0,EA,22.0,1276.0,DRAPER,UNKNOWN(=BRAND PLACEHOLDER)
23,646,65737,SHARPENIG STONE 200X50X25MM نس رجح,50.0,EA,30.0,1500.0,DRAPER,UNKNOWN(=BRAND PLACEHOLDER)
23,647,43583,12X200MM MASONARY DRILL رادج ةشير,52.0,EA,20.0,1040.0,DRAPER,UNKNOWN(=BRAND PLACEHOLDER)
23,648,53092,ENGINE STAND 450KG,0.0,EA,0.0,0.0,DRAPER,UNKNOWN(=BRAND PLACEHOLDER)
23,649,54504,SPARK PLUG حىراوب,6.0,EA,60.0,360.0,DRAPER,UNKNOWN(=BRAND PLACEHOLDER)
23,650,32250,,8.0,EA,70.0,560.0,DRAPER,UNKNOWN(=BRAND PLACEHOLDER)
23,651,38861,TILE CUTTER 160 طلاب ةعاطق,2.0,EA,90.0,180.0,DRAPER,UNKNOWN(=BRAND PLACEHOLDER)
23,652,45245,VACUUM BASE TABLE VICE ةلواط ةمزلم,10.0,EA,150.0,1500.0,DRAPER,UNKNOWN(=BRAND PLACEHOLDER)
23,653,31096,HOLE PUNCH PLIER شيوخت ةيدارز,1.0,EA,30.0,30.0,DRAPER,UNKNOWN(=BRAND PLACEHOLDER)
23,654,56246,CYL.HONE تاردنلسلا خلج ةادا,18.0,EA,110.0,1980.0,DRAPER,UNKNOWN(=BRAND PLACEHOLDER)
23,655,56244,CYL.HONE تاردنلسلا خلج ةادا,9.0,EA,35.0,315.0,DRAPER,UNKNOWN(=BRAND PLACEHOLDER)
23,656,33831,ر FACESHIELD هجو قاو,2.0,EA,115.0,230.0,DRAPER,UNKNOWN(=BRAND PLACEHOLDER)
23,657,41431,ROTARY WIRE CUP ةشرف كلس ةركب,34.0,EA,10.0,340.0,DRAPER,UNKNOWN(=BRAND PLACEHOLDER)
23,658,37332,ر TAP.WRENCH يرنست حاتفم,8.0,EA,80.0,640.0,DRAPER,UNKNOWN(=BRAND PLACEHOLDER)
23,659,37331,ر TAP. WRENCHيرنست حاتفم,6.0,EA,65.0,390.0,DRAPER,UNKNOWN(=BRAND PLACEHOLDER)
23,660,79540,ر FL.WOOD BITيرنست حاتفم,16.0,EA,38.0,608.0,DRAPER,UNKNOWN(=BRAND PLACEHOLDER)
23,661,43633,FL.WOOD BIT ةططبم بشخ ةشير,23.0,EA,15.0,345.0,DRAPER,UNKNOWN(=BRAND PLACEHOLDER)
23,662,13711,5PC DRILL BIT.MASONARY رادج شير مقط,14.0,set,20.0,280.0,DRAPER,UNKNOWN(=BRAND PLACEHOLDER)
23,663,16637,"5PC,WOOD BIT 10و8و6و5و4بشخ شير مقطMM",52.0,EA,20.0,1040.0,DRAPER,UNKNOWN(=BRAND PLACEHOLDER)
23,664,13704,13PC.DILL BIT SET رادج شير مقط,45.0,set,30.0,1350.0,DRAPER,UNKNOWN(=BRAND PLACEHOLDER)
23,665,35191,comb.wr.10mm كرلتشم حاتفم,24.0,EA,15.0,360.0,DRAPER,UNKNOWN(=BRAND PLACEHOLDER)
24,666,51957,ر AC/DC TESTER تست,4.0,EA,160.0,640.0,DRAPER,UNKNOWN(=BRAND PLACEHOLDER)
24,667,33093,"SKT,10MM,12PT,1/2DR مورك ةبح",14.0,EA,20.0,280.0,DRAPER,UNKNOWN(=BRAND PLACEHOLDER)
24,668,80756,"S.CALIPER,6"" تريلاك",2.0,EA,295.0,590.0,DRAPER,UNKNOWN(=BRAND PLACEHOLDER)
24,669,46610,"DIGITAL CALIPER 6"" مىقر تريلاك",1.0,EA,295.0,295.0,DRAPER,UNKNOWN(=BRAND PLACEHOLDER)
24,670,82805,HEEL BARMPRY ىورك راب,1.0,EA,45.0,45.0,DRAPER,UNKNOWN(=BRAND PLACEHOLDER)
24,671,9548,S/D 19PC/SET تاكفم مقط,1.0,SET,230.0,230.0,DRAPER,UNKNOWN(=BRAND PLACEHOLDER)
24,672,56437,"NON-CONTACT THERMOMETER,IR,",3.0,EA,375.0,1125.0,DRAPER,UNKNOWN(=BRAND PLACEHOLDER)
24,673,75305,"HOSE CLIP,DRIVER تازوهلل تابلكلا لصاف",3.0,EA,95.0,285.0,DRAPER,UNKNOWN(=BRAND PLACEHOLDER)
24,674,89793,REMOTE HOSE CLIP PLIER بلكلا لصاف,1.0,EA,330.0,330.0,DRAPER,UNKNOWN(=BRAND PLACEHOLDER)
24,675,35884,"CYL,LEAKAGE تاردنلسلل ءاوهلا بسرت زاهج",1.0,KIT,550.0,550.0,DRAPER,UNKNOWN(=BRAND PLACEHOLDER)
24,676,84155,HOSE CLIP PLIER تابلك ةيدارز,1.0,EA,240.0,240.0,DRAPER,UNKNOWN(=BRAND PLACEHOLDER)
24,677,68614,COIL SPRING COMP. تادعاسملا طعض ةتدا,3.0,KIT,295.0,885.0,DRAPER,UNKNOWN(=BRAND PLACEHOLDER)
24,678,41026,BATTERY TESTER 12V-ALTR.ةيراطلا صحف زاهج ومنيدلاو,6.0,EA,135.0,810.0,DRAPER,UNKNOWN(=BRAND PLACEHOLDER)
24,679,19779,CRIMPER سبك ةدارز,8.0,EA,75.0,600.0,DRAPER,UNKNOWN(=BRAND PLACEHOLDER)
24,680,39591,"TYPE DEPTH GAUGE,DIGITAL قامعلاا سايق ةادا",1.0,EA,380.0,380.0,DRAPER,UNKNOWN(=BRAND PLACEHOLDER)
24,681,24690,"24MM,SKT,12PT,1/2DR.مورك ةبح",5.0,EA,65.0,325.0,DRAPER,UNKNOWN(=BRAND PLACEHOLDER)
24,682,33594,"36MM,1/2DR,12PT,SKTمورك ةبح",3.0,EA,130.0,390.0,DRAPER,UNKNOWN(=BRAND PLACEHOLDER)
24,683,33734,"16L,SKT,12PT,1/2DRمورك ةبح",4.0,EA,48.0,192.0,DRAPER,UNKNOWN(=BRAND PLACEHOLDER)
24,684,33858,"30MM,12PT,3/4DRمورك ةبح",4.0,EA,65.0,260.0,DRAPER,UNKNOWN(=BRAND PLACEHOLDER)
24,685,33418,"12PT,SKT,1/2DR.25MMمورك ةبح",4.0,EA,48.0,192.0,DRAPER,UNKNOWN(=BRAND PLACEHOLDER)
24,686,33442,"27MM,12PT,1/2DR-SKTمورك ةبح",4.0,EA,48.0,192.0,DRAPER,UNKNOWN(=BRAND PLACEHOLDER)
24,687,33202,"18MM,1/2DR.12PT,SKT مورك ةبح",4.0,EA,38.0,152.0,DRAPER,UNKNOWN(=BRAND PLACEHOLDER)
24,688,33105,"13MM,1/2DR,12PT-SKT مورك ةبح",4.0,EA,38.0,152.0,DRAPER,UNKNOWN(=BRAND PLACEHOLDER)
24,689,63814,FUSE KIT تازويف مقط,3.0,KIT,120.0,360.0,DRAPER,UNKNOWN(=BRAND PLACEHOLDER)
24,690,64408,COPING SAW راشنم,47.0,EA,30.0,1410.0,DRAPER,UNKNOWN(=BRAND PLACEHOLDER)
24,691,71286,WALL SCRAPER ناهد ةنيكس,27.0,EA,15.0,405.0,DRAPER,UNKNOWN(=BRAND PLACEHOLDER)
24,692,82664,FILLING KNIFE نوجعم ةنيكس,8.0,EA,16.0,128.0,DRAPER,UNKNOWN(=BRAND PLACEHOLDER)
24,693,25993,HOLLOW PUNCH SET شيوخت مقط,3.0,SET,65.0,195.0,DRAPER,UNKNOWN(=BRAND PLACEHOLDER)
24,694,37332,BARTYPE TAPWREN.6.8-23.35MMSQ,11.0,EA,98.0,1078.0,DRAPER,UNKNOWN(=BRAND PLACEHOLDER)
24,695,37331,ر BAR TYPE TAPWREN.4.25-17.7MSQ يرنسنت حاتفم,8.0,EA,95.0,760.0,DRAPER,UNKNOWN(=BRAND PLACEHOLDER)
25,696,10913,NUT SPLITER ليماوص لصاف,1.0,SET,38.0,38.0,DRAPER,UNKNOWN(=BRAND PLACEHOLDER)
25,697,10916,NUT SPLITER ليماوص لصاف,4.0,SET,48.0,192.0,DRAPER,UNKNOWN(=BRAND PLACEHOLDER)
25,698,71462,WIPER ARM PULLER تاحاسملل ةنيجرز,5.0,EA,40.0,200.0,DRAPER,UNKNOWN(=BRAND PLACEHOLDER)
25,699,30785,HAND VICE ةيودب ةمزلم,20.0,EA,55.0,1100.0,DRAPER,UNKNOWN(=BRAND PLACEHOLDER)
25,700,52345,ENGRAVER ةرافح,7.0,EA,70.0,490.0,DRAPER,UNKNOWN(=BRAND PLACEHOLDER)
25,701,52580,WINDOW CUP REMOVERجاجز ةلماح,3.0,EA,15.0,45.0,DRAPER,UNKNOWN(=BRAND PLACEHOLDER)
25,702,23612,OIL STAND TELESCOPIC تيز ةافصم,1.0,EA,450.0,450.0,DRAPER,UNKNOWN(=BRAND PLACEHOLDER)
25,703,78405,OIL STAND DRAINER تيز ةافصم,1.0,EA,1500.0,1500.0,DRAPER,UNKNOWN(=BRAND PLACEHOLDER)
25,704,56244,CYL.HONE تاردنلسلا خلج ةادا,3.0,EA,30.0,90.0,DRAPER,UNKNOWN(=BRAND PLACEHOLDER)
25,705,56446,SAC TRUCK بيبانا لمح ةبرع,3.0,EA,180.0,540.0,DRAPER,UNKNOWN(=BRAND PLACEHOLDER)
25,706,13506,PAINT ROLER.TRY ناهد ةشرف مقط,28.0,KIT,45.0,1260.0,DRAPER,UNKNOWN(=BRAND PLACEHOLDER)
25,707,69644,"19MM,WOOD CHISEL بشخ ليمزا",4.0,EA,30.0,120.0,DRAPER,UNKNOWN(=BRAND PLACEHOLDER)
25,708,56864,"6MM,WOOD CHISEL بشخ ليمزا",32.0,EA,15.0,480.0,DRAPER,UNKNOWN(=BRAND PLACEHOLDER)
25,709,89328,"20MM,WOOD CHISEL بشخ ليمزا",1.0,EA,35.0,35.0,DRAPER,UNKNOWN(=BRAND PLACEHOLDER)
25,710,89327,"16MM,WOOD CHISEL بشخ ليمزا",3.0,EA,25.0,75.0,DRAPER,UNKNOWN(=BRAND PLACEHOLDER)
25,711,56865,"10MM,WOOD CHISEL بشخ ليمزا",49.0,EA,22.0,1078.0,DRAPER,UNKNOWN(=BRAND PLACEHOLDER)
25,712,10580,"30MM,TUBE CUTTER ساحن ترساوم ةعاطق",25.0,EA,40.0,1000.0,DRAPER,UNKNOWN(=BRAND PLACEHOLDER)
25,713,10579,3-22MM TUBE CUTTER ساحن ترستوم ةعاطق,54.0,EA,30.0,1620.0,DRAPER,UNKNOWN(=BRAND PLACEHOLDER)
25,714,59301,TRANS.3TON برضرا ةعفار,4.0,EA,350.0,1400.0,DRAPER,UNKNOWN(=BRAND PLACEHOLDER)
25,715,56866,"12MM,WOOD CHISEL بشخ ليمزا",7.0,EA,18.0,126.0,DRAPER,UNKNOWN(=BRAND PLACEHOLDER)
25,716,89326,"12MM,WOOD CHISEL بشخ ليمزا",14.0,EA,18.0,252.0,DRAPER,UNKNOWN(=BRAND PLACEHOLDER)
25,717,18050,CLEAR GOGGLES ماحل ةراظن,32.0,EA,25.0,800.0,DRAPER,UNKNOWN(=BRAND PLACEHOLDER)
25,718,64383,PADSAW راشنم,48.0,EA,48.0,2304.0,DRAPER,UNKNOWN(=BRAND PLACEHOLDER)
25,719,79327,BINOCULAR راظنم,2.0,EA,180.0,360.0,DRAPER,UNKNOWN(=BRAND PLACEHOLDER)
25,720,43588,MASONART DRILL BIT 16.0MM رادج ةشير,45.0,EA,23.0,1035.0,DRAPER,UNKNOWN(=BRAND PLACEHOLDER)
25,721,13657,CRIMPER سبك ةدارز,71.0,EA,25.0,1775.0,DRAPER,UNKNOWN(=BRAND PLACEHOLDER)
25,722,37847,IMPACT SKT SET ليوط ءادسرر بوبح مقط,51.0,SET,230.0,11730.0,DRAPER,UNKNOWN(=BRAND PLACEHOLDER)
25,723,35010,ر REG.OXY يرجسكا مظنم,1.0,PC,186.0,186.0,DRAPER,UNKNOWN(=BRAND PLACEHOLDER)
25,724,35017,ARG.ARGON نوجرا مظنم,11.0,PC,186.0,2046.0,DRAPER,UNKNOWN(=BRAND PLACEHOLDER)
25,725,35008,ر REG.ACET يرليتسا مظنم,10.0,PC,186.0,1860.0,DRAPER,UNKNOWN(=BRAND PLACEHOLDER)
25,726,22357,NO2X38MM PZ-TYPE S/DRIVER BUL.PH#2 كفم,12.0,PCS,8.0,96.0,DRAPER,UNKNOWN(=BRAND PLACEHOLDER)
25,727,43528,NO.0X75MM CROSS SLOT S/DRIVER-PH#0 كفم,32.0,PCS,9.0,288.0,DRAPER,UNKNOWN(=BRAND PLACEHOLDER)
25,728,19501,NO.0X75MMPZ-TYPE S/DRIVER PCKD-PH#0 كفم,36.0,PCS,9.0,324.0,DRAPER,UNKNOWN(=BRAND PLACEHOLDER)
26,729,57449,NO2X38MM C/SLOT S/DRIVER.PH#2 كفم,31.0,PCS,11.0,341.0,DRAPER,UNKNOWN(=BRAND PLACEHOLDER)
26,730,48932,NO.2 X 100MM CROSS S/DRIVER كفم,10.0,PCS,8.0,80.0,DRAPER,UNKNOWN(=BRAND PLACEHOLDER)
26,731,43498,3 X 150MM SCREWDRIVER PARA TIP-SLOT.كفم,60.0,PCS,9.0,540.0,DRAPER,UNKNOWN(=BRAND PLACEHOLDER)
26,732,43512,5 X 75MM SCREWDRIVER FLARED-SLOT كفم,43.0,PCS,6.0,258.0,DRAPER,UNKNOWN(=BRAND PLACEHOLDER)
26,733,55504,NO0X75MM PZ TYPE S/DRIVER-PZ#0X75MM كفم,148.0,PCS,10.0,1480.0,DRAPER,UNKNOWN(=BRAND PLACEHOLDER)
26,734,55505,NO1X75 MM PZ TYPE S/DRIVER-PZ#1X75MM,26.0,PCS,13.0,338.0,DRAPER,UNKNOWN(=BRAND PLACEHOLDER)
26,735,23800,NO4X200MM X/SLOT S/DRIVER-BULK-PH#4 كفم,21.0,PCS,20.0,420.0,DRAPER,UNKNOWN(=BRAND PLACEHOLDER)
26,736,55509,"screwdriver-PZ2X250MM,PZ TYPE كفم",78.0,PCS,15.0,1170.0,DRAPER,UNKNOWN(=BRAND PLACEHOLDER)
26,737,43500,4 X 100MM SCREWDRIVER PARALEL TIP-4MM كفم,34.0,PCS,8.0,272.0,DRAPER,UNKNOWN(=BRAND PLACEHOLDER)
26,738,55508,NO1X250MM PZ TYPE S/D-LONG-PZ1X250MM كفم,35.0,PCS,15.0,525.0,DRAPER,UNKNOWN(=BRAND PLACEHOLDER)
26,739,55507,NO3X150MM PZ TYPE S/DRIVER-PZ.3 كفم,3.0,PCS,20.0,60.0,DRAPER,UNKNOWN(=BRAND PLACEHOLDER)
26,740,48931,NO.1 X 75MM CROSS S/DRIVER-PHكفم كفم#1,19.0,PCS,8.0,152.0,DRAPER,UNKNOWN(=BRAND PLACEHOLDER)
26,741,43502,"5.5X150MM SCREWDRIVER PARA TIP- 5.5MM,SLOTكفم",5.0,PCS,11.0,55.0,DRAPER,UNKNOWN(=BRAND PLACEHOLDER)
26,742,7481,S/DR.PZ.1 -1000Vلوزعم كفم,32.0,PCS,12.0,384.0,DRAPER,UNKNOWN(=BRAND PLACEHOLDER)
26,743,14096,PZ2-S/DRIVER-STUBBY كفم,4.0,PCS,8.0,32.0,DRAPER,UNKNOWN(=BRAND PLACEHOLDER)
26,745,43513,6 X 38MM SCREWDRIVER FLARED-SLOT كفم,73.0,PCS,10.0,730.0,DRAPER,UNKNOWN(=BRAND PLACEHOLDER)
26,746,19509,NO3X150MMPZ-TYPE S/DRIVER BULK-PZ.3 كفم,29.0,PCS,13.0,377.0,DRAPER,UNKNOWN(=BRAND PLACEHOLDER)
26,747,14085,NO3X150MM C-SLOT S/DRIVER PCKD-PH.3 كفم,29.0,PCS,15.0,435.0,DRAPER,UNKNOWN(=BRAND PLACEHOLDER)
26,748,43497,100MM S.DR. PARA TIP-3X100MM.SLOT كفم,14.0,PCS,9.0,126.0,DRAPER,UNKNOWN(=BRAND PLACEHOLDER)
26,749,55493,"screwdriver,3.2MMX150MM-SLOT كفم",248.0,PCS,11.0,2728.0,DRAPER,UNKNOWN(=BRAND PLACEHOLDER)
26,750,#07483,"PZ#3,S.D,INSLATEFD-1000V-3X150MM لوزعم كفم SLOT,S/D.8X150 كفم PZ 2-S/DR.STUBBY كفم PZ .1-S/D.-1000V لوزعم كفم",46.0,PCS,16.0,736.0,DRAPER,UNKNOWN(=BRAND PLACEHOLDER)
26,751,19500,,35.0,PCS,13.0,455.0,DRAPER,UNKNOWN(=BRAND PLACEHOLDER)
26,752,23801,,3.0,PCS,8.0,24.0,DRAPER,UNKNOWN(=BRAND PLACEHOLDER)
26,753,7481,,29.0,PCS,11.0,319.0,DRAPER,UNKNOWN(=BRAND PLACEHOLDER)
26,754,43516,ENGR.S/D 6X100MM كفم,19.0,PCS,22.0,418.0,DRAPER,UNKNOWN(=BRAND PLACEHOLDER)
26,755,43503,"5.5X200MM,ENGR,S/D كفم",8.0,PCS,13.0,104.0,DRAPER,UNKNOWN(=BRAND PLACEHOLDER)
27,756,7473,2.5MM VDE SCREDRIVER لوزعم كفم,40.0,PCS,21.0,840.0,DRAPER,UNKNOWN(=BRAND PLACEHOLDER)
27,757,55490,9.5X150MM-MECH.S/D كىيناكيم كفم,7.0,PCS,11.0,77.0,DRAPER,UNKNOWN(=BRAND PLACEHOLDER)
27,758,55488,"8X150MM,MECH,S/D كىيناكيم كفم",9.0,PCS,7.0,63.0,DRAPER,UNKNOWN(=BRAND PLACEHOLDER)
27,759,55502,"5.5X150MM,ENGR.S/Dكفم",32.0,PCS,18.0,576.0,DRAPER,UNKNOWN(=BRAND PLACEHOLDER)
27,760,43496,"3X75MM,ENGR,S/D كفم",101.0,PCS,8.0,808.0,DRAPER,UNKNOWN(=BRAND PLACEHOLDER)
27,761,55489,9.5X200MM كفم,24.0,PCS,12.0,288.0,DRAPER,UNKNOWN(=BRAND PLACEHOLDER)
27,762,19497,6X38MM كفم,50.0,PCS,6.0,300.0,DRAPER,UNKNOWN(=BRAND PLACEHOLDER)
27,763,55487,"6X150MM-MECH S/D كفم 5X250 S/D كفم 9.5X250MM,CABINET S/D كفم ph2X100MM كفم PH3 SCREWDRIVER كفم 5X75-CAB.S/D كفم 6X100MM,S/D,FLARED كفم",5.0,PCS,7.0,35.0,DRAPER,UNKNOWN(=BRAND PLACEHOLDER)
27,764,55498,,32.0,PCS,13.0,416.0,DRAPER,UNKNOWN(=BRAND PLACEHOLDER)
27,765,22354,,20.0,PCS,18.0,360.0,DRAPER,UNKNOWN(=BRAND PLACEHOLDER)
27,766,40068,,3.0,PCS,15.0,45.0,DRAPER,UNKNOWN(=BRAND PLACEHOLDER)
27,767,43537,,2.0,PCS,18.0,36.0,DRAPER,UNKNOWN(=BRAND PLACEHOLDER)
27,768,19830,,7.0,PCS,8.0,56.0,DRAPER,UNKNOWN(=BRAND PLACEHOLDER)
27,769,43514,,2.0,PCS,11.0,22.0,DRAPER,UNKNOWN(=BRAND PLACEHOLDER)
27,770,19498,3.2X63MM S/D كفم,7.0,PCS,10.0,70.0,DRAPER,UNKNOWN(=BRAND PLACEHOLDER)
27,771,43515,8X150MM-MECH كىيناكيم كفم,1.0,PCS,11.0,11.0,DRAPER,UNKNOWN(=BRAND PLACEHOLDER)
27,772,55492,3.2X100MM S/D كفم,2.0,PCS,10.0,20.0,DRAPER,UNKNOWN(=BRAND PLACEHOLDER)
27,773,19499,"6X100MM,S/D,FLARED كفم",32.0,PCS,9.0,288.0,DRAPER,UNKNOWN(=BRAND PLACEHOLDER)
27,774,22633,0x75mm كفم,6.0,PCS,10.0,60.0,DRAPER,UNKNOWN(=BRAND PLACEHOLDER)
27,775,7482,vde ph.2 x100 كفم,12.0,PCS,18.0,216.0,DRAPER,UNKNOWN(=BRAND PLACEHOLDER)
27,776,7477,8.0 X175MM S/D VDE لوزعم كفم,47.0,PCS,16.0,752.0,DRAPER,UNKNOWN(=BRAND PLACEHOLDER)
27,777,23799,S/D كفم,2.0,PCS,16.0,32.0,DRAPER,UNKNOWN(=BRAND PLACEHOLDER)
27,778,34267,T25X100TX-TAMPERPROOF S/D-PKD كفم,28.0,PCS,10.0,280.0,DRAPER,UNKNOWN(=BRAND PLACEHOLDER)
27,779,55491,Draper 55491 Plain Slot Parallel Tip Mech3.2mm x 75mm كفم,2.0,PCS,15.0,30.0,DRAPER,UNKNOWN(=BRAND PLACEHOLDER)
27,780,19449,S/D كفم,31.0,PCS,15.0,465.0,DRAPER,UNKNOWN(=BRAND PLACEHOLDER)
27,781,55493,"screwdriver,3.2MMX150MM-SLOT كفم",188.0,PCS,11.0,2068.0,DRAPER,UNKNOWN(=BRAND PLACEHOLDER)
27,782,52172,ر PLUMB BOB-ءانب ناترم,71.0,EA,25.0,1775.0,DRAPER,UNKNOWN(=BRAND PLACEHOLDER)
27,783,58698,"13MM,CHUCK ليرد فرظ",2.0,EA,30.0,60.0,DRAPER,UNKNOWN(=BRAND PLACEHOLDER)
27,784,40803,"FL.S.D,LONG مم450 ططبم كفم",42.0,EA,30.0,1260.0,DRAPER,UNKNOWN(=BRAND PLACEHOLDER)
27,785,40802,"PH.S/D,LONG مم450 ةبيلص كفم",53.0,EA,30.0,1590.0,DRAPER,UNKNOWN(=BRAND PLACEHOLDER)
27,786,57841,GREASE GUN HOSE ةمحشم موطرج,10.0,EA,12.0,120.0,DRAPER,UNKNOWN(=BRAND PLACEHOLDER)
27,787,31995,13X14MM تشتار حافم,2.0,EA,40.0,80.0,DRAPER,UNKNOWN(=BRAND PLACEHOLDER)
28,788,31993,6X8MM تشتار حاتفم,1.0,EA,30.0,30.0,DRAPER,UNKNOWN(=BRAND PLACEHOLDER)
28,789,31993,RATCHET WR.تشتار حاتفم,13.0,EA,35.0,455.0,DRAPER,UNKNOWN(=BRAND PLACEHOLDER)
28,790,31996,15X17MM تشتار حاتفم,8.0,EA,40.0,320.0,DRAPER,UNKNOWN(=BRAND PLACEHOLDER)
28,791,31995,13X14MM تشتار حافم,8.0,EA,35.0,280.0,DRAPER,UNKNOWN(=BRAND PLACEHOLDER)
28,792,31997,19X22MM تشتار حاتفم,1.0,EA,50.0,50.0,DRAPER,UNKNOWN(=BRAND PLACEHOLDER)
28,793,31996,15X17MM تشتار حاتفم,4.0,EA,40.0,160.0,DRAPER,UNKNOWN(=BRAND PLACEHOLDER)
28,794,64413,"VDE,S.D لوزعم كفم",8.0,EA,39.0,312.0,DRAPER,UNKNOWN(=BRAND PLACEHOLDER)
28,795,64368,"VDE,S.D لوزعم كفم",10.0,EA,39.0,390.0,DRAPER,UNKNOWN(=BRAND PLACEHOLDER)
28,796,64367,"VDE,S.D لوزعم كفم",10.0,EA,35.0,350.0,DRAPER,UNKNOWN(=BRAND PLACEHOLDER)
28,797,64422,"VDE,S.D لوزعم كفم",10.0,EA,45.0,450.0,DRAPER,UNKNOWN(=BRAND PLACEHOLDER)
28,798,64419,"VDE,S.D لوزعم كفم",10.0,EA,45.0,450.0,DRAPER,UNKNOWN(=BRAND PLACEHOLDER)
28,799,64414,"VDE,S.D لوزعم كفم",10.0,EA,45.0,450.0,DRAPER,UNKNOWN(=BRAND PLACEHOLDER)
28,800,68703,"ر THREAD FILE,RESTORE نونسلا عاجتسا دترم",29.0,EA,110.0,3190.0,DRAPER,UNKNOWN(=BRAND PLACEHOLDER)
28,801,55641,STUD EXTRACTOR ةروسكملا ترماسملا بحس ةادا,3.0,SET,95.0,285.0,DRAPER,UNKNOWN(=BRAND PLACEHOLDER)
28,802,35037,"TYPE 5,NOIZZLE 5 ماحل لزن",10.0,EA,22.0,220.0,DRAPER,UNKNOWN(=BRAND PLACEHOLDER)
28,803,35035,"TYPE 5,NOIZZLE ,NO.2 ماحل لزن",38.0,EA,23.0,874.0,DRAPER,UNKNOWN(=BRAND PLACEHOLDER)
28,804,35036,"TYPE 5,NOIZZLE NO.3 ماحل لزن",17.0,EA,23.0,391.0,DRAPER,UNKNOWN(=BRAND PLACEHOLDER)
28,805,35038,"TYPE 5,NOIZZLE NO.7 ماحل لزن",28.0,EA,23.0,644.0,DRAPER,UNKNOWN(=BRAND PLACEHOLDER)
28,806,35038,"TYPE 5,NOIZZLE NO.7 ماحل لزن",18.0,EA,23.0,414.0,DRAPER,UNKNOWN(=BRAND PLACEHOLDER)
28,807,68856,"HOOK WRENCH 3/4-2"" كوه حاتفم",5.0,EA,65.0,325.0,DRAPER,UNKNOWN(=BRAND PLACEHOLDER)
28,808,69099,"HOOK WRENCH 2""-4.3/4"" كوه حانفم",3.0,EA,130.0,390.0,DRAPER,UNKNOWN(=BRAND PLACEHOLDER)
28,809,68857,"HOOK WRENCH 3/4-2"" كوه حاتفم",3.0,EA,95.0,285.0,DRAPER,UNKNOWN(=BRAND PLACEHOLDER)
28,810,37874,"4T,BODY PULLER LIT نط 4 ةركمس مقط",8.0,KIT,480.0,3840.0,DRAPER,UNKNOWN(=BRAND PLACEHOLDER)
28,811,65314,FLOURESENT LIGHT كىيناكيم ةيمل,1.0,EA,85.0,85.0,DRAPER,UNKNOWN(=BRAND PLACEHOLDER)
28,812,53095,JACK 200KG,0.0,EA,490.0,0.0,DRAPER,UNKNOWN(=BRAND PLACEHOLDER)
28,813,14154,STUD EXTRACTOR ةروسكملا ترماسملا بحس ةادا,27.0,SET,80.0,2160.0,DRAPER,UNKNOWN(=BRAND PLACEHOLDER)
28,814,43306,ROLLER ةلور ةشرف,9.0,EA,8.0,72.0,DRAPER,UNKNOWN(=BRAND PLACEHOLDER)
28,815,58699,"WOOD CHISEL,GAUGE ةراجن شيوخت ةادا",18.0,EA,40.0,720.0,DRAPER,UNKNOWN(=BRAND PLACEHOLDER)
28,816,33554,IGNITION FILE كىيناكيم دترم,40.0,EA,10.0,400.0,DRAPER,UNKNOWN(=BRAND PLACEHOLDER)
28,817,75301,"ر 10M,MEASURING TAPE سايق تم",43.0,EA,58.0,2494.0,DRAPER,UNKNOWN(=BRAND PLACEHOLDER)
28,818,75298,"ر 3M,MEASURING TAPE سايق تم",40.0,EA,25.0,1000.0,DRAPER,UNKNOWN(=BRAND PLACEHOLDER)
28,819,75299,ر 5M-MEASURING TAPE سايق تم,9.0,EA,18.0,162.0,DRAPER,UNKNOWN(=BRAND PLACEHOLDER)
28,820,11528,CAULK LINE ملاع طيخ,14.0,EA,30.0,420.0,DRAPER,UNKNOWN(=BRAND PLACEHOLDER)
29,821,13768,GROUT RAKE طلبم ةادا,29.0,EA,35.0,1015.0,DRAPER,UNKNOWN(=BRAND PLACEHOLDER)
29,822,81519,TORQUE SCREW DRIVER كروت كفم,24.0,EA,75.0,1800.0,DRAPER,UNKNOWN(=BRAND PLACEHOLDER)
29,823,49463,GROUTE RAKE SPARE طلبملا ةادلا رايغ,26.0,SET,20.0,520.0,DRAPER,UNKNOWN(=BRAND PLACEHOLDER)
29,824,9123,MIG PLIER جيم ةيارز,5.0,EA,85.0,425.0,DRAPER,UNKNOWN(=BRAND PLACEHOLDER)
29,825,19613,"FEELER,COMB. ترييف",4.0,EA,30.0,120.0,DRAPER,UNKNOWN(=BRAND PLACEHOLDER)
29,826,33554,IGNITION FILE كىيناكيم دترم,2.0,EA,30.0,60.0,DRAPER,UNKNOWN(=BRAND PLACEHOLDER)
29,827,49419,GROUTE RAKE TOOL OR 13768 طلبم ةادا,29.0,EA,25.0,725.0,DRAPER,UNKNOWN(=BRAND PLACEHOLDER)
29,828,35044,CUTTING TIP صق لزن,50.0,EA,30.0,1500.0,DRAPER,UNKNOWN(=BRAND PLACEHOLDER)
29,829,35042,CUTTING TIP صق لزن,50.0,EA,30.0,1500.0,DRAPER,UNKNOWN(=BRAND PLACEHOLDER)
29,830,35049,CUTTING TIP صق لزن,50.0,EA,30.0,1500.0,DRAPER,UNKNOWN(=BRAND PLACEHOLDER)
29,831,35033,CUTTING ATTACHMENT ماحل ةلصوت,3.0,EA,298.0,894.0,DRAPER,UNKNOWN(=BRAND PLACEHOLDER)
29,832,35031,H.DUTY SHANK ماحل دي,3.0,EA,265.0,795.0,DRAPER,UNKNOWN(=BRAND PLACEHOLDER)
29,833,35032,MIXER ماحل طلاخ,2.0,EA,80.0,160.0,DRAPER,UNKNOWN(=BRAND PLACEHOLDER)
29,834,35107,LIGHTER ةعلاو,26.0,EA,20.0,520.0,DRAPER,UNKNOWN(=BRAND PLACEHOLDER)
29,835,35105,NOZZLE CLEANER تلازن فظنم,19.0,KIT,20.0,380.0,DRAPER,UNKNOWN(=BRAND PLACEHOLDER)
29,836,13657,CRIMPER سبك ةدارز,45.0,EA,25.0,1125.0,DRAPER,UNKNOWN(=BRAND PLACEHOLDER)
29,837,56413,HOLESAW KIT-7PCS شيوحت مقط,48.0,EA,40.0,1920.0,DRAPER,UNKNOWN(=BRAND PLACEHOLDER)
29,838,49420,GROUTE REMOVER طلبم ةادا,70.0,EA,30.0,2100.0,DRAPER,UNKNOWN(=BRAND PLACEHOLDER)
29,839,56412,HOLE SAW 102MM شيوخت ةشير,1.0,EA,40.0,40.0,DRAPER,UNKNOWN(=BRAND PLACEHOLDER)
29,840,41094,HOLE SAW 105MM شيوخت ةشير,4.0,EA,40.0,160.0,DRAPER,UNKNOWN(=BRAND PLACEHOLDER)
29,841,41092,HOLE SAW 95MM شيوخت ةشير,1.0,EA,35.0,35.0,DRAPER,UNKNOWN(=BRAND PLACEHOLDER)
29,842,41095,HOLE SAW 114MM شيوخت ةشير,2.0,EA,47.0,94.0,DRAPER,UNKNOWN(=BRAND PLACEHOLDER)
29,843,41091,HOLE SAW 92MM شيوخت ةشر,1.0,EA,30.0,30.0,DRAPER,UNKNOWN(=BRAND PLACEHOLDER)
29,844,41089,HOLE SAW 80MM شيوخت ةشير,3.0,EA,40.0,120.0,DRAPER,UNKNOWN(=BRAND PLACEHOLDER)
29,845,41082,HOLE SAW 54MM شيوخت ةشير,1.0,EA,30.0,30.0,DRAPER,UNKNOWN(=BRAND PLACEHOLDER)
29,846,41087,HOLESAW 70MM شيوخت ةشير,37.0,EA,35.0,1295.0,DRAPER,UNKNOWN(=BRAND PLACEHOLDER)
29,847,41086,HOLE SAW 67 شيوخت ةشير,37.0,EA,35.0,1295.0,DRAPER,UNKNOWN(=BRAND PLACEHOLDER)
29,848,4519,FLARE NUT WRENCH لمارفلل ترلف حاتفم,12.0,EA,55.0,660.0,DRAPER,UNKNOWN(=BRAND PLACEHOLDER)
29,849,4501,FLARE NUT WRENCH لمارفلل ترلف حاتفم,9.0,EA,55.0,495.0,DRAPER,UNKNOWN(=BRAND PLACEHOLDER)
29,850,14565,FLARE NUT WRENCH لمارفلل ترلف حاتفم,21.0,EA,40.0,840.0,DRAPER,UNKNOWN(=BRAND PLACEHOLDER)
29,851,14566,FLARE NUT WRENCH لمارفلل ترلف حاتفم,18.0,EA,40.0,720.0,DRAPER,UNKNOWN(=BRAND PLACEHOLDER)
29,852,69933,SAFETY HELMET ةذوخ,5.0,KIT,95.0,475.0,DRAPER,UNKNOWN(=BRAND PLACEHOLDER)
29,853,35382,T-HANDLE KEX KEY ديب كى نلا,12.0,SET,95.0,1140.0,DRAPER,UNKNOWN(=BRAND PLACEHOLDER)
30,854,35383,T-HANDLE KEX KEY ديب كى نلا,6.0,SET,95.0,570.0,DRAPER,UNKNOWN(=BRAND PLACEHOLDER)
30,855,"15/16""",ر COMB.WRENCH-36933 كتشم حاتفم,6.0,EA,35.0,210.0,DRAPER,UNKNOWN(=BRAND PLACEHOLDER)
30,856,7200,1/4X5/16-BRAKE ADJUSTER WRENCH كيرب حاتفم ةرايسلا,15.0,EA,20.0,300.0,DRAPER,UNKNOWN(=BRAND PLACEHOLDER)
30,857,12329,"1/4X11/32""BRAKE ADJUSTER WRENCHحاتفم ةرايسلا كيرب",20.0,EA,30.0,600.0,DRAPER,UNKNOWN(=BRAND PLACEHOLDER)
30,858,35310,"ر 9/16"" COMB.WRENCH كتشم حاتفم",4.0,EA,18.0,72.0,DRAPER,UNKNOWN(=BRAND PLACEHOLDER)
30,859,68574,TROUBLE LIGHT سدنهم ةبمل,17.0,EA,35.0,595.0,DRAPER,UNKNOWN(=BRAND PLACEHOLDER)
30,860,84646,"ر 1/4"" COMB.WRENCH كتشم حاتفم",20.0,EA,12.0,240.0,DRAPER,UNKNOWN(=BRAND PLACEHOLDER)
30,861,84654,"ر 5/16"" COMB.WRENCH كتشم حاتفم",30.0,EA,12.0,360.0,DRAPER,UNKNOWN(=BRAND PLACEHOLDER)
30,862,84737,"ر 6MM,COMB.WRENCH كتشم حاتفم",57.0,EA,12.0,684.0,DRAPER,UNKNOWN(=BRAND PLACEHOLDER)
30,863,54286,"ر 13MM,COMB.WRENCH كتشم حاتفم",42.0,EA,17.0,714.0,DRAPER,UNKNOWN(=BRAND PLACEHOLDER)
30,864,31513,"1/2DR,IMPACT,30MM SIZE,6PT,LONGةليوط ةبح",20.0,EA,28.0,560.0,DRAPER,UNKNOWN(=BRAND PLACEHOLDER)
30,865,14102,"1/2DR,IMPACT,30MM SIZE,6PT,LONGةليوط ةبح",33.0,EA,23.0,759.0,DRAPER,UNKNOWN(=BRAND PLACEHOLDER)
30,866,14101,"1/2DR,IMPACT,30MM SIZE,6PT,LONGةليوط ةبح",3.0,EA,55.0,165.0,DRAPER,UNKNOWN(=BRAND PLACEHOLDER)
30,867,12737,"1/2DR,IMPACT,30MM SIZE,6PT,LONGةليوط ةبح",15.0,EA,21.0,315.0,DRAPER,UNKNOWN(=BRAND PLACEHOLDER)
30,868,12744,"1/2DR,IMPACT,14MM SIZE,6PT,SH.ةصرق ةبح",9.0,EA,21.0,189.0,DRAPER,UNKNOWN(=BRAND PLACEHOLDER)
30,869,31513,"1/2DR,IMPACT,14MM SIZE,6PT,SH.ةصرق ةبح",9.0,EA,28.0,252.0,DRAPER,UNKNOWN(=BRAND PLACEHOLDER)
30,870,12742,"1/2DR,IMPACT,16MM SIZE,6PT.LONG ةليوط ةبح",2.0,EA,28.0,56.0,DRAPER,UNKNOWN(=BRAND PLACEHOLDER)
30,871,28420,"1/2DR,IMPACT,16MM SIZE,6PT.LONG ةليوط ءادوسةبح",10.0,EA,25.0,250.0,DRAPER,UNKNOWN(=BRAND PLACEHOLDER)
30,872,12739,"1/2DR,IMPACT,16MM SIZE,6PT.LONG ةليوط ةبح",9.0,EA,26.0,234.0,DRAPER,UNKNOWN(=BRAND PLACEHOLDER)
30,873,28496,"1/2DR,IMPACT,17MM SIZE,6PT.SH ةترصق ةبح",6.0,EA,28.0,168.0,DRAPER,UNKNOWN(=BRAND PLACEHOLDER)
30,874,28503,"1/2DR,IMPACT,17MM SIZE,6PT.SH ةترصق ةبح",5.0,EA,25.0,125.0,DRAPER,UNKNOWN(=BRAND PLACEHOLDER)
30,875,13762,"1/2DR,IMPACT,18MM SIZE,6PT,LONG ءادوس ةبح ةليوط",9.0,EA,24.0,216.0,DRAPER,UNKNOWN(=BRAND PLACEHOLDER)
30,876,28488,"1/2DR,IMPACT,16MM SIZE,6PT,SH",9.0,EA,24.0,216.0,DRAPER,UNKNOWN(=BRAND PLACEHOLDER)
30,877,14101,"1/2DR,IMPACT,15MM SIZE,6PT,LONGةليوط ءادوس ةبح",30.0,EA,21.0,630.0,DRAPER,UNKNOWN(=BRAND PLACEHOLDER)
30,878,30870,"1/2DR,IMPACT,30MM,LONG,6PT ةليوط ءادوس ةبح",27.0,EA,38.0,1026.0,DRAPER,UNKNOWN(=BRAND PLACEHOLDER)
31,905,14106,1/2X3/4 ADAPTOR لوحم,12.0,EA,75.0,900.0,DRAPER,UNKNOWN(=BRAND PLACEHOLDER)
32,911,14107,"3/4X1"" ADAPTOR لوحم",43.0,EA,165.0,7095.0,DRAPER,UNKNOWN(=BRAND PLACEHOLDER)
32,915,67693,ر COMB.WR.11MM كتشم حاتفم,20.0,EA,15.0,300.0,DRAPER,UNKNOWN(=BRAND PLACEHOLDER)
32,916,87698,ر COMB.WR.15MM كتشم حاتفم,20.0,EA,18.0,360.0,DRAPER,UNKNOWN(=BRAND PLACEHOLDER)
32,917,67701,ر COMB.WR.18MM كتشم حاتفم,14.0,EA,25.0,350.0,DRAPER,UNKNOWN(=BRAND PLACEHOLDER)
32,918,"15/16X1.1/2""",,1.0,EA,98.0,98.0,DRAPER,UNKNOWN(=BRAND PLACEHOLDER)
32,919,55706,ring wrench 41X46MM موتحم حاتفم,2.0,EA,175.0,350.0,DRAPER,UNKNOWN(=BRAND PLACEHOLDER)
32,920,37828,"AIRFOW,PCL ءاوه مظنم",42.0,EA,25.0,1050.0,DRAPER,UNKNOWN(=BRAND PLACEHOLDER)
32,921,37844,COUPLING جنلبوك,1.0,EA,25.0,25.0,DRAPER,UNKNOWN(=BRAND PLACEHOLDER)
32,922,M100,"PCL,COUPLING جنلبوك",35.0,EA,35.0,1225.0,DRAPER,UNKNOWN(=BRAND PLACEHOLDER)
32,923,PCL.SAFE,SAFE FLOW جنلبوك,35.0,EA,35.0,1225.0,DRAPER,UNKNOWN(=BRAND PLACEHOLDER)
32,924,PCL.SAFE,M100 جنلبوك,36.0,EA,35.0,1260.0,DRAPER,UNKNOWN(=BRAND PLACEHOLDER)
32,925,37873,ر VOLTAGE TESTER تست,8.0,EA,150.0,1200.0,DRAPER,UNKNOWN(=BRAND PLACEHOLDER)
32,926,56777,ر 120-750V تست,1.0,EA,180.0,180.0,DRAPER,UNKNOWN(=BRAND PLACEHOLDER)
32,927,8682,CLAW HAMMERبلخم شوكاش,2.0,EA,32.0,64.0,DRAPER,UNKNOWN(=BRAND PLACEHOLDER)
32,928,13975,CLAW HAMMERبلخم شوكاش,6.0,EA,35.0,210.0,DRAPER,UNKNOWN(=BRAND PLACEHOLDER)
32,929,21284,CLAW HAMMERبلخم شوكاش,9.0,EA,35.0,315.0,DRAPER,UNKNOWN(=BRAND PLACEHOLDER)
32,930,67699,"ر COMB.WR,16MM كسرم حاتفم",48.0,EA,15.0,720.0,DRAPER,UNKNOWN(=BRAND PLACEHOLDER)
32,931,55709,OPENED WR.6X7MM ىدلب حاتفم,14.0,EA,11.0,154.0,DRAPER,UNKNOWN(=BRAND PLACEHOLDER)
32,932,89921,"ALU,TORCH 4D SIZE فاشك",19.0,EA,60.0,1140.0,DRAPER,UNKNOWN(=BRAND PLACEHOLDER)
32,933,43583,"MASONARY DRILL BIT,12MM رادج ةشير",28.0,EA,15.0,420.0,DRAPER,UNKNOWN(=BRAND PLACEHOLDER)
32,934,51677,AIR DRILL ءاوهلا لىع ليرد,9.0,EA,470.0,4230.0,DRAPER,UNKNOWN(=BRAND PLACEHOLDER)
32,935,43583,"MASONARY DRILL BIT,12MM رادج ةشير",8.0,EA,15.0,120.0,DRAPER,UNKNOWN(=BRAND PLACEHOLDER)
32,936,43602,12X150 SDS MASONRY DRILL PCKD رادج ةشير تكب,74.0,EA,35.0,2590.0,DRAPER,UNKNOWN(=BRAND PLACEHOLDER)
32,937,43584,12 X 400MM MASONRY DRILL PCKDرادج ةشير تكب,4.0,EA,45.0,180.0,DRAPER,UNKNOWN(=BRAND PLACEHOLDER)
32,938,43586,14 X 200MM MASONRY DRILL PCKDرادج ةشير,80.0,EA,35.0,2800.0,DRAPER,UNKNOWN(=BRAND PLACEHOLDER)
32,939,43585,13 X 200MM MASONRY DRILL PCKDرادج ةشير,5.0,EA,38.0,190.0,DRAPER,UNKNOWN(=BRAND PLACEHOLDER)
32,940,43587,16 X 200MM MASONRY DRILL PCKDرادج ةشير,10.0,EA,55.0,550.0,DRAPER,UNKNOWN(=BRAND PLACEHOLDER)
33,941,43581,10 X 400MM MASONRY DRILL PCKDرادج ةشير,3.0,EA,33.0,99.0,DRAPER,UNKNOWN(=BRAND PLACEHOLDER)
33,942,80019,11 X 400MM MASONRY DRILL PCKDرادج ةشير,7.0,EA,35.0,245.0,DRAPER,UNKNOWN(=BRAND PLACEHOLDER)
33,943,43578,8 X 200MM MASONRY DRILL PCKDرادج ةشير,38.0,EA,12.0,456.0,DRAPER,UNKNOWN(=BRAND PLACEHOLDER)
33,944,43583,MASONARY DRILL BIT 19MMرادج ةشير,53.0,EA,15.0,795.0,DRAPER,UNKNOWN(=BRAND PLACEHOLDER)
33,945,78998,ر DMM مىقر تيمىتلم,7.0,EA,180.0,1260.0,DRAPER,UNKNOWN(=BRAND PLACEHOLDER)
33,946,82699,ر PROTECTIVE FACESHIELD هجو قاو,21.0,EA,55.0,1155.0,DRAPER,UNKNOWN(=BRAND PLACEHOLDER)
33,947,19148,"HSS 1/8"" ديدح ةشبر",26.0,PKT,2.0,52.0,DRAPER,UNKNOWN(=BRAND PLACEHOLDER)
33,948,43589,MASONARY DRILL BIT-20mmرادج ةشير,16.0,EA,28.0,448.0,DRAPER,UNKNOWN(=BRAND PLACEHOLDER)
33,949,43585,MASONARY DRILL BIT-13mmرادج ةشير,2.0,EA,18.0,36.0,DRAPER,UNKNOWN(=BRAND PLACEHOLDER)
33,950,43587,MASONARY DRILL BIT=16mmرادج ةشير,2.0,EA,20.0,40.0,DRAPER,UNKNOWN(=BRAND PLACEHOLDER)
33,951,43581,MASONARY DRILL BIT-10mmرادج ةشير,1.0,EA,15.0,15.0,DRAPER,UNKNOWN(=BRAND PLACEHOLDER)
33,952,43594,SDS+MASONARY-6mm,138.0,EA,9.0,1242.0,DRAPER,UNKNOWN(=BRAND PLACEHOLDER)
33,953,43580,MASONARY DRILL BIT-10mmرادج ةشير,97.0,EA,10.0,970.0,DRAPER,UNKNOWN(=BRAND PLACEHOLDER)
33,954,43580,MASONARY DRILL BIT-10mm رادج ةشير,79.0,EA,10.0,790.0,DRAPER,UNKNOWN(=BRAND PLACEHOLDER)
33,955,13506,PAINT TRAY ناهد مقط,20.0,EA,35.0,700.0,DRAPER,UNKNOWN(=BRAND PLACEHOLDER)
33,956,43602,"MASONARY DRILL BIT+SDS,12MM سا رادج ةشير سا ىد",21.0,EA,35.0,735.0,DRAPER,UNKNOWN(=BRAND PLACEHOLDER)
33,957,43583,"MASONARY DRILL BIT+SDS,12MM سا رادج ةشير سا ىد",1.0,EA,35.0,35.0,DRAPER,UNKNOWN(=BRAND PLACEHOLDER)
33,958,43581,"MASONARY DRILL BIT+SDS,10MMسا رادج ةشير سا ىد",44.0,EA,33.0,1452.0,DRAPER,UNKNOWN(=BRAND PLACEHOLDER)
33,959,43583,"MASONARY DRILL BIT,12MMرادج ةشير",30.0,EA,18.0,540.0,DRAPER,UNKNOWN(=BRAND PLACEHOLDER)
33,960,76024,"MASONARY DRILL BIT,19MMرادج ةشير",12.0,EA,35.0,420.0,DRAPER,UNKNOWN(=BRAND PLACEHOLDER)
33,961,42604,MASONARY DRILL BIT 19MMرادج ةشير,8.0,EA,55.0,440.0,DRAPER,UNKNOWN(=BRAND PLACEHOLDER)
33,962,60698,ر PLUMB BOB ءانب ناترم,39.0,EA,30.0,1170.0,DRAPER,UNKNOWN(=BRAND PLACEHOLDER)
33,963,35108,LIGHTER ماحل ةعلاو,34.0,EA,25.0,850.0,DRAPER,UNKNOWN(=BRAND PLACEHOLDER)
33,964,35105,TIP CLEANER ماحل تاينوف فضنم,39.0,EA,25.0,975.0,DRAPER,UNKNOWN(=BRAND PLACEHOLDER)
33,965,35036,WELDING NOZZLE ماحل لزون,30.0,EA,22.0,660.0,DRAPER,UNKNOWN(=BRAND PLACEHOLDER)
33,966,35035,WELDING NOZZLE ماحل لزون,9.0,EA,22.0,198.0,DRAPER,UNKNOWN(=BRAND PLACEHOLDER)
33,967,35037,WELDING NOZZLE ماحل لزون,18.0,EA,22.0,396.0,DRAPER,UNKNOWN(=BRAND PLACEHOLDER)
33,968,13412,FLOAT ضيبم ةحاسم,20.0,EA,35.0,700.0,DRAPER,UNKNOWN(=BRAND PLACEHOLDER)
33,969,66082,ر SANDING BLOCK ةرفنصلل -يرلف-كروك,90.0,EA,25.0,2250.0,DRAPER,UNKNOWN(=BRAND PLACEHOLDER)
34,970,30959,RIVETER ماشرب ةدارز,43.0,EA,49.0,2107.0,DRAPER,UNKNOWN(=BRAND PLACEHOLDER)
34,971,68872,PIPE/SINK CLEANER ترساوم فيظنت ةتسوس,14.0,EA,75.0,1050.0,DRAPER,UNKNOWN(=BRAND PLACEHOLDER)
34,972,68574,"HALOGEN LAMP,12VDC كىيناكيم ةبمل",20.0,EA,30.0,600.0,DRAPER,UNKNOWN(=BRAND PLACEHOLDER)
34,973,49294,GRINDING POINT SET خلج راجحا مقط,53.0,EA,15.0,795.0,DRAPER,UNKNOWN(=BRAND PLACEHOLDER)
34,974,43574,"8MM,MASONARY رادج ةشير",14.0,EA,8.0,112.0,DRAPER,UNKNOWN(=BRAND PLACEHOLDER)
34,975,43580,"13MM,MASONARY BIT,13MM رادج ةشير",11.0,EA,18.0,198.0,DRAPER,UNKNOWN(=BRAND PLACEHOLDER)
34,976,79527,BINOCULAR ايؤز راظنم,2.0,EA,170.0,340.0,DRAPER,UNKNOWN(=BRAND PLACEHOLDER)
34,977,19154,ر EAR MUFF ناذا قاو,12.0,EA,35.0,420.0,DRAPER,UNKNOWN(=BRAND PLACEHOLDER)
34,978,54868,"HELMET,YELLOW ءارفص ةذوخ",71.0,EA,25.0,1775.0,DRAPER,UNKNOWN(=BRAND PLACEHOLDER)
34,979,63308,"HELMET,BLUE ءاقرز ةذوخ",24.0,EA,25.0,600.0,DRAPER,UNKNOWN(=BRAND PLACEHOLDER)
34,980,63307,HEMETMWHITE ءاضيب ةذوخ,8.0,EA,25.0,200.0,DRAPER,UNKNOWN(=BRAND PLACEHOLDER)
34,981,21858,SPOON ةعرزم ةقعلم,14.0,EA,16.0,224.0,DRAPER,UNKNOWN(=BRAND PLACEHOLDER)
34,982,19704,"SPOON,ST.ST ةعرزم ةقعلم",4.0,EA,25.0,100.0,DRAPER,UNKNOWN(=BRAND PLACEHOLDER)
34,983,21857,FORK ةعرزم ةكوش,28.0,EA,15.0,420.0,DRAPER,UNKNOWN(=BRAND PLACEHOLDER)
34,984,19712,"FORK,ST.ST سلناتس ةغرزم ةكوس",7.0,EA,25.0,175.0,DRAPER,UNKNOWN(=BRAND PLACEHOLDER)
34,985,49294,GRINDING POINT SET خلج راجحا مقط,82.0,SET,15.0,1230.0,DRAPER,UNKNOWN(=BRAND PLACEHOLDER)
34,986,49301,GRINDING POINT SET خلج راجحا مقط,6.0,SET,15.0,90.0,DRAPER,UNKNOWN(=BRAND PLACEHOLDER)
34,987,50621,TILE CUTTER طلاب ةعاطق,12.0,EA,12.0,144.0,DRAPER,UNKNOWN(=BRAND PLACEHOLDER)
34,988,34704,"ر SQUARE,COMB ةكتشم ةيواز",50.0,EA,125.0,6250.0,DRAPER,UNKNOWN(=BRAND PLACEHOLDER)
34,989,36431,رر WATER.PUMP.PLIER ةقلتم ةدارز,1.0,EA,30.0,30.0,DRAPER,UNKNOWN(=BRAND PLACEHOLDER)
34,990,80017,"10MM,MASONARY رادج ةشير",32.0,EA,16.0,512.0,DRAPER,UNKNOWN(=BRAND PLACEHOLDER)
34,991,88636,PRY BAR SETتاراويل مقط,1.0,SET,160.0,160.0,DRAPER,UNKNOWN(=BRAND PLACEHOLDER)
34,992,13501,ر FILTER سفنت تلف,28.0,EA,55.0,1540.0,DRAPER,UNKNOWN(=BRAND PLACEHOLDER)
34,993,40418,SPONGE ناهد ةجنفس,5.0,EA,8.0,40.0,DRAPER,UNKNOWN(=BRAND PLACEHOLDER)
34,994,22171,DRAIN CLEARANCE 4.7M,13.0,EA,60.0,780.0,DRAPER,UNKNOWN(=BRAND PLACEHOLDER)
34,995,44238,MEASURING WHEEL تافاسم سايق ةلجع,8.0,EA,350.0,2800.0,DRAPER,UNKNOWN(=BRAND PLACEHOLDER)
34,996,46796,"SPRAY PUMP,GARDENقئاتدح شر راهج",11.0,EA,388.0,4268.0,DRAPER,UNKNOWN(=BRAND PLACEHOLDER)
34,997,19MM,"3/4DR.6PT,SHORT-IMPACT SKT19MM6PT,ةبح ءادوس",1.0,EA,30.0,30.0,DRAPER,UNKNOWN(=BRAND PLACEHOLDER)
34,998,"15/16""","1/2dr.IMPACTM12PT,SHORT15/16""6PT,ةبح ءادوس",1.0,EA,25.0,25.0,DRAPER,UNKNOWN(=BRAND PLACEHOLDER)
34,999,28470,"1/2DR,SHORT,IMPACT,6PT,6PT,ءادوس ةبح",3.0,EA,25.0,75.0,DRAPER,UNKNOWN(=BRAND PLACEHOLDER)
34,1000,28611,"1/2DR,SHORT,IMPACT,6PT,ءادوس ةبح",1.0,EA,25.0,25.0,DRAPER,UNKNOWN(=BRAND PLACEHOLDER)
35,1001,73042,"BALL,HEX KEY ةروك كى نلا",9.0,SET,70.0,630.0,DRAPER,UNKNOWN(=BRAND PLACEHOLDER)
35,1002,13778,"cordless soldering gun,iron ةيواك",2.0,EA,110.0,220.0,DRAPER,UNKNOWN(=BRAND PLACEHOLDER)
35,1003,2578,"3/4DR,17PC/SET 3/4 بوبح مقط",1.0,SET,1700.0,1700.0,DRAPER,UNKNOWN(=BRAND PLACEHOLDER)
35,1004,66203,PAINT ROLLER ناهد ةلوز,56.0,EA,22.0,1232.0,DRAPER,UNKNOWN(=BRAND PLACEHOLDER)
35,1005,40754,TOOL BAG ةبيقح,2.0,EA,235.0,470.0,DRAPER,UNKNOWN(=BRAND PLACEHOLDER)
35,1006,24867,THREAD REPAIR نس للاصا ةادا,3.0,EA,55.0,165.0,DRAPER,UNKNOWN(=BRAND PLACEHOLDER)
35,1007,57659,ر V.TESTER-INSUL لوزعم تلوف تست,3.0,EA,45.0,135.0,DRAPER,UNKNOWN(=BRAND PLACEHOLDER)
35,1008,22333,PLASTIC FLOAT كتسلاب ةحاسم,10.0,EA,22.0,220.0,DRAPER,UNKNOWN(=BRAND PLACEHOLDER)
35,1009,19628,FIBER FLOAT تريف ةحاسم,16.0,EA,22.0,352.0,DRAPER,UNKNOWN(=BRAND PLACEHOLDER)
35,1010,66201,ر INSUL.TESTER لوزغم تست,62.0,EA,25.0,1550.0,DRAPER,UNKNOWN(=BRAND PLACEHOLDER)
35,1011,4096A,FLEX.HEEAD HANDLE 3/8,4.0,EA,180.0,720.0,DRAPER,UNKNOWN(=BRAND PLACEHOLDER)
35,1012,14160,FLEX.HEEAD HANDLE 3/8,6.0,EA,180.0,1080.0,DRAPER,UNKNOWN(=BRAND PLACEHOLDER)
35,1013,67751,EXT.3/8X150MM ةليصوت,45.0,EA,55.0,2475.0,DRAPER,UNKNOWN(=BRAND PLACEHOLDER)
35,1014,67769,EXT.3/8X75MM ةليصوت,37.0,EA,55.0,2035.0,DRAPER,UNKNOWN(=BRAND PLACEHOLDER)
35,1015,13924,EXT 1/2X125MM ةليصوت,18.0,EA,65.0,1170.0,DRAPER,UNKNOWN(=BRAND PLACEHOLDER)
35,1016,13924,EXT 1/2X125MM ةليصوت,14.0,EA,65.0,910.0,DRAPER,UNKNOWN(=BRAND PLACEHOLDER)
35,1017,9927,WHOBLE BAR.1/2DR ةليصوت,38.0,EA,55.0,2090.0,DRAPER,UNKNOWN(=BRAND PLACEHOLDER)
35,1018,16790,SLIDING T-HANDLE250MM ةقلونم ةليصوت,3.0,EA,145.0,435.0,DRAPER,UNKNOWN(=BRAND PLACEHOLDER)
35,1019,67743,"EXT.3/8DR,200MM ةليصوت",5.0,EA,110.0,550.0,DRAPER,UNKNOWN(=BRAND PLACEHOLDER)
35,1020,9926,WHOBLE BAR.1/2DR ةليصوت,39.0,EA,95.0,3705.0,DRAPER,UNKNOWN(=BRAND PLACEHOLDER)
35,1021,71544,"450MM,ADJ. ةنابس",18.0,EA,275.0,4950.0,DRAPER,UNKNOWN(=BRAND PLACEHOLDER)
35,1022,71552,"375MM,ADJ.ةنابس",14.0,EA,250.0,3500.0,DRAPER,UNKNOWN(=BRAND PLACEHOLDER)
35,1023,52680,"200MM,ADJ-BLACK دوسا ةنابس",40.0,EA,80.0,3200.0,DRAPER,UNKNOWN(=BRAND PLACEHOLDER)
35,1024,52681,"250MM,ADJ.BLACK دوسا ةنابس",13.0,EA,90.0,1170.0,DRAPER,UNKNOWN(=BRAND PLACEHOLDER)
35,1025,52682,"300MM,ADJ.BLACK دوسا ةنابس",28.0,EA,110.0,3080.0,DRAPER,UNKNOWN(=BRAND PLACEHOLDER)
35,1026,52679,"150MM,ADJ,BLACK دوسا ةنابس",29.0,EA,65.0,1885.0,DRAPER,UNKNOWN(=BRAND PLACEHOLDER)
35,1027,88603,"250MM,ISOLATED ةسبلم ةنابس",21.0,EA,90.0,1890.0,DRAPER,UNKNOWN(=BRAND PLACEHOLDER)
35,1028,88604,"250MM,ISOLATED ةسبلم ةنابس",22.0,EA,110.0,2420.0,DRAPER,UNKNOWN(=BRAND PLACEHOLDER)
35,1029,30071,"300MM,CHROMEةنابس",40.0,EA,100.0,4000.0,DRAPER,UNKNOWN(=BRAND PLACEHOLDER)
35,1030,88601,"150MM,ISOLATED ةسبلم ةنابس",26.0,EA,65.0,1690.0,DRAPER,UNKNOWN(=BRAND PLACEHOLDER)
35,1031,30063,250MM.CHROME ةنايس,16.0,EA,90.0,1440.0,DRAPER,UNKNOWN(=BRAND PLACEHOLDER)
35,1032,10164,"3/4DR,SKT,12PT,50MM ةبح",3.0,EA,420.0,1260.0,DRAPER,UNKNOWN(=BRAND PLACEHOLDER)
35,1033,43589,"DRILL BIT,MASONARY 20MM",27.0,EA,25.0,675.0,DRAPER,UNKNOWN(=BRAND PLACEHOLDER)
36,1034,64591,BALL PEIN HAMMER ةروك شوكاش,1.0,EA,50.0,50.0,DRAPER,UNKNOWN(=BRAND PLACEHOLDER)
36,1035,64592,SEAL PULLER فوص ةعازن,15.0,EA,55.0,825.0,DRAPER,UNKNOWN(=BRAND PLACEHOLDER)
36,1036,64592,SEAL PULLER فوص ةعازن,23.0,EA,55.0,1265.0,DRAPER,UNKNOWN(=BRAND PLACEHOLDER)
36,1037,64589,SEAL PULLER فوص ةعازن,1.0,EA,45.0,45.0,DRAPER,UNKNOWN(=BRAND PLACEHOLDER)
36,1038,37439,SEAL PULLER فوص ةعازن,23.0,EA,45.0,1035.0,DRAPER,UNKNOWN(=BRAND PLACEHOLDER)
36,1039,54503,STETHOSCOPE كىيناكيم ةعامس,47.0,EA,55.0,2585.0,DRAPER,UNKNOWN(=BRAND PLACEHOLDER)
36,1040,33438,RATCHET 1/2DR كيتاموتا دي,28.0,EA,45.0,1260.0,DRAPER,UNKNOWN(=BRAND PLACEHOLDER)
36,1041,34606,"RATCHET 3/8""DR كيتاموتا دي",73.0,EA,35.0,2555.0,DRAPER,UNKNOWN(=BRAND PLACEHOLDER)
36,1042,34357,RATCHET 1/4DR كيتاموتا دي,32.0,EA,30.0,960.0,DRAPER,UNKNOWN(=BRAND PLACEHOLDER)
36,1043,9215,VISE CURVED ةبلاك,55.0,EA,25.0,1375.0,DRAPER,UNKNOWN(=BRAND PLACEHOLDER)
36,1044,35371,VISE ةبلاك,1.0,EA,30.0,30.0,DRAPER,UNKNOWN(=BRAND PLACEHOLDER)
36,1045,35370,VISE ةبلاك,37.0,EA,25.0,925.0,DRAPER,UNKNOWN(=BRAND PLACEHOLDER)
36,1046,35372,VISE ةبلاك,15.0,EA,30.0,450.0,DRAPER,UNKNOWN(=BRAND PLACEHOLDER)
36,1047,9215,VISE ةبلاك,26.0,EA,25.0,650.0,DRAPER,UNKNOWN(=BRAND PLACEHOLDER)
36,1048,9216,VISE ةبلاك,7.0,EA,26.0,182.0,DRAPER,UNKNOWN(=BRAND PLACEHOLDER)
36,1049,69618,WOOD CHISEL SET بشخ ليمزا مقط,2.0,SET,45.0,90.0,DRAPER,UNKNOWN(=BRAND PLACEHOLDER)
36,1050,39006,paint mixwr هيوب طلاخ,18.0,EA,35.0,630.0,DRAPER,UNKNOWN(=BRAND PLACEHOLDER)
36,1051,65865,spray gun ناهد سدسم,6.0,EA,180.0,1080.0,DRAPER,UNKNOWN(=BRAND PLACEHOLDER)
36,1052,43846,SUCTION 3 EYE جاجز لمح ةخضم,32.0,EA,38.0,1216.0,DRAPER,UNKNOWN(=BRAND PLACEHOLDER)
36,1053,71172,SUCTION 2 EYEجاجز لمح ةخضم,133.0,EA,25.0,3325.0,DRAPER,UNKNOWN(=BRAND PLACEHOLDER)
36,1054,69187,SUCTION 1EYE جاجز لمح ةخضم,20.0,EA,25.0,500.0,DRAPER,UNKNOWN(=BRAND PLACEHOLDER)
36,1055,KIST,"ر CHISEL/PUNCH SET,DRIFT كبنسو لترش مقط",24.0,EA,68.0,1632.0,DRAPER,UNKNOWN(=BRAND PLACEHOLDER)
36,1056,13701,lazy tongue ةتسوس ماشرب ةيدارز,8.0,ea,175.0,1400.0,DRAPER,UNKNOWN(=BRAND PLACEHOLDER)
36,1057,27839,lazy tongue ةتسوس ماشرب ةيدارز,11.0,ea,175.0,1925.0,DRAPER,UNKNOWN(=BRAND PLACEHOLDER)
36,1058,68145,PLASTIC CUTTER كيتسلاي صقم,28.0,EA,110.0,3080.0,DRAPER,UNKNOWN(=BRAND PLACEHOLDER)
36,1059,57555,AIR STAPLER ءاوهلا لىع ماشرب ةدترز مقط,2.0,KIT,950.0,1900.0,DRAPER,UNKNOWN(=BRAND PLACEHOLDER)
36,1060,43974,SPREADING TROWEL نيرطسم,30.0,EA,35.0,1050.0,DRAPER,UNKNOWN(=BRAND PLACEHOLDER)
36,1061,36326,FILE SET درابم مقط,36.0,SET,130.0,4680.0,DRAPER,UNKNOWN(=BRAND PLACEHOLDER)
36,1062,78999,ر ر DMM تم بلم,10.0,EA,230.0,2300.0,DRAPER,UNKNOWN(=BRAND PLACEHOLDER)
36,1063,46605,ر MICROMETER 50-75MM تموركيم,0.0,EA,0.0,0.0,DRAPER,UNKNOWN(=BRAND PLACEHOLDER)
36,1064,46606,ر MICROMETER 75-100MM تموركيم,0.0,EA,0.0,0.0,DRAPER,UNKNOWN(=BRAND PLACEHOLDER)
36,1065,49415,TILING DRIL طلاب لرد,0.0,,0.0,0.0,DRAPER,UNKNOWN(=BRAND PLACEHOLDER)
36,1066,27328,RIVETER ماشرب ةيدترز,27.0,EA,55.0,1485.0,DRAPER,UNKNOWN(=BRAND PLACEHOLDER)
37,1067,35267,"3PC,WELDING GLAS ماحل جاجز",85.0,SET,12.0,1020.0,DRAPER,UNKNOWN(=BRAND PLACEHOLDER)
37,1068,59075,Draper 59075 Vacuum and Fuel Pump Tester,25.0,EA,55.0,1375.0,DRAPER,UNKNOWN(=BRAND PLACEHOLDER)
37,1069,63308,HELMET-BLUE,31.0,EA,25.0,775.0,DRAPER,UNKNOWN(=BRAND PLACEHOLDER)
37,1070,41084,HOLE SAW 60MM-شيوخت ةشير,7.0,EA,57.0,399.0,DRAPER,UNKNOWN(=BRAND PLACEHOLDER)
37,1071,41085,64MMشيوخت ةشير,5.0,EA,58.0,290.0,DRAPER,UNKNOWN(=BRAND PLACEHOLDER)
37,1072,41083,57MMشيوخت ةشير,1.0,EA,54.0,54.0,DRAPER,UNKNOWN(=BRAND PLACEHOLDER)
37,1073,56409,89MMشيوخت ةشسر,1.0,EA,60.0,60.0,DRAPER,UNKNOWN(=BRAND PLACEHOLDER)
37,1074,41079,32MMشيوخت ةشير,1.0,EA,27.0,27.0,DRAPER,UNKNOWN(=BRAND PLACEHOLDER)
37,1075,41074,32MMشيوخت ةشير,9.0,EA,21.0,189.0,DRAPER,UNKNOWN(=BRAND PLACEHOLDER)
37,1076,41080,48MMشيوخت ةشير,3.0,EA,29.0,87.0,DRAPER,UNKNOWN(=BRAND PLACEHOLDER)
37,1077,41076,38MM شيوخت ةشير,3.0,EA,25.0,75.0,DRAPER,UNKNOWN(=BRAND PLACEHOLDER)
37,1078,41071,22MM شيوخت ةشير,3.0,EA,17.0,51.0,DRAPER,UNKNOWN(=BRAND PLACEHOLDER)
37,1079,54414,114MM شيوخت ةشير,18.0,EA,65.0,1170.0,DRAPER,UNKNOWN(=BRAND PLACEHOLDER)
37,1080,41072,25MM شيوخت ةشير,19.0,EA,18.0,342.0,DRAPER,UNKNOWN(=BRAND PLACEHOLDER)
37,1081,41080,48MM شيوخت ةشير,10.0,EA,29.0,290.0,DRAPER,UNKNOWN(=BRAND PLACEHOLDER)
37,1082,56406,54MM ةشيوخت ةشير,4.0,EA,38.0,152.0,DRAPER,UNKNOWN(=BRAND PLACEHOLDER)
37,1083,41088,76MM شيوخت ةشير,9.0,EA,42.0,378.0,DRAPER,UNKNOWN(=BRAND PLACEHOLDER)
37,1084,41090,89MM شيوخت ةشير,3.0,EA,60.0,180.0,DRAPER,UNKNOWN(=BRAND PLACEHOLDER)
37,1085,52964,17MM شيوخت ةشير,51.0,EA,20.0,1020.0,DRAPER,UNKNOWN(=BRAND PLACEHOLDER)
37,1086,41075,35MM شيوخت ةشير,9.0,EA,28.0,252.0,DRAPER,UNKNOWN(=BRAND PLACEHOLDER)
37,1087,52970,38MM شيوخت ةشير,15.0,EA,48.0,720.0,DRAPER,UNKNOWN(=BRAND PLACEHOLDER)
37,1088,41079,44MM شيوخت ةشير,9.0,EA,52.0,468.0,DRAPER,UNKNOWN(=BRAND PLACEHOLDER)
37,1089,41078,43MM شيوخت ةشير,1.0,EA,40.0,40.0,DRAPER,UNKNOWN(=BRAND PLACEHOLDER)
37,1090,52968,29MM شيوخت ةشير,7.0,EA,27.0,189.0,DRAPER,UNKNOWN(=BRAND PLACEHOLDER)
37,1091,52971,41MM شيوخت ةشير,13.0,EA,38.0,494.0,DRAPER,UNKNOWN(=BRAND PLACEHOLDER)
37,1092,56406,54MM شيوخت ةشير,13.0,EA,44.0,572.0,DRAPER,UNKNOWN(=BRAND PLACEHOLDER)
37,1093,52976,51MM شيوخت ةشير,5.0,EA,50.0,250.0,DRAPER,UNKNOWN(=BRAND PLACEHOLDER)
37,1094,41082,54MM شيوخت ةشير,4.0,EA,54.0,216.0,DRAPER,UNKNOWN(=BRAND PLACEHOLDER)
37,1095,52973,51MM شيوخت ةشير,5.0,EA,44.0,220.0,DRAPER,UNKNOWN(=BRAND PLACEHOLDER)
37,1096,52963,35MM شيوخت ةشير,21.0,EA,30.0,630.0,DRAPER,UNKNOWN(=BRAND PLACEHOLDER)
37,1097,41083,57MM شيوخت ةشير,6.0,EA,35.0,210.0,DRAPER,UNKNOWN(=BRAND PLACEHOLDER)
37,1098,41071,22MM شيوخت ةشير,18.0,EA,25.0,450.0,DRAPER,UNKNOWN(=BRAND PLACEHOLDER)
38,1099,56403,19MM شيوخت ةشير,18.0,EA,21.0,378.0,DRAPER,UNKNOWN(=BRAND PLACEHOLDER)
38,1100,41090,80MM شيوخت ةشير,21.0,EA,44.0,924.0,DRAPER,UNKNOWN(=BRAND PLACEHOLDER)
38,1101,56411,95MM شيوخت ةشير,37.0,EA,48.0,1776.0,DRAPER,UNKNOWN(=BRAND PLACEHOLDER)
38,1102,41077,41MM شيوخت ةشير,18.0,EA,32.0,576.0,DRAPER,UNKNOWN(=BRAND PLACEHOLDER)
38,1103,56410,92MM شيوخت ةشير,11.0,EA,45.0,495.0,DRAPER,UNKNOWN(=BRAND PLACEHOLDER)
38,1104,56411,95MM شيوخت ةشير,11.0,EA,65.0,715.0,DRAPER,UNKNOWN(=BRAND PLACEHOLDER)
38,1105,41087,70MM شيوخت ةشير,3.0,EA,50.0,150.0,DRAPER,UNKNOWN(=BRAND PLACEHOLDER)
38,1106,41082,54MM شيوخت ةشير,1.0,EA,48.0,48.0,DRAPER,UNKNOWN(=BRAND PLACEHOLDER)
38,1107,56412,102MM شيوخت ةشير,1.0,EA,70.0,70.0,DRAPER,UNKNOWN(=BRAND PLACEHOLDER)
38,1108,56413,105MM شيوخت ةشير,4.0,EA,85.0,340.0,DRAPER,UNKNOWN(=BRAND PLACEHOLDER)
38,1109,56411,95MM شيوخت ةشير,1.0,EA,75.0,75.0,DRAPER,UNKNOWN(=BRAND PLACEHOLDER)
38,1110,41087,67MM شيوخت ةشير,2.0,EA,45.0,90.0,DRAPER,UNKNOWN(=BRAND PLACEHOLDER)
38,1111,56410,92MM شيوخت ةشير,13.0,EA,80.0,1040.0,DRAPER,UNKNOWN(=BRAND PLACEHOLDER)
38,1112,88216,ر MEASURING TAPE 30M م30 سايق تم,27.0,EA,65.0,1755.0,DRAPER,UNKNOWN(=BRAND PLACEHOLDER)
38,1113,57680,AUTO MOTIVIE METER تارايسلا ةبرهك سايق,24.0,EA,40.0,960.0,DRAPER,UNKNOWN(=BRAND PLACEHOLDER)
38,1114,74697,SHARPENING STONE نس رجح,10.0,,25.0,250.0,DRAPER,UNKNOWN(=BRAND PLACEHOLDER)
38,1115,12579,AUTO -CIRCUIT TEST 6-24Vةيراطبلا رابتحا,42.0,EA,40.0,1680.0,DRAPER,UNKNOWN(=BRAND PLACEHOLDER)
38,1116,13612,AUTOMATIC CENTER PUNCHكىيتاموتا كبمس,28.0,EA,45.0,1260.0,DRAPER,UNKNOWN(=BRAND PLACEHOLDER)
38,1117,12578,AUTOMOTIVE TESTER 6-24Vةيراطبلا رابتخا,174.0,EA,40.0,6960.0,DRAPER,UNKNOWN(=BRAND PLACEHOLDER)
38,1118,9512,"ر MAG.LEVEL,230MMطنفمم ناترم",24.0,EA,35.0,840.0,DRAPER,UNKNOWN(=BRAND PLACEHOLDER)
38,1119,14180,150MM VISE JAWةمزلملل طنغمم كف,11.0,EA,120.0,1320.0,DRAPER,UNKNOWN(=BRAND PLACEHOLDER)
38,1120,14178,"100MM,VISE JAW ةمزلملل طنغمم كق",12.0,EA,58.0,696.0,DRAPER,UNKNOWN(=BRAND PLACEHOLDER)
38,1121,65779,STONEنس رجح,1.0,EA,18.0,18.0,DRAPER,UNKNOWN(=BRAND PLACEHOLDER)
38,1122,24868,THREAD REPAIRE 12X1.2MM نونسلا خلاصلا,3.0,EA,45.0,135.0,DRAPER,UNKNOWN(=BRAND PLACEHOLDER)
38,1123,71391,"NON-CONTACT METAL,VOLTAGE DETECTOR",2.0,EA,55.0,110.0,DRAPER,UNKNOWN(=BRAND PLACEHOLDER)
38,1124,76076,5.5MM COBALTتلابوك ةشير,19.0,EA,15.0,285.0,DRAPER,UNKNOWN(=BRAND PLACEHOLDER)
38,1125,76096,7.2MM COBALTتلابوك ةشير,2.0,EA,18.0,36.0,DRAPER,UNKNOWN(=BRAND PLACEHOLDER)
38,1126,76097,8.3MM COBALTتلابوك ةشير,39.0,EA,22.0,858.0,DRAPER,UNKNOWN(=BRAND PLACEHOLDER)
38,1127,76090,"12MM,COBALTتلابوك ةشير",6.0,EA,41.0,246.0,DRAPER,UNKNOWN(=BRAND PLACEHOLDER)
38,1128,76064,1.0MM COBALTتلابوك ةشير,11.0,EA,3.0,33.0,DRAPER,UNKNOWN(=BRAND PLACEHOLDER)
38,1129,76091,12.5MM CPBALTتلابوك ةشير,26.0,EA,41.0,1066.0,DRAPER,UNKNOWN(=BRAND PLACEHOLDER)
38,1130,76087,10.5MM COBALTتلابوك ةشير,11.0,EA,31.0,341.0,DRAPER,UNKNOWN(=BRAND PLACEHOLDER)
39,1131,76098,9.3MM COBALTتلابوك ةشير,12.0,EA,30.0,360.0,DRAPER,UNKNOWN(=BRAND PLACEHOLDER)
39,1132,76085,9.5MM COBALTتلابوك ةشير,18.0,EA,26.0,468.0,DRAPER,UNKNOWN(=BRAND PLACEHOLDER)
39,1133,76094,5.2MM COBALTتلابوك ةشير,37.0,EA,15.0,555.0,DRAPER,UNKNOWN(=BRAND PLACEHOLDER)
39,1134,76075,5MM.COBALTتلابوك ةشير,13.0,EA,13.0,169.0,DRAPER,UNKNOWN(=BRAND PLACEHOLDER)
39,1135,76082,8.5MM COBALTتلابوك ةشير,1.0,EA,21.0,21.0,DRAPER,UNKNOWN(=BRAND PLACEHOLDER)
39,1136,76089,"11.5MM,COBALTتلابوك ةشر",1.0,EA,41.0,41.0,DRAPER,UNKNOWN(=BRAND PLACEHOLDER)
39,1137,76075,5MM.COBALTتلابوك ةشير,1.0,EA,13.0,13.0,DRAPER,UNKNOWN(=BRAND PLACEHOLDER)
39,1138,43577,"8MM,MASONARYرادج ةشر",10.0,EA,8.0,80.0,DRAPER,UNKNOWN(=BRAND PLACEHOLDER)
39,1139,43573,"5.5MM,NASONARYرادج ةشير",27.0,EA,6.0,162.0,DRAPER,UNKNOWN(=BRAND PLACEHOLDER)
39,1140,76118,"1/8""COBALTتلابوك ةشر",21.0,EA,10.0,210.0,DRAPER,UNKNOWN(=BRAND PLACEHOLDER)
39,1141,76099,"10.3MM,COBALTتلابوك ةشسر",8.0,EA,27.0,216.0,DRAPER,UNKNOWN(=BRAND PLACEHOLDER)
39,1142,76079,7.0mm تلابوك ةشير,1.0,ea,15.0,15.0,DRAPER,UNKNOWN(=BRAND PLACEHOLDER)
39,1143,76099,"10.3MM,COBALTتلابوك ةشسر",3.0,ea,27.0,81.0,DRAPER,UNKNOWN(=BRAND PLACEHOLDER)
39,1144,76072,4.0mm تلابوك ةشير,7.0,ea,6.0,42.0,DRAPER,UNKNOWN(=BRAND PLACEHOLDER)
39,1145,76100,11.3mm تللابوك ةشير,13.0,EA,33.0,429.0,DRAPER,UNKNOWN(=BRAND PLACEHOLDER)
39,1146,43573,5.5mm تلابوك ةشير,17.0,ea,5.0,85.0,DRAPER,UNKNOWN(=BRAND PLACEHOLDER)
39,1147,76080,7.5MM تلابوك ةشير,10.0,EA,15.0,150.0,DRAPER,UNKNOWN(=BRAND PLACEHOLDER)
39,1148,76095,6.2MM تلابوك ةشير,37.0,EA,12.0,444.0,DRAPER,UNKNOWN(=BRAND PLACEHOLDER)
39,1149,76069,3.0MM تلابوك ةشير,5.0,EA,5.0,25.0,DRAPER,UNKNOWN(=BRAND PLACEHOLDER)
39,1150,76119,"1/4"" تلابوك ةشير",11.0,EA,10.0,110.0,DRAPER,UNKNOWN(=BRAND PLACEHOLDER)
39,1151,76066,1.5MM تلابوك ةشير,6.0,EA,5.0,30.0,DRAPER,UNKNOWN(=BRAND PLACEHOLDER)
39,1152,76096,7.2MM COBALTتلابوك ةشير,10.0,EA,15.0,150.0,DRAPER,UNKNOWN(=BRAND PLACEHOLDER)
39,1153,76098,9.3MM COBALTتلابوك ةشير,7.0,EA,24.0,168.0,DRAPER,UNKNOWN(=BRAND PLACEHOLDER)
39,1154,76076,5.5MM تلابوك ةشير,17.0,EA,11.0,187.0,DRAPER,UNKNOWN(=BRAND PLACEHOLDER)
39,1155,76088,11.0MM تلابوك ةشير,19.0,EA,30.0,570.0,DRAPER,UNKNOWN(=BRAND PLACEHOLDER)
39,1156,76092,13.0MM تلابوك ةشير,19.0,EA,54.0,1026.0,DRAPER,UNKNOWN(=BRAND PLACEHOLDER)
39,1157,76083,9.0MM تلابوك ةشير,5.0,EA,20.0,100.0,DRAPER,UNKNOWN(=BRAND PLACEHOLDER)
39,1158,76085,9.5MM COBALTتلابوك ةشير,18.0,EA,25.0,450.0,DRAPER,UNKNOWN(=BRAND PLACEHOLDER)
39,1159,76081,8.0MM تلابوك ةشير,36.0,EA,20.0,720.0,DRAPER,UNKNOWN(=BRAND PLACEHOLDER)
39,1160,76091,12.5MM CPBALTتلابوك ةشير,14.0,EA,42.0,588.0,DRAPER,UNKNOWN(=BRAND PLACEHOLDER)
39,1161,76078,6.5MM تلابوك ةشير,18.0,EA,13.0,234.0,DRAPER,UNKNOWN(=BRAND PLACEHOLDER)
39,1162,76072,4.0MM تلابوك ةشير,3.0,EA,8.0,24.0,DRAPER,UNKNOWN(=BRAND PLACEHOLDER)
39,1163,76080,7.5MM تلابوك ةشير,21.0,EA,18.0,378.0,DRAPER,UNKNOWN(=BRAND PLACEHOLDER)
40,1164,76119,"1/4"" تلابوك ةشير",35.0,EA,11.0,385.0,DRAPER,UNKNOWN(=BRAND PLACEHOLDER)
40,1165,76089,"11.5MM,COBALTتلابوك ةشر",15.0,EA,32.0,480.0,DRAPER,UNKNOWN(=BRAND PLACEHOLDER)
40,1166,41084,"60MM,HOLE SAW شيوخت ةشير",1.0,EA,35.0,35.0,DRAPER,UNKNOWN(=BRAND PLACEHOLDER)
40,1167,41079,44MMشيوخت ةشير,2.0,EA,27.0,54.0,DRAPER,UNKNOWN(=BRAND PLACEHOLDER)
40,1168,41090,89MM شيوخت ةشير,1.0,EA,47.0,47.0,DRAPER,UNKNOWN(=BRAND PLACEHOLDER)
40,1169,41085,64MMشيوخت ةشير,5.0,EA,35.0,175.0,DRAPER,UNKNOWN(=BRAND PLACEHOLDER)
40,1170,41078,43MM شيوخت ةشير,4.0,EA,27.0,108.0,DRAPER,UNKNOWN(=BRAND PLACEHOLDER)
40,1171,41088,64MMشيوخت ةشير,1.0,EA,43.0,43.0,DRAPER,UNKNOWN(=BRAND PLACEHOLDER)
40,1172,41089,70MM شيوخت ةشير,2.0,EA,37.0,74.0,DRAPER,UNKNOWN(=BRAND PLACEHOLDER)
40,1173,41083,57MM شيوخت ةشير,3.0,EA,33.0,99.0,DRAPER,UNKNOWN(=BRAND PLACEHOLDER)
40,1174,41076,38MM شيوخت ةشير,4.0,EA,25.0,100.0,DRAPER,UNKNOWN(=BRAND PLACEHOLDER)
40,1175,41082,51MM شيوخت ةشير,10.0,EA,30.0,300.0,DRAPER,UNKNOWN(=BRAND PLACEHOLDER)
40,1176,41077,41MM شيوخت ةشير,3.0,EA,26.0,78.0,DRAPER,UNKNOWN(=BRAND PLACEHOLDER)
40,1177,41088,76MM شيوخت ةشير,1.0,EA,42.0,42.0,DRAPER,UNKNOWN(=BRAND PLACEHOLDER)
40,1178,41080,48MM شيوخت ةشير,2.0,EA,30.0,60.0,DRAPER,UNKNOWN(=BRAND PLACEHOLDER)
40,1179,41084,"60MM,HOLE SAW شيوخت ةشير",1.0,EA,35.0,35.0,DRAPER,UNKNOWN(=BRAND PLACEHOLDER)
40,1180,41076,38MM ةشيوخت ةشير,3.0,EA,25.0,75.0,DRAPER,UNKNOWN(=BRAND PLACEHOLDER)
40,1181,41070,20MM شيوخت ةشير,2.0,EA,17.0,34.0,DRAPER,UNKNOWN(=BRAND PLACEHOLDER)
40,1182,41075,35MM شيوخت ةشير,4.0,EA,24.0,96.0,DRAPER,UNKNOWN(=BRAND PLACEHOLDER)
40,1183,56412,102MM شيوخت ةشير,1.0,EA,43.0,43.0,DRAPER,UNKNOWN(=BRAND PLACEHOLDER)
40,1184,56411,95MM شيوخت ةشير,1.0,EA,37.0,37.0,DRAPER,UNKNOWN(=BRAND PLACEHOLDER)
40,1185,56409,89MM شيوخت ةشير,1.0,EA,33.0,33.0,DRAPER,UNKNOWN(=BRAND PLACEHOLDER)
40,1186,56413,105MM شيوخت ةشير,1.0,EA,45.0,45.0,DRAPER,UNKNOWN(=BRAND PLACEHOLDER)
40,1187,56414,114MM شيوخت ةشير,1.0,EA,47.0,47.0,DRAPER,UNKNOWN(=BRAND PLACEHOLDER)
40,1188,56410,92MM شيوخت ةشير,1.0,EA,35.0,35.0,DRAPER,UNKNOWN(=BRAND PLACEHOLDER)
40,1189,52964,17MM شيوخت ةشير,10.0,EA,15.0,150.0,DRAPER,UNKNOWN(=BRAND PLACEHOLDER)
40,1190,52863,16MM شيوخت ةشير,6.0,EA,15.0,90.0,DRAPER,UNKNOWN(=BRAND PLACEHOLDER)
40,1191,52970,38MM شيوخت ةشير,1.0,EA,25.0,25.0,DRAPER,UNKNOWN(=BRAND PLACEHOLDER)
40,1192,52971,41MM شيوخت ةشير,1.0,EA,27.0,27.0,DRAPER,UNKNOWN(=BRAND PLACEHOLDER)
40,1193,56405,48MM شيوخت ةشير,1.0,EA,21.0,21.0,DRAPER,UNKNOWN(=BRAND PLACEHOLDER)
40,1194,43487,8.0MM MASONARY رادج ةشير,66.0,EA,12.0,792.0,DRAPER,UNKNOWN(=BRAND PLACEHOLDER)
40,1195,43486,7.0MM MASONARY رادج ةشير,100.0,EA,11.0,1100.0,DRAPER,UNKNOWN(=BRAND PLACEHOLDER)
40,1196,76119,"1/4"" COBALT تلابوك ةشير",44.0,EA,8.0,352.0,DRAPER,UNKNOWN(=BRAND PLACEHOLDER)
41,1197,76067,2.0MM COBALT تلابوك ةشير,45.0,EA,4.0,180.0,DRAPER,UNKNOWN(=BRAND PLACEHOLDER)
41,1198,76085,9.5MM COBALTتلابوك ةشير,8.0,EA,13.0,104.0,DRAPER,UNKNOWN(=BRAND PLACEHOLDER)
41,1199,76099,"10.3MM,COBALTتلابوك ةشسر",10.0,EA,15.0,150.0,DRAPER,UNKNOWN(=BRAND PLACEHOLDER)
41,1200,76080,7.5MM تلابوك ةشير,16.0,EA,12.0,192.0,DRAPER,UNKNOWN(=BRAND PLACEHOLDER)
41,1201,76100,11.3mm تللابوك ةشير,29.0,EA,18.0,522.0,DRAPER,UNKNOWN(=BRAND PLACEHOLDER)
41,1202,76097,8.3MM COBALTتلابوك ةشير,7.0,EA,12.0,84.0,DRAPER,UNKNOWN(=BRAND PLACEHOLDER)
41,1203,76089,"11.5MM,COBALTتلابوك ةشر",14.0,EA,16.0,224.0,DRAPER,UNKNOWN(=BRAND PLACEHOLDER)
41,1204,76088,11.0MM تلابوك ةشير,14.0,EA,16.0,224.0,DRAPER,UNKNOWN(=BRAND PLACEHOLDER)
41,1205,76071,3.5MM COBALT تلابوك ةشير,20.0,EA,5.0,100.0,DRAPER,UNKNOWN(=BRAND PLACEHOLDER)
41,1206,76091,12.5MM CPBALTتلابوك ةشير,32.0,EA,22.0,704.0,DRAPER,UNKNOWN(=BRAND PLACEHOLDER)
41,1207,76087,10.5MM COBALTتلابوك ةشير,5.0,EA,16.0,80.0,DRAPER,UNKNOWN(=BRAND PLACEHOLDER)
41,1208,76081,8.0MM COBALT تلابوك ةشير,12.0,EA,12.0,144.0,DRAPER,UNKNOWN(=BRAND PLACEHOLDER)
41,1209,76118,"1/8"" COBALT تلابوك ةشير",52.0,EA,3.0,156.0,DRAPER,UNKNOWN(=BRAND PLACEHOLDER)
41,1210,76098,9.3MM COBALTتلابوك ةشير,14.0,EA,14.0,196.0,DRAPER,UNKNOWN(=BRAND PLACEHOLDER)
41,1211,76096,7.2MM COBALTتلابوك ةشير,18.0,EA,12.0,216.0,DRAPER,UNKNOWN(=BRAND PLACEHOLDER)
41,1212,76078,6.5MM تلابوك ةشير,20.0,EA,11.0,220.0,DRAPER,UNKNOWN(=BRAND PLACEHOLDER)
41,1213,76095,6.2MM تلابوك ةشير,2.0,EA,11.0,22.0,DRAPER,UNKNOWN(=BRAND PLACEHOLDER)
41,1214,76082,8.5MM COBALTتلابوك ةشير,10.0,EA,13.0,130.0,DRAPER,UNKNOWN(=BRAND PLACEHOLDER)
41,1215,76089,"11.5MM,COBALTتلابوك ةشر",14.0,EA,18.0,252.0,DRAPER,UNKNOWN(=BRAND PLACEHOLDER)
41,1216,76064,1.0MM COBALTتلابوك ةشير,31.0,EA,3.0,93.0,DRAPER,UNKNOWN(=BRAND PLACEHOLDER)
41,1217,76066,1.5MM تلابوك ةشير,23.0,EA,3.0,69.0,DRAPER,UNKNOWN(=BRAND PLACEHOLDER)
41,1218,76090,12.0MM COBALT تلابوك ةشير,10.0,EA,18.0,180.0,DRAPER,UNKNOWN(=BRAND PLACEHOLDER)
41,1219,76079,7.0MM COBALTتلابوك ةشبر,43.0,EA,12.0,516.0,DRAPER,UNKNOWN(=BRAND PLACEHOLDER)
41,1220,43577,8.0MM COBALT تلابوك ةشير,10.0,EA,13.0,130.0,DRAPER,UNKNOWN(=BRAND PLACEHOLDER)
41,1221,76118,"1/4"" COBALT تلابوك ةشير",21.0,EA,5.0,105.0,DRAPER,UNKNOWN(=BRAND PLACEHOLDER)
41,1222,43575,6.5MM تلابوك ةشير,13.0,EA,9.0,117.0,DRAPER,UNKNOWN(=BRAND PLACEHOLDER)
41,1223,37152,SNIP 250MM جاص صقم,55.0,EA,55.0,3025.0,DRAPER,UNKNOWN(=BRAND PLACEHOLDER)
41,1224,35657,SNIP 300MM جاص صقم,24.0,EA,65.0,1560.0,DRAPER,UNKNOWN(=BRAND PLACEHOLDER)
41,1225,35631,SNIP 200MMجاص صقم,50.0,EA,45.0,2250.0,DRAPER,UNKNOWN(=BRAND PLACEHOLDER)
41,1226,21853,AGRICULTURE ةعارز تاودا,15.0,EA,25.0,375.0,DRAPER,UNKNOWN(=BRAND PLACEHOLDER)
41,1227,19654,AGRICULTURE ةعارز تاودا,10.0,EA,36.0,360.0,DRAPER,UNKNOWN(=BRAND PLACEHOLDER)
41,1228,19652,AGRICULTURE ةعارز تاودا,2.0,EA,20.0,40.0,DRAPER,UNKNOWN(=BRAND PLACEHOLDER)
41,1229,21851,AGRICULTURE ةعارز تاودا,7.0,EA,25.0,175.0,DRAPER,UNKNOWN(=BRAND PLACEHOLDER)
42,1230,88792,AGRICULTURE ةعارز تاودا,2.0,EA,35.0,70.0,DRAPER,UNKNOWN(=BRAND PLACEHOLDER)
42,1231,21853,AGRICULTURE ةعارز تاودا,10.0,EA,25.0,250.0,DRAPER,UNKNOWN(=BRAND PLACEHOLDER)
42,1232,21854,AGRICULTURE ةعارز تاودا,1.0,EA,15.0,15.0,DRAPER,UNKNOWN(=BRAND PLACEHOLDER)
42,1233,43591,MASONARY DRILL BIT 25MM,25.0,EA,45.0,1125.0,DRAPER,UNKNOWN(=BRAND PLACEHOLDER)
42,1234,42503,CLAW HAMMERبلخم شوكاش,11.0,EA,40.0,440.0,DRAPER,UNKNOWN(=BRAND PLACEHOLDER)
42,1235,52430,BEVEL PROTACTOR ةيواز,54.0,EA,200.0,10800.0,DRAPER,UNKNOWN(=BRAND PLACEHOLDER)
42,1236,47810,GREASE GUNةمحشم,25.0,EA,46.0,1150.0,DRAPER,UNKNOWN(=BRAND PLACEHOLDER)
42,1237,47813,GREASE GUNةمحشم,5.0,EA,60.0,300.0,DRAPER,UNKNOWN(=BRAND PLACEHOLDER)
42,1238,34703,SQ. ةيواز,54.0,EA,125.0,6750.0,DRAPER,UNKNOWN(=BRAND PLACEHOLDER)
42,1239,46690,SQ. ةيواز,5.0,EA,30.0,150.0,DRAPER,UNKNOWN(=BRAND PLACEHOLDER)
42,1240,7632,"TROLLEY,3TIERS كرحتم ددع لىلورن ي",1.0,EA,550.0,550.0,DRAPER,UNKNOWN(=BRAND PLACEHOLDER)
42,1241,43931,"10 DRAWERS 64"" TOPCHEST بلاود تسيش",1.0,EA,3100.0,4340.0,DRAPER,UNKNOWN(=BRAND PLACEHOLDER)
42,1242,43937,"14 DRAWERS,64"" ROLLER CAB كرحتم بلاود",1.0,EA,6992.0,9789.0,DRAPER,UNKNOWN(=BRAND PLACEHOLDER)
42,1243,78918,"PIPE WRENCH 14"" وبملج وبا",7.0,EA,75.0,525.0,DRAPER,UNKNOWN(=BRAND PLACEHOLDER)
42,1244,78919,"PIPE WRENCH 18"" وبملج وبا",20.0,EA,110.0,2200.0,DRAPER,UNKNOWN(=BRAND PLACEHOLDER)
42,1245,35100,scraper/remover kit,5.0,SET,89.0,445.0,DRAPER,UNKNOWN(=BRAND PLACEHOLDER)
42,1246,64440,MARKING GAUGE,8.0,EA,80.0,640.0,DRAPER,UNKNOWN(=BRAND PLACEHOLDER)
42,1247,72376,BENDER 8/10/12,8.0,ea,135.0,1080.0,DRAPER,UNKNOWN(=BRAND PLACEHOLDER)
42,1248,68890,SIDE CUTTER H/D GRIPS 130MM,133.0,EA,38.0,5054.0,DRAPER,UNKNOWN(=BRAND PLACEHOLDER)
42,1249,69172,VDE COMBINATION PLIER 200MM,7.0,EA,50.0,350.0,DRAPER,UNKNOWN(=BRAND PLACEHOLDER)
42,1250,44139,200MM SG COMBINATION PLIERS,36.0,EA,27.0,972.0,DRAPER,UNKNOWN(=BRAND PLACEHOLDER)
42,1251,68885,COMBINATION PLIER HD GRIP200MM,23.0,EA,50.0,1150.0,DRAPER,UNKNOWN(=BRAND PLACEHOLDER)
42,1252,68894,WIRE STRIPPER H/D GRIPS 150MM,66.0,EA,43.0,2838.0,DRAPER,UNKNOWN(=BRAND PLACEHOLDER)
42,1253,59272,SPRAY GUN-AGRI,29.0,EA,31.0,899.0,DRAPER,UNKNOWN(=BRAND PLACEHOLDER)
42,1254,55190,SPRAY GUN-AGRI,16.0,EA,18.0,288.0,DRAPER,UNKNOWN(=BRAND PLACEHOLDER)
42,1255,59273,SPRAY GUN-AGRI,20.0,EA,32.0,640.0,DRAPER,UNKNOWN(=BRAND PLACEHOLDER)
42,1256,40417,PUNCHDOWN TOOL,11.0,EA,35.0,385.0,DRAPER,UNKNOWN(=BRAND PLACEHOLDER)
42,1257,23553,SUCKER,31.0,EA,27.0,837.0,DRAPER,UNKNOWN(=BRAND PLACEHOLDER)
42,1258,23554,SUCKER,15.0,EA,30.0,450.0,DRAPER,UNKNOWN(=BRAND PLACEHOLDER)
42,1259,59270,SPRAY GUN-AGRI,17.0,EA,30.0,510.0,DRAPER,UNKNOWN(=BRAND PLACEHOLDER)
42,1260,55820,connector for hoses,10.0,EA,22.0,220.0,DRAPER,UNKNOWN(=BRAND PLACEHOLDER)
42,1261,61090,connector for hoses,3.0,EA,12.0,36.0,DRAPER,UNKNOWN(=BRAND PLACEHOLDER)
43,1262,55198,connector for hoses,7.0,EA,8.0,56.0,DRAPER,UNKNOWN(=BRAND PLACEHOLDER)
43,1263,61091,connector for hoses,12.0,EA,12.0,144.0,DRAPER,UNKNOWN(=BRAND PLACEHOLDER)
43,1264,55197,connector for hoses,1.0,EA,15.0,15.0,DRAPER,UNKNOWN(=BRAND PLACEHOLDER)
43,1265,55196,connector for hoses,15.0,EA,15.0,225.0,DRAPER,UNKNOWN(=BRAND PLACEHOLDER)
43,1266,55195,connector for hoses,10.0,EA,10.0,100.0,DRAPER,UNKNOWN(=BRAND PLACEHOLDER)
43,1267,55194,connector for hoses,9.0,EA,10.0,90.0,DRAPER,UNKNOWN(=BRAND PLACEHOLDER)
43,1268,14133,SCISSORS,2.0,EA,10.0,20.0,DRAPER,UNKNOWN(=BRAND PLACEHOLDER)
43,1269,11152,CHISEL WITH HANDLE,2.0,EA,80.0,160.0,DRAPER,UNKNOWN(=BRAND PLACEHOLDER)
43,1270,28819,automotive trim removal plier,12.0,EA,176.0,2112.0,DRAPER,UNKNOWN(=BRAND PLACEHOLDER)
43,1271,13914,ball joint seperator,1.0,EA,176.0,176.0,DRAPER,UNKNOWN(=BRAND PLACEHOLDER)
43,1272,13222,"socket 13/16"",12pt,3/8dr",48.0,EA,25.0,1200.0,DRAPER,UNKNOWN
43,2218,ECLIPSE,PA788/11 GAS PLIER زاج ةيدارز,65.0,EA,95.0,6175.0,ECLIPSE,UK
43,1273,40CM,EGAMASTER-40CM,1.0,EA,35.0,35.0,EGA,SPAIN
43,1274,ELORA,"22MM,RING,SLUGG قرط حاتفم",5.0,EA,140.0,700.0,ELORA,GERMANY
43,1275,ELORA,"24MM,RING,SLUGG قرط حاتفم",1.0,EA,140.0,140.0,ELORA,GERMANY
43,1276,"15/16""",ر COMB.WRENCH كتشم حاتفم,1.0,EA,25.0,25.0,ELORA,GERMANY
43,1277,"5/8X3/4""",OPENED WRENCH ىدلب حاتفم,5.0,EA,28.0,140.0,ELORA,GERMANY
43,1278,MIG270T,"WELDING,MMA,TIG,MIG",1.0,EA,7900.0,7900.0,EPS,ITALY
43,1279,220-M,"WELDING,MMA,,MIG,ST.ST.ALU.",2.0,PC,6700.0,13400.0,EPS,ITALY
43,1280,T40.60,"PLASMA,CUUTING",1.0,EA,4500.0,4500.0,EPS,ITALY
43,1281,T60.60,"PLASMA,CUUTING",1.0,EA,5800.0,5800.0,EPS,ITALY
43,1282,300.6,"BIGTRA,WELDING MACHINE",2.0,EA,5450.0,10900.0,EPS,ITALY
43,1283,TOPTIG220HF,"WELDING MACHINE 220A,TIG,ARC كراو جيت ماحل ةنيكام",1.0,EA,4880.0,4880.0,EPS,ITALY
43,2223,ERB,"HELMET,WHITE ءاضيب ةذزخ",9.0,EA,25.0,225.0,ERB,USA
43,2588,OMEGAII,ORANGE لىاقترب ة1وخ,41.0,EA,25.0,1025.0,ERB,USA
43,2594,ERB,"HEMET,ORANGEلىافترب ة1وخ",6.0,EA,25.0,150.0,ERB,USA
43,2596,ERB,"OTANGE,HELLMETلىاقترب ةذوخ",50.0,EA,25.0,1250.0,ERB,USA
43,2597,ERB,"HELMET,YELLOWءارفص ةذوخ",28.0,EA,25.0,700.0,"ERB,DRA",USA
43,2314,445706,EXTECH 445703 Big Digit Hygro-Thermometer,7.0,EA,230.0,1610.0,EXTECH,USA
43,2315,39240,Extech 39240: Waterproof Stem Thermometer - FLIR,9.0,EA,150.0,1350.0,EXTECH,USA
44,2316,407860,V.METER,1.0,EA,3900.0,3900.0,EXTECH,USA
44,2318,EX470,"IR,TRUE RMS MMETER",1.0,EA,650.0,650.0,EXTECH,USA
44,2319,EX410,TRUE RMS MMETER,6.0,EA,190.0,1140.0,EXTECH,USA
44,2320,MA120,"AC AMP-200A,CLAMP METER",2.0,EA,370.0,740.0,EXTECH,USA
44,2324,TG30,TONE GENERATOR,14.0,EA,225.0,3150.0,EXTECH,USA
44,2327,401014,THERMOMETER,32.0,EA,135.0,4320.0,EXTECH,USA
44,2328,TP880,TYPE K PENETRATION PROBE,12.0,EA,210.0,2520.0,EXTECH,USA
44,2329,EXT430,"DMM,12FUNCTION",1.0,EA,410.0,410.0,EXTECH,USA
44,2331,STW515,STOP WATCH,1.0,EA,190.0,190.0,EXTECH,USA
44,2332,365515,STOP WATCH,7.0,EA,120.0,840.0,EXTECH,USA
44,2333,39272,THERMOMETER FOLDING TYPE,20.0,EA,150.0,3000.0,EXTECH,USA
44,2335,392050,EXTECH 392050 Penetration Stem Dial Thermometer,27.0,EA,110.0,2970.0,EXTECH,USA
44,2345,CA895,VINYL CARRING CASE,9.0,EA,120.0,1080.0,EXTECH,USA
44,2389,EC501,"PH501,METER حلاملاا سايق زاخج",8.0,EA,450.0,3600.0,EXTECH,USA
44,2390,EC400,"COND,TDS,SALANITY METER نايسر سايق زاهج ر ءاملا ق رايتلا ي",4.0,EA,55.0,220.0,EXTECH,USA
44,2391,PH110,"EX STIK,PH METER حلاملاا زاهج",4.0,EA,655.0,2620.0,EXTECH,USA
44,2392,PH100,PH METER حلاملاا سايق زاهج,2.0,EA,739.0,1478.0,EXTECH,USA
44,2393,EC500,"PH,COND,حلاملاا سايق زاهج",1.0,EA,450.0,450.0,EXTECH,USA
44,2395,503,"TDS, TDS503 نابوزلا سايق زاخج",4.0,EA,410.0,1640.0,EXTECH,USA
44,2619,EX470,ر ر 12 FUNCTION DMMتيم بلم,1.0,EA,650.0,650.0,EXTECH,USA
44,2620,EX410,ر ر MULTIFUNCTION DMMددعتم تيم بلم,1.0,EA,240.0,240.0,EXTECH,USA
44,2621,EX430,ر ر RMS AUTORANG DMMتيم بلم,1.0,EA,410.0,410.0,EXTECH,USA
44,2632,445706,HYGR-METER-CLOCK وجلا ةلاح سايق,4.0,EA,165.0,660.0,EXTECH,USA
44,2266,VT-10,vt10-extech,2.0,EA,210.0,420.0,EXTTECH,USA
44,2251,77940,"oil Pump,fieldspACE فيكملا تيز ةخضم",4.0,ea,760.0,3040.0,FIELDSPA,USA
44,2305,SV63,VACUMM GAUGE-,3.0,EA,950.0,2850.0,FIELDSPA,USA
44,2587,SPDM1,"ر ر dmm,ac/dc,POCKET تيم بلم تكوب",3.0,EA,120.0,360.0,FIELDSPACE,USA
44,2382,FD/20179,"ر 20M,TAPE تيم",13.0,EA,130.0,1690.0,FISCO,USA
45,2239,902,ر HVAC CLAMP-TRUE فييكتلل تيمىتلم,9.0,,1750.0,15750.0,FLUKE,USA
45,2252,566/568,ر IR THERMOMETER ةرارحلل تيم بملاك,2.0,ea,2100.0,4200.0,FLUKE,USA
45,2311,PRO3000,PROBE,16.0,EA,290.0,4640.0,FLUKE,USA
45,2312,PRO3000,TONE GENERATOR,16.0,kit,470.0,7520.0,FLUKE,USA
45,2317,80PK22,TEMP.PROBE,1.0,EA,470.0,470.0,FLUKE,USA
45,2321,TL71,TEST LEAD SET,4.0,EA,380.0,1520.0,FLUKE,USA
45,2322,TL75,HARD POINT TESTE LEADS SET,8.0,EA,150.0,1200.0,FLUKE,USA
45,2401,CO-220,"MONOXIDE,CARBON نوبركلا ديسكا لوا فشك زاهج",1.0,EA,2310.0,2310.0,FLUKE,USA
45,2635,80I-500S,"AC CURRENT PROBE,JAW CLAMPتيبما بملاك",1.0,EA,195.0,195.0,FLUKE,USA
45,2347,67772,PITSBURGH-BRAKE BLEEDER,1.0,EA,35.0,35.0,FREIGH,USA
45,1286,GEDORE,"RING,1.1/2"",SLUGG قرط حاتفم",1.0,EA,285.0,285.0,GEDORE,GERMANY
45,1287,GEDORE,"RING,1.5/8,SLUGG قرط حاتفم",1.0,EA,320.0,320.0,GEDORE,GERMANY
45,2243,MMG608,grain moisture tester ةبوطرلا سايق زاهج,1.0,kit,1350.0,1350.0,GENERAL,USA
45,2245,93547,"FUEL PUMP,VACUUM TESTER طغض رابتخا ةادا دوقولا",1.0,KIT,165.0,165.0,GENERAL,USA
45,2326,WPT100,"SEEKER,WATER PURITY",1.0,EA,550.0,550.0,GENERAL,USA
45,2330,SW100AY,STOPWATCH-YELLOW,8.0,EA,70.0,560.0,GENERAL,USA
45,2377,DCS300,BOROSCOPE,1.0,EA,1200.0,1200.0,GENERAL,USA
45,2381,WPT100,"SEEKER,MOUSTURE,WATER QUALITY",2.0,EA,295.0,590.0,GENERAL,USA
45,2394,CL207,ر CHLORMINE STANDARD يرلوروكلا سايق زاهج,9.0,EA,220.0,1980.0,GENERAL,USA
45,2397,NGD268,GAS DETECTOR نويرفلا زاهج,1.0,EA,1380.0,1380.0,GENERAL,USA
45,2398,MMD900,"MOISTUTE TESTER FOR WOOS,PIN/PINLES اهج ر بشخلا ق ةبوطرلل ي",1.0,EA,750.0,750.0,GENERAL,USA
45,2403,506,"EC METER,COND.",6.0,EA,350.0,2100.0,GENERAL,USA
45,2618,MMD4E,SEEKER-MOISTURE ةبوطرلا ثحاب,11.0,EA,435.0,4785.0,GENERAL,USA
45,1288,"7""",AUTO-WIRE STRIPPER-GERMANY,4.0,EA,48.0,192.0,GER,GERMANY
45,1289,32380 0015,"FISH TAPE 15M,NYLON",24.0,ROLL,35.0,840.0,GER,GERMANY
45,1290,323800030,"FISH TAPE,30M,NYLON",24.0,ROLL,50.0,1200.0,GER,GERMANY
45,1291,323700010,"FISH TAPE,NYLON,10MM",14.0,EA,30.0,420.0,GER,GERMANY
45,1292,323700010,"FISH TAPE,ST,10M",14.0,ROLL,40.0,560.0,GER,GERMANY
45,1293,323700015,"FISH TAPE,ST,15M",37.0,ROLL,50.0,1850.0,GER,GERMANY
46,1294,323700020,"FISH TAPE,ST,20M",0.0,ROLL,0.0,0.0,GER,GERMANY
46,1295,323700030,"FISH TAPE,ST,30M",29.0,ROLL,55.0,1595.0,GER,GERMANY
46,1296,553-190,TORX ALLEN KEY,26.0,SET,135.0,3510.0,GER,GERMANY
46,1297,WGB,"1/2DR,SKT,25PCSMMM",8.0,SET,550.0,4400.0,GER,GERMANY
46,1298,98 24 03,PH3 SCREWDRIVER,23.0,PCS,37.0,851.0,GER,GERMANY
46,1299,129 009,T9 TORX سكروت كفم,12.0,PCS,12.0,144.0,GER,GERMANY
46,1300,129 010,T10-TORX سكروت كفم,13.0,PCS,15.0,195.0,GER,GERMANY
46,1301,129 015,T15-TORX سكروت كفم,24.0,PCS,16.0,384.0,GER,GERMANY
46,1302,129 025,T25-TORX سكروت كفم,9.0,PCS,18.0,162.0,GER,GERMANY
46,1303,129 040,T40-TORX سكروت كفم,30.0,PCS,25.0,750.0,GER,GERMANY
46,1304,129 045,T45-TORX سكروت كفم,12.0,PCS,30.0,360.0,GER,GERMANY
46,1305,129 030,T30-TORX سكروت كفم,21.0,PCS,22.0,462.0,GER,GERMANY
46,1306,T29,T29 سكروت كفم,1.0,PCS,35.0,35.0,GER,GERMANY
46,1307,WGB,"27MM,OPEN,SLUGG قرط حاتفم",3.0,EA,175.0,525.0,GER,GERMANY
46,1308,1.1/16,ر COMB.WRENCH كتشم حاتفم,11.0,EA,210.0,2310.0,GER,GERMANY
46,1309,"7/8X3/4""",RING WRENCH موتخم حاتفم,28.0,EA,32.0,896.0,GER,GERMANY
46,1310,27X32,OPENED WRENCH ىدلب حاتفم,9.0,EA,110.0,990.0,GER,GERMANY
46,1311,"7/8X13/16""",RING WRENCH موتخم حاتفم,6.0,EA,32.0,192.0,GER,GERMANY
46,1312,14X15,RING WRENCH موتخم حاتفم,1.0,EA,17.0,17.0,GER,GERMANY
46,1313,16X17,RING WRENCH موتخم حاتفم,1.0,EA,20.0,20.0,GER,GERMANY
46,1314,21X23,RING WRENCH موتخم حاتفم,2.0,EA,27.0,54.0,GER,GERMANY
46,1315,"3/4x25/32""",RING WRENCH موتخم حاتفم,2.0,EA,22.0,44.0,GER,GERMANY
46,1316,24X26,RING WRENCH موتخم حاتفم,1.0,EA,45.0,45.0,GER,GERMANY
46,1317,27X32,OPENED WRENCH ىدلب حاتفم,2.0,EA,88.0,176.0,GER,GERMANY
46,1318,"1X15/16""",RING WRENCH موتخم حاتفم,1.0,EA,38.0,38.0,GER,GERMANY
46,1319,"1X15/16""",OPENED WRENCH ىدلب حاتفم,1.0,EA,38.0,38.0,GER,GERMANY
46,1320,27X29,OPENED WRENCH ىدلب حاتفم,2.0,EA,75.0,150.0,GER,GERMANY
46,1321,1.5/8X1.7/16,"""OPENED WRENCH ىدلب حاتفم",1.0,EA,198.0,198.0,GER,GERMANY
46,1322,9MM,ر COMB.WRENCH كتشم حاتفم,24.0,EA,12.0,288.0,GER,GERMANY
46,1323,22X24,OPENED WRENCH ىدلب حاتفم,1.0,EA,38.0,38.0,GER,GERMANY
46,1324,17X19,OPENED WRENCH ىدلب حاتفم,2.0,EA,28.0,56.0,GER,GERMANY
46,1325,19X21,OPENED WRENCH ىدلب حاتفم,1.0,EA,28.0,28.0,GER,GERMANY
46,1326,"3/4X7/8""",OPENED WRENCH ىدلب حاتفم,9.0,EA,25.0,225.0,GER,GERMANY
47,1327,16X17,RING WRENCH موتخم حاتفم,3.0,EA,22.0,66.0,GER,GERMANY
47,1328,21X23,OPENED WRENCH ىدلب حاتفم,3.0,EA,32.0,96.0,GER,GERMANY
47,1329,"15/16X1.1/2""",OPENED WRENCH ىدلب حاتفم,3.0,EA,65.0,195.0,GER,GERMANY
47,1330,"1X1.1/8""",RING WRENCH موتخم حاتفم,5.0,EA,55.0,275.0,GER,GERMANY
47,1331,"1X1.1/16""",RING WRENCH موتخم حاتفم,4.0,EA,58.0,232.0,GER,GERMANY
47,1332,1.1/4X1.1/16,"""RING WRENCH موتخم حاتفم",1.0,EA,125.0,125.0,GER,GERMANY
47,1333,32X36,RING WRENCH موتخم حاتفم,1.0,EA,86.0,86.0,GER,GERMANY
47,1334,30X36,RING WRENCH موتخم حاتفم,3.0,EA,98.0,294.0,GER,GERMANY
47,1335,"3/4X7/8""",RING WRENCH موتخم حاتفم,1.0,EA,25.0,25.0,GER,GERMANY
47,1336,20X22,RING WRENCH موتخم حاتفم,10.0,EA,35.0,350.0,GER,GERMANY
47,1337,27X30,RING WRENCH موتخم حاتفم,3.0,EA,48.0,144.0,GER,GERMANY
47,1338,25X28,RING WRENCH موتخم حاتفم,3.0,EA,45.0,135.0,GER,GERMANY
47,1339,"3/8X7/16""",RING WRENCH موتخم حاتفم,4.0,EA,18.0,72.0,GER,GERMANY
47,1340,13X17,RING WRENCH موتخم حاتفم,2.0,EA,17.0,34.0,GER,GERMANY
47,1341,36X41,RING WRENCH موتخم حاتفم,2.0,EA,120.0,240.0,GER,GERMANY
47,1342,1.1/16X1.1/8,RING WRENCH موتخم حاتفم,1.0,EA,170.0,170.0,GER,GERMANY
47,1343,30X32,RING WRENCH موتخم حاتفم,2.0,EA,110.0,220.0,GER,GERMANY
47,1344,1.3/8X1.5/16,"""RING WRENCH موتخم حاتفم",1.0,EA,180.0,180.0,GER,GERMANY
47,1345,27X32,RING WRENCH موتخم حاتفم,1.0,EA,65.0,65.0,GER,GERMANY
47,1346,"1.1/8X1.1/4""",RING WRENCH موتخم حاتفم,2.0,EA,190.0,380.0,GER,GERMANY
47,1347,27X30,RING WRENCH موتخم حاتفم,2.0,EA,78.0,156.0,GER,GERMANY
47,1348,30X36,RING WRENCH موتخم حاتفم,2.0,EA,155.0,310.0,GER,GERMANY
47,1349,20X25,RING WRENCH موتخم حاتفم,2.0,EA,45.0,90.0,GER,GERMANY
47,1350,25X28,RING WRENCH موتخم حاتفم,6.0,EA,55.0,330.0,GER,GERMANY
47,1351,27X32,RING WRENCH موتخم حاتفم,2.0,EA,98.0,196.0,GER,GERMANY
47,1352,30X36,RING WRENCH موتخم حاتفم,3.0,EA,158.0,474.0,GER,GERMANY
47,1353,30X32,RING WRENCH موتخم حاتفم,2.0,EA,48.0,96.0,GER,GERMANY
47,1354,32X36,RING WRENCH موتخم حاتفم,4.0,EA,75.0,300.0,GER,GERMANY
47,1355,1.1/16X1.1/8,RING WRENCH موتخم حاتفم,1.0,EA,160.0,160.0,GER,GERMANY
47,1356,23MM,ر COMB.WRENCH كتشم حاتفم,41.0,EA,27.0,1107.0,GER,GERMANY
47,1357,32MM,ر COMB.WRENCH كتشم حاتفم,15.0,EA,48.0,720.0,GER,GERMANY
47,1358,28MM,ر COMB.WRENCH كتشم حاتفم,1.0,EA,39.0,39.0,GER,GERMANY
47,1359,26MM,ر COMB.WRENCH كتشم حاتفم,14.0,EA,37.0,518.0,GER,GERMANY
48,1360,25X28,RING WRENCH موتخم حاتفم,12.0,EA,38.0,456.0,GER,GERMANY
48,1361,29MM,ر COMB.WRENCH كتشم حاتفم,8.0,EA,39.0,312.0,GER,GERMANY
48,1362,27MM,ر COMB.WRENCH كتشم حاتفم,12.0,EA,35.0,420.0,GER,GERMANY
48,1363,55061,COUPLING ةليصوت,40.0,EA,30.0,1200.0,GER,GERMANY
48,1364,"19/32""",ر COMB.WRENCH كتشم حاتفم,14.0,EA,25.0,350.0,GER,GERMANY
48,1365,28MM,ر COMB.WRENCH كتشم حاتفم,5.0,EA,35.0,175.0,GER,GERMANY
48,1366,"1""",ر COMB.WRENCH كتشم حاتفم,2.0,EA,30.0,60.0,GER,GERMANY
48,1367,"5/8""",ر COMB.WRENCH كتشم حاتفم,1.0,EA,22.0,22.0,GER,GERMANY
48,1368,12X13,RING WRENCH موتخم حاتفم,8.0,EA,18.0,144.0,GER,GERMANY
48,1369,14X15,RING WRENCH موتخم حاتفم,27.0,EA,20.0,540.0,GER,GERMANY
48,1370,16X17,RING WRENCH موتخم حاتفم,14.0,EA,22.0,308.0,GER,GERMANY
48,1371,DUSPOL,VOLTAGE TESTER 110-220-440-750V,4.0,EA,195.0,780.0,GER,GERMANY
48,1372,25X28,RING WRENCH موتخم حاتفم,15.0,EA,38.0,570.0,GER,GERMANY
48,1373,"1.1/8X1.1/4""",RING WRENCH موتخم حاتفم,9.0,EA,160.0,1440.0,GER,GERMANY
48,13741,.11/16X1.7/8,"""RING WRENCH موتخم حاتفم",1.0,EA,175.0,175.0,GER,GERMANY
48,1375,"1.13/16X2""",RING WRENCH موتخم حاتفم,1.0,EA,240.0,240.0,GER,GERMANY
48,1376,60MM,ر COMB.WRENCH كتشم حاتفم,2.0,EA,395.0,790.0,GER,GERMANY
48,1377,"2""",ر COMB.WRENCH كتشم حاتفم,3.0,EA,310.0,930.0,GER,GERMANY
48,1378,"1.5/8""",ر COMB.WRENCH كتشم حاتفم,3.0,EA,75.0,225.0,GER,GERMANY
48,1379,"1.13/16""",ر COMB.WRENCH كتشم حاتفم,4.0,EA,80.0,320.0,GER,GERMANY
48,1380,32X36,RING WRENCH موتخم حاتفم,2.0,EA,60.0,120.0,GER,GERMANY
48,1381,46X50,RING WRENCH موتخم حاتفم,9.0,EA,220.0,1980.0,GER,GERMANY
48,1382,36X41,RING WRENCH موتخم حاتفم,17.0,EA,85.0,1445.0,GER,GERMANY
48,1383,30X32,RING WRENCH موتخم حاتفم,7.0,EA,70.0,490.0,GER,GERMANY
48,1384,21X23,RING WRENCH موتخم حاتفم,3.0,EA,35.0,105.0,GER,GERMANY
48,1385,46X50,RING WRENCH موتخم حاتفم,3.0,EA,220.0,660.0,GER,GERMANY
48,1386,46X50,RING WRENCH موتخم حاتفم,6.0,EA,220.0,1320.0,GER,GERMANY
48,1387,55X60,RING WRENCH موتخم حاتفم,3.0,EA,395.0,1185.0,GER,GERMANY
48,1388,55X60,RING WRENCH موتخم حاتفم,6.0,EA,395.0,2370.0,GER,GERMANY
48,1389,46X50,RING WRENCH موتخم حاتفم,4.0,EA,198.0,792.0,GER,GERMANY
48,1390,25X28,RING WRENCH موتخم حاتفم,16.0,EA,48.0,768.0,GER,GERMANY
48,1391,"1.1/8X1.1/4""",RING WRENCH موتخم حاتفم,5.0,EA,70.0,350.0,GER,GERMANY
48,1392,36X41,RING WRENCH موتخم حاتفم,6.0,EA,90.0,540.0,GER,GERMANY
49,13931,.11/16X1.7/8,"""RING WRENCH موتخم حاتفم",2.0,EA,163.0,326.0,GER,GERMANY
49,1394,41X46,RING WRENCH موتخم حاتفم,5.0,EA,75.0,375.0,GER,GERMANY
49,1395,36X41,RING WRENCH موتخم حاتفم,4.0,EA,70.0,280.0,GER,GERMANY
49,1396,"1""",ر COMB.WRENCH كتشم حاتفم,20.0,EA,35.0,700.0,GER,GERMANY
49,1397,"11/16""",ر COMB.WRENCH كتشم حاتفم,6.0,EA,20.0,120.0,GER,GERMANY
49,1398,21MM,ر COMB.WRENCH كتشم حاتفم,6.0,EA,25.0,150.0,GER,GERMANY
49,1399,15MM,ر COMB.WRENCH كتشم حاتفم,5.0,EA,15.0,75.0,GER,GERMANY
49,1400,17MM,ر COMB.WRENCH كتشم حاتفم,5.0,EA,20.0,100.0,GER,GERMANY
49,1401,25X28,OPENED WRENCH ىدلب حاتفم,8.0,EA,38.0,304.0,GER,GERMANY
49,1402,20X23,RING WRENCH موتخم حاتفم,4.0,EA,25.0,100.0,GER,GERMANY
49,1403,"5/8X11/16""",OPENED WRENCH ىدلب حاتفم,4.0,EA,35.0,140.0,GER,GERMANY
49,1404,24X26,RING WRENCH موتخم حاتفم,1.0,EA,32.0,32.0,GER,GERMANY
49,1405,18X19,RING WRENCH موتخم حاتفم,4.0,EA,24.0,96.0,GER,GERMANY
49,1406,14X15,RING WRENCH موتخم حاتفم,1.0,EA,22.0,22.0,GER,GERMANY
49,1407,"3/4X7/8""",OPENED WRENCH ىدلب حاتفم,22.0,EA,26.0,572.0,GER,GERMANY
49,1408,20X22,OPENED WRENCH ىدلب حاتفم,17.0,EA,28.0,476.0,GER,GERMANY
49,1409,"1/2X9/16""",OPENED WRENCH ىدلب حاتفم,1.0,EA,21.0,21.0,GER,GERMANY
49,1410,"3/8X5/16""",OPENED WRENCH ىدلب حاتفم,20.0,EA,20.0,400.0,GER,GERMANY
49,1411,"1/2X7/16""",OPENED WRENCH ىدلب حاتفم,10.0,EA,20.0,200.0,GER,GERMANY
49,1412,"5/16X3/4""",OPENED WRENCH ىدلب حاتفم,4.0,EA,26.0,104.0,GER,GERMANY
49,1413,"5/8X11/16""",OPENED WRENCH ىدلب حاتفم,4.0,EA,25.0,100.0,GER,GERMANY
49,1414,5720,SCAFOLDING WRENCH ةلاقس حاتفم,10.0,EA,135.0,1350.0,GER,GERMANY
49,1415,25X28,RING WRENCH موتخم حاتفم,1.0,EA,35.0,35.0,GER.,GERMANY
49,1416,25MM,ر COMB.WRENCH كتشم حاتفم,3.0,EA,30.0,90.0,GER.,GERMANY
49,1417,"9/16""",ر COMB.WRENCH كتشم حاتفم,4.0,EA,19.0,76.0,GER.,GERMANY
49,1418,"5/8""",ر COMB.WRENCH كتشم حاتفم,4.0,EA,18.0,72.0,GER.,GERMANY
49,1419,"5/8X9/16""",OPENED WRENCH ىدلب حاتفم,1.0,EA,19.0,19.0,GER.,GERMANY
49,1420,11/16X19/32,"""RING WRENCH موتخم حاتفم",8.0,EA,25.0,200.0,GER.,GERMANY
49,1421,"7/8X13/16""",RING WRENCH موتخم حاتفم,2.0,EA,22.0,44.0,GER.,GERMANY
49,1422,"1/2X7/16""",RING WRENCH موتخم حاتفم,8.0,EA,15.0,120.0,GER.,GERMANY
49,1423,16MM,ر COMB.WRENCH كتشم حاتفم,4.0,EA,19.0,76.0,GER.,GERMANY
49,1424,18X19,ر COMB.WRENCH كتشم حاتفم,17.0,EA,24.0,408.0,GER.,GERMANY
49,1425,"25/32""",ر COMB.WRENCH كتشم حاتفم,18.0,EA,26.0,468.0,GER.,GERMANY
50,1426,"1/4""",ر COMB.WRENCH كتشم حاتفم,1.0,EA,8.0,8.0,GER.,GERMANY
50,1427,6MM,ر COMB.WRENCH كتشم حاتفم,35.0,EA,8.0,280.0,GER.,GERMANY
50,1428,7MM,ر COMB.WRENCH كتشم حاتفم,46.0,EA,12.0,552.0,GER.,GERMANY
50,1429,"5/16""",ر COMB.WRENCH كتشم حاتفم,5.0,EA,15.0,75.0,GER.,GERMANY
50,1430,18X19,RING WRENCH موتخم حاتفم,1.0,EA,24.0,24.0,GER.,GERMANY
50,1431,18MM,ر COMB.WRENCH كتشم حاتفم,1.0,EA,23.0,23.0,GER.,GERMANY
50,1432,"3/4X5/8""",OPENED WRENCH ىدلب حاتفم,1.0,EA,22.0,22.0,GER.,GERMANY
50,1433,9MM,ر COMB.WRENCH كتشم حاتفم,1.0,EA,12.0,12.0,GER.,GERMANY
50,1434,"7/8X3/4""",OPENED WRENCH ىدلب حاتفم,6.0,EA,25.0,150.0,GER.,GERMANY
50,1435,"5/8X3/4""",OPENED WRENCH ىدلب حاتفم,6.0,EA,23.0,138.0,GER.,GERMANY
50,1436,8X10,RING WRENCH موتخم حاتفم,1.0,EA,13.0,13.0,GER.,GERMANY
50,1437,GEDORE,"1.5/16 SLUGG.WRE,RING قرط حاتفم",1.0,EA,140.0,140.0,GERMAN,GERMANY
50,1438,WGB,"30MM,RING,SLUGG قرط حاتفم",1.0,EA,130.0,130.0,GERMAN,GERMANY
50,1439,WIESEMANN,"30MM,RING,SLUGG قرط حاتفم",1.0,EA,130.0,130.0,GERMAN,GERMANY
50,1440,GEDORE,"1.1/4,RING,SLUGG قرط حاتفم",1.0,EA,140.0,140.0,GERMAN,GERMANY
50,1441,WIESEMANN,"32MM,RING,SLUGG قرط حاتفم",5.0,EA,140.0,700.0,GERMAN,GERMANY
50,1442,WIESEMANN,"24MM,RING,SLUGG قرط حاتفم",2.0,EA,140.0,280.0,GERMAN,GERMANY
50,1443,BRITOOL,"RING,1.1/16,SLUGG قرط حاتفم",1.0,EA,145.0,145.0,GERMAN,GERMANY
50,1444,2412/25,"ر 25M,TAPE سايق طيسر",30.0,EA,145.0,4350.0,GERMANY,GERMANY
50,1445,2278/20,"ر 20M,TAPE سايق طيسر",10.0,EA,130.0,1300.0,GERMANY,GERMANY
50,1446,gs-108,SUCKER,20.0,EA,25.0,500.0,GOOT,UNKNOWN
50,2360,7237BB,"PUNCH SET-1.1/2-2""",0.0,set,1720.0,0.0,GREENLEE,USA
50,2361,7306SB,"PUNCH 1/2""-2"" شنب مقط",1.0,set,4350.0,4350.0,GREENLEE,USA
50,2590,125FT,FISH TAPEكلاا بحس ةركب,3.0,EA,150.0,450.0,GREENLEE,USA
50,2591,240FT,FISH TAPEكلاا بحس ةركب,2.0,EA,200.0,400.0,GREENLEE,USA
50,2592,50FT,FISH TAPEكلاا بحس ةركب,3.0,EA,70.0,210.0,GREENLEE,USA
50,2593,65FT,FISH TAPEكلاا بحس ةركب,5.0,EA,75.0,375.0,GREENLEE,USA
50,1447,TA150,"LATHE,WOOD,HALF MECH",4.0,EA,15000.0,60000.0,GRIGGRIO,ITALY
50,2195,HC-65160,hc-65165 cups-harbor RADIATOR CUPS,9.0,KIT,440.0,3960.0,HARBOR,UK
50,2292,92374,BITSBURGH-SNAP RING PLIERS ةليت مقط,6.0,ea,350.0,2100.0,HARBOR,USA
50,2334,H-241,TIE GUN-ULINE,16.0,EA,110.0,1760.0,HARBOR,USA
50,2639,92514,"LEAK DETECTOR,HALOGEN&FREON",2.0,EA,410.0,820.0,HARBOR,USA
50,1448,HERO,ADJ.600MM ةنابس,2.0,EA,375.0,750.0,HERO,JAPAN
51,1449,"1/4X5/16""",ر COMB.WRENCH كتشم حاتفم,11.0,EA,35.0,385.0,HEYCO,GERMANY
51,1450,10169,"vise 10"" ةمزلم",6.0,EA,750.0,4500.0,HIMOUNT,TW
51,1451,10168,"vise 8"" ةمزلم",21.0,EA,450.0,9450.0,HIMOUNT,TW
51,1452,AT-7409,ر MEASURING TAPE سايق طيسر,2.0,EA,70.0,140.0,HIMOUNT,TW
51,1453,EM-56,ر ر TAPE ULTRASNIC كينوساتلا طيسر,5.0,EA,65.0,325.0,HIMOUNT,TW
51,1454,TE533,ENGRAVER ةرافح,30.0,EA,70.0,2100.0,HIMOUNT,TW
51,1455,150MM,"BENCH GRINDER 6"" ةلواط خلج",1.0,EA,850.0,850.0,HIMOUNT,TW
51,1456,200MM,"BENCH GRINDER 8"" ةلواط خلج",1.0,EA,950.0,950.0,HIMOUNT,TW
51,1457,PT-2553T5,"CHUCK 3/8"" ليرد فرظ",39.0,EA,18.0,702.0,HIMOUNT,TW
51,1458,PT2552T2,"3/8"",CHUCK ليرد فرظ",7.0,EA,18.0,126.0,HIMOUNT,TW
51,1459,PT-378,AIR RATCHET ءاوهلا لىع دي,11.0,EA,275.0,3025.0,HIMOUNT,TW
51,1460,PT-122A,"DIE GRINDER ,AIR ءاوهلا لىع خلخ",1.0,EA,280.0,280.0,HIMOUNT,TW
51,1461,PT-377A,AIR RATCHET ءاوهلا لىع دي,18.0,EA,275.0,4950.0,HIMOUNT,TW
51,1462,PT9047020,AIR CLEANING GUN فيظنت سدسم,7.0,KIT,90.0,630.0,HIMOUNT,TW
51,1463,7433,"STUD,LEVE,LASER,FINDER ندعملاو تلوفلا فشك",9.0,EA,125.0,1125.0,HIMOUNT,TW
51,2306,E-650,LAN TESTER-GIGATESTER-E,4.0,EA,345.0,1380.0,HOBBES,USA
51,1464,115 000,"V D E SCREW DRIVER INSULATED. PZ#0X60MM V D E SCREW DRIVER INSULATED. PZ#0 V D E SCREW DRIVER INSULATED PH #0x60mm V D E SCREW DRIVER INSULATED PH #1 V D E SCREW DRIVER INSULATED. PZ#1 PZ#0X60MM.S/DR.- PH#0X60MM,SCREWDRIVER 1.6X200-10X200-SLOT- PH#3,INSULATED-1000V- PZ3X150 كفم",26.0,PCS,17.0,442.0,HSW,GERMANY
51,1465,115 000,,30.0,PCS,17.0,510.0,HSW,GERMANY
51,1466,111 000,,13.0,PCS,18.0,234.0,HSW,GERMANY
51,1467,111 001,,12.0,PCS,18.0,216.0,HSW,GERMANY
51,1468,115 001,,22.0,PCS,22.0,484.0,HSW,GERMANY
51,1469,111 002,,8.0,PCS,20.0,160.0,HSW,GERMANY
51,1470,111 003,,19.0,PCS,27.0,513.0,HSW,GERMANY
51,1471,506.188,,14.0,PCS,23.0,322.0,HSW,GERMANY
51,1472,111 003,,16.0,PCS,28.0,448.0,HSW,GERMANY
51,1473,115003,,8.0,PCS,30.0,240.0,HSW,GERMANY
51,1474,111 0003,PH3X150-111 003 3 بيليف,19.0,PCS,20.0,380.0,HSW,GERMANY
51,1475,108027,T27-TORX سكروت كفم,15.0,PCS,22.0,330.0,HSW,GERMANY
51,1476,115 003,VDE PZ3 INSULTED لوزعم كفم,39.0,PCS,32.0,1248.0,HSW,GERMANY
51,1477,129045,T45-RED-HSW-TORX-WITH BORING HOLE,12.0,PCS,55.0,660.0,HSW,GERMANY
51,1478,129040,T40-RED-HSW-TORX-WITH BORING HOLE,12.0,PCS,50.0,600.0,HSW,GERMANY
51,1479,129009,T9-HSW-RED-TORX-WITH BORING HOLE,12.0,PCS,25.0,300.0,HSW,GERMANY
52,1480,129007,T27-HSW-RED-TORX-WITH BORING HOLE,12.0,PCS,35.0,420.0,HSW,GERMANY
52,1481,129030,T30-HSW-RED-TORX-WITH BORING HOLE,12.0,PCS,30.0,360.0,HSW,GERMANY
52,1482,121 003,PH3-HSW-REDTORX-WITH BORING HOLE,2.0,PCS,30.0,60.0,HSW,GERMANY
52,1483,1290015,T15-HSW-RED-TORX-WITH BORING HOLE,12.0,PCS,25.0,300.0,HSW,GERMANY
52,1484,129010,T10-HSW-RED-TORX-WITH BORING HOLE,13.0,PCS,20.0,260.0,HSW,GERMANY
52,1485,109009,T9-HSW-YELLOW/BLACK سكروت كفم,12.0,PCS,20.0,240.0,HSW,GERMANY
52,1486,101 003,PH3-HSW-YELLOW BLACK بيليف كفم,6.0,PCS,30.0,180.0,HSW,GERMANY
52,1487,109027,T27-HSW-YELLOW/BLACK سكروت كفم,14.0,PCS,25.0,350.0,HSW,GERMANY
52,1488,109030,T30-HSW-YELLOW/BLACK سكروت كفم,9.0,PCS,30.0,270.0,HSW,GERMANY
52,1489,109040,T40-HSW-YELLOW/BLACK سكرون كفم,18.0,PCS,35.0,630.0,HSW,GERMANY
52,1490,105000,PZ0X60-HSW-YELLOW/BLACK كفم,8.0,PCS,20.0,160.0,HSW,GERMANY
52,1491,101000,PH0X60-HSW-YELLOW/BLACK بيليف كفم,5.0,PCS,20.0,100.0,HSW,GERMANY
52,1492,102150,5X150 FLAT-HSW-YELLOW/BLACK كفم,9.0,PCS,20.0,180.0,HSW,GERMANY
52,1493,100150,8X150 FLAT-HSW-YELLOW/BLACK كفم,4.0,PCS,25.0,100.0,HSW,GERMANY
52,1494,100075,5X75-HSW-YELLOW/BLACK سكروت كفم,1.0,PCS,20.0,20.0,HSW,GERMANY
52,1495,105003,PZ3 8X150-HSW-YELLOW/BLACK سكروت كفم,8.0,PCS,25.0,200.0,HSW,GERMANY
52,1496,109025,T25-HSW-YELLOW/BLACK سكروت كفم,2.0,PCS,30.0,60.0,HSW,GERMANY
52,1497,109010,T10-HSW-YELLOW/BLACK سكروت كفم,14.0,PCS,25.0,350.0,HSW,GERMANY
52,1498,109045,T45-HSW-YLLOW/BLACK سكروت كفم,29.0,PCS,40.0,1160.0,HSW,GERMANY
52,2550,HYTORC,"1.1/2,IMPACT,55MM SIZE,12PT,SH -ءادوس ةبح",1.0,EA,700.0,700.0,HYTORC,USA
52,2551,HYTORC,"1.1/2,IMPACT,80MM SIZE,12PT,SH.ءادوس ةبح",1.0,EA,1545.0,1545.0,HYTORC,USA
52,2552,HYTORC,"1.1/2,IMPACT,75MM SIZE,12PT,SH ءادوس ةبح",1.0,EA,1255.0,1255.0,HYTORC,USA
52,2553,HYTORC,"1.1/2,IMPACT,65MM SIZE,12PT,SH.ءادوس ةبح",1.0,EA,895.0,895.0,HYTORC,USA
52,2554,HYTORC,"1.1/2,IMPACT,70MM SIZE,12PT,SH ءادوس ةبح",1.0,EA,1110.0,1110.0,HYTORC,USA
52,2555,HYTORC,"1.1/2,IMPACT,80MM/L,12PT,LONG",2.0,EA,1530.0,3060.0,HYTORC,USA
52,2556,HYTORC,"1.1/2,IMPACT,36MM,SH,6PT ءادوس ةبح",1.0,EA,495.0,495.0,HYTORC,USA
52,2557,HYTORC,"1.1/2,IMPACT,46MM,12PT,SH. ءادوس ةبح",2.0,EA,510.0,1020.0,HYTORC,USA
53,2325,33-623,COMPRESSTION CONNECTOR,2.0,KIT,390.0,780.0,IDEAL,USA
53,2511,45-514,CABLE Stripper لباوك ةيارع,1.0,EA,250.0,250.0,IDEAL,USA
53,,45-235,STRIPPER ةيارع,1.0,EA,500.0,500.0,IDEAL,USA
53,2415,IMO,PH4-111 004 كفم,6.0,PCS,30.0,180.0,IMO,USA
53,2379,G6BW,"6FT,TAPE",10.0,EA,25.0,250.0,JAJIMA,USA
53,1506,HERO,"225MM,CIRCLIP PLIER,BENT ةبيت ةيدارز",23.0,EA,45.0,1035.0,JAPAN,JAPAN
53,1507,HERO,"225MM,CIRCLIP PLIER,ST. ةليت ةيدارز",11.0,EA,45.0,495.0,JAPAN,JAPAN
53,1508,HERO,"175MM,CIRCLIP,BENT ةليت ةيدارز",16.0,EA,45.0,720.0,JAPAN,JAPAN
53,2233,1-21.,ر JENSEN-KNIFE KIT يركاكس مقط,48.0,KIT,145.0,6960.0,JENSEN,USA
53,2234,60CM,"ر 24""-3824-MAGNETIC طنغمم ناترم",4.0,EA,85.0,340.0,JOHNSON,USA
53,2235,45CM,"ر 18""-3818-MAGNETIC طنغمم ناترم",4.0,EA,80.0,320.0,JOHNSON,USA
53,2236,45CM,"ر 18""-LIGHT DUTY ناترم",10.0,EA,30.0,300.0,JOHNSON,USA
53,2237,30CM,"ر 12""-LIGHT DUTY ناترم",12.0,EA,32.0,384.0,JOHNSON,USA
53,2354,JHO 68,WALLBOARD نوسبيج راشنم,10.0,EA,20.0,200.0,JOHNSON,USA
53,2612,3818,"ر MAGNETIC LEVEL 18""طنغمم ناترم",4.0,EA,105.0,420.0,JOHNSON,USA
53,2613,"24""","ر MAGNETIC LEVEL 24"" طنغمم ناترم",4.0,EA,110.0,440.0,JOHNSON,USA
53,1510,99920,BOLT CUTTER ترماسم عطاق,1.0,EA,110.0,110.0,JOKESET,TW
53,1511,99922,BOLT CUTTER ترماسم عطاق,2.0,EA,30.0,60.0,JOKESET,TW
53,1512,99923,BOLT CUTTER ترماسم عطاق,2.0,EA,30.0,60.0,JOKESET,TW
53,1513,99925,BOLT CUTTER ترماسم عطاق,2.0,EA,30.0,60.0,JOKESET,TW
53,1514,99926,BOLT CUTTER ترماسم عطاق,3.0,EA,30.0,90.0,JOKESET,TW
53,1515,99927,BOLT CUTTER ترماسم عطاق,1.0,EA,30.0,30.0,JOKESET,TW
53,1516,999443,paint mixwr ناهد طلاخ,15.0,EA,30.0,450.0,JOKESITE,TW
54,1517,999444,paint mixwr ناهد طلاخ,12.0,EA,20.0,240.0,JOKESITE,TW
54,1518,99921,BOLT CUTTER,1.0,EA,35.0,35.0,KAPRIOL,ITALY
54,1519,99924,BOLT CUTTER,1.0,EA,65.0,65.0,KAPRIOL,ITALY
54,1520,20821,SPARE BLADE 32MM-ديدح صقم ةسير,6.0,SET,170.0,1020.0,KAPRIOL,ITALY
54,1521,20670,"IRON BAR BENDER,12MMديدخ خايسا ةيانت",1.0,SET,330.0,330.0,KAPRIOL,ITALY
54,1522,20681,IRON BAR BENDER 22MM خايساةيانت,2.0,SET,330.0,660.0,KAPRIOL,ITALY
54,2241,41620,KD-ST.PULLER KIT نويسكرد ةنيجرز,5.0,,240.0,1200.0,KDTOOL,USA
54,2374,KD-2291,STEERING WHEEL PULLER,6.0,SET,185.0,1110.0,KDTOOL,USA
54,2383,2521,",FUEL PUMP.TESTER دوقولا رابتخت ةادا",10.0,EA,155.0,1550.0,KDTOOL,USA
54,2385,492,"KD-492,OIL SEAL INST.REMOVER فوصلا عزن ةادا",5.0,KIT,150.0,750.0,KDTOOL,USA
54,2256,850,KD-ST.PULLER KIT KD-850 نويسكرد ةنيجرز,10.0,KIT,390.0,3900.0,KD-TOOL,USA
54,1525,388SET25,"DRILL BIT SET,MM,25PC لىلملاب شير مقط",30.0,SET,395.0,11850.0,KIST,GERMANY
54,1526,99912,20 INCH WOOD SAW بشخ راشنم,54.0,,35.0,1890.0,KIST,GERMANY
54,1527,12MM,ر COMB.WRENCH كتشم حاتفم,21.0,EA,17.0,357.0,KIST,GERMANY
54,1528,10MM,ر COMB.WRENCH كتشم حاتفم,10.0,EA,13.0,130.0,KIST,GERMANY
54,1529,11MM,ر COMB.WRENCH كتشم حاتفم,30.0,EA,13.0,390.0,KIST,GERMANY
54,1530,14MM,ر COMB.WRENCH كتشم حاتفم,10.0,EA,18.0,180.0,KIST,GERMANY
54,1531,19MM,ر COMB.WRENCH كتشم حاتفم,30.0,EA,25.0,750.0,KIST,GERMANY
54,1532,10MM,ر COMB.WRENCH كتشم حاتفم,10.0,EA,16.0,160.0,KIST,GERMANY
54,1533,150T12/C,O/E SPANNER SET ىدلب حاتفم مقط,13.0,SET,180.0,2340.0,KIST,GERMANY
54,1534,KIST,ر CHIESEL/PUNCH SET لترشو كني مقط,10.0,SET,68.0,680.0,KIST,GERMANY
54,1535,350T12/C,RING SPANNER SET موتخم حاتفم مقط,33.0,SET,245.0,8085.0,KIST,GERMANY
54,1536,551-390-08,torx-hex-T10-=T50 w/o hole-ALLEN,24.0,EA,85.0,2040.0,KIST,GERMANY
54,1537,K09,"CRIMPING TOOL,MANUAL,-25-150MM2",0.0,EA,950.0,0.0,KLAUKE,GERMANY
54,1538,KL110X150,PH3X150-1000V-111 003-VDE-KLO110 X150,26.0,PCS,23.0,598.0,KLAUKE,GERMANY
54,1539K,L100 175 80I,S8X150 VDE SCREW DRIVER لوزعم كفم,5.0,PCS,35.0,175.0,KLAUKE,GERMANY
54,1540,KL100 3X50,VDE SCREW DRIVER لوزعم كفم,9.0,PCS,20.0,180.0,KLAUKE,GERMANY
54,1541,HSG-45,HYD.CABLE CUTTERكيلورديه لباوك صقم,1.0,SET,6800.0,6800.0,KLAUKE,GERMANY
54,1542,HSG-50,HYD.CABLE CUTTER كيلورديه لباوك صقم,1.0,SET,9300.0,9300.0,KLAUKE,GERMANY
55,1543,K02,CRIMPER-.75-16MM2 سبك ةادا,15.0,EA,560.0,8400.0,KLAUKE,GERMANY
55,1544,K09,CRIMPER -25MM-150MM2 سبك ةادا,14.0,EA,800.0,11200.0,KLAUKE,GERMANY
55,2310,RT100,RECEPTACLE TESTER,12.0,EA,130.0,1560.0,KLEIN,USA
55,2643,CN1972AR,POLE CLIMBER,1.0,EA,850.0,850.0,KLEIN,USA
55,1545,98 90,KNIPEX HACKSAW لوزعم راشنم,8.0,EA,290.0,2320.0,KNIPEX,GERMANY
55,1546,97 51 10,KNIPEX -CRIMPER سبك ةبدارز,11.0,EA,170.0,1870.0,KNIPEX,GERMANY
55,1547,98 55,knipex ةنيكس,45.0,EA,165.0,7425.0,KNIPEX,GERMANY
55,1548,97 52 13,سكبن,1.0,EA,480.0,480.0,KNIPEX,GERMANY
55,1549,03 06 180,سكبن,6.0,EA,60.0,360.0,KNIPEX,GERMANY
55,1550,97 52 06,سكبن,10.0,EA,480.0,4800.0,KNIPEX,GERMANY
55,1551,02 05 180,سكبن,28.0,EA,160.0,4480.0,KNIPEX,GERMANY
55,1552,02 02 200,سكبن,23.0,EA,68.0,1564.0,KNIPEX,GERMANY
55,1553,02 06 200,سكبن,12.0,EA,90.0,1080.0,KNIPEX,GERMANY
55,1554,98 20 10,سكبن,7.0,EA,45.0,315.0,KNIPEX,GERMANY
55,1555,98 25 03,pz3 knipex كفم,3.0,EA,35.0,105.0,KNIPEX,GERMANY
55,1556,98 54,KNIFE,5.0,EA,110.0,550.0,KNIPEX,GERMANY
55,1557,98 24 04,S/DR.INSULOATED-1000V.PH#4,22.0,EA,45.0,990.0,KNIPEX,GERMANY
55,1558,02 02 200,سكبن,23.0,EA,75.0,1725.0,KNIPEX,GERMANY
55,1559,02 05 180,سكبن,3.0,EA,75.0,225.0,KNIPEX,GERMANY
55,1560,02 05 180,سكبن,19.0,EA,80.0,1520.0,KNIPEX,GERMANY
55,1561,02 05 180,سكبن,9.0,EA,80.0,720.0,KNIPEX,GERMANY
55,1562,02 06 160,سكبن,3.0,EA,90.0,270.0,KNIPEX,GERMANY
55,1563,02 06 200,سكبن,13.0,EA,95.0,1235.0,KNIPEX,GERMANY
55,1564,03 01 140,سكبن,9.0,EA,90.0,810.0,KNIPEX,GERMANY
55,1565,03 02 200,سكبن,1.0,EA,110.0,110.0,KNIPEX,GERMANY
55,1566,03 06 180,سكبن,21.0,EA,100.0,2100.0,KNIPEX,GERMANY
55,1567,03 06 180,سكبن,6.0,EA,100.0,600.0,KNIPEX,GERMANY
55,1568,11 01 160,سكبن,18.0,EA,95.0,1710.0,KNIPEX,GERMANY
55,1569,11 06 160,سكبن,2.0,EA,115.0,230.0,KNIPEX,GERMANY
55,1570,11 17 160,سكبن,1.0,EA,130.0,130.0,KNIPEX,GERMANY
55,1571,11 17 160,سكبن,1.0,EA,120.0,120.0,KNIPEX,GERMANY
55,1572,12 21 180,سكبن,4.0,EA,245.0,980.0,KNIPEX,GERMANY
55,1573,12 40 200,سكبن,13.0,EA,218.0,2834.0,KNIPEX,GERMANY
56,1574,13 02 160,سكبن,9.0,EA,90.0,810.0,KNIPEX,GERMANY
56,1575,13 02 160,سكبن,7.0,EA,90.0,630.0,KNIPEX,GERMANY
56,1576,13 51 180,سكبن,11.0,EA,90.0,990.0,KNIPEX,GERMANY
56,1577,14 22 160,سكبن,49.0,EA,90.0,4410.0,KNIPEX,GERMANY
56,1578,16 20 16,سكبن,17.0,EA,70.0,1190.0,KNIPEX,GERMANY
56,1579,16 60 100,سكبن,6.0,EA,70.0,420.0,KNIPEX,GERMANY
56,1580,16 80 125,سكبن,7.0,EA,110.0,770.0,KNIPEX,GERMANY
56,1581,20 01 125,سكبن,14.0,EA,50.0,700.0,KNIPEX,GERMANY
56,1582,97 52 13,سكبن,1.0,EA,480.0,480.0,KNIPEX,GERMANY
56,1583,20 01 160,سكبن,9.0,EA,40.0,360.0,KNIPEX,GERMANY
56,1584,20 02 140,سكبن,11.0,EA,48.0,528.0,KNIPEX,GERMANY
56,1585,20 02 140,سكبن,16.0,EA,48.0,768.0,KNIPEX,GERMANY
56,1586,20 05 125,سكبن,7.0,EA,60.0,420.0,KNIPEX,GERMANY
56,1587,20 05 160,سكبن,3.0,EA,60.0,180.0,KNIPEX,GERMANY
56,1588,20 06 160,FLAT NOSE VDE,3.0,EA,110.0,330.0,KNIPEX,GERMANY
56,1589,22 01 140,سكبن,8.0,EA,45.0,360.0,KNIPEX,GERMANY
56,1590,22 01 140,سكبن,5.0,EA,45.0,225.0,KNIPEX,GERMANY
56,1591,22 01 140,سكبن,3.0,EA,55.0,165.0,KNIPEX,GERMANY
56,1592,22 01 180,سكبن,5.0,EA,55.0,275.0,KNIPEX,GERMANY
56,1593,22 01 180,سكبن,5.0,EA,48.0,240.0,KNIPEX,GERMANY
56,1594,22 02 140,سكبن,10.0,EA,48.0,480.0,KNIPEX,GERMANY
56,1595,22 02 160,سكبن,10.0,EA,60.0,600.0,KNIPEX,GERMANY
56,1596,22 05 160,سكبن,3.0,EA,60.0,180.0,KNIPEX,GERMANY
56,1597,22 06 160,سكبن,4.0,EA,100.0,400.0,KNIPEX,GERMANY
56,1598,25 01 125,سكبن,1.0,EA,60.0,60.0,KNIPEX,GERMANY
56,1599,25 01 125,سكبن,1.0,EA,60.0,60.0,KNIPEX,GERMANY
56,1600,25 02 140,سكبن,1.0,EA,55.0,55.0,KNIPEX,GERMANY
56,1601,25 03 140,سكبن,5.0,EA,96.0,480.0,KNIPEX,GERMANY
56,1602,25 05 140,سكبن,1.0,EA,60.0,60.0,KNIPEX,GERMANY
56,1603,25 05 140,سكبن,1.0,EA,90.0,90.0,KNIPEX,GERMANY
56,1604,26 16 200,سكبن,3.0,EA,130.0,390.0,KNIPEX,GERMANY
56,1605,27 01 160,سكبن,15.0,EA,85.0,1275.0,KNIPEX,GERMANY
56,1606,27 01 160,سكبن,12.0,EA,85.0,1020.0,KNIPEX,GERMANY
57,1607,30 36 160,سكبن,3.0,EA,190.0,570.0,KNIPEX,GERMANY
57,1608,30 11 140,سكبن,29.0,EA,50.0,1450.0,KNIPEX,GERMANY
57,1609,30 11 140,سكبن,11.0,EA,50.0,550.0,KNIPEX,GERMANY
57,1610,30 13 140,سكبن,25.0,EA,60.0,1500.0,KNIPEX,GERMANY
57,1611,30 15 190,سكبن,12.0,EA,80.0,960.0,KNIPEX,GERMANY
57,1612,30 21 140,سكبن,7.0,EA,50.0,350.0,KNIPEX,GERMANY
57,1613,30 36 160,سكبن,2.0,EA,75.0,150.0,KNIPEX,GERMANY
57,1614,35 52 145,سكبن,3.0,EA,110.0,330.0,KNIPEX,GERMANY
57,1615,38 91 200,سكبن,9.0,EA,50.0,450.0,KNIPEX,GERMANY
57,1616,44 13 J3,سكبن,7.0,EA,60.0,420.0,KNIPEX,GERMANY
57,1617,44 11 J4,سكبن,18.0,EA,70.0,1260.0,KNIPEX,GERMANY
57,1618,44 13 J3,سكبن,4.0,EA,60.0,240.0,KNIPEX,GERMANY
57,1619,44 21 J21,سكبن,2.0,EA,45.0,90.0,KNIPEX,GERMANY
57,1620,44 21 J21,سكبن,11.0,EA,45.0,495.0,KNIPEX,GERMANY
57,1621,44 21 J31,سكبن,7.0,EA,55.0,385.0,KNIPEX,GERMANY
57,1622,44 21 J31,سكبن,7.0,EA,55.0,385.0,KNIPEX,GERMANY
57,1623,45 10 170,سكبن,13.0,EA,100.0,1300.0,KNIPEX,GERMANY
57,1624,46 11 G0,سكبن,9.0,EA,80.0,720.0,KNIPEX,GERMANY
57,1625,46 13 A0,سكبن,5.0,EA,48.0,240.0,KNIPEX,GERMANY
57,1626,46 13 A2,سكبن,12.0,EA,60.0,720.0,KNIPEX,GERMANY
57,1627,46 13 A3,سكبن,1.0,EA,70.0,70.0,KNIPEX,GERMANY
57,1628,46 13 A3,سكبن,8.0,EA,70.0,560.0,KNIPEX,GERMANY
57,1629,46 21 A31,سكبن,11.0,EA,60.0,660.0,KNIPEX,GERMANY
57,1630,46 21 A31,سكبن,1.0,EA,60.0,60.0,KNIPEX,GERMANY
57,1631,46 21 A31,سكبن,5.0,EA,60.0,300.0,KNIPEX,GERMANY
57,1632,61 01 200,سكبن,1.0,EA,130.0,130.0,KNIPEX,GERMANY
57,1633,70 05 140,سكبن,10.0,EA,120.0,1200.0,KNIPEX,GERMANY
57,1634,70 06 180,سكبن,0.0,EA,120.0,0.0,KNIPEX,GERMANY
57,1635,70 06 180,سكبن,1.0,EA,120.0,120.0,KNIPEX,GERMANY
57,1636,70 07 160,سكبن,1.0,EA,140.0,140.0,KNIPEX,GERMANY
57,1637,74 01 250,سكبن,10.0,EA,110.0,1100.0,KNIPEX,GERMANY
57,1638,82 51 200,سكبن,4.0,EA,68.0,272.0,KNIPEX,GERMANY
57,1639,83 10 040,سكبن,4.0,EA,620.0,2480.0,KNIPEX,GERMANY
58,1640,86 03 250,سكبن,5.0,EA,170.0,850.0,KNIPEX,GERMANY
58,1641,88 01 180,سكبن,1.0,EA,55.0,55.0,KNIPEX,GERMANY
58,1642,88 05 250,سكبن,16.0,EA,95.0,1520.0,KNIPEX,GERMANY
58,1643,88 06 250,سكبن,2.0,EA,110.0,220.0,KNIPEX,GERMANY
58,1644,91 11 190,سكبن,3.0,EA,100.0,300.0,KNIPEX,GERMANY
58,1645,91 30 180,سكبن,2.0,EA,95.0,190.0,KNIPEX,GERMANY
58,1646,91 71 160,GLASS NIBING PLIER 160MM,4.0,EA,60.0,240.0,KNIPEX,GERMANY
58,1647,92 07,TWEEZER,16.0,EA,55.0,880.0,KNIPEX,GERMANY
58,1648,93 37,سكبن,3.0,EA,55.0,165.0,KNIPEX,GERMANY
58,1649,95 05 165,سكبن,1.0,EA,55.0,55.0,KNIPEX,GERMANY
58,1650,95 05 190,سكبن,1.0,EA,55.0,55.0,KNIPEX,GERMANY
58,1651,95 06 230,سكبن,1.0,EA,175.0,175.0,KNIPEX,GERMANY
58,1652,95 11 200,سكبن,4.0,EA,140.0,560.0,KNIPEX,GERMANY
58,1653,95 21 600,سكبن,6.0,EA,690.0,4140.0,KNIPEX,GERMANY
58,1654,95 27 600,سكبن,3.0,EA,550.0,1650.0,KNIPEX,GERMANY
58,1655,97 52 06,سكبن,10.0,EA,50.0,500.0,KNIPEX,GERMANY
58,1656,97 52 13,سكبن,1.0,EA,650.0,650.0,KNIPEX,GERMANY
58,1657,98 00 06,OPEN WQRENCH,13.0,EA,50.0,650.0,KNIPEX,GERMANY
58,1658,98 00 07,OPEN WQRENCH,14.0,EA,50.0,700.0,KNIPEX,GERMANY
58,1659,98 00 08,OPEN WQRENCH,17.0,EA,65.0,1105.0,KNIPEX,GERMANY
58,1660,98 00 09,OPEN WQRENCH,11.0,EA,65.0,715.0,KNIPEX,GERMANY
58,1661,98 00 11,OPEN WQRENCH,7.0,EA,70.0,490.0,KNIPEX,GERMANY
58,1662,98 00 12,OPEN WQRENCH,5.0,EA,70.0,350.0,KNIPEX,GERMANY
58,1663,98 00 14,OPEN WQRENCH,6.0,EA,75.0,450.0,KNIPEX,GERMANY
58,1664,98 00 15,OPEN WQRENCH,6.0,EA,80.0,480.0,KNIPEX,GERMANY
58,1665,98 00 17,OPEN WQRENCH,10.0,EA,90.0,900.0,KNIPEX,GERMANY
58,1666,98 00 18,OPEN WQRENCH,8.0,EA,90.0,720.0,KNIPEX,GERMANY
58,1667,98 00 19,OPEN WQRENCH,3.0,EA,100.0,300.0,KNIPEX,GERMANY
58,1668,98 00 27,OPEN WQRENCH,11.0,EA,130.0,1430.0,KNIPEX,GERMANY
58,1669,98 00 30,OPEN WQRENCH,9.0,EA,145.0,1305.0,KNIPEX,GERMANY
58,1670,98 00 32,OPEN WQRENCH,13.0,EA,170.0,2210.0,KNIPEX,GERMANY
58,1671,98 00 22,OPEN WQRENCH,16.0,EA,135.0,2160.0,KNIPEX,GERMANY
58,1672,98 01 08,RING WR.,4.0,EA,60.0,240.0,KNIPEX,GERMANY
59,1673,98 01 09,RING WR.,5.0,EA,60.0,300.0,KNIPEX,GERMANY
59,1674,98 01 10,RING WR.,1.0,EA,75.0,75.0,KNIPEX,GERMANY
59,1675,98 01 12,RING WR.,5.0,EA,85.0,425.0,KNIPEX,GERMANY
59,1676,98 01 13,RING WR.,1.0,EA,95.0,95.0,KNIPEX,GERMANY
59,1677,98 01 15,RING WR.,4.0,EA,110.0,440.0,KNIPEX,GERMANY
59,1678,98 01 16,RING WR.,2.0,EA,110.0,220.0,KNIPEX,GERMANY
59,1679,98 01 19,RING WR.,4.0,EA,120.0,480.0,KNIPEX,GERMANY
59,1680,98 01 22,RING WR.,3.0,EA,135.0,405.0,KNIPEX,GERMANY
59,1681,98 01 24,RING WR.,18.0,EA,140.0,2520.0,KNIPEX,GERMANY
59,1682,98 01 27,RING WR.,13.0,EA,158.0,2054.0,KNIPEX,GERMANY
59,1683,98 01 32,RING WR.,12.0,EA,165.0,1980.0,KNIPEX,GERMANY
59,1684,98 03 05,سكبن,5.0,EA,40.0,200.0,KNIPEX,GERMANY
59,1685,98 03 06,سكبن,19.0,EA,50.0,950.0,KNIPEX,GERMANY
59,1686,98 03 07,سكبن,20.0,EA,60.0,1200.0,KNIPEX,GERMANY
59,1687,98 03 08,سكبن,2.0,EA,60.0,120.0,KNIPEX,GERMANY
59,1688,98 03 09,سكبن,11.0,EA,65.0,715.0,KNIPEX,GERMANY
59,1689,98 03 10,سكبن,1.0,EA,70.0,70.0,KNIPEX,GERMANY
59,1690,98 03 11,سكبن,17.0,EA,80.0,1360.0,KNIPEX,GERMANY
59,1691,98 03 12,سكبن,20.0,EA,90.0,1800.0,KNIPEX,GERMANY
59,1692,98 03 13,سكبن,12.0,EA,95.0,1140.0,KNIPEX,GERMANY
59,1693,98 03 13,سكبن,1.0,EA,95.0,95.0,KNIPEX,GERMANY
59,1694,98 03 55,5.5MM سكبن,6.0,EA,48.0,288.0,KNIPEX,GERMANY
59,1695,98 20 10,سكبن,6.0,EA,50.0,300.0,KNIPEX,GERMANY
59,1696,98 24 00,سكبن,15.0,EA,30.0,450.0,KNIPEX,GERMANY
59,1697,98 25 01,سكبن,1.0,EA,30.0,30.0,KNIPEX,GERMANY
59,1698,98 25 03,سكبن,3.0,EA,40.0,120.0,KNIPEX,GERMANY
59,1699,98 42,RATCHET,4.0,EA,480.0,1920.0,KNIPEX,GERMANY
59,1700,98 47 11,سكبن,13.0,EA,58.0,754.0,KNIPEX,GERMANY
59,1701,98 47 19,سكبن,10.0,EA,110.0,1100.0,KNIPEX,GERMANY
59,1702,98 47 08,سكبن,1.0,EA,40.0,40.0,KNIPEX,GERMANY
59,1703,98 47 10,سكبن,8.0,EA,60.0,480.0,KNIPEX,GERMANY
59,1704,98 47 12,سكبن,6.0,EA,75.0,450.0,KNIPEX,GERMANY
59,1705,98 47 13,سكبن,10.0,EA,90.0,900.0,KNIPEX,GERMANY
60,1706,98 47 14,سكبن,7.0,EA,90.0,630.0,KNIPEX,GERMANY
60,1707,98 47 16,سكبن,11.0,EA,95.0,1045.0,KNIPEX,GERMANY
60,1708,98 47 17,سكبن,4.0,EA,110.0,440.0,KNIPEX,GERMANY
60,1709,98 47 18,سكبن,10.0,EA,130.0,1300.0,KNIPEX,GERMANY
60,1710,98 47 22,سكبن,15.0,EA,145.0,2175.0,KNIPEX,GERMANY
60,1711,98 47 24,سكبن,18.0,EA,155.0,2790.0,KNIPEX,GERMANY
60,1712,98 47 27,سكبن,19.0,EA,165.0,3135.0,KNIPEX,GERMANY
60,1713,98 54,سكبن,1.0,EA,115.0,115.0,KNIPEX,GERMANY
60,1714,98 55,سكبن,44.0,EA,170.0,7480.0,KNIPEX,GERMANY
60,1715,98 56,سكبن,6.0,EA,115.0,690.0,KNIPEX,GERMANY
60,1716,98 90,سكبن,8.0,EA,175.0,1400.0,KNIPEX,GERMANY
60,1717,99 11 300,"PINCER,CAPENTRY سكبن",100.0,EA,65.0,6500.0,KNIPEX,GERMANY
60,1718,16 40 150,CABLE Stripper لباوك ةيارع,1.0,EA,750.0,750.0,KNIPEX,GERMANY
60,1719,16 30 135SB,STRIPPER ةيارع,5.0,EA,235.0,1175.0,KNIPEX,GERMANY
60,1722,J-A,THICKNESS GAUGE ةكامس سايق ةادا,1.0,EA,1400.0,1400.0,LABTEK,GERMANY
60,1723,G-2,THICKNESS GAUGE ةكامس سايق ةادا,11.0,EA,730.0,8030.0,LABTEK,GERMANY
60,1724,G.,THICKNESS GAUGE ةكامس سايق ةادا,3.0,EA,320.0,960.0,LABTEK,GERMANY
60,2254,21000,PISTON RING متاسب ةنيجرز,7.0,,80.0,560.0,LISLE,USA
60,2255,21500,PISTON RING متاسب ةنيجرز,4.0,,89.0,356.0,LISLE,USA
60,2258,53250,FILTER WRENCH,7.0,EA,50.0,350.0,LISLE,USA
60,2259,54400,FILTER WRENCH,5.0,EA,50.0,250.0,LISLE,USA
60,2260,53500,FILTER WRENCH,3.0,EA,60.0,180.0,LISLE,USA
60,2264,67950,lisle,24.0,EA,28.0,672.0,LISLE,USA
60,2268,52580,W/WINDOW REMOVAL TOOL,6.0,EA,15.0,90.0,LISLE,USA
60,2281,56100,"ENGINE TESTER,IGNITION SET ميوقتلا رابتخا مقط",2.0,EA,1700.0,3400.0,LISLE,USA
60,2301,26280,MASTER TORX BIT SET,1.0,SET,120.0,120.0,LISLE,USA
60,2302,26530,MASTER TORX BIT SET,3.0,SET,115.0,345.0,LISLE,USA
60,2365,39800,SCREW STARTER,7.0,EA,45.0,315.0,LISLE,USA
60,2366,33500,PISTON RING EXPANDER,15.0,EA,38.0,570.0,LISLE,USA
61,2367,55000,MAG SOLDERING CLAMP,10.0,EA,60.0,600.0,LISLE,USA
61,2368,51500,SPARK PLUG WIRE PULLER,10.0,EA,35.0,350.0,LISLE,USA
61,2369,46000,SNAP RING PLIER,21.0,EA,40.0,840.0,LISLE,USA
61,2370,67900,WIDE GAP S/P GAPPER,19.0,EA,25.0,475.0,LISLE,USA
61,2371,56500,GREEN WIRE TERMINAL TOOL,10.0,EA,65.0,650.0,LISLE,USA
61,2372,14900,RED WIRE TERMINAL TOOL,10.0,EA,65.0,650.0,LISLE,USA
61,2384,24000,RING GROOVE CLEANER تاغارفلا فظنت ةادا,1.0,KIT,350.0,350.0,LISLE,USA
61,2386,55250,CARBORATOR ADJUSTING TOOL طبض ةادا ر تيروبركلا,7.0,EA,125.0,875.0,LISLE,USA
61,2387,26900,"SKT BITS,TORX تابح مقط",7.0,EA,150.0,1050.0,LISLE,USA
61,2388,11400,SIDE TERMINAL BATTERY CLEANER ةيراطبلا ةشرف,10.0,EA,60.0,600.0,LISLE,USA
61,2531,37000,"DISCONNECT,A/C ةرايسلا تافيكم ةنيدرز",25.0,EA,55.0,1375.0,LISLE,USA
61,1725,99926,"19MM,SKT,3/4DR,12PT ةبح",2.0,EA,58.0,116.0,LOCAL,TW
61,1726,99927,"20MM,6PT,1/2DR.SKT ةبح",4.0,EA,48.0,192.0,LOCAL,TW
61,1727,99928,"ر 24MM,COMB.WRENCH كتشم حاتفم",6.0,EA,75.0,450.0,LOCAL,TW
61,1728,99929,"GOGGLES,DARK ماحل ةراظم",13.0,EA,25.0,325.0,LOCAL,TW
61,2637,999660,lazy tongue هتسوس ماشرب ةدارز,13.0,ea,145.0,1885.0,LOCAL,USA
61,2205,280-03,ر I/S MICROMETER 50-75MM لىخاد تيموركيم,1.0,EA,345.0,345.0,M/W,UK
61,2206,280-02,ر I/S MICROMETER 25-50MM لىخادتيموركيم,1.0,EA,320.0,320.0,M/W,UK
61,2207,280-04,ر I/S MICROMETER 75-100MM لىخاد تيموركيم,1.0,EA,430.0,430.0,M/W,UK
61,2208,966/2,"ر 1-2"" O/S MICROMETER حىرراخ تيموركيم",7.0,EA,250.0,1750.0,M/W,UK
61,2194,20831,CRIMPING TOOL سبك ةدارز,7.0,PC,354.0,2478.0,MAPLIN,UK
61,2476,B-1,B-1 ARMTURE/TESTER تادلوملا صحف زاهج,1.0,EA,2800.0,2800.0,MARTIN,USA
61,2589,ML12L,MEASURING WHEELسايق ةلجع,6.0,EA,350.0,2100.0,MASTERM,USA
61,1729,145-186,ر I/S MICROMETER لىخاد تيموركيم,1.0,EA,990.0,990.0,MITUTOY,JAPAN
61,1730,500-196,"6"" DIGITAL CALIPER مىقر تريلاك",1.0,EA,650.0,650.0,MITUTOY,JAPAN
61,1731,500-193,300MM DIGITAL CALIPER مىقر تريلاك,2.0,EA,860.0,1720.0,MITUTOY,JAPAN
61,1732,500-197,"0-8"" DIGITAL CALIPER مىقر تريلاك",2.0,EA,860.0,1720.0,MITUTOY,JAPAN
61,1733,145-188,ر I/S MICRMMETER لىخاد تيمركيم,1.0,EA,1240.0,1240.0,MITUTOY,JAPAN
61,1734,145-185,ر INSIDE MICROMETER-5-30MM لىخاد تيموركيم,1.0,EA,1176.0,1176.0,MITUTOY,JAPAN
61,1735,530-119,"CALIPER-300/12"" 300/12 تريلاك""",1.0,EA,820.0,820.0,MITUTOY,JAPAN
62,1736,145-185,"""CALIPER 300MM/12مم300-ةصوب 12 تريلاك",1.0,EA,819.0,819.0,MITUTOY,JAPAN
62,2636,CPS,FREON LEAKE نويرفلا تازاغ فشاك,9.0,,650.0,5850.0,MIXECO,USA
62,1737,4-12.,"1/2DR,IMPACT,12MM SIZE,6PT,LONG",17.0,EA,23.0,391.0,MOMENT,SWEDEN
62,1738,4-36.,"1/2DR,IMPACT,36MM SIZE,6PT,SH",18.0,EA,120.0,2160.0,MOMENT,SWEDEN
62,1739,4-21.,"1/2DR,IMPACT,21MM SIZE,6PT,SH",20.0,EA,28.0,560.0,MOMENT,SWEDEN
62,1740,4-11.,"1/2DR.IMPACT,11MM SIZE,6PT,SH",19.0,EA,22.0,418.0,MOMENT,SWEDEN
62,1741,D6K-19,"1/2DR,IMPACT,3/4 SIZES,12PT,LONG",7.0,EA,28.0,196.0,MOMENT,SWEDEN
62,1742,4-26.,"1/2DR,IMPACT,26MM SIZE,6PT,SH",17.0,EA,32.0,544.0,MOMENT,SWEDEN
62,1743,4-32L,"1/2DR,IMPACT,32MM SIZES,6PT.LONG",20.0,EA,70.0,1400.0,MOMENT,SWEDEN
62,1744,2-19.,"3/4DR,IMPACT,15/16 SIZE,6PT,SH",5.0,EA,35.0,175.0,MOMENT,SWEDEN
62,1745,4-14.,"1/2DR,IMPACT,14MM SIZE,6PT,SH.",18.0,EA,23.0,414.0,MOMENT,SWEDEN
62,1746,2-17L,"3/4DR,IMPACT,17MM SIZE,6PT,LONG",19.0,EA,25.0,475.0,MOMENT,SWEDEN
62,1747,4-28L,"1/2DR,IMPACT,28MM SIZE,6PT.SH",40.0,EA,32.0,1280.0,MOMENT,SWEDEN
62,1748,4-33.,"1/2DR,IMPACT,33MM SIZE,6PT.SH",20.0,EA,38.0,760.0,MOMENT,SWEDEN
62,1749,4-13.,"1/2DR,IMPACT,13MM SIZE,6PT.SH",22.0,EA,23.0,506.0,MOMENT,SWEDEN
62,1750,4-19L,"1/2DR,IMPACT,19MM SIZE,6PT.LONG",19.0,EA,43.0,817.0,MOMENT,SWEDEN
62,1751,4-16.,"1/2DR,IMPACT,16MM SIZE,6PT.SH",20.0,EA,32.0,640.0,MOMENT,SWEDEN
62,1752,4-16L,"1/2DR,IMPACT,16MM SIZE,6PT.SH",20.0,EA,21.0,420.0,MOMENT,SWEDEN
62,1753,4-23.,"1/2DR,IMPACT,23MM SIZE,6PT,SH",19.0,EA,26.0,494.0,MOMENT,SWEDEN
62,1754,65-2.9/16,"1"",IMPACT ,65MM SIZE,6PT,2.9/16,SH",3.0,EA,440.0,1320.0,MOMENT,SWEDEN
62,1755,65-2.9/16L,"1"",IMPACT ,65MM.L SIZE,6PT,2.9/16L",11.0,EA,440.0,4840.0,MOMENT,SWEDEN
62,1756,9-70.,"1"" IMPACT,70MM SIZE,12PT,SH.",2.0,EA,495.0,990.0,MOMENT,SWEDEN
62,1757,9-85.,"1"" IMPACT,85MM SIZE,6PT,SH",2.0,EA,655.0,1310.0,MOMENT,SWEDEN
62,1758,9-90.,"1"" ,IMPACT,90MM SIZE,6PT,SH",2.0,EA,711.0,1422.0,MOMENT,SWEDEN
62,1759,9-100.,"1"" IMPACT,100MM SIZE,6PT,SH",2.0,EA,977.0,1954.0,MOMENT,SWEDEN
62,1760,9-60.,"1"",IMPACT,60MM,SH,6PT",3.0,EA,320.0,960.0,MOMENT,SWEDEN
62,1761,9D6K60,"1"",IMPACT,60MM,12PT,SH.",3.0,EA,320.0,960.0,MOMENT,SWEDEN
62,1762,9-70L,"1"",IMPACT,70MM,L,6PT,",1.0,EA,496.0,496.0,MOMENT,SWEDEN
62,1763,9-95.,"1"",IMPACT,95MM,SH,6PT,3.3/4""",1.0,EA,752.0,752.0,MOMENT,SWEDEN
62,1764,9-36.,"1"",IMPACT,36MM,SH,6PT,",3.0,EA,125.0,375.0,MOMENT,SWEDEN
62,1765,9-41.,"1"",IMPACT,41MM,SH,6PT",2.0,EA,145.0,290.0,MOMENT,SWEDEN
62,1766,9-50.,"1"",IMPACT,50MM,12PT,SH",1.0,EA,220.0,220.0,MOMENT,SWEDEN
62,1767,9D6K41,"1"",IMPACT,41MM,SH,12PT",1.0,EA,145.0,145.0,MOMENT,SWEDEN
63,1768,2-2.9/16,"3/4DR,IMPACT,65MM.2.9/16,6PT,SH",3.0,EA,145.0,435.0,MOMENT,SWEDEN
63,1769,9-65.,"1"",IMPACT,65MM,6PT,SH",2.0,EA,328.0,656.0,MOMENT,SWEDEN
63,1770,9-55L,"1"",IMPACT,55MM.L,6PT,SH",1.0,EA,371.0,371.0,MOMENT,SWEDEN
63,1771,9-55.,"1"",IMPACT,55MM SIZE,SH.6PT",5.0,EA,371.0,1855.0,MOMENT,SWEDEN
63,1772,9-38.,"1"",IMPACT,38MM SIZE,SH.6PT",3.0,EA,132.0,396.0,MOMENT,SWEDEN
63,1773,9-36L,"1"",IMPACT,36MM/L,6PT",2.0,EA,125.0,250.0,MOMENT,SWEDEN
63,1774,9-38L,"1"",IMPACT,38MM SIZE,LONG,6PT.1.1/2",2.0,EA,135.0,270.0,MOMENT,SWEDEN
63,1775,9-38.,"1"",IMPACT,38MM.SH.12PT,1.1/2",2.0,EA,135.0,270.0,MOMENT,SWEDEN
63,1776,9-46.,"1"",IMPACT,46MM,6PT,SH,1.13/16",3.0,EA,195.0,585.0,MOMENT,SWEDEN
63,1777,9-50.,"1"",IMPACT,50MM,6PT,SH",4.0,EA,220.0,880.0,MOMENT,SWEDEN
63,1778,9-46.,"1"",IMPACT,46MM,1.13/16,12PT,SH",2.0,EA,195.0,390.0,MOMENT,SWEDEN
63,1779,9-60.,"1"",IMPACT,60MM,12PT,SH.",2.0,EA,265.0,530.0,MOMENT,SWEDEN
63,1780,2-41.,"3/4DR,IMPACT,41MM,6PT,SH",2.0,EA,145.0,290.0,MOMENT,SWEDEN
63,1781,2-38.,"3/4DR.,IMPACT,38MM,1.1/2,6PT",2.0,EA,135.0,270.0,MOMENT,SWEDEN
63,1782,2-55L,"3/4DR.IMPACT,55MM/LONG,6PT",3.0,EA,371.0,1113.0,MOMENT,SWEDEN
63,1783,9-41L,"1"",IMPACT,41MM,6PT,LONG",2.0,EA,145.0,290.0,MOMENT,SWEDEN
63,1784,2-46.,"3/4"",IMPACT,46MM,1.13/16,LONG,6PT",2.0,EA,195.0,390.0,MOMENT,SWEDEN
63,1785,2-55.,"3/4DR,55MM,6PT,SH",1.0,EA,180.0,180.0,MOMENT,SWEDEN
63,1786,2-60.,"3/4DR.IMPACT,60MM,6PT,SH.",2.0,EA,210.0,420.0,MOMENT,SWEDEN
63,1787,2-36L,"3/4DR,IMPACT,36MM,6PT",1.0,EA,95.0,95.0,MOMENT,SWEDEN
63,1788,2-41L,"3/4DR.IMPACT,41MM,6PT,SH.",3.0,EA,110.0,330.0,MOMENT,SWEDEN
63,1789,2-50.,"3/4DR,IMPACT,50MM,6PT,SH",7.0,EA,135.0,945.0,MOMENT,SWEDEN
63,1790,9-36.,"1""DR.IMPACT,36MM,SH.6PT",1.0,EA,110.0,110.0,MOMENT,SWEDEN
63,1791,9-41L,"1"",DR,IMPACT,6PT,SH.41MM",4.0,EA,186.0,744.0,MOMENT,SWEDEN
63,1792,9-70.,"1""DR,IMPACT,70MM,2.3/4,6PT",1.0,EA,466.0,466.0,MOMENT,SWEDEN
63,1793,2-50L,"3/4DR,IMPACT,50MM,LONG,6PT",2.0,EA,285.0,570.0,MOMENT,SWEDEN
63,1794,9-46.,"1""DR.IMPACT,46MM,6PT,SH",1.0,EA,133.0,133.0,MOMENT,SWEDEN
63,1795,2-36.,"3/4DR,IMPACT,36MM,SH.6PT",1.0,EA,110.0,110.0,MOMENT,SWEDEN
63,1796,2-46.,"3/4DR,IMPACT,46MM,6PT,LONG",2.0,EA,155.0,310.0,MOMENT,SWEDEN
63,1797,2-34L,"3/4DR,IMPACT,34MM,SH.6PT",5.0,EA,125.0,625.0,MOMENT,SWEDEN
63,1798,2-38L,"3/4DR.IMPACT,38MM,LONG,6PT",2.0,EA,165.0,330.0,MOMENT,SWEDEN
63,1799,4-30L,"1/2DR,IMPACT,30MM,LONG,6PT",19.0,EA,100.0,1900.0,MOMENT,SWEDEN
63,1800,4-19.,"1/2DR,IMPACT,19MM,SH.6PT",18.0,EA,28.0,504.0,MOMENT,SWEDEN
64,1801,45-15L,"1/2DR,IMPACT,15MM.LONG,6PT",20.0,EA,35.0,700.0,MOMENT,SWEDEN
64,1802,4-10.,"1/2DR,IMPACT,30MM,SH,6PT",16.0,EA,38.0,608.0,MOMENT,SWEDEN
64,1803,6D6K50,"1""DR,IMPACT,12PT,50MM,",1.0,EA,235.0,235.0,MOMENT,SWEDEN
64,1804,9-48.,"1""DR,IMPACT,48MM,6PT,SH",2.0,EA,175.0,350.0,MOMENT,SWEDEN
64,1805,4-30L,"1/2DR,IMPACT,30MM,LONG1.3/16",1.0,EA,42.0,42.0,MOMENT,SWEDEN
64,1806,4-17.,"1/2DR,IMPACT,17MM,6PT,SH.",19.0,EA,28.0,532.0,MOMENT,SWEDEN
64,1807,4-29.,"1/2DR,IMPACT,29MM,SH,6PT",20.0,EA,33.0,660.0,MOMENT,SWEDEN
64,1808,4-32.,"1/2DR,IMPACT,32MM,6PT,SH",18.0,EA,38.0,684.0,MOMENT,SWEDEN
64,1809,2-19L,"3/4DR.IMPACT,19MM=3/4.6PT,LONG",17.0,EA,110.0,1870.0,MOMENT,SWEDEN
64,1810,4-21L,"1/2DR,IMPACT,21MM,6PT,LONG",2.0,EA,35.0,70.0,MOMENT,SWEDEN
64,1811,4-17L,"1/2DR,IMPACT,21MM,6PT,LONG",13.0,EA,38.0,494.0,MOMENT,SWEDEN
64,1812,4-23L,"1/2DR,IMPACT,23MM,6PT,LONG",19.0,EA,38.0,722.0,MOMENT,SWEDEN
64,1813,2-34L,"3/4DR,IMPACT,34MM,LONG,6PT,",8.0,EA,118.0,944.0,MOMENT,SWEDEN
64,1814,4-21L,"1/2DR,IMPACT,21MM,LONG,6PT",15.0,EA,45.0,675.0,MOMENT,SWEDEN
64,1815,4-32.,"1/2DR,IMPACT,32MM,SH,6PT,",1.0,EA,43.0,43.0,MOMENT,SWEDEN
64,1816,4-15.,"1/2DR,IMPACT,15MM,6PT,SH",19.0,EA,23.0,437.0,MOMENT,SWEDEN
64,1817,4-28.,"1/2DR,IMPACT,28MM SIZE,6PT.SH",1.0,EA,35.0,35.0,MOMENT,SWEDEN
64,1818,4-23.,"1/2DR,IMPACT,23MM,SH.6PT",2.0,EA,25.0,50.0,MOMENT,SWEDEN
64,1819,4-18.,"1/2DR,IMPACT,18MM,6PT,SH",1.0,EA,21.0,21.0,MOMENT,SWEDEN
64,1820,4-26.,"1/2DR,IMPACT,26MM,SH.6PT",1.0,EA,25.0,25.0,MOMENT,SWEDEN
64,1821,2-33L,"3/4DR,IMPACT,33MM,6PT,LONG",16.0,EA,118.0,1888.0,MOMENT,SWEDEN
64,1822,4-20L,"1/2DR,IMPACT,6PT,20MM.LONG",7.0,EA,35.0,245.0,MOMENT,SWEDEN
64,1823,4-30.,"1/2DR,IMPACT,30MM,SH,6PT",20.0,EA,38.0,760.0,MOMENT,SWEDEN
64,1824,4-13L,"1/2DR,IMPACT,13MM,LONG,6PT",12.0,EA,23.0,276.0,MOMENT,SWEDEN
64,1825,4-17L,"1/2DR.IMPACT,17MM,LONG,6PT.SH",19.0,EA,21.0,399.0,MOMENT,SWEDEN
64,1826,4-22.,"1/2DR,IMPACT,22MM,SH.6PT",20.0,EA,32.0,640.0,MOMENT,SWEDEN
64,1827,4-18.,"1/2DR,IMPACT,18MM,SH.6PT,",17.0,EA,23.0,391.0,MOMENT,SWEDEN
64,1828,4-26.,"1/2DR,IMPACT,26MM,SH.6PT",23.0,EA,40.0,920.0,MOMENT,SWEDEN
64,2498,10006,RECHARGABLE LIGHT كىيناكيم ةبمل,7.0,EA,180.0,1260.0,N.ELECTRI,USA
64,2499,10001,CIRCUIT TESTER-NATIONAL ELECTRIC سايق زاهج ةرئادلا,6.0,EA,80.0,480.0,N.ELECTRI,USA
64,2598,H212002,WERNER BA1000HARNESS -USAناما مازح,0.0,EA,390.0,0.0,NATIONA,USA
64,2599,T6111/6FTAF,HONEYWELL LANYARD-MEXICOناما عفر لبح,2.0,EA,250.0,500.0,NATIONA,USA
65,2600,T5121-Z,HONEYWELL LANYARD-MEXICOناما عفر لبح,1.0,EA,280.0,280.0,NATIONA,USA
65,2601,H432002,WERNER HARNESS -USAناما مازح,3.0,EA,250.0,750.0,NATIONA,USA
65,2602,216TWLS,HONEY WELL LANYARD-MEXICOنامل عفر لبح,2.0,EA,170.0,340.0,NATIONA,USA
65,2633,SOK14/16HD,PHASE TESTER زافلا سايق,1.0,EA,110.0,110.0,NEWTECH,UNKNOWN
65,2250,21902,END CUTTER ةعاطق,6.0,EA,135.0,810.0,NICHLSON,USA
65,2533,232102NB,NUT SPANNER ةبح سار كفم,2.0,SET,110.0,220.0,NICHOLSO,USA
65,1829,2038-200,"NWS 8"" ADJUST.WRENCH لوزعم ةنابس",16.0,,250.0,4000.0,NWS,GERMANY
65,1830,2020-6-80,"NWS 6MM,O/E لوزعم حاتفم",16.0,,110.0,1760.0,NWS,GERMANY
65,1831,2038-300,"NWS 12""-ADJUST.WR. لوزعم ةنابس",1.0,,350.0,350.0,NWS,GERMANY
65,1832,2020-32-260,"NWS 32MM,O/E لوزعم حاتفم",9.0,,350.0,3150.0,NWS,GERMANY
65,1833,2038-250,"NWS 10""ADJUST.WRENCH لوزعم ةنابس",1.0,EA,330.0,330.0,NWS,GERMANY
65,1834,2013-8,NWS SKT 8MM ةلوزعم ةبح,19.0,,100.0,1900.0,NWS,GERMANY
65,1835,2013-9,NWS SKT 9MM ةلوزعم ةبح,19.0,,110.0,2090.0,NWS,GERMANY
65,1836,2018-3-130,nws allen 3mm لوزعم كى نلا,23.0,,50.0,1150.0,NWS,GERMANY
65,1837,2018-6-140,nws allen 6mm لوزعم كى نلا,15.0,,90.0,1350.0,NWS,GERMANY
65,1838,2018-3-130,allen key 3mm لوزعم كى نلا,29.0,PC,48.0,1392.0,NWS,GERMANY
65,1839,2018-4-120,allen key 4mm لوزعم كى نلا,5.0,PC,48.0,240.0,NWS,GERMANY
65,1840,2018-5-140,allen key 5mm لوزعم كى نلا,0.0,PC,58.0,0.0,NWS,GERMANY
65,1841,2018-6-140,allen key 6mm لوزعم كى نلا,23.0,PC,65.0,1495.0,NWS,GERMANY
65,1842,2018-8-150,allen key 8mm لوزعم كى نلا,4.0,PC,70.0,280.0,NWS,GERMANY
65,1843,2018-10-220,allen key 10mm لوزعم كى نلا,4.0,PC,75.0,300.0,NWS,GERMANY
65,1844,2018-12-260,allen key 12mm لوزعم كى نلا,1.0,PC,90.0,90.0,NWS,GERMANY
65,1845,2021-30-290,RING SPANNER 30MM لوزعم موتحم حاتفم,10.0,PC,245.0,2450.0,NWS,GERMANY
65,1846,2021-32-290,RING SPANNER 32MM موتخم لوزعم حاتفم,10.0,PC,295.0,2950.0,NWS,GERMANY
65,1847,2038-200,ADJASTABLE SPANNER 200MM لوزعم ةنابس,16.0,PC,285.0,4560.0,NWS,GERMANY
65,1848,2038-250,ADJASTABLE SPANNER 250MM لوزعم ةنابس,1.0,PC,320.0,320.0,NWS,GERMANY
65,1849,2038-300,ADJASTABLE SPANNER 300MM لوزعم ةنابس,2.0,PC,395.0,790.0,NWS,GERMANY
65,1850,2013-8,SOCKET SPANNER 8MM ةلوزعم ةبح,17.0,PC,98.0,1666.0,NWS,GERMANY
65,1851,2013-9,SOCKET SPANNER 9MM ةلوزعم ةبح,17.0,PC,110.0,1870.0,NWS,GERMANY
66,1852,2020-6-80,SINGLE OPEN ENDED SPANNER 6MM حاتفم لوزعم ىدلب,16.0,PC,100.0,1600.0,NWS,GERMANY
66,1853,2020-30-250,SINGLE OPEN ENDED SPANNER 30MMحاتفم لوزعم ىدلب,20.0,PC,230.0,4600.0,NWS,GERMANY
66,1854,2020-32-260,SINGLE OPEN ENDED SPANNER32MM حاتفم لوزعم ىدلب,10.0,PC,235.0,2350.0,NWS,GERMANY
66,2240,3631,LOGIC PROBE تلوفلا سايق راهج,20.0,,250.0,5000.0,OTC,USA
66,2277,7314A,BALL JOINT سوكعلا ةنيجرز,21.0,EA,250.0,5250.0,OTC,USA
66,2282,7315A,BALL JOINT سوكعلا ةنيجرز,27.0,EA,350.0,9450.0,OTC,USA
66,2283,7815,BALL JOINT سوكعلا ةنيجرز,5.0,EA,450.0,2250.0,OTC,USA
66,2295,4748,belt tention gauge ريسلا دش سايق ةادا,39.0,EA,230.0,8970.0,OTC,USA
66,2323,4639,BATTERY SERVICE KIT,3.0,KIT,435.0,1305.0,OTC,USA
66,2375,7403,STEERING WHEEL PULLER,6.0,SET,365.0,2190.0,OTC,USA
66,2604,7649,FUEL INJ.CLEANING KITتاخاخبلا فيظنت ةعومجم,3.0,KIT,2350.0,7050.0,OTC,USA
66,2605,7649A,FUEL INJ.CLEANERتاخاخبلا فيظنت زاهج,5.0,KIT,2480.0,12400.0,OTC,USA
66,2606,7448A,CANISTER INJ.TEST KITتاخاخبلا صحف زاهج,6.0,KIT,1300.0,7800.0,OTC,USA
66,2607,7797,FUEL INJ.DIAGONIST COMB تاخاخبلا صحف زاهج,8.0,KIT,1020.0,8160.0,OTC,USA
66,1855,790.116,AUTOMATIC WIRE STRIPPER كيتاموتا ةيارع,7.0,EA,620.0,4340.0,PALMERA,SPAIN
66,1856,614.61,رر WATER PUMP PLIER 1000V ةلوزعم ةقلتم ةيدارز,2.0,EA,130.0,260.0,PALMERA,SPAIN
66,1857,790.122/V,SELF ADJUSTING WIRE STRIPPER ةيارع,2.0,EA,450.0,900.0,PALMERA,SPAIN
66,1858,671.425,"adustable WRENCH1000V-12"" لوزعم ةنابسا",13.0,EA,240.0,3120.0,PALMERA,SPAIN
66,1859,671.42,"adustable WRENCH1000V-10"" لوزعم ةنابسا",2.0,EA,215.0,430.0,PALMERA,SPAIN
66,1860,671.415,"adustable WRENCH1000V-8"" لوزعم ةنابسا",6.0,EA,180.0,1080.0,PALMERA,SPAIN
66,1861,52.001/J,ALLEN KEY TORX T-10-T-40 سكروت كى نلا,1.0,SET,55.0,55.0,PALMERA,SPAIN
66,1862,229.930/J,ALLEN KEY-1/16 TO 3/8-BLACK شنا كى نلا,1.0,SET,38.0,38.0,PALMERA,SPAIN
66,1863,229.912,"ALLEN KEY 1/16-1/2""شنا كى نلا",2.0,SET,55.0,110.0,PALMERA,SPAIN
66,1864,650.2,paLMERA knife 650.200 ةنيكس,1.0,,110.0,110.0,PALMERA,SPAIN
66,1865,249.617/P,1/4DRSOKET SET5-114MM,1.0,SET,340.0,340.0,PALMERA,SPAIN
66,1866,252.11/P,3/8DR.INCH 19-8 بوبح مقطMM,1.0,SET,345.0,345.0,PALMERA,SPAIN
66,1867,252.114/P,3/8DR.INCH 1/4-7/8 بوبح مقط,1.0,SET,350.0,350.0,PALMERA,SPAIN
67,1868,260.610T,"3/4DR,IN,7/8-2"" بوبح مقط",6.0,SET,1950.0,11700.0,PALMERA,SPAIN
67,1869,650.2,KNIFE ةنيكس,1.0,EA,75.0,75.0,PALMERA,SPAIN
67,1870,#506.290,PH#0X200MM كفم,43.0,PCS,22.0,946.0,PALMERA,SPAIN
67,1871,506.252,"PH#2X25MM,STUBBY S.DR.-PH.2 كفم PH.0X75MM ,S/DR- كفم S/D.SLOT,.8MMX4X100 كفم PH#4,S/D.4X200MM-506.240 كفم PH#3,3X150,-506.230 كفم",13.0,PCS,22.0,286.0,PALMERA,SPAIN
67,1872,#506.200,,4.0,PCS,15.0,60.0,PALMERA,SPAIN
67,1873,506.044,,5.0,PCS,15.0,75.0,PALMERA,SPAIN
67,1874,506.24,,1.0,PCS,45.0,45.0,PALMERA,SPAIN
67,1875,506.23,,64.0,PCS,28.0,1792.0,PALMERA,SPAIN
67,1876,#506.230,SCREDRIVER كفم,64.0,PCS,28.0,1792.0,PALMERA,SPAIN
67,1877,PALMERA,"RING,SLUG,27MM موتخم قرط حاتفم",5.0,EA,175.0,875.0,PALMERA,SPAIN
67,1878,0255918J,"O/E SET-1/4-1"" مقط-ىدلب حانفم",25.0,SET,230.0,5750.0,PALMERA,SPAIN
67,1879,0255918J,"O/E SET-1/4-1"" مقط-ىدلب حانفم",8.0,SET,230.0,1840.0,PALMERA,SPAIN
67,1880,190.024,SCREW DRIVER كفم,1.0,EA,100.0,100.0,PALMERA,SPAIN
67,1881,1.1/4X1.1/16,"""O/E WRENCH ىدلب حاتفم",2.0,EA,210.0,420.0,PALMERA,SPAIN
67,1882,"15/16X1""",O/E WRENCH ىدلب حاتفم,4.0,EA,45.0,180.0,PALMERA,SPAIN
67,1883,"3/4X11/16""",O/E WRENCH ىدلب حاتفم,1.0,EA,30.0,30.0,PALMERA,SPAIN
67,1884,4X5,O/E WRENCH ىدلب حاتفم,11.0,EA,12.0,132.0,PALMERA,SPAIN
67,1885,5.5X7,O/E WRENCH ىدلب حاتفم,16.0,EA,17.0,272.0,PALMERA,SPAIN
67,1886,"15/16X1/2""",O/E WRENCH ىدلب حاتفم,5.0,EA,45.0,225.0,PALMERA,SPAIN
67,1887,264.048,"1/2DR.IMPACT,1.1/8 SIZE,6PT,SH. ءادوس ةبح",6.0,EA,65.0,390.0,PALMERA,SPAIN
67,1888,264.046,"1/2DR,IMPACT,1.1/16 SIZE,6PT,SH.ءادوس ةبح",5.0,EA,65.0,325.0,PALMERA,SPAIN
67,1889,264.03,"1/2DR,IMPACT,30MM SIZE,6PT,SH. ءادوس ةبح",6.0,EA,33.0,198.0,PALMERA,SPAIN
67,1890,264.04,"1/2DR,IMPACT,15/16 SIZE,6PT,SH ءادوس ةبح",1.0,EA,38.0,38.0,PALMERA,SPAIN
67,1891,264.029,"1/2DR,IMPACT,17MM SIZE,6PT.SH ءادوس ةبح",3.0,EA,28.0,84.0,PALMERA,SPAIN
67,1892,264.037,"1/2DR,IMPACT,7/8 SIZE,6PT,SH",1.0,EA,33.0,33.0,PALMERA,SPAIN
67,1893,270.621,"3/4X1"" ADAPTOR لوحم",8.0,EA,175.0,1400.0,PALMERA,SPAIN
67,1894,265.25,"3/4DR,IMAPCT,1.1/8 SIZE,6PT,SH ءادوس ةبح",3.0,EA,100.0,300.0,PALMERA,SPAIN
67,1895,265.241,"1/2DR,IMPACT,24MM,LONG,6PT ءادوس ةبح",3.0,EA,35.0,105.0,PALMERA,SPAIN
68,1896,265.246,"1/2DR,IMPACT,27MM,6PTLONG ةليوطءادوس ةبح",7.0,EA,38.0,266.0,PALMERA,SPAIN
68,1897,266.053,"1""DR.IMPACT,1.1/4,6PT,SH ءادوس ةبح",7.0,EA,95.0,665.0,PALMERA,SPAIN
68,1898,264.038,"1/2DR.IMPACT,23MM,6PT.SH ءادوس ةبح",3.0,EA,23.0,69.0,PALMERA,SPAIN
68,1899,264.05,"1/2DR,IMPACT,30MM,SH. ءادوس ةبح",1.0,EA,32.0,32.0,PALMERA,SPAIN
68,1900,264.036,"1/2DR,IMPACT,22MM.6PT,SH ءادوس ةبح",3.0,EA,23.0,69.0,PALMERA,SPAIN
68,1901,264.03,"1/2DR,11/16,6PT,SH,IMPACT ءادوس ةبح",3.0,EA,48.0,144.0,PALMERA,SPAIN
68,1902,265.053,"3/4DR,IMPACT,12PT,SH,1.1/4 ءادوس ةبح",1.0,EA,75.0,75.0,PALMERA,SPAIN
68,1903,265.268,"3/4DR.IMPACT,1.5/8,6PT,SH. ءادوس ةبح",4.0,EA,130.0,520.0,PALMERA,SPAIN
68,1904,264.042,"1/2DR.IMPACT,25MM,6PT,SH. ءادوس ةبح",5.0,EA,38.0,190.0,PALMERA,SPAIN
68,1905,264.027,"1/2DR,IMPACT,5/8 SIZE,6PT,SHءادوس ةبح",4.0,EA,38.0,152.0,PALMERA,SPAIN
68,1906,264.045,"1/2DR,IMPACT,26MM,6PT,SH, ءادوس ةبح",8.0,EA,35.0,280.0,PALMERA,SPAIN
68,1907,264.042,"1/2DR,IMPACT,25MM,SH,6PT ءادوس ةبح",1.0,EA,40.0,40.0,PALMERA,SPAIN
68,1908,264.716,"1/2DR.IMPACT,…,LONG,6PT ةليوط ءادوس ةبح",1.0,EA,25.0,25.0,PALMERA,SPAIN
68,1909,264.038,"1/2DR,IMPACT,23MM,SH.6PT ءادوس ةبح",2.0,EA,30.0,60.0,PALMERA,SPAIN
68,1914,266.075,"1""DR.IMPACT,1.13/16,6PT,SHG, ءادوس ةبح",11.0,EA,95.0,1045.0,PALMERA,SPAIN
68,1920,"1/2X9/16""",OPENED WR. ىدلب حاتفم,4.0,EA,22.0,88.0,PALMERA,SPAIN
68,1921,"7/8X15/16""",ر COMB.WR. كتشم حاتفم,1.0,EA,25.0,25.0,PALMERA,SPAIN
68,1922,"3/4X11/16""",ring wrench موتخم حاتفم,3.0,EA,30.0,90.0,PALMERA,SPAIN
68,1923,1.1/2X1.5/16,"""OPENED WR. ىدلب حاتفم",1.0,EA,190.0,190.0,PALMERA,SPAIN
68,1924,1.1/16X1.1/8,OPENED WR. ىدلب حاتفم,2.0,EA,220.0,440.0,PALMERA,SPAIN
68,1925,1.1/4X1.1/16,"""OPENED WR. ىدلب حاتفم",2.0,EA,175.0,350.0,PALMERA,SPAIN
69,1926,27X29,ring wrench موتخم حاتفم,1.0,EA,55.0,55.0,PALMERA,SPAIN
69,1927,32X36,ring wrench موتخم حاتفم,1.0,EA,135.0,135.0,PALMERA,SPAIN
69,1928,"3/4X7/8""",ring wrench موتخم حاتفم,1.0,EA,26.0,26.0,PALMERA,SPAIN
69,1929,788.02,ر VOLTAGE TESTER-4.5-380VAC ءابرهك تست,2.0,EA,145.0,290.0,PALMERA,SPAIN
69,1930,"15/16X1""",OPENED WR. ىدلب حاتفم,2.0,EA,35.0,70.0,PALMERA,SPAIN
69,1931,"9/16""","1/2DR,SHORT,IMPACT,6PT,ةبح",4.0,EA,35.0,140.0,PALMERA,SPAIN
69,1932,256.072,FLEX.HEEAD HANDLE 3/8 ةكرحنم سأرب ةليصوت,3.0,EA,195.0,585.0,PALMERA,SPAIN
69,1933,200MM,EXT.3/4DR ةليصوت,2.0,EA,100.0,200.0,PALMERA,SPAIN
69,1937,270.73,"1""X3/4"" ADAPTOR لوحم",9.0,EA,330.0,2970.0,PALMERA,SPAIN
69,1938,270.215,"3/8X1/2"" ADAPTOR لوحم",3.0,EA,65.0,195.0,PALMERA,SPAIN
69,1939,229.533,"ALLEN KEY-1/4"" كى نلا",50.0,EA,10.0,500.0,PALMERA,SPAIN
69,1940,229.08,ALLEN KEY-8MM كى نلا,27.0,EA,14.0,378.0,PALMERA,SPAIN
69,1941,229.07,ALLEN KEY-7MM كى نلا,70.0,EA,13.0,910.0,PALMERA,SPAIN
69,1942,229.09,ALLEN KEY-9MM كى نلا,13.0,EA,14.0,182.0,PALMERA,SPAIN
69,1943,229.1,ALLEN KEY-10MM كى نلا,93.0,EA,16.0,1488.0,PALMERA,SPAIN
69,1944,229.536,"ALLEN KEY-5/16"" كى نلا",78.0,EA,32.0,2496.0,PALMERA,SPAIN
69,1945,229.542,"ALLEN KEY-7/16"" كى نلا",28.0,EA,35.0,980.0,PALMERA,SPAIN
69,1946,229.9,ALLEN KEY-9MM كى نلا,59.0,EA,14.0,826.0,PALMERA,SPAIN
69,1947,229.539,"ALLEN KEY-3/8"" كى نلا",42.0,EA,18.0,756.0,PALMERA,SPAIN
69,1948,229.53,"ALLEN KEY-7/32"" كى نلا",15.0,EA,30.0,450.0,PALMERA,SPAIN
69,1949,229.536,"ALLEN KEY-5/16"" كى نلا",19.0,EA,30.0,570.0,PALMERA,SPAIN
69,1950,229.542,"ALLEN KEY-7/16"" كى نلا",3.0,EA,35.0,105.0,PALMERA,SPAIN
69,1951,8MM,ALLEN KEY -BLACK كى نلا,26.0,EA,13.0,338.0,PALMERA,SPAIN
69,1952,8MM,ALLEN KEY-CHROME كى نلا,6.0,EA,13.0,78.0,PALMERA,SPAIN
69,1953,"1/4""",ALLEN KEY كى نلا,27.0,EA,12.0,324.0,PALMERA,SPAIN
69,1954,7MM,ALLEN KEY -BLACK-كى نلا,20.0,EA,12.0,240.0,PALMERA,SPAIN
69,1955,276.025,3-25MM TUBE CUTTER-ساحن ترساوم صقم,17.0,EA,95.0,1615.0,PALMERA,SPAIN
69,1956,180.024,SCREW PTIC GAUGE,1.0,EA,75.0,75.0,PALMERA,SPAIN
69,1957,256.53,"SKT,12PT.13/16""",22.0,EA,35.0,770.0,PALMERA,SPAIN
69,1958,pce-dc2,CLAMP METER AC/DC,3.0,EA,330.0,990.0,PCE,GERMANY
70,1959,PCE-889A,IR THERMOMETER,1.0,EA,650.0,650.0,PCE,GERMANY
70,1960,PCE-777,IR THERMOMETER,1.0,EA,300.0,300.0,PCE,GERMANY
70,1961,PCE-DPT1,"current (AC), voltage (TRMS) and frequency to determine active (kW), .",3.0,EA,870.0,2610.0,PCE,GERMANY
70,1962,PCE-007,ANEMOMETER ح يرلا ةعسر سايق زاهج,2.0,EA,1550.0,3100.0,PCE,GERMANY
70,1963,VT-2700,رر VIBRATION METER زاتهلاا سايق زاهج,1.0,EA,2700.0,2700.0,PCE,GERMANY
70,1964,PCE-FWS20,WEATHER STATION سقط ةطحم,1.0,EA,780.0,780.0,PCE,GERMANY
70,2630,36584,ALTERNATOR/BATTERY ANALIZERوميندلا صحف ةراطبلاو,7.0,EA,185.0,1295.0,PITSSBUR,USA
70,2631,67772,ر H.D.COMB.SQ ةكسرم ةيزاز,9.0,EA,45.0,405.0,PITSSBUR,USA
70,2634,MDM201,"N36AQ-GIGITAL,DISTANCE METERةفاسملا سايق",2.0,EA,95.0,190.0,PITSSBUR,USA
70,2629,66319,"DIGI,THICKNESS GAGEةكامسلا سايق زاهج",15.0,EA,85.0,1275.0,PITTSBUR,USA
70,2272,4333,4333p-proto,4.0,EA,470.0,1880.0,PROTO,USA
70,2279,J46,ر CHISEL /PUNCH SET لترش مقط,8.0,EA,750.0,6000.0,PROTO,USA
70,2412,4333P,SEPERATOR نامور ةنيجرز,1.0,PC,550.0,550.0,PROTO,USA
70,2413,4331P,SEPERATOR نامور ةنيجرز,5.0,PC,450.0,2250.0,PROTO,USA
70,2538,7509,"3/4DR,IMPACT,9/16 SIZE,6PT,SH ءادوس ةبح",9.0,EA,88.0,792.0,PROTO,USA
70,2539,7422,"1/2DR,IMPACT,11/16 SIZE,12PT.SH ءادوس ةبح",5.0,EA,68.0,340.0,PROTO,USA
70,2541,7444,"1/2DR,IMPACT,1.3/8 SIZE,12PT,SH-ءادوس ةبح",10.0,EA,135.0,1350.0,PROTO,USA
70,2542,7515T,"3/4DR,IMPACT,15/16 SIZE,12PT,SH ءادوس ةبح",9.0,EA,100.0,900.0,PROTO,USA
70,2543,7432,"1/2DR,IMPACT,1"" SIZE,12PT,SH ءادوس ةبح",5.0,EA,60.0,300.0,PROTO,USA
70,2544,7412,"1/2DR,IMPACT,3/8 SIZE,12PT,SH ءادوس ةبح",7.0,EA,60.0,420.0,PROTO,USA
70,2545,7411M,"1/2DR,IMPACT,11MM SIZE,6PT,SH ءادوس ةبح",4.0,EA,35.0,140.0,PROTO,USA
70,2546,7424,"1/2DR,IMPACT,3/4 SIZE,6PT,SH. ءادوس ةبح",4.0,EA,85.0,340.0,PROTO,USA
70,2547,7428,"1/2DR,IMPACT,7/8 SIZE,12PT,SH. ءادوس ةبح",7.0,EA,90.0,630.0,PROTO,USA
70,2548,7430,"1/2DR,IMPACT,15/16 SIZE,SH.12PT ءادوس ةبح",11.0,PCS,48.0,528.0,PROTO,USA
71,2549,7422,"1/2DR,IMPACT,11/16 SIZE,12PT.SH ءادوس ةبح",6.0,EA,60.0,360.0,PROTO,USA
71,2558,7314,"1/2DR,IMPACT,7/16,12PT,LONG ةليوط ءادوس ةبح",1.0,EA,95.0,95.0,PROTO,USA
71,2562,7521T,"3/4DR,12PT,1.5/16,SH.IMPACTءادوس ةبح",4.0,EA,65.0,260.0,PROTO,USA
71,2567,7416,"1/2DR,IMPACT,12PT.SH.1/2 SIZEءادوس ةبح",6.0,EA,65.0,390.0,PROTO,USA
71,2568,7512,"3/4DR,IMPACT,3/4 SIZE,6PT,SH.ءادوس ةبح",16.0,EA,95.0,1520.0,PROTO,USA
71,2569,7424H,"1/2DR,IMPACT,3/4 SIZE,12PT,SH.ءادوس ةبح",4.0,EA,42.0,168.0,PROTO,USA
71,2584,"5/8""",EYE BOLTعفر رامسم,6.0,EA,35.0,210.0,PROTO,USA
71,2585,"3/8""",EYE BOLTعفر رامسم,42.0,EA,25.0,1050.0,PROTO,USA
71,2611,5849,"RATCHET 1""DR ةصوب 1 كيتاموتا دي",2.0,EA,395.0,790.0,PROTO,USA
71,2614,940029,EYEBOLTعفر رامسم,7.0,EA,30.0,210.0,PROTO,USA
71,2615,940026,EYEBOLTعفر رامسم,33.0,EA,38.0,1254.0,PROTO,USA
71,2616,940020,EYEBOLTعفر رامسم,32.0,EA,18.0,576.0,PROTO,USA
71,2642,J1987,"HEX KEY UPTO 1/2""",3.0,SET,110.0,330.0,PROTO,USA
71,2309,DM-01,DIGITALMPSYCHROMETER,1.0,EA,440.0,440.0,REED,USA
71,2353,37201,PITSBURGH-BRAKE BLEEDER,2.0,EA,50.0,100.0,REED,USA
71,2640,ST-610B,"THERMOMETER,TYPE K THERMOCOUPLE",4.0,EA,375.0,1500.0,REED,USA
71,2267,1921,"puller,rimac",1.0,EA,70.0,70.0,RIMAC,USA
71,2269,4104,rimac,1.0,EA,90.0,90.0,RIMAC,USA
71,2270,13908,TRIPPLE LEG PULLER,1.0,EA,70.0,70.0,RIMAC,USA
71,2271,1901,rimac,2.0,EA,180.0,360.0,RIMAC,USA
71,2273,4108,rimac,1.0,EA,135.0,135.0,RIMAC,USA
71,2274,4111,rimac,2.0,EA,175.0,350.0,RIMAC,USA
71,2275,4110,rimac,1.0,EA,220.0,220.0,RIMAC,USA
71,2276,1903,rimac,1.0,EA,190.0,190.0,RIMAC,USA
71,2278,596,rimac,3.0,EA,360.0,1080.0,RIMAC,USA
71,2284,2772,ADAPTOR TOYoTA لوحم,12.0,EA,30.0,360.0,RIMAC,USA
71,2285,2774,ADAPTOR TOYATA-DIESEL/FORD لوحم,15.0,EA,35.0,525.0,RIMAC,USA
71,2286,2777,ADAPTOR TOYATA-DATSON بوحم,14.0,EA,40.0,560.0,RIMAC,USA
71,2287,202,"TUBE BENDER 1/8-1/2"" ترساوم ةيتنت",13.0,EA,35.0,455.0,RIMAC,USA
71,2288,94,BRAKE TOOL KIT كيترلل مقط,1.0,kit,135.0,135.0,RIMAC,USA
71,2289,344,PULLEY PULLER.ALTR.POWER STEERING,5.0,kit,150.0,750.0,RIMAC,USA
72,2290,92,SUPER STRING PICKUP TOOL,3.0,ea,40.0,120.0,RIMAC,USA
72,2291,201,"TUBE BENDER 1/4"" ترساوم ةيانت",25.0,ea,30.0,750.0,RIMAC,USA
72,2293,151,PULLER SET ةنيجرز مقط,13.0,SET,150.0,1950.0,RIMAC,USA
72,2303,23,RIMAC WHEEL BALANCER-0023,1.0,ea,55.0,55.0,RIMAC,USA
72,2336,670,FILTER WRENCH,6.0,EA,30.0,180.0,RIMAC,USA
72,2337,1614,"HONE,VALVE",5.0,EA,38.0,190.0,RIMAC,USA
72,2338,107,GASKET SCRAPER,7.0,EA,95.0,665.0,RIMAC,USA
72,2340,121,PISTON RING EXPANDER,4.0,EA,30.0,120.0,RIMAC,USA
72,2341,39,THREAD RESTORING,13.0,EA,20.0,260.0,RIMAC,USA
72,2342,324,TORX BIT SET 10PC,4.0,EA,110.0,440.0,RIMAC,USA
72,2343,7210,PARTS BRUSH,5.0,EA,25.0,125.0,RIMAC,USA
72,2344,4537,A/C CLUTCH HOLDING TOOL,3.0,EA,38.0,114.0,RIMAC,USA
72,2373,1614,VALVE HONE,5.0,EA,35.0,175.0,RIMAC,USA
72,2414,151,"HUB,PULLER تابوه ةنيجرز",4.0,PC,120.0,480.0,RIMAC,USA
72,2624,1663,REPLACEMENT STONE SETتابابصلا خلج رجح,7.0,SET,25.0,175.0,RIMAC,USA
72,2625,1651,REPLACEMENT STONE SETتابابصلا خلج رجح,9.0,SET,25.0,225.0,RIMAC,USA
72,2626,1652,REPLACEMENT STONE SETتابابصلا خلج رجح,7.0,SET,25.0,175.0,RIMAC,USA
72,2627,1653,REPLACEMENT STONE SETتابابصلا خلج رجح,9.0,SET,25.0,225.0,RIMAC,USA
72,2628,1661,REPLACEMENT STONE SETتابابصلا خلج رجح,5.0,SET,25.0,125.0,RIMAC,USA
72,1965,170200,"ROTHEN,BASIN WRENCH لساعم حاتفم",7.0,EA,95.0,665.0,ROTH,SPAIN
72,1966,2.515,"BENDER,6,8,10MM ساحن ترساوم ةيانت",6.0,EA,80.0,480.0,ROTHENB,SPAIN
72,1967,761,"76102000,1/4,5/16,3/8"" ساحن ترساوم ةيانت",5.0,EA,130.0,650.0,ROTHENB,SPAIN
72,1968,ROTH.,"SPRING 1/2""BENDER ةيانت ةتسوس",32.0,EA,30.0,960.0,ROTHENB,SPAIN
72,1969,ROTH.,"SPRING 5/8""BENDER ةيانت ةتسوس",49.0,EA,35.0,1715.0,ROTHENB,SPAIN
72,1970,ROTH.,"SPRING 1/4"",BENDER ةيانت ةتسوس",44.0,EA,20.0,880.0,ROTHENB,SPAIN
72,1971,ROTH.,"SPRING 5/8""BENDER ةيانت ةتسوس",19.0,EA,30.0,570.0,ROTHENB,SPAIN
72,1972,ROTH.,"SPRING 7/16"",BENDER ةيانت ةتسوس",50.0,EA,30.0,1500.0,ROTHENB,SPAIN
72,1973,ROTH.,"SPRING 1/2""BENDER ةيانت ةتسوس",10.0,EA,35.0,350.0,ROTHENB,SPAIN
72,1974,ROTH.,"SPRING 3/8"",BENDER ةيانت ةتسوس",71.0,EA,25.0,1775.0,ROTHENB,SPAIN
72,1976,"8""",PIPE WRENCH وبملج وبا,8.0,EA,65.0,520.0,S.EGO,SPAIN
72,1977,760,tube bender 15mmساحن ترساوم ةيانت,8.0,EA,120.0,960.0,S.EGO,SPAIN
72,1978,2.5142,TUBE BENDERساحن ترساوم ةيانت,3.0,EA,170.0,510.0,S.EGO,SPAIN
73,1979,760,"TUBE BENDER 5/8""-ساحن ترساوم ةيانت2.5131",3.0,EA,110.0,330.0,S.EGO,SPAIN
73,1980,2.515,"6,8,10MM TUBE BENDER ساحن ترساوم ةيانت",6.0,EA,70.0,420.0,S.EGO,SPAIN
73,1981,2.5141,TUBE BENDER ساحن ترساوم ةيانت,1.0,EA,130.0,130.0,S.EGO,SPAIN
73,1982,761,TUBE BENDER ساحن سراوم ةيانت,5.0,EA,110.0,550.0,S.EGO,SPAIN
73,1983,7.0227,BASIN WRENCH 63MMلساغم حاتفم,1.0,EA,82.0,82.0,S.EGO,SPAIN
73,1984,2.5131,"TUBE BENDER 5/8""-ساحن ترساوم ةيانت2.5131",1.0,EA,110.0,110.0,S.EGO,SPAIN
73,1985,760,"15MM,2.5141-3/8"" ساخن ترساوم ةيانت",5.0,EA,127.0,635.0,S.EGO,SPAIN
73,1986,760,"7/16""-TUBE BENDERساحن ترساوم ةيانت",2.0,EA,60.0,120.0,S.EGO,SPAIN
73,1987,760,"6,8MM TUBE BENDER ساحن ترساوم ةيانت",4.0,EA,60.0,240.0,S.EGO,SPAIN
73,1988,7222000,"7/8"" TUBE BENDER 22MMساحن ترساوم ةيانت",3.0,EA,105.0,315.0,S.EGO,SPAIN
73,1989,725,"1.1/8"" TUBE CUTTER-ديدح ترساوم صفم",5.0,EA,115.0,575.0,S.EGO,SPAIN
73,1990,7.0045,"1/8-2"" PIPE CUTTER.ST,ديدح ترساوم صقم",5.0,EA,150.0,750.0,S.EGO,SPAIN
73,1991,7.0017D,CUTTER WHEELساحن تاصقم ةسيرو,60.0,EA,20.0,1200.0,S.EGO,SPAIN
73,1992,ECO13,DRILL 13MMمم13 دناتس ليرد,16.0,EA,850.0,13600.0,SCANTOO,DENMARK
73,1993,860153100,BENCH GRINDER WITH STAND-6N ةنيكام3100 ةصوب 6 ةدعاقلا عم خلج,4.0,EA,1770.0,7080.0,SCANTOO,DENMARK
73,1994,860153200,BENCH GRINDER -8N-WITH STANDةصوب8 ليرد ةدعاقلا -عم,1.0,EA,2490.0,2490.0,SCANTOO,DENMARK
73,1995,sca1300,"bender,sheet,1.2mm جاص ةيانت",1.0,EA,3500.0,3500.0,SCANTOOL,UNKNOWN
73,1996,scan13s,"bender,sheet,2.25mm جاص ةيانت",2.0,EA,6500.0,13000.0,SCANTOOL,UNKNOWN
73,1997,PSD14,"grinder ,with stand خلج ةنيكام",2.0,EA,9000.0,18000.0,SCANTOOL,UNKNOWN
73,1998,PSD10,"grinder ,with stand خلج ةنيكام",4.0,EA,8500.0,34000.0,SCANTOOL,UNKNOWN
73,1999,SB30,"DRILL PRESS,GEAR TYPE,32MM مم32 ةرجش ليرد",0.0,EA,9000.0,0.0,SCANTOOL,UNKNOWN
73,2000,ARBOGA,,2.0,E A,0.0,0.0,S C A N T O O L,DENMARK
73,2001,ARBOGA,"8"" BENCH W/O STAND-B/WHITE",3.0,EA,2500.0,7500.0,SCANTOOL,DENMARK
73,2002,36MM,MAGNETIC DRILL,0.0,EA,3500.0,0.0,SCANTOOL,DENMARK
73,2003,50MM,MAGNETIC DRILL,0.0,EA,6500.0,0.0,SCANTOOL,DENMARK
73,2004,BAND,BAND SAWI BLADE,17.0,EA,220.0,3740.0,SCANTOOL,DENMARK
73,2623,HR-705,RIVETERماشرب ةيدارز,4.0,EA,45.0,180.0,SCS,USA
73,2005,6031,TIG TORCH SR17-35/50 جيت شروت,50.0,EA,300.0,15000.0,SOLTER,SPAIN
73,2006,SB-1000T,WELDING M/C 160A تربما160 ماحل ةنيكام,12.0,EA,675.0,8100.0,SOLTER,SPAIN
73,2007,310KIT,"AREOMIG 310,ST.ST.ALU.1.2MM ماحل ةنيكام",1.0,EA,6500.0,6500.0,SOLTER,SPAIN
74,2008,2330HFPL,"AREROTIG,AC/DCK0085-65133-10-200A",1.0,EA,8600.0,8600.0,SOLTER,SPAIN
74,2009,2050PRO,"ARC,TIG 200A,5MM ELECTRODEكراو جيت ماحل ةنيكام",6.0,EA,1800.0,10800.0,SOLTER,SPAIN
74,2010,SB-1000-T,"230VAC,160AMP,ARC تربما 160 ماحل ةنيكام",12.0,EA,750.0,9000.0,SOLTER,SPAIN
74,2011,56096,ARGON REG نوجرا مظنم,12.0,EA,186.0,2232.0,SOLTER,SPAIN
74,2012,35-50-70,SOCKET ةليصوت,10.0,SET,15.0,150.0,SOLTER,SPAIN
74,2013,74401,10-25MM CONNECTOR-06337 ةليصوت,65.0,EA,15.0,975.0,SOLTER,SPAIN
74,2014,74413,35-50MM2-CONNECTOR-06340 ةليصوت,48.0,EA,15.0,720.0,SOLTER,SPAIN
74,2015,74400,10-25 CONNECTOR-06341 ةليصوت,40.0,PKT,7.0,280.0,SOLTER,SPAIN
74,2016,35ES21,CONNECTOR ةليصون,38.0,,10.0,380.0,SOLTER,SPAIN
74,2017,6151,"ر 2.4MM,TUNGESTEN GREEN , يرتسجنت خيسا",33.0,KIT,38.0,1254.0,SOLTER,SPAIN
74,2018,6067,"ر 2.4MM,TUNGESTEN GREEN يرتسجنن خايسا",60.0,EA,50.0,3000.0,SOLTER,SPAIN
74,2019,6151,"ر 2.4MM,TUNGSTEN RED 2.4DIA يرنسجنت خايسا",9.0,EA,38.0,342.0,SOLTER,SPAIN
74,2020,90249,"2.0MM,collet,PORTAELCTRODE ةبقر",170.0,EA,10.0,1700.0,SOLTER,SPAIN
74,2021,90245,"1.0MM,COLLET BODY,DIFUSER,GAS ةبقر",43.0,EA,10.0,430.0,SOLTER,SPAIN
74,2022,90240,".8MM,TIP",38.0,EA,10.0,380.0,SOLTER,SPAIN
74,2023,90214,"1.6MM, BODY,DIFUSER,GAS ةبقر",39.0,EA,10.0,390.0,SOLTER,SPAIN
74,2024,90215,"2.4MM,COLLET BODY,DIFUSER,GAS ةبقر",42.0,EA,10.0,420.0,SOLTER,SPAIN
74,2025,90216,"2.4MM,COLLET BODY,DIFUSER,GAS ةبقر",10.0,EA,10.0,100.0,SOLTER,SPAIN
74,2026,90217,"3.2MM,COLLET BODY,DIFUSER,GAS ةبقر",25.0,EA,10.0,250.0,SOLTER,SPAIN
74,2027,90250,"2.4MM,collet,PORTAELCTRODE ةبقر",16.0,EA,10.0,160.0,SOLTER,SPAIN
74,2028,90247,"1.0MM,collet,PORTAELCTRODE ةبقر",51.0,EA,10.0,510.0,SOLTER,SPAIN
74,2029,90251,"3.2MM,collet,PORTAELCTRODE ةبقر",45.0,EA,10.0,450.0,SOLTER,SPAIN
74,2230,97854,"KNIFE ,CARPET KNIFE,97854",18.0,EA,20.0,360.0,SONDON,USA
74,2359,SRC,RIVETER ماشرب ةيدارز,4.0,EA,49.0,196.0,SRC,USA
74,2033,60CM,ر Spirit level ءام ناترم,31.0,EA,42.0,1302.0,STABILA,GERMANY
74,2034,30CM,ر Spirit level ءام ناترم,5.0,EA,35.0,175.0,STABILA,GERMANY
74,2035,40CM,ر Spirit level ءام ناترم,7.0,EA,37.0,259.0,STABILA,GERMANY
74,2036,50CM,ر Spirit level ءام ناترم,7.0,EA,40.0,280.0,STABILA,GERMANY
75,2037,30CM,ر Spirit level ءام ناترم,22.0,EA,35.0,770.0,STABILA,GERMANY
75,2038,80CM,ر Spirit level ءام ناترم,26.0,EA,70.0,1820.0,STABILA,GERMANY
75,2039,120CM,"ر 48""-LEVEL ناترم",4.0,EA,54.0,216.0,STABILA,GERMANY
75,2040,150CM,"ر 59""-LEVEL ناترم",19.0,EA,95.0,1805.0,STABILA,GERMANY
75,2041,120CM,"ر 48""-LEVEL ناترم",12.0,,75.0,900.0,STABILA,GERMANY
75,2042,100CM,"ر 40""-LEVEL ناترم",18.0,,85.0,1530.0,STABILA,GERMANY
75,2043,200CM,SPIRIT LEVEL,9.0,EA,130.0,1170.0,STABILA,GERMANY
75,2044,60CM,"ر STABILA,LEVELءام ناترم",30.0,EA,65.0,1950.0,STABILA,GERMANY
75,2045,30CM,"ر STABILA,LEVEL ءام ناترم",5.0,EA,35.0,175.0,STABILA,GERMANY
75,2046,40CM,"ر STABILA,LEVEL ءام ناترم",5.0,EA,40.0,200.0,STABILA,GERMANY
75,2047,50CM,"ر STABILA,LEVEL ءام ناترم",6.0,EA,45.0,270.0,STABILA,GERMANY
75,2346,749BZ-8RL,"DEPTH MICROMETER 0-8""",1.0,set,3200.0,3200.0,STARRETT,USA
75,2348,440Z-8RL,DEPTH GAUGE,4.0,EA,1060.0,4240.0,STARRETT,USA
75,2349,78MZ,I/S MICROMETER-100-125MM,1.0,EA,1060.0,1060.0,STARRETT,USA
75,2350,78MZ,I/S MICROMETER 100-125MM,1.0,EA,1060.0,1060.0,STARRETT,USA
75,2521,272A,RADIUS GAGE نونسلا سايق ةادا,2.0,EA,160.0,320.0,STARRETT,USA
75,2522,272MA,RADIUS GAGE نونسلا سايق ةادا,3.0,EA,140.0,420.0,STARRETT,USA
75,2523,476,SCREW PITCH نونسلا سايق ةادا,3.0,EA,160.0,480.0,STARRETT,USA
75,2524,45458,SCREW PITCH نونسلا سايق ةادا,4.0,EA,65.0,260.0,STARRETT,USA
75,2525,286,DRILL/STEEL WIRE GAGE كلاسلاا رطق سايق ةادا,1.0,EA,320.0,320.0,STARRETT,USA
75,2526,287,STEEL/WIRE GAGE كلاسلاا رطق سايق ةادا,3.0,EA,190.0,570.0,STARRETT,USA
75,2527,172E,THICKNESS GAGE ةكامس سايق ةادا,19.0,EA,190.0,3610.0,STARRETT,USA
75,2528,229C,TELESCOPIC GAGE قمعلا سايق ةادا,5.0,EA,185.0,925.0,STARRETT,USA
75,2529,229B,TELESCOPIC GAGE قمعلا سايق ةادا,6.0,EA,130.0,780.0,STARRETT,USA
75,2617,267,TAPER GAGE-FEELER ربات- رلسسق,1.0,EA,345.0,345.0,STARRETT,USA
75,2339,4589,DISCK BRAKE PISTION CUBE,3.0,EA,35.0,105.0,STINGER,USA
75,2048,8345N,DIAL INDICATOR,1.0,EA,495.0,495.0,STORM,ITALY
75,2049,3040,0-25 O/S MICROMETER,1.0,EA,140.0,140.0,STORM,ITALY
75,2050,2911,DIGITAL MICROMETER 25-50MM,13.0,EA,390.0,5070.0,STORM,ITALY
75,2051,2261,"DEPTH GAUGE 200MM,DIGITAL",2.0,EA,435.0,870.0,STORM,ITALY
75,2052,8190,5-30 INSIDE MICROMETER,4.0,EA,360.0,1440.0,STORM,ITALY
75,2053,8191,25-50 INSOIDE MICROMETER,2.0,EA,300.0,600.0,STORM,ITALY
76,2054,2260,300MM-DEPTH GAUGE-DIGITAL,4.0,EA,490.0,1960.0,STORM,ITALY
76,2055,2261,200MM-DEPTH GAUGE,2.0,EA,396.0,792.0,STORM,ITALY
76,2056,4336,"SS,SQ 300X200",1.0,EA,530.0,530.0,STORM,ITALY
76,2057,4346,SQUARE,2.0,EA,683.0,1366.0,STORM,ITALY
76,2058,3041,3041N,12.0,EA,140.0,1680.0,STORM,ITALY
76,2059,4342,"SS,SQ,100X70MM",7.0,EA,220.0,1540.0,STORM,ITALY
76,2060,4332,"SS.SQ,100X70MM",5.0,EA,170.0,850.0,STORM,ITALY
76,2061,13584,"200MM,DEPTH GAUGE",1.0,EA,240.0,240.0,STORM,ITALY
76,2062,2290,"DEPTH GAUGE,200MM",4.0,EA,240.0,960.0,STORM,ITALY
76,2063,4330,"SS,SQ,50X40MM",6.0,EA,90.0,540.0,STORM,ITALY
76,2064,4340,"SS,SQ,50X40MM",8.0,EA,180.0,1440.0,STORM,ITALY
76,2065,2261,"DEPTH GAUGE,200MM,DIGITAL",2.0,EA,435.0,870.0,STORM,ITALY
76,2066,78N,DIAL CALIPER-300MM,10.0,EA,260.0,2600.0,STORM,ITALY
76,2067,3542,spirit level,1.0,EA,1550.0,1550.0,STORM,ITALY
76,2068,77,DIAL CALIPER 200MM,1.0,EA,175.0,175.0,STORM,ITALY
76,2069,75N,DIAL CALIPER 150M,6.0,EA,150.0,900.0,STORM,ITALY
76,2070,8190,"0-30MM,I/S",1.0,EA,330.0,330.0,STORM,ITALY
76,2071,2443M,PROTRACTOR 250-500MM,1.0,EA,155.0,155.0,STORM,ITALY
76,2072,1046,DIGITAL CALIPER 200MM,10.0,EA,395.0,3950.0,STORM,ITALY
76,2073,3631N,mag.base,1.0,EA,230.0,230.0,STORM,ITALY
76,2074,45276,mag.base-oil feeder,1.0,EA,230.0,230.0,STORM,ITALY
76,2075,4060,HIEGHT GAUGE,1.0,EA,850.0,850.0,STORM,ITALY
76,2076,4021,"75CM,EDGEMSTRAIGHT W/BEVEL,ST.ST",3.0,EA,480.0,1440.0,STORM,ITALY
76,2077,13640,"8"" DEPTH GAUGE",2.0,EA,490.0,980.0,STORM,ITALY
76,2078,#00035,"150MM,CALIPER",3.0,EA,130.0,390.0,STORM,ITALY
76,2079,3961,EDGE KNIFE,4.0,EA,65.0,260.0,STORM,ITALY
76,2080,4001,EDGE KNIFE,8.0,EA,60.0,480.0,STORM,ITALY
76,2081,4002,EDGE KNIFE,4.0,EA,65.0,260.0,STORM,ITALY
76,2082,PR50-S,WATER PR.PUMP ءاملا ترساوم رابتخا ةخضم,4.0,EA,650.0,2600.0,SUPEREG,SPAIN
76,2186,0270 series,"double flaring tool,tube pipes تابياب جيلفت",3.0,SET,950.0,2850.0,SYKES,UK
76,2187,8530600,slide hammer .تابوهلاو تاسكلاا ةنيجرز,2.0,set,500.0,1000.0,SYKES,UK
76,2188,8250500,"hub puller,5leg تابوه ةنيجرز",1.0,SET,750.0,750.0,SYKES,UK
77,2189,3138000,cyl.leakage tester تاردنلسلا بيسرت فشك زاهج,3.0,SET,1450.0,4350.0,SYKES,UK
77,2190,8530000,hub puller c/w force screw تابوه ةنيجرز,2.0,SET,450.0,900.0,SYKES,UK
77,2191,36100v2,piston caliper لمارف تريلاك,9.0,SET,350.0,3150.0,SYKES,UK
77,2192,9810000,MULTI-BEARING EXTRACTOR لىب نامور ةنيجرز,5.0,SET,650.0,3250.0,SYKES,UK
77,2193,31420000,"COMP.TESTER,DIESEL CAR طغض ةعاس",1.0,KIT,650.0,650.0,SYKES,UK
77,2196,164004,"feeler,long,sykes 01640040000 FEELER LONG",7.0,,75.0,525.0,SYKES,UK
77,2197,650665,"650665v2,sykes,caliper",6.0,,175.0,1050.0,SYKES,UK
77,2198,8310000,sykes 08310000 PULLER ةنيجرز,1.0,,350.0,350.0,SYKES,UK
77,2199,8290000,sykes-08290000 PULLER ةنيجرز,1.0,,690.0,690.0,SYKES,UK
77,2200,8310000,sykes 08310000 PULLER ةنيجرز,3.0,SET,460.0,1380.0,SYKES,UK
77,2201,2760000,AIR GUN-ءاوه سدسم,3.0,,40.0,120.0,SYKES,UK
77,2203,5830100,14PCS-BODY REPIARE KIT ةركمس حلاصا مقط,2.0,KIT,2700.0,5400.0,SYKES,UK
77,2204,5840100,19PCS-BODY REPAIRE KIT ةركمس حلاصا مقط,3.0,KIT,3200.0,9600.0,SYKES,UK
77,2214,81500,BALL JOINT سوكعلا ةنيجرز,2.0,PC,375.0,750.0,SYKES,UK
77,2215,64906,SEPERATOR نامور ةنيجرز,2.0,PC,680.0,1360.0,SYKES,UK
77,2216,93005,SEPERATOR نامور ةنيجرز,2.0,PC,345.0,690.0,SYKES,UK
77,2217,950000,SEPERATOR نامور ةنيجرز,4.0,PC,660.0,2640.0,SYKES,UK
77,2219,100130,"3LEG,HYD. كيلورديه ةنيدرز",1.0,EA,750.0,750.0,SYKES,UK
77,2220,P-082915,PULLER ةنيجرز,1.0,EA,450.0,450.0,SYKES,UK
77,2221,P-082815,PULLER ةنيجرز,1.0,EA,450.0,450.0,SYKES,UK
77,2222,806000,FORKةكوش دي,23.0,EA,65.0,1495.0,SYKES,UK
77,2257,8060000,"sykes,puller ball joint,long",23.0,EA,270.0,6210.0,SYKES,USA
77,2226,LCB-50D,KNIFE-LCB-50D ةنيكس,25.0,EA,28.0,700.0,TAJIMA,USA
77,2227,LC-501,KNIFE-LC-501 ةنيكس,21.0,EA,32.0,672.0,TAJIMA,USA
77,2228,LC-620,KNIFE-LC-620 ةنيكس,17.0,EA,35.0,595.0,TAJIMA,USA
77,2229,LC-661,KNFIE-LC-661 ةنيكس,9.0,EA,35.0,315.0,TAJIMA,USA
77,2231,LC360,KNIFE -TAJIMA ةنيكس,23.0,EA,22.0,506.0,TAJIMA,USA
77,2232,LV-302,KNIFE ةنيكس,17.0,EA,25.0,425.0,TAJIMA,USA
77,2378,U-G-30B,30FT TAPE,20.0,EA,80.0,1600.0,TAJIMA,USA
78,2380,HI-16BW,"16FT,TAPE",9.0,EA,40.0,360.0,TAJIMA,USA
78,2083,G30C,F-CLAMP-300MM بملاك فا,14.0,EA,36.0,504.0,TW,TW
78,2084,G40C,F-CLAMP-400MM بملاك فا,20.0,EA,40.0,800.0,TW,TW
78,2085,G60C,F-CLAMP-600MM بملاك فا,28.0,EA,45.0,1260.0,TW,TW
78,2086,G80C,"F-CLAMP-800MM,G80C بملاك فا",8.0,EA,56.0,448.0,TW,TW
78,2087,G100C,"F-CLAMP-1000MM,G100C بملاك فا",22.0,EA,75.0,1650.0,TW,TW
78,2088,ATT100,"TEM.K TYPE 6 ةرارح بورب""",7.0,EA,140.0,980.0,UEI,TW
78,2089,DL49,"CLAMP-ON TESTER,DIGITALHVAC مىقر زاهج فييكتلل",2.0,EA,560.0,1120.0,UEI,TW
78,2202,YF-50L,ر ELECTRONIC TESTER تست,1.0,,220.0,220.0,UK,UK
78,2210,EPD-914,"PUNCHDOWN,JONARD شنب ةيدارز",14.0,EA,295.0,4130.0,UK,UK
78,2211,SOK40,SOK40/16HD PHASE 200-230V تازويفلا رابتخا,1.0,EA,650.0,650.0,UK,UK
78,2212,K-8031F,PHASE ROTATION زويفلا رابتخا,1.0,EA,550.0,550.0,UK,UK
78,2213,YF-75,"PHASE SEQUENCE 110,220,480V زويفلا رابتخا",1.0,EA,390.0,390.0,UK,UK
78,2641,STE2,ELECTRONIC STETHOSCOPE,2.0,KIT,1535.0,3070.0,UK,USA
78,2238,EM151,ELKECTRONIC MANOMETER زاعلا طغض سايق زاهج ر ترساوملا ق ءاملاوا ي,2.0,,550.0,1100.0,UNI,USA
78,2090,517.17,unior 1000v-bent nose ةلوزعم ةفوكم ةيدارز,4.0,EA,58.0,232.0,UNIOR,GERMANY
78,2091,"7/8X13/16""",O/E WRENCH ىدلب حاتفم,1.0,EA,35.0,35.0,UNIOR,GERMANY
78,2096,2326,UNIVERSAL JOINT 3/4 ةيلصفم ةليصوت,1.0,EA,65.0,65.0,UNIOR,GERMANY
78,2242,356-412,JENSEN TOOL CASE ةبيقح,4.0,,1350.0,5400.0,USA,USA
78,2296,2776,ADAPTOR TOYATA لوحم,9.0,EA,35.0,315.0,USA,USA
78,2297,7209,POWER STEERING,5.0,ea,240.0,1200.0,USA,USA
78,2298,7185,POWER STEERING PUMP.ALT.PULEY,4.0,KIT,190.0,760.0,USA,USA
78,2299,7005,POWER STEERING PUMP.ALT.PULEY,5.0,KIT,175.0,875.0,USA,USA
78,2307,XR-2,LAN TESTER TRIPPLET,1.0,KIT,450.0,450.0,USA,USA
79,2351,LP560,LOGIC PROBE,9.0,EA,95.0,855.0,USA,USA
79,2352,ADF-200,"DIGITAL ELECTRICAL TESTER,AC/DC",2.0,EA,400.0,800.0,USA,USA
79,2405,E-ERB,CLEAR GOGGLES ةراظن,21.0,EA,25.0,525.0,USA,USA
79,2406,15144,CLEAR GOGGLES ةراظن,60.0,EA,25.0,1500.0,USA,USA
79,2407,15144,CLEAR GOGGLES ةراظن,53.0,EA,25.0,1325.0,USA,USA
79,2408,15655,CLEAR GOGGLES ةراظن,43.0,EA,25.0,1075.0,USA,USA
79,2409,15143,CLEAR GOGGLES ةراظن,60.0,EA,25.0,1500.0,USA,USA
79,2410,15147,CLEAR GOGGLES ةراظن,72.0,EA,25.0,1800.0,USA,USA
79,2411,LP10A,LOGIC PROBE تلوفلا سايق راهج,1.0,EA,165.0,165.0,USA,USA
79,2470,2002-6900,"REAMER,BACHARACH ةكابسلل ريوقت ةادا",40.0,EA,55.0,2200.0,USA,USA
79,2475,99998,ر FLOWMETER تازاغلل تيمولف,1.0,EA,650.0,650.0,USA,USA
79,2486,LT90,RATCHET تيشتار حاتفم,1.0,EA,120.0,120.0,USA,USA
79,2608,2.0M,EXT.3/4DR 3/4 ةليصوت,7.0,EA,95.0,665.0,USA,USA
79,2509,99950,"CUTTING TIP,NO.3,BLUE ءاقرز عطق ةيوف",16.0,EA,30.0,480.0,VICTOR,USA
79,2510,99951,"CUTTING TIP ,NO.2,RED ءارمح عطق ةينوف",3.0,EA,30.0,90.0,VICTOR,USA
79,2404,CR-50,"CAPACITANCE,RESISTANE",4.0,EA,560.0,2240.0,WAVETEK,USA
79,2098,WGB,"27MM,RING,SLUGG قرط حاتفم",15.0,EA,175.0,2625.0,WGB,GERMANY
79,2099,WGB,"24MM,RING,SLUGG قرط حاتفم",6.0,EA,140.0,840.0,WGB,GERMANY
79,2100,WGB,"27MM,OPEN,SLUGG قرط حاتفم",2.0,EA,175.0,350.0,WGB,GERMANY
79,2101,WGB,"22MM,OPEN,SLUGG قرط حاتفم",1.0,EA,110.0,110.0,WGB,GERMANY
79,2102,WGB,"27MM,OPEN,SLUGG قرط حاتفم",1.0,EA,175.0,175.0,WGB,GERMANY
79,2103,WIESEMANN,"OPEN,SLUG,60MM قرط حاتفم",2.0,EA,285.0,570.0,WIESEMA,GERMANY
79,2104,WIESEMANN,"41MM,SLUGG,OPEN قرط حاتفم",7.0,EA,185.0,1295.0,WIESEMA,GERMANY
79,2105,WIESEMANN,"65MM,OPEN,SLUGG قرط حاتفم",2.0,EA,295.0,590.0,WIESEMA,GERMANY
79,2106,WIESEMANN,"70MM,OPEN,SLUGG قرط حاتفم",1.0,EA,330.0,330.0,WIESEMA,GERMANY
79,2107,WIESEMANN,"75M,OPE,SLUGG قرط حاتفم",1.0,EA,355.0,355.0,WIESEMAN,GERMANY
79,2108,WIESEMANN,"22MM,RING,SLUGG قرط حاتفم",4.0,EA,130.0,520.0,WIESEMAN,GERMANY
79,2109,WIESEMANN,"36MM,RING,SLUGG قرط حاتفم",2.0,EA,160.0,320.0,WIESEMAN,GERMANY
79,2110,WIESEMANN,"55MM,OPEN,SLUGG قرط حاتفم",2.0,EA,245.0,490.0,WIESEMAN,GERMANY
79,2111,WIESEMANN,"30MM,RING,SLUGG قرط حاتفم",3.0,EA,220.0,660.0,WIESEMAN,GERMANY
79,2112,WIESEMANN,"32MM,OPEN,SLUGG قرط حاتفم",5.0,EA,230.0,1150.0,WIESEMAN,GERMANY
80,2113,WIESEMANN,"30MM,OPEN,SLUGG قرط حاتفم",8.0,EA,220.0,1760.0,WIESEMAN,GERMANY
80,2114,WIESEMANN,"22MM,RING,SLUGG قرط حاتفم",8.0,EA,110.0,880.0,WIESEMAN,GERMANY
80,2115,WIESEMANN,"24MM,RING,SLUGG قرط حاتفم",1.0,EA,140.0,140.0,WIESEMAN,GERMANY
80,2116,WIESEMANN,"50MM,OPEN,SLUGG قرط حاتفم",3.0,EA,290.0,870.0,WIESEMAN,GERMANY
80,2117,WIESEMANN,"41MM,RING,SLUGG قرط حاتفم",6.0,EA,180.0,1080.0,WIESEMAN,GERMANY
80,2118,WIESEMANN,"46MM,RING,SLUGG قرط حاتفم",1.0,EA,240.0,240.0,WIESEMAN,GERMANY
80,2119,WIESEMANN,"RING SET,12PC,MM موتخم مقط",6.0,SET,275.0,1650.0,WIESEMAN,GERMANY
80,2120,WIESEMANN,"O/E SET-1/4-1.1/4"",12PCS شنلااب موتخم مقط",13.0,SET,275.0,3575.0,WIESEMA,GERMANY
80,2121,250/12/C,"O/E WRENCH 12[CS,MM ىدلب مقط",6.0,SET,275.0,1650.0,WIESEMA,GERMANY
80,2122,250/12/C,"O/E WRENCH 12[CS,MM ىدلب مقط",5.0,SET,275.0,1375.0,WIESEMA,GERMANY
80,2123,250/12/C,"O/E WRENCH 12[CS,MM ىدلب مقط",4.0,SET,275.0,1100.0,WIESEMA,GERMANY
80,2124,250/12/C,"O/E WRENCH 12[CS,MM ىدلب مقط",5.0,SET,275.0,1375.0,WIESEMA,GERMANY
80,2125,250/12/C,"O/E WRENCH 12[CS,MM ىدلب مقط",1.0,SET,275.0,275.0,WIESEMA,GERMANY
80,2126,250/12/C,"O/E WRENCH 12[CS,MM ىدلب مقط",15.0,SET,275.0,4125.0,WIESEMA,GERMANY
80,2127,150/2/C,"RING WRENCH,12PC,MM موتخم مقط",28.0,SET,310.0,8680.0,WIESEMA,GERMANY
80,2128,150/12/C,"RING WRENCH,12PC,MM موتخم مقط",8.0,SET,310.0,2480.0,WIESEMA,GERMANY
80,2129,150/12/C,"RING WRENCH,12PC,MM موتخم مقط",8.0,SET,310.0,2480.0,WIESEMA,GERMANY
80,2130,350/12/C,"ر COMB.WRENCH ,MM/12PC كتشم مقط",2.0,SET,275.0,550.0,WIESEMA,GERMANY
80,2131,99949,"COMBINATIN WRENCH 7/8""",60.0,EA,25.0,1500.0,WIESEMA,GERMANY
80,2132,23MM,ر COMB.WRENCH كتشم حاتفم,8.0,EA,26.0,208.0,WIESEMA,GERMANY
80,2133,32MM,ر COMB.WRENCH كتشم حاتفم,27.0,EA,45.0,1215.0,WIESEMA,GERMANY
80,2134,22MM,ر COMB.WRENCH كتشم حاتفم,28.0,EA,25.0,700.0,WIESEMA,GERMANY
80,2135,"1.5/8""",ر COMB.WRENCH كتشم حاتفم,16.0,EA,210.0,3360.0,WIESEMA,GERMANY
80,2136,46X50,ر COMB.WRENCH كتشم حاتفم,20.0,EA,195.0,3900.0,WIESEMA,GERMANY
80,2137,55MM,ر COMB.WRENCH كتشم حاتفم,1.0,EA,185.0,185.0,WIESEMA,GERMANY
80,2138,34MM,ر COMB.WRENCH كتشم حاتفم,23.0,EA,60.0,1380.0,WIESEMA,GERMANY
80,2139,38MM,ر COMB.WRENCH كتشم حاتفم,19.0,EA,70.0,1330.0,WIESEMA,GERMANY
80,2140,34X36,O/E WRENCH ىدلب حاتفم,2.0,EA,130.0,260.0,WIESEMA,GERMANY
80,2141,32X36,O/E WRENCH ىدلب حاتفم,1.0,EA,80.0,80.0,WIESEMA,GERMANY
80,2142,"1.13/16X2""",O/E WRENCH ىدلب حاتفم,7.0,EA,210.0,1470.0,WIESEMA,GERMANY
80,2143,41MM,ر COMB.WRENCH كتشم حاتفم,13.0,EA,80.0,1040.0,WIESEMA,GERMANY
80,2144,"1.3/8""",ر COMB.WRENCH كتشم حاتفم,19.0,EA,140.0,2660.0,WIESEMA,GERMANY
81,2145,20MM,ر COMB.WRENCH كتشم حاتفم,15.0,EA,22.0,330.0,WIESEMA,GERMANY
81,2146,"1.7/16""",ر COMB.WRENCH كتشم حاتفم,3.0,EA,135.0,405.0,WIESEMA,GERMANY
81,2147,27MM,ر COMB.WRENCH كتشم حاتفم,10.0,EA,38.0,380.0,WIESEMA,GERMANY
81,2148,"1.5/16""",ر COMB.WRENCH كتشم حاتفم,13.0,EA,110.0,1430.0,WIESEMA,GERMANY
81,2149,"1.1/4""",ر COMB.WRENCH كتشم حاتفم,25.0,EA,110.0,2750.0,WIESEMA,GERMANY
81,2150,28MM,ر COMB.WRENCH كتشم حاتفم,33.0,EA,39.0,1287.0,WIESEMA,GERMANY
81,2151,26MM,ر COMB.WRENCH كتشم حاتفم,36.0,EA,29.0,1044.0,WIESEMA,GERMANY
81,2152,21MM,ر COMB.WRENCH كتشم حاتفم,17.0,EA,28.0,476.0,WIESEMA,GERMANY
81,2153,20MM,ر COMB.WRENCH كتشم حاتفم,18.0,EA,26.0,468.0,WIESEMA,GERMANY
81,2154,41X46,RING WRENCHموتخم حاتفم,10.0,EA,185.0,1850.0,WIESEMA,GERMANY
81,2155,80493,WATER METER .كابس ةيدارز,19.0,EA,55.0,1045.0,WIESEMA,GERMANY
81,2156,23MM,ر COMB.WRENCH كتشم حاتفم,43.0,EA,26.0,1118.0,WIESEMA,GERMANY
81,2157,25MM,ر COMB.WRENCH كتشم حاتفم,9.0,EA,35.0,315.0,WIESEMA,GERMANY
81,2158,12X13,RING WRENCH موتخم حاتفم,10.0,EA,18.0,180.0,WIESEMA,GERMANY
81,2159,14X15,RING WRENCH موتخم حاتفم,10.0,EA,19.0,190.0,WIESEMA,GERMANY
81,2160,19/32X11/16,"""O/E WRENCH ىدلب حاتفم",1.0,EA,45.0,45.0,WIESEMA,GERMANY
81,2161,14X15,O/E WRENCH ىدلب حاتفم,8.0,EA,22.0,176.0,WIESEMA,GERMANY
81,2162,"9/16""",ر COMB.WRENCH كتشم حاتفم,4.0,EA,16.0,64.0,WIESEMA,GERMANY
81,2163,25X28,O/E WRENCHىدلب حاتفم,1.0,EA,45.0,45.0,WIESEMA,GERMANY
81,2164,18X21,O/E WRENCHىدلب حاتفم,2.0,EA,26.0,52.0,WIESEMA,GERMANY
81,2165,17X22,O/E WRENCHىدلب حاتفم,1.0,EA,25.0,25.0,WIESEMA,GERMANY
81,2166,7X8,O/E WRENCHىدلب حاتفم,5.0,EA,12.0,60.0,WIESEMA,GERMANY
81,2167,8X9,O/E WRENCHىدلب حاتفم,7.0,EA,13.0,91.0,WIESEMA,GERMANY
81,2168,6X7,O/E WRENCHىدلب حاتفم,1.0,EA,12.0,12.0,WIESEMA,GERMANY
81,2169,9MM,ر COMB.WRENCHكتشم حاتفم,6.0,EA,13.0,78.0,WIESEMA,GERMANY
81,2170,8X9,RING WRENCH موتخم حاتفم,45.0,EA,13.0,585.0,WIESEMA,GERMANY
81,2171,1.1/4X1.5/16,"""RING WRENCH موتخم حاتفم",1.0,EA,170.0,170.0,WIESEMA,GERMANY
81,2172,"1X1.1/8""",RING WRENCH موتخم حاتفم,1.0,EA,140.0,140.0,WIESEMA,GERMANY
81,2173,"3/4""",ر COMB.WRENCH كتشم حاتفم,31.0,EA,25.0,775.0,WIESEMA,GERMANY
81,2174,36X41,RING WRENCH موتخم حاتفم,2.0,EA,148.0,296.0,WIESEMA,GERMANY
81,2175,"1.1/8X1.1/4""",RING WRENCH موتخم حاتفم,2.0,EA,180.0,360.0,WIESEMA,GERMANY
81,2176,27X30,RING WRENCH موتخم حاتفم,13.0,EA,45.0,585.0,WIESEMA,GERMANY
81,2177,10X11,RING WRENCH موتخم حاتفم,9.0,EA,16.0,144.0,WIESEMA,GERMANY
82,2178,7x8,RING WRENCH موتخم حاتفم,6.0,EA,12.0,72.0,WIESEMA,GERMANY
82,2179,"3/4x25/32""",RING WRENCH موتخم حاتفم,4.0,EA,23.0,92.0,WIESEMA,GERMANY
82,2180,"1/2x7/16""",RING WRENCH موتخم حاتفم,4.0,EA,16.0,64.0,WIESEMA,GERMANY
82,2181,14MM,ر COMB.WRENCH كتشم حاتفم,16.0,EA,16.0,256.0,WIESEMA,GERMANY
82,2182,19MM,ر COMB.WRENCH كتشم حاتفم,5.0,EA,23.0,115.0,WIESEMA,GERMANY
82,2183,"1/2X7/16""",RING WRENCH موتخم حاتفم,13.0,EA,22.0,286.0,WIESEMA,GERMANY
82,2184,"1/4""",ر COMB.WRENCH كتشم حاتفم,13.0,EA,12.0,156.0,WIESMAN,GERMANY
82,2185,"1/2""",ر COMB.WRENCH كتشم حاتفم,14.0,EA,17.0,238.0,WIESMAN,GERMANY
82,2253,517,"INTR.CIRCLIP PLIER 16"" ةصوب 16 ةليت ةيدارز",7.0,ea,480.0,3360.0,WILDE,USA
82,2263,517,"INTR.CIRCLIP PLIER 16""",1.0,EA,480.0,480.0,WILDE,USA
82,2294,4298,linesman plier ىكينتكيم ةيدارز,37.0,ea,110.0,4070.0,WILDE,USA
82,2300,2032B,wilde 20032-b-rolling bar,25.0,EA,265.0,6625.0,WILDE,USA
82,2362,2375,PICK UP TOOL,8.0,EA,65.0,520.0,WILDE,USA
82,2363,69-088,MIRROR,9.0,EA,40.0,360.0,WILDE,USA
82,2364,119-609,MIRROR,20.0,EA,20.0,400.0,WILDE,USA
82,2416,CCL3232,EXTRA LONG COLD CHISEL كبنس ليوط,16.0,EA,26.0,416.0,WILDE,USA
82,2417,CC3232,COLD CHISELكبنس,14.0,EA,40.0,560.0,WILDE,USA
82,2418,CC2832,COLD CHISELكبنس,10.0,EA,40.0,400.0,WILDE,USA
82,2419,CCL1632,EXTRA LONG COLD CHISEL كبنس ليوط,1.0,EA,22.0,22.0,WILDE,USA
82,2420,CD632,DIAMOND POINT CHISEL كبنس,5.0,EA,28.0,140.0,WILDE,USA
82,2421,PS1032,SOLID PUNCH كبنس,6.0,EA,26.0,156.0,WILDE,USA
82,2422,PLT632,LONG TAPER PINCHER كبنس,5.0,EA,26.0,130.0,WILDE,USA
82,2423,PS532,SOLID PUNCH كبنس,4.0,EA,23.0,92.0,WILDE,USA
82,2424,PS832,SOLID PUNCH كبنس,5.0,EA,26.0,130.0,WILDE,USA
82,2425,PS332,SOLID PUNCH كبنس,5.0,EA,22.0,110.0,WILDE,USA
82,2426,PLT532,LONG TAPER PINCHER كبنس,3.0,EA,30.0,90.0,WILDE,USA
82,2427,CC1432,COLD CHISEL كبنس,1.0,EA,22.0,22.0,WILDE,USA
82,2428,PC1432,CENTER PUNCH ببدم كبنس,7.0,EA,22.0,154.0,WILDE,USA
82,2429,CC2432,COLD CHISEL كبنس,10.0,EA,45.0,450.0,WILDE,USA
82,2430,PS732,SOLID PUNCH كبنس,5.0,EA,28.0,140.0,WILDE,USA
82,2431,PS1232,SOLID PUNCH كبنس,5.0,EA,55.0,275.0,WILDE,USA
82,2432,PPL1032,LONG PIN PINCH درط كبنس,5.0,EA,50.0,250.0,WILDE,USA
83,2433,PPL632,LONG PIN PINCH درط كبنس,5.0,EA,50.0,250.0,WILDE,USA
83,2434,PPL832,LONG PIN PINCH درط كبنس,5.0,EA,45.0,225.0,WILDE,USA
83,2435,CP1232,CAPE CHISEL باك سار كبنس,1.0,EA,26.0,26.0,WILDE,USA
83,2436,CP832,CAPE CHISEL باك سار كبنس,5.0,EA,20.0,100.0,WILDE,USA
83,2437,PC1232,CENTER PUNCH ببدم كبنس,5.0,EA,22.0,110.0,WILDE,USA
83,2438,PC2032,CENTER PUNCH ببدم كبنس,9.0,EA,26.0,234.0,WILDE,USA
83,2439,CCL2432,COLD CHISEL كبنس,4.0,EA,55.0,220.0,WILDE,USA
83,2440,PLT1032,LONG TAPER PINCHER ليوط كبنس,5.0,EA,65.0,325.0,WILDE,USA
83,2441,PLT832,LONG TAPER PINCHER ليوط كبنس,5.0,EA,50.0,250.0,WILDE,USA
83,2442,PLT732,LONG TAPER PINCHER ليوط كبنس,5.0,EA,48.0,240.0,WILDE,USA
83,2443,CCL2032,COLD CHISEL كبنس,20.0,EA,48.0,960.0,WILDE,USA
83,2444,PLT1232,LONG TAPER PINCHER ليوط درط كبنس,5.0,EA,55.0,275.0,WILDE,USA
83,2445,LB632,LINING UP BAR بيضق,2.0,EA,35.0,70.0,WILDE,USA
83,2446,PS432,SOLID PUNCH كبنس,5.0,EA,22.0,110.0,WILDE,USA
83,2447,PS632,SOLID PUNCH كبنس,5.0,EA,22.0,110.0,WILDE,USA
83,2448,LB632,LINING UP BAR بيضق,2.0,EA,30.0,60.0,WILDE,USA
83,2449,LB632,LINING UP BAR بيضق,1.0,EA,30.0,30.0,WILDE,USA
83,2450,LB632,LINING UP BAR بيضق,2.0,EA,30.0,60.0,WILDE,USA
83,2451,LB632,LINING UP BAR بيضق,2.0,EA,30.0,60.0,WILDE,USA
83,2452,LB632,LINING UP BAR بيضق,2.0,EA,30.0,60.0,WILDE,USA
83,2453,LB632,LINING UP BAR بيضق,2.0,EA,30.0,60.0,WILDE,USA
83,2454,LB632,LINING UP BAR بيضق,2.0,EA,30.0,60.0,WILDE,USA
83,2455,CC2032,COLD CHISEL كبنس,10.0,EA,26.0,260.0,WILDE,USA
83,2456,LB632,LINING UP BAR بيضق,2.0,EA,30.0,60.0,WILDE,USA
83,2457,LB632,LINING UP BAR بيضق,2.0,EA,30.0,60.0,WILDE,USA
83,2458,CC1632,COLD CHISEL كبنس,20.0,EA,22.0,440.0,WILDE,USA
83,2459,CC3232,COLD CHISEL كبنس,3.0,EA,22.0,66.0,WILDE,USA
83,2460,PC1632,CENTER PUNCH ببدم كبنس,10.0,EA,26.0,260.0,WILDE,USA
83,2461,PLT532,LONG TAPER PINCHER ليوط درط كبنس,2.0,EA,35.0,70.0,WILDE,USA
83,2462,CC832,COLD CHISEL كبنس,20.0,EA,20.0,400.0,WILDE,USA
83,2463,PC832,CENTERPUNCH ببدم كبنس,20.0,EA,35.0,700.0,WILDE,USA
83,2464,CC1232,COLD CHISEL كبنس,20.0,EA,20.0,400.0,WILDE,USA
83,2465,CC2032,COLD CHISEL كبنس,5.0,EA,26.0,130.0,WILDE,USA
84,2466,CC1432,COLD CHISEL كبنس,1.0,EA,22.0,22.0,WILDE,USA
84,2467,PC1032,CENTERPUNCH ببدم كبنس,20.0,EA,35.0,700.0,WILDE,USA
84,2468,CC1032,COLD CHISEL كبنس,20.0,EA,22.0,440.0,WILDE,USA
84,2469,CCL1632,COLD CHISEL كبنس,1.0,EA,22.0,22.0,WILDE,USA
84,2471,863,RATCEHT تيشتار حاتفم,4.0,EA,35.0,140.0,WILDE,USA
84,2472,862,RATCEHT تيشتار حاتفم,3.0,EA,30.0,90.0,WILDE,USA
84,2473,865,RATCEHT تيشتار حاتفم,5.0,EA,45.0,225.0,WILDE,USA
84,2474,864,RATCEHT تيشتار حاتفم,2.0,EA,45.0,90.0,WILDE,USA
84,2477,802,RATCHET تيشتار حاتفم,1.0,EA,60.0,60.0,WILDE,USA
84,2478,990,RATCHET تيشتار حاتفم,1.0,EA,55.0,55.0,WILDE,USA
84,2479,990,RATCHET تيشتار حاتفم,8.0,EA,55.0,440.0,WILDE,USA
84,2480,802,RATCHET تيشتار حاتفم,3.0,EA,60.0,180.0,WILDE,USA
84,2481,801,RATCHET تيشتار حاتفم,9.0,EA,35.0,315.0,WILDE,USA
84,2482,803,RATCHET تيشتار حاتفم,8.0,EA,58.0,464.0,WILDE,USA
84,2483,866,RATCHET تيشتار حاتفم,4.0,EA,55.0,220.0,WILDE,USA
84,2484,867,RATCHET تيشتار حاتفم,5.0,EA,58.0,290.0,WILDE,USA
84,2485,868,RATCHET تيشتار حاتفم,8.0,EA,67.0,536.0,WILDE,USA
84,2487,862,RATCHET تيشتار حاتفم,14.0,EA,30.0,420.0,WILDE,USA
84,2488,866,RATCHET تيشتار حاتفم,12.0,EA,55.0,660.0,WILDE,USA
84,2489,864,RATCHET تيشتار حاتفم,18.0,EA,55.0,990.0,WILDE,USA
84,2490,990,RATCHET تيشتار حاتفم,9.0,EA,55.0,495.0,WILDE,USA
84,2491,867,RATCHET تيشتار حاتفم,11.0,EA,58.0,638.0,WILDE,USA
84,2492,865,RATCHET تيشتار حاتفم,12.0,EA,55.0,660.0,WILDE,USA
84,2493,864,RATCHET تيشتار حاتفم,17.0,EA,48.0,816.0,WILDE,USA
84,2494,863,RATCHET تيشتار حاتفم,14.0,EA,35.0,490.0,WILDE,USA
84,2495,866,RATCHET تيشتار حاتفم,18.0,EA,55.0,990.0,WILDE,USA
84,2496,867,RATCHET تيشتار حاتفم,12.0,EA,58.0,696.0,WILDE,USA
84,2497,868,RATCHET تيشتار حاتفم,7.0,EA,65.0,455.0,WILDE,USA
84,2500,301S,BLOW GUN ءاوه سدسم,27.0,EA,25.0,675.0,WILDE,USA
84,2501,99943,"FLAT CHISEL ,24""/60CM كبنس",21.0,EA,65.0,1365.0,WILDE,USA
84,2502,99944,"PT,CHISEL,24""/60CM كبنس",27.0,EA,60.0,1620.0,WILDE,USA
84,2503,RH2832,PRY BAR ةلتع,3.0,EA,110.0,330.0,WILDE,USA
84,2504,99945,NAIL REMOVER BAR ترماسملا عفرل ةلتع,1.0,EA,65.0,65.0,WILDE,USA
85,2505,99946,PRY BAR 60CM ةلتع,6.0,EA,110.0,660.0,WILDE,USA
85,2506,99947,"PT CHISEL,50CM/20"" ةببدم ةلتع",29.0,EA,65.0,1885.0,WILDE,USA
85,2507,99948,"FLAT CHISEL ,20""/50CM ةحطسم ةلتع",27.0,EA,65.0,1755.0,WILDE,USA
85,2508,144,LIGHTER ماحل ةعلاو,5.0,EA,20.0,100.0,WILDE,USA
85,2532,SW7,WOODEN HANDLE S/D برشخ تاكفم مقط,3.0,SET,140.0,420.0,WILDE,USA
85,2534,803,RATCHET-5/8X11/16 تيشتار حاتفم,6.0,EA,85.0,510.0,WILDE,USA
85,2535,804,"RATCHET,3/4X7/8 تيشتار حاتفم",6.0,EA,85.0,510.0,WILDE,USA
85,2645,G262-B/BB,SLIP JOINT PLIER,10.0,EA,60.0,600.0,WILDE,USA
85,2646,S25,S/DRIVER,7.0,EA,19.0,133.0,WILDE,USA
85,2647,S46,S/DRIVER,7.0,EA,27.0,189.0,WILDE,USA
85,2648,S85/C,S/DRIVER,3.0,EA,24.0,72.0,WILDE,USA
85,2649,S86/C,S/DRIVER,1.0,EA,32.0,32.0,WILDE,USA
85,2650,S104,S/DRIVER,4.0,EA,25.0,100.0,WILDE,USA
85,2651,S142,S/DRIVER,10.0,EA,10.0,100.0,WILDE,USA
85,2652,S653/C,S/DRIVER,1.0,EA,16.0,16.0,WILDE,USA
85,2653,P442/C,S/DRIVER,1.0,EA,13.0,13.0,WILDE,USA
85,2654,P653/C,S/DRIVER,4.0,EA,15.0,60.0,WILDE,USA
85,2655,S43,S/DRIVER,11.0,EA,15.0,165.0,WILDE,USA
85,2656,S44/C,S/DRIVER,5.0,EA,15.0,75.0,WILDE,USA
85,2657,P220/C,S/DRIVER,7.0,EA,10.0,70.0,WILDE,USA
85,2658,S22,S/DRIVER,1.0,EA,10.0,10.0,WILDE,USA
85,2659,P331,S/DRIVER,13.0,EA,11.0,143.0,WILDE,USA
85,2660,S42,S/DRIVER,12.0,EA,10.0,120.0,WILDE,USA
85,2661,S14,S/DRIVER,6.0,EA,11.0,66.0,WILDE,USA
85,2662,S64,S/DRIVER,9.0,EA,17.0,153.0,WILDE,USA
85,2663,S22,S/DRIVER,11.0,EA,10.0,110.0,WILDE,USA
85,2664,S83/C,S/DRIVER,3.0,EA,17.0,51.0,WILDE,USA
85,2665,P653/HT,S/DRIVER,18.0,EA,75.0,1350.0,WILDE,USA
85,2666,S85/HT,S/DRIVER,10.0,EA,79.0,790.0,WILDE,USA
85,2667,S126/HT,S/DRIVER,7.0,EA,100.0,700.0,WILDE,USA
85,2668,S86/HT,S/DRIVER,19.0,EA,70.0,1330.0,WILDE,USA
85,2669,S85/HT,S/DRIVER,4.0,EA,80.0,320.0,WILDE,USA
85,2670,SW10,S/DRIVER SET PH.5PCS,6.0,SET,250.0,1500.0,WILDE,USA
86,2671,S25,S/DRIVER,11.0,EA,19.0,209.0,WILDE,USA
86,2672,P331,S/DRIVER,7.0,EA,11.0,77.0,WILDE,USA
86,2673,S46,S/DRIVER,11.0,EA,27.0,297.0,WILDE,USA
86,2674,S442/C,S/DRIVER,10.0,EA,13.0,130.0,WILDE,USA
86,2675,S14,S/DRIVER,6.0,EA,11.0,66.0,WILDE,USA
86,2676,S83/C,S/DRIVER,8.0,EA,17.0,136.0,WILDE,USA
86,2678,143,"8"" INSPECTION MIRROR",20.0,EA,75.0,1500.0,WILDE,USA
86,2679,159A,MAGNETIC TELESCOPIC POCKET PICKUP,10.0,EA,65.0,650.0,WILDE,USA
86,2304,78050,DIGITAL ANEMOMETER-YELLOWJACKET زاهج ح يرلا ةعسر سايق,4.0,EA,750.0,3000.0,YELLOW,USA
86,2376,77940,VAC OIL PUMP,4.0,EA,650.0,2600.0,YELLOWJA,UNKNOWN
86,2609,YOL.75,BRASS HAMMER .ساحن شوكاش75,14.0,EA,195.0,2730.0,YOL.TW,USA
86,2610,YOL.50,BRASS HAMMER .50 ساحن شوكاش,9.0,EA,125.0,1125.0,YOL.TW,USA
86,2261,945,yost 4.1/4,3.0,EA,450.0,1350.0,YOST,USA
86,2262,750,yost 5.1/8,2.0,EA,650.0,1300.0,YOST,USA
86,2263,36923,scraper,3.0,ea,45.0,135.0,DRAPER,UNKNOWN(=BRAND PLACEHOLDER)
